videoId,commentId,commentAuthor,authorChannelId,commentText,commentLikeCount,commentPublishedAt,commentUpdatedAt,commentReplyCount,language,textClean,feeling
sgiDNoHCCo4,UgwreOj_6a0-pmKycRB4AaABAg,@faoliver7915,UClIl1wIW8YRLmzp9Qc8W4Cw,Continuam achando que vao acabar a internet 😂😂😂😂,1.0,2026-03-15T13:43:08Z,2026-03-15T13:43:08Z,0.0,pt,Continuam achando que vao acabar a internet 😂😂😂😂,Neutro
6He2QH_PIcQ,UgwQDO-Ox2zfERlf3sN4AaABAg,@mah_que_ama_jesus123,UCI8mnSH0ja9PVrO80PI7cHg,Em um natal minha tia ficou bebada e surtou quebrou a chaleira de vidro oq fez machucar o pé minha mãe e fez outras coisas que nn posso falar,0.0,2025-12-25T21:16:09Z,2025-12-25T21:16:09Z,0.0,pt,Em um natal minha tia ficou bebada e surtou quebrou a chaleira de vidro oq fez machucar o pé minha mãe e fez outras coisas que nn posso falar,Neutro
p-4ILAhkRuE,UgzZbYzJnNuY4z-oeSt4AaABAg,@guilhermesoriano9286,UCfBEETT4F7sTKmyAyGtBeXQ,Felca é esquisito demais.,0.0,2026-03-26T09:24:06Z,2026-03-26T09:24:06Z,0.0,pt,Felca é esquisito demais.,Negativo
R4XXDl_YWbg,UgysitBZEluv0cXESP94AaABAg,@tiagoborges7041,UChDzl8oMtQktkz5yHmHixaQ,Esse fulano ai tinha que criar vergonha na cara e apagar o vídeo.  Porque ele falou merda demais. Parabéns Lucas por apontar esses meia rodas da Internet.,0.0,2026-01-25T13:38:22Z,2026-01-25T13:38:22Z,0.0,pt,Esse fulano ai tinha que criar vergonha na cara e apagar o vídeo. Porque ele falou merda demais. Parabéns Lucas por apontar esses meia rodas da Internet.,Negativo
ch6FKUvFJrg,Ugx0c0TSPS4Hi2U9yYx4AaABAg,@Cyric-1,UCjOcWSb6rDIirgBTamdgmew,"Não é pra atacar influenciador que postou na internet incentivo a votar nos 4 dedos? Moço, eles quiseram fazer propaganda gratuita para seus queridíssimos políticos de estimação, não quiseram? Eu não duvido que isso colaborou pra um bando de gente só votar por puro impulso, afinal, vocês são influenciadores, não são? Na hora de fazer live e vídeo emocional para o público votar a favor do político de estimação, tiveram coragem. Mas na hora de se posicionar contra uma maluquice dessa que o governo tá tentando empurrar, achando que é a porra da China, eles resolveram ficar quietinhos.
Agradeço por me informar que essa onda está acontecendo. Vou procurar esse moço no twitter e me juntar aos vigilantes do Felca. Afinal, é pelas crianças do nosso país, uma boa causa =)",0.0,2026-03-19T15:57:36Z,2026-03-19T15:57:36Z,0.0,pt,"Não é pra atacar influenciador que postou na internet incentivo a votar nos 4 dedos? Moço, eles quiseram fazer propaganda gratuita para seus queridíssimos políticos de estimação, não quiseram? Eu não duvido que isso colaborou pra um bando de gente só votar por puro impulso, afinal, vocês são influenciadores, não são? Na hora de fazer live e vídeo emocional para o público votar a favor do político de estimação, tiveram coragem. Mas na hora de se posicionar contra uma maluquice dessa que o governo tá tentando empurrar, achando que é a porra da China, eles resolveram ficar quietinhos. Agradeço por me informar que essa onda está acontecendo. Vou procurar esse moço no twitter e me juntar aos vigilantes do Felca. Afinal, é pelas crianças do nosso país, uma boa causa =)",Negativo
UHSI4dTC-Ik,Ugy7DCSNHQcOLQWDecZ4AaABAg,@sidnei-jrotp1119,UCrylvJNt15EK2cazXTfbEow,O mais novo FELFETO ... Mistura de Felca com Felipe feto! Cavalo de Tróia ... Uma hora a casinha deles irão cair,0.0,2025-08-28T11:06:27Z,2025-08-28T11:06:27Z,0.0,pt,O mais novo FELFETO ... Mistura de Felca com Felipe feto! Cavalo de Tróia ... Uma hora a casinha deles irão cair,Negativo
dEeWvlXbazg,UgxIZBUIU5WpN8A2NcJ4AaABAg,@MaelyCruzdossantoslima,UC5egCzVZ2-noNVUlsROhe5A,Ninguém vai para o felca hoje quem tentar vai ver sua aura😂😂,0.0,2025-08-29T01:14:40Z,2025-08-29T01:14:40Z,0.0,pt,Ninguém vai para o felca hoje quem tentar vai ver sua aura😂😂,Positivo
Uew-trerHi8,UgxhbYJb7NUbf26pQHR4AaABAg,@Kamy-i4v,UC_7roXVQv388uUd6cKndWwg,Tá mais com quantos anos ela acha que deve ter ?,0.0,2025-10-24T15:51:45Z,2025-10-24T15:51:45Z,0.0,pt,Tá mais com quantos anos ela acha que deve ter ?,Neutro
maYVAFdbBv4,UgxkhcqlY11NwGfCYP94AaABAg,@annapaulajl,UCPUbmKxCKGPMC5vSlSWkjYw,"Tão trabalhando só superior o Felca né, pque rolou uma coxa mole aí hein?! 🤣😆😅 Trabalhe as coxas tbem Felquinha! Vai ficar lindão!!! Parabéns pelo esforço!! 👏👏👏",1.0,2025-08-10T23:25:46Z,2025-08-10T23:25:46Z,0.0,pt,"Tão trabalhando só superior o Felca né, pque rolou uma coxa mole aí hein?! 🤣😆😅 Trabalhe as coxas tbem Felquinha! Vai ficar lindão!!! Parabéns pelo esforço!! 👏👏👏",Positivo
-wDoAGedTY8,UgwVdEyKxzRuaoFkP3x4AaABAg,@SenhoraDajudaCardosoDeSá,UCmILTsQ8rPHNkA3T7gGd4mA,Se ele não tivesse feito isso não teria voltado pra ele ele até que merece um castigo,0.0,2026-01-27T12:59:13Z,2026-01-27T12:59:13Z,0.0,pt,Se ele não tivesse feito isso não teria voltado pra ele ele até que merece um castigo,Negativo
NICiZxfOjDk,UgwN-tshza3FWdFYJzN4AaABAg,@antoniocarlos0686,UCTUXPo4l2bRcKRCce_dUJRw,Esse cara vai sair bonitinho ainda nessa história,1.0,2025-12-01T17:18:08Z,2025-12-01T17:18:08Z,0.0,pt,Esse cara vai sair bonitinho ainda nessa história,Negativo
4Aegg62pnUM,Ugw3zbcX__4JhchmEgl4AaABAg,@ViniciusSilva-e6g,UCaYjcBU4Dwklp9GvAteXvmA,o mais engaçado é que ele fica sério kkkkkkkkk,0.0,2026-03-07T14:28:16Z,2026-03-07T14:28:16Z,0.0,pt,o mais engaçado é que ele fica sério kkkkkkkkk,Neutro
GIy0D3ZKkj0,UgwYi5TMTc5JnJO1u9h4AaABAg,@joyce.rosa77,UCXMgNWU4iQC4ZilI1p_aHSQ,Ismeiow está certa!!! Várias pessoas estavam falando sobre isso há muito tempo.,0.0,2025-08-13T11:52:11Z,2025-08-13T11:52:11Z,0.0,pt,Ismeiow está certa!!! Várias pessoas estavam falando sobre isso há muito tempo.,Positivo
7kAOy3E9CWw,UgwJyrVhAEKA22KtvZt4AaABAg,@tassiocoelho31,UCkTGUvv7JrN41a1WQb4l9CA,"Essa mulher eh INSUPORTAVEL.
Ela pede pra falar, mas n deixa ng falar.
Eles falam de animal, ela puxa o papo de declaraçao de imposto de renda.
Aguentar essa mulher eh tarefa herculea.",0.0,2025-10-09T20:51:49Z,2025-10-09T20:51:49Z,0.0,pt,"Essa mulher eh INSUPORTAVEL. Ela pede pra falar, mas n deixa ng falar. Eles falam de animal, ela puxa o papo de declaraçao de imposto de renda. Aguentar essa mulher eh tarefa herculea.",Negativo
_eL_wYX9jKA,Ugx07YjqfZ_QLTs6KzR4AaABAg,@albertozanardi1,UCV497us7rt8pO5Nzkrx_YFg,"Bastava denunciar os criminosos. Será que isto não é mais uma ""Cortina de fumaça"", BP? Não duvidaria que o tal Fécula tivesse recebido algum incentivo dos governantes para criar este conteúdo que foi plenamente divulgado pela esquerda; Nelipe Feto, um tal de não sei o que Hilton ... Hugo Brocha já até anunciou lançar um projeto de lei para regulação das mídias; ou seja, SENSURA nas redes sociais.
Acorda BP!!! Não decepciona.",0.0,2025-08-14T05:01:07Z,2025-08-14T05:01:07Z,0.0,pt,"Bastava denunciar os criminosos. Será que isto não é mais uma ""Cortina de fumaça"", BP? Não duvidaria que o tal Fécula tivesse recebido algum incentivo dos governantes para criar este conteúdo que foi plenamente divulgado pela esquerda; Nelipe Feto, um tal de não sei o que Hilton ... Hugo Brocha já até anunciou lançar um projeto de lei para regulação das mídias; ou seja, SENSURA nas redes sociais. Acorda BP!!! Não decepciona.",Negativo
79a1PkMpCyI,Ugwb1HwicpYT_J0IYNt4AaABAg,@francielisilvadossantos7942,UCA8YC-4Lxk4cy2gqYfDDjqQ,Eu adoro o felca❤❤❤❤❤❤❤❤❤❤❤❤❤❤❤❤❤❤❤❤❤❤❤❤❤❤❤❤❤❤ ele salvou a gente cara por que vocês ainda estão criticando ele,0.0,2026-02-14T02:13:14Z,2026-02-14T02:13:14Z,0.0,pt,Eu adoro o felca❤❤❤❤❤❤❤❤❤❤❤❤❤❤❤❤❤❤❤❤❤❤❤❤❤❤❤❤❤❤ ele salvou a gente cara por que vocês ainda estão criticando ele,Positivo
coAxoLWvfFU,UgzBKO0qQmePXdE8LnV4AaABAg,@killuax7ff,UCglNZnHI4dbs_0CBgIGW6cA,21:16 a cara do muca olhando pro felca 😂😂😂😂😂,1.0,2025-08-19T01:58:34Z,2025-08-19T01:58:34Z,0.0,pt,21:16 a cara do muca olhando pro felca 😂😂😂😂😂,Neutro
oz6-lz-t0fQ,Ugz2fKcwszizkqqd02t4AaABAg,@Edubluues,UCbyovUKlQJnhvGr1zpELTug,Xandão é um imbecil mesmo,0.0,2026-03-22T14:35:28Z,2026-03-22T14:35:28Z,0.0,pt,Xandão é um imbecil mesmo,Negativo
9V2lVAOiLXs,UgwqN-Zd-bfsr1TQX-d4AaABAg,@Duuhh13,UCDz2mH8rSfBLIlqBUf1zmQg,Se o ferro tira o Roblox com aruan na casa dele eu vou pegar uma faca ou uma coisa vou tacar na cabeça dele ele vai morrer montinho no chão ele vai morrer e todo mundo do Roblox que gosta de jogar Roblox vai enterrar ele quero ver agora ele tirar o Roblox para ele ver que que acontece com ele kkkkkkkkkkkkkk😊😊,0.0,2026-02-08T17:34:58Z,2026-02-08T17:34:58Z,0.0,pt,Se o ferro tira o Roblox com aruan na casa dele eu vou pegar uma faca ou uma coisa vou tacar na cabeça dele ele vai morrer montinho no chão ele vai morrer e todo mundo do Roblox que gosta de jogar Roblox vai enterrar ele quero ver agora ele tirar o Roblox para ele ver que que acontece com ele kkkkkkkkkkkkkk😊😊,Negativo
KGk7SB2I8IY,UgxU5j_STZk-rIpxFZR4AaABAg,@HeroSSz,UC5dIw_DVva1bIZ416_JsVIA,estamos vivendo a revolução francesa digital,2.0,2026-03-19T15:36:08Z,2026-03-19T15:36:08Z,3.0,pt,estamos vivendo a revolução francesa digital,Neutro
u4y-4rBIPUQ,UgxUlSJrYO7m2H7PUAd4AaABAg,@kduo-c7y,UCXObr-lbkHimhIRHjsTYk-A,nem deus perdoa o cariani!,0.0,2025-12-28T00:41:19Z,2025-12-28T00:41:19Z,0.0,pt,nem deus perdoa o cariani!,Neutro
UVgk7jxarYs,Ugzqeeao6i5ytyl3pNx4AaABAg,@Void190-m1f,UCNJuZZ9t0o2eb3DsiPLOyZw,Isso é uma mulher?,0.0,2025-08-12T15:16:39Z,2025-08-12T15:16:39Z,0.0,pt,Isso é uma mulher?,Neutro
KJA6XvSvG_8,UgyZc6odeu74JdB7P9B4AaABAg,@PuckSafadaoyt,UCCBTO6q_mSP3P6TFIDUk0ug,"Alguem sabe dizer se é verdade que o Felca foi embora pro EUA? Pq se foi verdade, que cara pilantra viu",0.0,2026-03-19T18:16:46Z,2026-03-19T18:16:46Z,0.0,pt,"Alguem sabe dizer se é verdade que o Felca foi embora pro EUA? Pq se foi verdade, que cara pilantra viu",Negativo
b_pFnNNR_hE,UgwicoGuNUx_dR3REYF4AaABAg,@carleannesoarescantuarioca6205,UCUYA2nXopsnuI7hJa0Cm5fw,Achei o seu primo felca,0.0,2026-01-23T12:41:40Z,2026-01-23T12:41:40Z,0.0,pt,Achei o seu primo felca,Neutro
Dx1rcbAiP4g,UgyF49Wtsyx2Rczgwk94AaABAg,@Charathejudge,UC4Sxve1tKu1hdoF3CK5Q03w,"Maluco o tigrinho é livre pra todas idades, mas brawl stars  é 18+ ksksksk",2.0,2026-03-20T01:47:09Z,2026-03-20T01:47:09Z,0.0,pt,"Maluco o tigrinho é livre pra todas idades, mas brawl stars é 18+ ksksksk",Neutro
c5O74nQs_6k,UgyWPVlvJHz-nzpHYAt4AaABAg,@brunoromio1550,UCgn81yBQV95iNi8N80MsmTg,"esse pessoal que ''sobrevive'' fazendo live fizeram o L pq eles sabiam que com esse governo ia ficar mais caros as coisas, quanto mais gente sem condição de comprar um PC melhor para o streamer",0.0,2026-03-19T03:11:13Z,2026-03-19T03:11:13Z,0.0,pt,"esse pessoal que ''sobrevive'' fazendo live fizeram o L pq eles sabiam que com esse governo ia ficar mais caros as coisas, quanto mais gente sem condição de comprar um PC melhor para o streamer",Neutro
_x_ikmGZpxo,Ugw_kPlwqL_eYM4gs-V4AaABAg,@RenatoSantos-gn6mm,UC8KSu-E9RJj14bvn0cD4SMg,"Parece que o MBL tenta forçar uma equivalência: se quem foi às festas da Refit deve ser investigado, então o Nando, por ter ido ao resort, também deveria. Daí o uso de disclaimers ""segundo as próprias regras do Nando"", pra ja se esquivarem, não somos nós que pensamos assim. No fim, o caminho é a Justiça, já que o debate na internet só gera narrativas e prejuízo a quem discorda.",1.0,2026-01-17T16:12:44Z,2026-01-17T16:12:44Z,1.0,pt,"Parece que o MBL tenta forçar uma equivalência: se quem foi às festas da Refit deve ser investigado, então o Nando, por ter ido ao resort, também deveria. Daí o uso de disclaimers ""segundo as próprias regras do Nando"", pra ja se esquivarem, não somos nós que pensamos assim. No fim, o caminho é a Justiça, já que o debate na internet só gera narrativas e prejuízo a quem discorda.",Neutro
Vsl53hSSEYo,UgzliqNJUVxTTyb1tU94AaABAg,@jaqueguedes2023,UCxwoLMYppARYRUUSMlLc7oQ,seo felca ser o presidente o mundo acaba!!,0.0,2026-02-22T04:12:41Z,2026-02-22T04:12:41Z,0.0,pt,seo felca ser o presidente o mundo acaba!!,Negativo
o6FgdAMUzUg,UgxDilqNNpyP6feqwFZ4AaABAg,@kiselasque_,UCj6UBk1Kie1o85KLYeDSxyA,"Só uma correção, o Felca é de Londrina",0.0,2026-03-25T21:54:51Z,2026-03-25T21:54:51Z,0.0,pt,"Só uma correção, o Felca é de Londrina",Neutro
uxLsLWvT_Ec,UgyEBJ4SpbhqzqTouE14AaABAg,@felipelapes,UCucq00AvyFq5yO7OQml8oGg,achei que ele tinha libertado todas as crianças do mundo e agora ia ser adorado por elas e canonizado pela Igreja,10.0,2026-01-15T22:28:32Z,2026-01-15T22:28:32Z,0.0,pt,achei que ele tinha libertado todas as crianças do mundo e agora ia ser adorado por elas e canonizado pela Igreja,Neutro
jgLjyjA5Zhg,Ugy-FAKtc-EAG2IJUIV4AaABAg,@gabiungheri,UCXG3KY7lw4s9ubBly0fEMPA,Achei que era a Gkay,0.0,2025-10-02T01:14:16Z,2025-10-02T01:14:16Z,0.0,pt,Achei que era a Gkay,Neutro
8BI6UzLOaBk,UgwfaXBlpQaqdrFcQo14AaABAg,@veraluciadasilvaoliveira6052,UCfoXjwMwQeMj-ntWxTmktMw,Mina estranha 😂😂😂realmente gosto não se discute,0.0,2026-01-14T14:05:54Z,2026-01-14T14:05:54Z,0.0,pt,Mina estranha 😂😂😂realmente gosto não se discute,Negativo
N80KnwQp_rE,UgywTkZjhJHaIRiyzVh4AaABAg,@lucasmelo7445,UC9KUk5B4VvZapcZz6D_YJYA,8:34 Aqui ele e o amigo dele se entregaram kk,4.0,2025-12-28T15:13:44Z,2025-12-28T15:13:44Z,0.0,pt,8:34 Aqui ele e o amigo dele se entregaram kk,Neutro
-g06texaASk,UgyyajQxKt6xLaVnhjZ4AaABAg,@mpguarnier,UCAXE8ojh_KVD-1Kh-BEohwA,"Não entendo pq uma lei tá sendo discutida só depois de votada. Agora já é tarde. É tanto absurdo atacando em varias frentes, uma lei fecal dessas acaba passando despercebida.",0.0,2026-03-22T11:51:02Z,2026-03-22T11:51:02Z,0.0,pt,"Não entendo pq uma lei tá sendo discutida só depois de votada. Agora já é tarde. É tanto absurdo atacando em varias frentes, uma lei fecal dessas acaba passando despercebida.",Negativo
dhSieTQ4yXU,UgxEVakSM2-G8Vd9-C14AaABAg,@erics7004,UCw5vQSSkZyWH5_q1FbzJZKQ,"Povo manso e trouxa, por isso que o bandido ganhou.",88.0,2026-03-15T03:01:41Z,2026-03-15T03:01:41Z,5.0,pt,"Povo manso e trouxa, por isso que o bandido ganhou.",Negativo
JBMUFERXWEw,Ugx75Dw5ug_-LY3HWXF4AaABAg,@afrizanadim,UCd8aaBoveukL8SkVqJ2vSKA,"Lagu ini mirip sama lagu lenggang puspita, yg kebetulan pernah dinyanyikan afgan.",0.0,2026-01-09T11:48:05Z,2026-01-09T11:48:05Z,0.0,pt,"Lagu ini mirip sama lagu lenggang puspita, yg kebetulan pernah dinyanyikan afgan.",Neutro
cW7QT5IXows,UgyBODUrOHE-9-Ife594AaABAg,@alexsandrosb9570,UCNMq_9cQKmgf3DwJBwLGe7g,"Mais um acontecimento daqueles em 15 dias de 2026, bora ver quanta desgraça nos aguarda.",0.0,2026-01-15T23:23:26Z,2026-01-15T23:23:26Z,0.0,pt,"Mais um acontecimento daqueles em 15 dias de 2026, bora ver quanta desgraça nos aguarda.",Negativo
fmhMgNlkezk,Ugw7o9BN5jRRzebrp5N4AaABAg,@AlexRamos-ff1wo,UCthHAk3PXT7Npkuz2adk-lA,😢😮 ela ficou linda maravilhosa engraçada kkk Fgfccccckkkkkmm😅😢🎉😂❤😍💖💋😘👩🏽‍🏫🙏🏽💗🙏🏻😊,0.0,2026-03-02T23:14:16Z,2026-03-02T23:14:16Z,0.0,pt,😢😮 ela ficou linda maravilhosa engraçada kkk Fgfccccckkkkkmm😅😢🎉😂❤😍💖💋😘👩🏽‍🏫🙏🏽💗🙏🏻😊,Positivo
eag3ygFV6ns,UgyHm8T7gWpe73R9kPJ4AaABAg,@moniceduarte3115,UC3ZuQZq8ZEG-DsvOzhjzKqw,E desde quando o estado está preocupado com crianças? Eles querem que todos morram,19.0,2026-03-20T13:49:26Z,2026-03-20T13:49:26Z,0.0,pt,E desde quando o estado está preocupado com crianças? Eles querem que todos morram,Negativo
8kw0bvcCWq0,Ugx13PV268yrO6zFgLZ4AaABAg,@Teoo-w,UChRUnl89fR1cqA-bedOjTSA,"O Felca denunciou mas depois fez merda? Sim, so que não e culpa dele:/",0.0,2026-01-17T00:03:37Z,2026-01-17T00:03:37Z,0.0,pt,"O Felca denunciou mas depois fez merda? Sim, so que não e culpa dele:/",Neutro
axmaaGxcaHY,Ugwjs5usfILgEdix9h14AaABAg,@betadroid1704,UCTjPebIuAQIuDk_iSbrCnSw,"lembrando que ja fizeram uma votaçao para a revogaçao da lei, ´´Revogação integral da Lei Felca (lei n° 15.211/25)´´",1.0,2026-03-20T08:25:27Z,2026-03-20T08:25:27Z,0.0,pt,"lembrando que ja fizeram uma votaçao para a revogaçao da lei, ´´Revogação integral da Lei Felca (lei n° 15.211/25)´´",Neutro
Y6jXmNIUTHY,UgwVCQS5GFneXwVgmnR4AaABAg,@thiago-ths,UCYsnLw_dyuhUTEjODNFujBQ,"Infelizmente não vejo como não piorar isso,  pq essa lei é apenas a ponta do ice q surgirá cada vez pior tudo em ""nome de salvar as crianças "". Uma coisa engraçada que os influenciadores q apoia tudo desse governo também sairá perdendo ja que seu público na maioria das vezes tambem é de menor , mais msm assim vão está ali defendendo ou vão tudo sair do Brasil,  se não me engano o próprio felca ja meteu o pé",6.0,2026-03-18T18:10:38Z,2026-03-18T18:10:38Z,0.0,pt,"Infelizmente não vejo como não piorar isso, pq essa lei é apenas a ponta do ice q surgirá cada vez pior tudo em ""nome de salvar as crianças "". Uma coisa engraçada que os influenciadores q apoia tudo desse governo também sairá perdendo ja que seu público na maioria das vezes tambem é de menor , mais msm assim vão está ali defendendo ou vão tudo sair do Brasil, se não me engano o próprio felca ja meteu o pé",Negativo
VEx08fKHvZg,Ugwp-DNF5R7qmBf0khN4AaABAg,@Henrique98128,UCYV8TCRR0NG2QqgsCUWRv7A,Gru chama o Zé da manga e o coração sazzzzzzzz e o amostradinho,0.0,2026-02-10T18:10:50Z,2026-02-10T18:10:50Z,0.0,pt,Gru chama o Zé da manga e o coração sazzzzzzzz e o amostradinho,Neutro
vDFr8w5uX64,UgwdF5iIU1PohKIyq7x4AaABAg,@CezarXavier-wy7vv,UCEa2wxcSPBExJl5kM0UPLoA,"A Xuxa é a principal bebedora de sangue de criança do país, ela quer os baixinhos só pra ela 😊",0.0,2026-03-22T16:40:06Z,2026-03-22T16:40:06Z,0.0,pt,"A Xuxa é a principal bebedora de sangue de criança do país, ela quer os baixinhos só pra ela 😊",Negativo
IKCr7IhWKdI,UgyZwdraT8wadMavb_h4AaABAg,@elienenobertopereirapereir6442,UCN0362a9cG21_B17Q74NdNA,# eu vou passar  com a Fabi ❤.,0.0,2026-01-25T11:55:43Z,2026-01-25T11:55:43Z,0.0,pt,# eu vou passar com a Fabi ❤.,Neutro
D_YEtr-14JI,Ugz6tgvSTQvbm3Ao_1t4AaABAg,@Mahria-kyw,UCSym6p6ykmTPexlZD7KhG3Q,"Mustang, Maserati, Mclaren, Mercedes, entre outros",1.0,2025-12-25T17:48:14Z,2025-12-25T17:48:14Z,0.0,pt,"Mustang, Maserati, Mclaren, Mercedes, entre outros",Neutro
mrLEcISVIhU,UgxIQmZh7zKQWz_8Zkp4AaABAg,@SonCongelado,UC7YtxOu2DB5p-JkM8J0mgwA,"Oi! Boa Noite, Bom Dia Ou Boa Tarde

Tlgd tlgd, Não tem nada haver com o vídeo mas, estou tentando espalhar o evangelho.

Bom, há muito tempo atrás, Jesus se sacrificou na cruz pelos nossos pecados, para que assim nós pudessemos ter uma redenção por eles.

Jesus fez isso tudo por apenas nos amar, Mesmo com nossos defeitos.

Todo dia cometemos um pecado, isso vale para TODOS que ja existiram nessa terra. ( Exceto Jesus Cristo, Pois ele nunca pecou por ser Deus.)

Mas mesmo constantemente Deus Nos Perdoa e continua nos amando e guiando ❤.

Bom. Muitos acham que pra herdar o reino de Deus, Basta ser apenas alguem ""Bonzinho, Gente Boa... Etc""

Mas, Também é necessário pedir perdão pelos nossos pecados que cometemos os confessando e se arrependendo de verdade deles. Mas, não muda o fato que amar o próximo e respeitar o próximo são de extrema importância ainda...

Como podemos pedir perdão pelos nossos pecados? Podemos fazer isso apenas orando a DEUS e Pedindo perdão e misericórdia a DEUS e os confessando a DEUS.

Deus vai te escutar e vai te perdoar. Como um arrependimento é necessário mudança, é necessário que você mude de verdade e tente mudar mesmo. Caso recaia no pecado, Continue tentando mudar tal hábito.

Bom, Eu não tenho tanto conhecimento no momento pra guiar ou falar mais no assunto. Caso leu até aqui, recomendo que tente buscar o conhecimento por si só, seja por vídeos ou textos.

Lembre-se que, Jesus sempre vai te amar. Assim como Deus sempre vai estar ao seu lado e vai te amar ❤❤!!",0.0,2025-08-10T01:56:50Z,2025-08-10T01:56:50Z,0.0,pt,"Oi! Boa Noite, Bom Dia Ou Boa Tarde Tlgd tlgd, Não tem nada haver com o vídeo mas, estou tentando espalhar o evangelho. Bom, há muito tempo atrás, Jesus se sacrificou na cruz pelos nossos pecados, para que assim nós pudessemos ter uma redenção por eles. Jesus fez isso tudo por apenas nos amar, Mesmo com nossos defeitos. Todo dia cometemos um pecado, isso vale para TODOS que ja existiram nessa terra. ( Exceto Jesus Cristo, Pois ele nunca pecou por ser Deus.) Mas mesmo constantemente Deus Nos Perdoa e continua nos amando e guiando ❤. Bom. Muitos acham que pra herdar o reino de Deus, Basta ser apenas alguem ""Bonzinho, Gente Boa... Etc"" Mas, Também é necessário pedir perdão pelos nossos pecados que cometemos os confessando e se arrependendo de verdade deles. Mas, não muda o fato que amar o próximo e respeitar o próximo são de extrema importância ainda... Como podemos pedir perdão pelos nossos pecados? Podemos fazer isso apenas orando a DEUS e Pedindo perdão e misericórdia a DEUS e os confessando a DEUS. Deus vai te escutar e vai te perdoar. Como um arrependimento é necessário mudança, é necessário que você mude de verdade e tente mudar mesmo. Caso recaia no pecado, Continue tentando mudar tal hábito. Bom, Eu não tenho tanto conhecimento no momento pra guiar ou falar mais no assunto. Caso leu até aqui, recomendo que tente buscar o conhecimento por si só, seja por vídeos ou textos. Lembre-se que, Jesus sempre vai te amar. Assim como Deus sempre vai estar ao seu lado e vai te amar ❤❤!!",Positivo
8EO9QFNTS7A,UgzS8ODTDiKHQI4USEx4AaABAg,@ultimoheroidaterraw,UCSNFAxHDkG9L27iUsHKFneg,"Respeitar uma religião significa respeitar o deus dela, EU CUSPO NA CARA DOS deuses DAS OUTRAS RELIGIÕES, EU SOU APENAS UM HOMEM, CADÊ OS deuses OFENDIDOS QUE NÃO CONSEGUEM ME ABATER? SE JUNTEM OS deuses E VENHAM CONTRA O MORTAL!!!!!!.""

""EU Desafio VC A FAZER UMA MACUMBA AGORA PRA MINHA MÃE MORRER,SUA PUTA MAL COMIDA"".",0.0,2025-11-08T01:24:47Z,2025-11-08T01:24:47Z,0.0,pt,"Respeitar uma religião significa respeitar o deus dela, EU CUSPO NA CARA DOS deuses DAS OUTRAS RELIGIÕES, EU SOU APENAS UM HOMEM, CADÊ OS deuses OFENDIDOS QUE NÃO CONSEGUEM ME ABATER? SE JUNTEM OS deuses E VENHAM CONTRA O MORTAL!!!!!!."" ""EU Desafio VC A FAZER UMA MACUMBA AGORA PRA MINHA MÃE MORRER,SUA PUTA MAL COMIDA"".",Negativo
Xw7mx7MzjDI,UgyXJdOuTCBu26OmiHZ4AaABAg,@sofianegri6909,UClhtZ5t63_TEdx6SZdN6lqw,QUE SUSTO DESSE “ACABOU💔” EU MORRI🕊️,1.0,2025-12-25T21:14:49Z,2025-12-25T21:15:07Z,0.0,pt,QUE SUSTO DESSE “ACABOU💔” EU MORRI🕊️,Neutro
5utIw2BvZT8,UgzlOobNNF5EHOP_c0x4AaABAg,@LiroJao,UCC3XjpV5Z-mFtsb8wF96ELw,"Patrux, nada a ver com o assunto do vídeo, mas vc planeja fazer aquele vídeo do Ave Mujica?",0.0,2026-03-19T17:41:21Z,2026-03-19T17:41:21Z,1.0,pt,"Patrux, nada a ver com o assunto do vídeo, mas vc planeja fazer aquele vídeo do Ave Mujica?",Neutro
CYOUj0rt5qA,UgwPaGHA68NdDm1hpPt4AaABAg,@vitorharl,UCkb1ZMqGZYIzxmiAwlGOFfQ,"falou tudo, eu já fiz o voto oficial no website da cidadania.",1.0,2026-03-18T13:39:14Z,2026-03-18T13:39:14Z,1.0,pt,"falou tudo, eu já fiz o voto oficial no website da cidadania.",Positivo
df-1eJgwk_M,UgxQGWQzeKhtlKUDrIR4AaABAg,@Pedro-h7i7n,UCMDVP3BQvkBcB71F2Dm0Dww,Obrigado!!!,0.0,2025-11-14T02:17:58Z,2025-11-14T02:17:58Z,0.0,pt,Obrigado!!!,Positivo
vXqm6g754Ko,UgzaYm__pn4JnpYBmhR4AaABAg,@barras_sujas,UCB9V144vCLIk7UyX8M1uwaw,"O jogo nunca lança, aí quando lança os cara cria lei pra proibir vsf KKKKKKKKKK",173.0,2026-03-17T19:51:18Z,2026-03-17T19:51:18Z,8.0,pt,"O jogo nunca lança, aí quando lança os cara cria lei pra proibir vsf KKKKKKKKKK",Negativo
PHVuTWKAMMc,UgzK2AUEbwCUNtwlFYF4AaABAg,@MariadoSocorroDesouza-m4c,UC1H_vO4fzp2TOiP62znCflw,"Por favor ñ corta o cabelo,ele é maravilhoso ❤❤❤❤❤❤❤❤",0.0,2025-09-08T12:23:02Z,2025-09-08T12:23:02Z,0.0,pt,"Por favor ñ corta o cabelo,ele é maravilhoso ❤❤❤❤❤❤❤❤",Positivo
uypvzFnLeu0,Ugx0Pi73GuBJxEuzXD94AaABAg,@cyntyapazdosantos,UCSUGmCvHWpY09WwdwL1_fig,Deu aula,0.0,2025-10-21T02:46:52Z,2025-10-21T02:46:52Z,0.0,pt,Deu aula,Positivo
_qUWO2Oe4es,Ugye9NUBz6kYIglw6jR4AaABAg,@higor.X,UCnp0hQE7Ya0o2EQ2XhVOmoQ,E tem brasileiro que liga pra essa lei de otário?,0.0,2026-03-25T15:19:37Z,2026-03-25T15:19:37Z,0.0,pt,E tem brasileiro que liga pra essa lei de otário?,Negativo
_t4hHA5WjqY,Ugysl5o88KzRNpOB1Ul4AaABAg,@pollyannacunha3389,UCr26Z0qWDbfTAnpRKMCaAQg,"Chorando litros, no momento de olhos fechados! 😢😢😢",0.0,2025-10-23T18:30:16Z,2025-10-23T18:30:16Z,0.0,pt,"Chorando litros, no momento de olhos fechados! 😢😢😢",Neutro
RgABq9XFpIQ,UgzLzvAY1Rg8kYztQ7t4AaABAg,@rafaelafontourabraga,UC20NDrTWUjaAfuKhdZtzEig,"Sou fã de Hot Ones há alguns anos e fiquei muito feliz com a iniciativa. Bem legal vocês terem as próprias receitas de pimenta. Ganharam mais uma inscrita, desejando sucesso desde já!",0.0,2025-08-24T22:42:14Z,2025-08-24T22:42:14Z,0.0,pt,"Sou fã de Hot Ones há alguns anos e fiquei muito feliz com a iniciativa. Bem legal vocês terem as próprias receitas de pimenta. Ganharam mais uma inscrita, desejando sucesso desde já!",Positivo
BVpdzmMuwSY,UgzZVVBbznu07J34BGh4AaABAg,@kelylima1889,UCY-u4I4jkIJp5OAIvY_Pehw,Parece que quanto mais rico mais a pessoa se veste de mendigo kkk.,0.0,2026-03-19T02:44:24Z,2026-03-19T02:44:24Z,0.0,pt,Parece que quanto mais rico mais a pessoa se veste de mendigo kkk.,Negativo
JsYAh2oy99s,UgwvE0CX--jXaZhbf0J4AaABAg,@Tomhideyoshi,UCggVgn-rI5yHyY9PJnEozLg,Ele merece,7.0,2026-03-21T21:09:22Z,2026-03-21T21:09:22Z,4.0,pt,Ele merece,Neutro
p9DBXIm_VSo,Ugz5oem4wYdlP6tjOzJ4AaABAg,@EnzoHenrique-l4r,UCfsjlxSAysqru4Kx1tqMipw,O que se fez isso garena😢😢😢😢😢😢😢😢😢😢😢😢😢,0.0,2025-12-23T21:02:55Z,2025-12-23T21:02:55Z,0.0,pt,O que se fez isso garena😢😢😢😢😢😢😢😢😢😢😢😢😢,Neutro
3tEVVR8Ahl4,UgwLgvAQWQWmE5Podrd4AaABAg,@aduboatomico,UCxNVUnmUwm5codYFjw1ghpw,Filhos da pauta,0.0,2026-01-31T02:19:41Z,2026-01-31T02:19:41Z,0.0,pt,Filhos da pauta,Negativo
2DYX9uEpCLE,UgxedgKQqbGHSAWm75R4AaABAg,@AndersonGaioski,UCtNR8UMEy1Q_oHpNb03YVGg,Como sempre quem vai pagar a conta são as pessoas comuns.,0.0,2026-03-17T22:41:10Z,2026-03-17T22:41:10Z,0.0,pt,Como sempre quem vai pagar a conta são as pessoas comuns.,Negativo
HkUd192DXnw,Ugzo_7pZSyhb-Ufsyxd4AaABAg,@JacksonGonçalves-g3n,UCg71NgjspH1XoiwuyHQq0WA,Linux é um lixo,0.0,2026-03-19T18:27:01Z,2026-03-19T18:27:01Z,12.0,pt,Linux é um lixo,Negativo
GIy0D3ZKkj0,UgzbUmp9e17fF-3IlGp4AaABAg,@É-a-Fairy-Mah-stay,UCdYkjSGlYPcAy2M0Du40-uA,"É bom saber que estou acompanhando as pessoas certas 
(Estou me referindo à Ismeiow)",3.0,2025-08-12T21:18:00Z,2025-08-12T21:18:00Z,2.0,pt,É bom saber que estou acompanhando as pessoas certas (Estou me referindo à Ismeiow),Positivo
oGTCNtKw79Q,UgxS8O83knbnhL4BfCp4AaABAg,@henriqueluz7827,UCDKC8FgZdCGAIqV7r-6wo_g,"Tem que ir em todos os vídeos do canal deles e fazer denúncia até o canal cair, no YouTube e na Twitche",0.0,2026-03-22T07:15:07Z,2026-03-22T07:15:07Z,0.0,pt,"Tem que ir em todos os vídeos do canal deles e fazer denúncia até o canal cair, no YouTube e na Twitche",Negativo
dAtGvjK8q2Q,Ugzqsu9udUQ4BXOXVNN4AaABAg,@kellyalves275,UCG5wgqgE3zTHdzGGi0yG_eg,Põe o ferro que derrubou o Roblox não foi ninguém mais eu vi o vídeo vocês podem ver o vídeo o céu que te derrubou o Roblox é meu jogo favorito,0.0,2026-01-25T17:34:32Z,2026-01-25T17:34:32Z,0.0,pt,Põe o ferro que derrubou o Roblox não foi ninguém mais eu vi o vídeo vocês podem ver o vídeo o céu que te derrubou o Roblox é meu jogo favorito,Negativo
_x_ikmGZpxo,UgxfpyjFHhrJvqgyRKZ4AaABAg,@hankfuncha,UC5wZ5wdZJvTFaP20uKoy1_A,Se passar veneno no monitor do computador do Nando ele com certeza estará lascado,0.0,2026-01-17T22:30:50Z,2026-01-17T22:30:50Z,0.0,pt,Se passar veneno no monitor do computador do Nando ele com certeza estará lascado,Negativo
BR3maLBBYqI,UgzkiYGJAJaAfK61dtt4AaABAg,@carlagalvao8295,UCBpgiEnwtkKYycLs_Jn6RZw,"Se ela estivesse divulgando livro de matemática, não ficaria famosa, não ganharia muito dinheiro porque o povo em geral não liga pra isso. Qualquer pessoa adulta que não tenha problemas cognitivos graves deve ser responsável pelos seus próprios atos. É muito confortável fazer coisa errada e depois dizer que é porque alguém incentivou.",0.0,2025-10-31T14:38:13Z,2025-10-31T14:38:13Z,0.0,pt,"Se ela estivesse divulgando livro de matemática, não ficaria famosa, não ganharia muito dinheiro porque o povo em geral não liga pra isso. Qualquer pessoa adulta que não tenha problemas cognitivos graves deve ser responsável pelos seus próprios atos. É muito confortável fazer coisa errada e depois dizer que é porque alguém incentivou.",Negativo
TvTUaK08mFg,UgwdGPRLvlWpBsheQWl4AaABAg,@Tela.freitas,UCk0TI6RigieRy_vmA0JjM1A,ate a Garena do ff ta. comedo e olha que ela e bilionáriq,0.0,2025-08-26T11:37:19Z,2025-08-26T11:37:19Z,0.0,pt,ate a Garena do ff ta. comedo e olha que ela e bilionáriq,Neutro
eGyQPGXLdLU,Ugw7HdYuo0_DOa8saxV4AaABAg,@janainabarbosadafonsecapor5520,UCpVeXBFjE2nz9kO1YH6gl2g,vc  responde seus pais como se fose adolesente tu e maucriada,0.0,2026-01-20T18:11:23Z,2026-01-20T18:11:23Z,0.0,pt,vc responde seus pais como se fose adolesente tu e maucriada,Negativo
1Zqx1n11mA4,Ugwqk3wBOUhfmygH1dZ4AaABAg,@TarcisoOliveira,UC4ls6wVU74y0wN_dvpsQi0Q,Os governos tentando fazer o papel dos pais.,1.0,2026-03-21T11:12:37Z,2026-03-21T11:12:37Z,0.0,pt,Os governos tentando fazer o papel dos pais.,Negativo
t7Sg4OOgU8w,UgzB5TC0yG5otJvL6MN4AaABAg,@tougeracing,UCl7anyxxPCayHeF3zd9lXgw,Não defendo a censura,0.0,2026-03-23T19:43:13Z,2026-03-23T19:43:13Z,0.0,pt,Não defendo a censura,Neutro
hfzJxcuIiBs,UgwR0wrSMNXPaaSLvcx4AaABAg,@joaoferreiradossantosneto2358,UCuJkKvxQSyX3fs-wydR9QDw,"Emílio, cm  estas porqueiras que existe no congresso. Só faz leis porqueira.",0.0,2026-03-25T16:18:54Z,2026-03-25T16:18:54Z,0.0,pt,"Emílio, cm estas porqueiras que existe no congresso. Só faz leis porqueira.",Negativo
BycHiSiTDFA,UgyLAMoCO__T8yA1tnl4AaABAg,@Kikacast,UCNSQVtArsd2Ey7PTT42ua_A,Muitas crianças não contam tbm pq tem medo dos pais dizerem que é mimimi e acabam que sofrem mais ainda.,1.0,2025-09-12T23:44:02Z,2025-09-12T23:48:16Z,0.0,pt,Muitas crianças não contam tbm pq tem medo dos pais dizerem que é mimimi e acabam que sofrem mais ainda.,Positivo
oGygRnR9KHE,Ugwi4iWqowEdEcAhEsh4AaABAg,@OtíliaDoraAzevedo,UCMi6nxLy4tcLPl14K6Y4XQA,Bom dia mano SJota. peço ao mano para tirar o cabelo dos meninos ficarem bonitos. Deus abençoe infinitamente ; meu Deus,0.0,2026-01-14T05:13:31Z,2026-01-14T05:13:31Z,0.0,pt,Bom dia mano SJota. peço ao mano para tirar o cabelo dos meninos ficarem bonitos. Deus abençoe infinitamente ; meu Deus,Positivo
ZNFJLaau2-A,UgzpxCxujwe0UqrDqrF4AaABAg,@GiovaniRodrigues-n4i,UCu0h8rN0extePOf3BDREeqQ,"Na minha opinião, em vez de cobrar os streamers, deivam cobrar e boicotar os POLITICOS, não concordo com cellbit e o alanzoka, mais não defendo fucar denunciando CPF aleatorio que fez o L.",1.0,2026-03-19T21:38:30Z,2026-03-19T21:38:30Z,3.0,pt,"Na minha opinião, em vez de cobrar os streamers, deivam cobrar e boicotar os POLITICOS, não concordo com cellbit e o alanzoka, mais não defendo fucar denunciando CPF aleatorio que fez o L.",Negativo
0C3lpoaCu7c,Ugxy4BCmpYocWEMoiZ14AaABAg,@xHarux-l6s,UCI6t1hMEuP3yHGA0nDX1Ohw,Eu acho q não tenho... Ou talvez eu só não saiba;--;,0.0,2025-12-27T17:47:45Z,2025-12-27T17:47:45Z,0.0,pt,Eu acho q não tenho... Ou talvez eu só não saiba;--;,Neutro
bzbP7wztXL4,UgySroMkBEqE2e9WVuJ4AaABAg,@AlexSantos-db6fm,UCK2p3DKFpoGevzujlDxZjnQ,Felca é um mentiroso e merece todo ódio assim como mereceu toda humilhação que passou na escola. De uma certa forma a inteligência social reconheceu ele fora do padrão e que era um mentiroso e tende a punir esse tipo de gente,213.0,2026-03-20T02:41:32Z,2026-03-20T02:41:32Z,18.0,pt,Felca é um mentiroso e merece todo ódio assim como mereceu toda humilhação que passou na escola. De uma certa forma a inteligência social reconheceu ele fora do padrão e que era um mentiroso e tende a punir esse tipo de gente,Negativo
ZYLg4fmTEWs,UgyZBvMxFhQmwhb5Qe54AaABAg,@kokushibo_ama_tokito,UCnhFMMouHyEIP5ZmeRb2hDQ,Ai laestro vc fala mt🥵🥵🥵🥵🥵🥵🥵,0.0,2025-09-20T11:02:03Z,2025-09-20T11:02:03Z,0.0,pt,Ai laestro vc fala mt🥵🥵🥵🥵🥵🥵🥵,Neutro
jOxSCtxsp90,Ugz9H9Kie-5mEaIFEUF4AaABAg,@anexoaa,UCAB7c-ZaAf9bFOLpq_17jrg,não aguento esse nome dela,0.0,2026-01-29T14:41:55Z,2026-01-29T14:41:55Z,0.0,pt,não aguento esse nome dela,Negativo
5wglC85cgo4,Ugxxveu5GXoyO3ejhWF4AaABAg,@abilitywars.comFan,UChVeNIGc3Wnco-G-6BOvH2Q,Felca vc e fod@ mano vc ta certo se eu fosse adulto seria como você po-,0.0,2026-01-26T00:16:00Z,2026-01-26T00:16:00Z,0.0,pt,Felca vc e fod@ mano vc ta certo se eu fosse adulto seria como você po-,Positivo
1cVXxwOrm_g,UgxoRJ5APDyzp-4ekdF4AaABAg,@Isabella-zk9yd,UC7QE5geqXMnFpCItMVwmjtQ,Você tá certa ela é a pessoa mais mimada do que todo mundo que eu já posso ver,1.0,2026-01-19T02:06:46Z,2026-01-19T02:06:46Z,0.0,pt,Você tá certa ela é a pessoa mais mimada do que todo mundo que eu já posso ver,Negativo
u9qLXh7y2hI,Ugx2XT53kSb20we1I594AaABAg,@Enzin-h3y,UCenes-oKwe5vuZzBGzJwYbw,Branquelo favorito do diabo né,0.0,2026-03-25T09:52:32Z,2026-03-25T09:52:32Z,0.0,pt,Branquelo favorito do diabo né,Negativo
sEW2w0b2YtI,Ugzx-FoTRejLar1Mv2t4AaABAg,@solangecristinafialhodemen2708,UCsBAMQ2CsU9TAPcFgZzWP9A,Que lindo ❤️❤️😍❤️❤️,2.0,2025-09-14T18:13:13Z,2025-09-14T18:13:13Z,0.0,pt,Que lindo ❤️❤️😍❤️❤️,Positivo
6D8WSct_F7g,UgxSi8qLGUCp-zF9Tbt4AaABAg,@vitordaniel_ep,UCWxqlROwq1lsVY-Dng3kBdg,"Felca, te deram a melhor bíblia católica de tradução brasileira. Não é que os católicos usam várias bíblias diferentes, não é isso. É só um pouco da tradução, então as expressões, algumas palavras. Não mudam muito o sentido.
A MBC (Minha Biblioteca Católica) é a melhor editora católica atualmente, só publica livros da mais ALTÍSSIMA qualidade e com capas belíssimas e tudo bem trabalhado.
Além disso, eles estão usando nesta bíblia a tradução do Pe. Matos Soares, que foi um padre que traduziu apartir da conhecida ""Vulgata"" que foi a primeira tradução oficial feita para o Latim, que foi feita por S. Jerônimo lá no século V e que foi a mais usada na Igreja por mais de 1500 anos. A tradução feita pelo Pe. Matos é de um modo minucioso, seguindo palavra por palavra de como estava na vulgata, sem nada de sinônimos, apenas usando as exatas mesmas palavras.",3.0,2026-01-16T16:33:47Z,2026-01-16T16:33:47Z,0.0,pt,"Felca, te deram a melhor bíblia católica de tradução brasileira. Não é que os católicos usam várias bíblias diferentes, não é isso. É só um pouco da tradução, então as expressões, algumas palavras. Não mudam muito o sentido. A MBC (Minha Biblioteca Católica) é a melhor editora católica atualmente, só publica livros da mais ALTÍSSIMA qualidade e com capas belíssimas e tudo bem trabalhado. Além disso, eles estão usando nesta bíblia a tradução do Pe. Matos Soares, que foi um padre que traduziu apartir da conhecida ""Vulgata"" que foi a primeira tradução oficial feita para o Latim, que foi feita por S. Jerônimo lá no século V e que foi a mais usada na Igreja por mais de 1500 anos. A tradução feita pelo Pe. Matos é de um modo minucioso, seguindo palavra por palavra de como estava na vulgata, sem nada de sinônimos, apenas usando as exatas mesmas palavras.",Neutro
RZbka0W7ifk,UgznylhYqpS4p6RTVEF4AaABAg,@playglinuc,UCxy7MuPErT7-ayCJM8N_6LQ,Esse vídeo é a prova q vc pode manjar muito sobre um tema e nada sobre outro.,0.0,2026-03-18T14:33:37Z,2026-03-18T14:33:53Z,0.0,pt,Esse vídeo é a prova q vc pode manjar muito sobre um tema e nada sobre outro.,Neutro
4K0ftHViaAU,UgwypJ6lYVFRQSDJsBR4AaABAg,@LaissSDM,UC51UD_F7PiOHlr25yoxKZUg,"4:57 poxaaa, n gosteiii!Pq eu por exemplo não sou amor de idade mas não sou criança, consigo lidar com frustrações, chato isso",0.0,2026-03-19T23:01:11Z,2026-03-19T23:01:11Z,0.0,pt,"4:57 poxaaa, n gosteiii!Pq eu por exemplo não sou amor de idade mas não sou criança, consigo lidar com frustrações, chato isso",Neutro
u9qLXh7y2hI,Ugzv2m4KEBbGiX_mVf94AaABAg,@Wandzones,UCREul5T75uyXj95nEzxDixw,Eeeeehhhh,0.0,2026-03-25T00:01:15Z,2026-03-25T00:01:15Z,0.0,pt,Eeeeehhhh,Neutro
9hLk_mt30AY,UgwXVwR8bS6zXFCrGVZ4AaABAg,@bomricio8255,UCpW8xyA_dXz3noNOLZlQn-w,"Nando, só uma correção, Donk é o atual melhor jogador individualmente de counter strike e ele é russo",2.0,2026-03-19T17:40:44Z,2026-03-19T17:40:44Z,0.0,pt,"Nando, só uma correção, Donk é o atual melhor jogador individualmente de counter strike e ele é russo",Neutro
1JR0RMmHYMc,UgyKSmXRh7UQXlJZn6p4AaABAg,@tatileguthi00,UCJ_FOM6YNDz39HBpiMAPrPQ,"Não entendo a reação do Ricardo com depoimento do Felca que é o mais ""neutro"" possível. Felca está mais do que certo de ""tirar o dele da reta"", o que ele tinha que fazer já foi feito, que é o vídeo em forma de denúncia. Agora cabe ao ministério Público analisar e julgar. O Felca tem que ficar bem de boa mesmo pra não respingar nele.",8.0,2026-01-15T16:20:08Z,2026-01-15T16:20:27Z,3.0,pt,"Não entendo a reação do Ricardo com depoimento do Felca que é o mais ""neutro"" possível. Felca está mais do que certo de ""tirar o dele da reta"", o que ele tinha que fazer já foi feito, que é o vídeo em forma de denúncia. Agora cabe ao ministério Público analisar e julgar. O Felca tem que ficar bem de boa mesmo pra não respingar nele.",Positivo
ogol3dYDNV0,UgzoUGuzG9o9zwKGvj14AaABAg,@Lukas_okkotsu001,UCt6ItIpi98-nGStP3YXo1pw,"Só tenho três palavras...




Jesus está voltando",0.0,2025-08-09T21:17:05Z,2025-08-09T21:17:05Z,0.0,pt,Só tenho três palavras... Jesus está voltando,Neutro
ANVYellMWbo,Ugw-QlDm0u6pMBQHs7B4AaABAg,@AbsoluteMisan,UCNEp_MjDqxlV3u1KzceHb-w,"Rapaz. Que maravilha a paramount ter aumentado o valor, já não queria antes, pois cancelaram a única serie que me fez assinar o serviço (Dexter Original Sin). Agora é que não quero mesmo!",0.0,2026-02-18T14:01:43Z,2026-02-18T14:01:43Z,0.0,pt,"Rapaz. Que maravilha a paramount ter aumentado o valor, já não queria antes, pois cancelaram a única serie que me fez assinar o serviço (Dexter Original Sin). Agora é que não quero mesmo!",Negativo
k7avghIPc_Q,Ugxe8LIeD5CZBkt2bgd4AaABAg,@thesonic2891,UCO0jQWZlaEzul_H78VNjlwA,EU ESTOU NO GRUPO DOS (13-15) SENDO QUE SOU CRIANÇA,0.0,2026-01-12T23:31:10Z,2026-01-12T23:31:10Z,0.0,pt,EU ESTOU NO GRUPO DOS (13-15) SENDO QUE SOU CRIANÇA,Neutro
GtQ9ReUi3_8,UgwX6kGj2Eu4z2HG7cB4AaABAg,@joao.rodriguessantos,UCfhKz3c8Mkpxmz5G38cwTlg,"Eles estão esvaziando o tema, tornando-o várias coisas , e perdendo o foco do problema em questão.",0.0,2025-09-01T00:37:54Z,2025-09-01T00:37:54Z,0.0,pt,"Eles estão esvaziando o tema, tornando-o várias coisas , e perdendo o foco do problema em questão.",Negativo
_Q-GmD-8KiY,Ugzw-zKYMnd09KPDFd94AaABAg,@ZenoxBF2,UCR-qMINVSho1dwUOl3EGiiQ,"se o linux for barrado o brasil volta para a idade das trevas, vai ficar pior que o Irã",0.0,2026-03-19T15:02:55Z,2026-03-19T15:02:55Z,0.0,pt,"se o linux for barrado o brasil volta para a idade das trevas, vai ficar pior que o Irã",Negativo
oGygRnR9KHE,UgxGCLDB3vcwcSGlBLl4AaABAg,@CristinaMaria-dj3pk,UCeSQ2Ps5DweDHdYvQzcdTdQ,Porque vc não ajuda 😢,0.0,2026-03-22T21:47:03Z,2026-03-22T21:47:03Z,0.0,pt,Porque vc não ajuda 😢,Neutro
BH3MfmKuvQs,Ugy2hdmTMRnLalQd5px4AaABAg,@wcrying,UCrdSqJpbj2ZRcKFqq6V2Lxg,Detalhe teve uma página de notícias que vazou que roblox e outros app que pedia foto e identidade estão sendo enviadas nossas fotos pro governo americano lembrem disso,3.0,2026-03-23T06:18:55Z,2026-03-23T06:18:55Z,0.0,pt,Detalhe teve uma página de notícias que vazou que roblox e outros app que pedia foto e identidade estão sendo enviadas nossas fotos pro governo americano lembrem disso,Neutro
5f7mjeR2r_Q,Ugw-0XN__Ial0T4Ca7N4AaABAg,@AliceMatos-f9c,UC0zhENew6hz58N92rZX9NSg,Ele ganhou... não tem mais volta gru ele ganhou 🥺😔😞😕☹️🙁,0.0,2026-02-06T20:16:27Z,2026-02-06T20:16:27Z,0.0,pt,Ele ganhou... não tem mais volta gru ele ganhou 🥺😔😞😕☹️🙁,Neutro
d0l60iafqf8,UgwdSMpsiVGDb3149tB4AaABAg,@Jussara-fk9fs,UC6Tn57Lww6PdrAK1_HS2byg,Bonitões,2.0,2025-08-28T03:29:50Z,2025-08-28T03:29:50Z,0.0,pt,Bonitões,Positivo
_x_ikmGZpxo,Ugw8jyq-OcXzgm1jYEJ4AaABAg,@samialodi,UCJ8ubBmuH8Y3GKafz7E61jw,"O MBL só fica cavando o bucho da escória da sociedade, assim garantem votos suficientes para permanecerem vivendo dos cargos públicos, e esse canal mostra exatamente isso.
Deve rolar muita grana, até o Danilo mano, é no mínimo intrigante, qual terá sido o preço dele? Me surpreendi dele compactuar com esse pessoal",0.0,2026-01-18T16:34:52Z,2026-01-18T16:34:52Z,0.0,pt,"O MBL só fica cavando o bucho da escória da sociedade, assim garantem votos suficientes para permanecerem vivendo dos cargos públicos, e esse canal mostra exatamente isso. Deve rolar muita grana, até o Danilo mano, é no mínimo intrigante, qual terá sido o preço dele? Me surpreendi dele compactuar com esse pessoal",Negativo
aC7PILkuqJ0,UgxknvF754nyLgO8g-d4AaABAg,@jecaTatu-c4u,UCebqMsEaz00pOq2Ue0ufVLw,"brasil e uma republica das bananas mesmo, pqp",0.0,2026-03-18T20:48:09Z,2026-03-18T20:48:09Z,0.0,pt,"brasil e uma republica das bananas mesmo, pqp",Negativo
gnrx2QJCzFc,UgykdNbXLUujrl9F2SF4AaABAg,@AnaLetíciaSilvadossantos-k7r,UCwI5KX3gSAXN9xc_Ng3Ui4w,"Conectar o celular no YouTube pra mudar de vídeo,  eu estava sentada em frente a TV 😃👍estava bem acomodada e não queria me mecher.",0.0,2026-01-09T22:44:14Z,2026-01-09T22:44:14Z,0.0,pt,"Conectar o celular no YouTube pra mudar de vídeo, eu estava sentada em frente a TV 😃👍estava bem acomodada e não queria me mecher.",Neutro
mowvEK-EmwQ,Ugxs0k-GvQlNwdbYTp54AaABAg,@guilhermemorais3273,UCLeymHrJbXqFFLAcwP8ag_w,Unica coisa que prestou nessa bosta de temporada...,1.0,2026-02-04T22:19:19Z,2026-02-04T22:19:19Z,0.0,pt,Unica coisa que prestou nessa bosta de temporada...,Negativo
-LVOO-rhNCs,UgwIxYlZJh9UoypTvnd4AaABAg,@tetelinda-om7wy,UC6TVGq5LmpYQN1lQ0h5H2rA,Eu concordo mesmo,0.0,2026-01-30T18:09:45Z,2026-01-30T18:09:45Z,0.0,pt,Eu concordo mesmo,Positivo
RnFuJt6jxLQ,UgwOOaE5_Rs7GIQb2rh4AaABAg,@esseEOmeuNick,UCuNGbwL-NLbTLsVZqz1Snag,O whatsapp não te joga numa bolha de nazistas vc q procura,0.0,2025-08-31T12:29:18Z,2025-08-31T12:29:18Z,0.0,pt,O whatsapp não te joga numa bolha de nazistas vc q procura,Neutro
MjbZuUJbNOs,Ugyz2BvpGbutgODmEFN4AaABAg,@OpçãoCelulares,UCzX4cNWdymqxZlwwvh6nQug,Que fofinho ele com uma capinha ❤❤,0.0,2025-12-02T20:06:36Z,2025-12-02T20:06:36Z,0.0,pt,Que fofinho ele com uma capinha ❤❤,Positivo
gnrx2QJCzFc,UgzqsldIA59k0_HuP-R4AaABAg,@Marcioadriano-z2m,UC5tRyCyhp13eX-I74mhSoVg,Um dia eu estava com fome mais eu lembrei que eu tinha q fazer dai eu nao comi e voltei a jogar kk,0.0,2026-01-01T00:56:40Z,2026-01-01T00:56:40Z,0.0,pt,Um dia eu estava com fome mais eu lembrei que eu tinha q fazer dai eu nao comi e voltei a jogar kk,Neutro
bmaPsOJ6JdE,UgxFBkAVIF2Z53hWktR4AaABAg,@victorgullo1902,UC1Vu8kZh7DiGVjnc0z6ZHkQ,"o católico nao adora santos, O católico venera os Santos e Adora somente Deus e Jesus. O católico pede a intercessão dos santos, oq os santos foi as pessoas q estiveram em vida ficou mais próximo de Cristo.",0.0,2025-11-14T18:50:12Z,2025-11-14T18:50:12Z,0.0,pt,"o católico nao adora santos, O católico venera os Santos e Adora somente Deus e Jesus. O católico pede a intercessão dos santos, oq os santos foi as pessoas q estiveram em vida ficou mais próximo de Cristo.",Neutro
hO9X4drwACQ,UgwSKJwe_2JnVlhGiPB4AaABAg,@rodrigomarindrum,UCeLtOYy7QAu9Keeyzp87Xfw,O cara se enche de maconha e fala merda e a culpa é dos outros que supostamente tinham um plano pra ferrar ele.,0.0,2025-11-10T01:23:24Z,2025-11-10T01:23:24Z,0.0,pt,O cara se enche de maconha e fala merda e a culpa é dos outros que supostamente tinham um plano pra ferrar ele.,Negativo
zuZRKkZPeF4,UgyPX-TElsdG4fAfA8J4AaABAg,@emersonalves8886,UC0-tbXJMqPcJQmoZoz0GiBw,"Kkkkkk so comédia esses vagabundos, hoje mesmo ja vi um monte de crianças pedindo dinheiro no sinal, para os vagabundos dos pais.
Mais os problemas sao os jogos não os pais em si.",0.0,2026-03-20T13:19:37Z,2026-03-20T13:19:37Z,0.0,pt,"Kkkkkk so comédia esses vagabundos, hoje mesmo ja vi um monte de crianças pedindo dinheiro no sinal, para os vagabundos dos pais. Mais os problemas sao os jogos não os pais em si.",Negativo
FEElcj_ljDM,UgyVGxnZk6DjT6c1i5N4AaABAg,@jcsrio15,UC11-v--EZuKCiho0GjbCVjQ,"Eu posso ser preso apenas por desconfiar que esses ""juízes"" estão julgando preocupados com o que eles próprios fazem quando ninguém está vendo? 🤔
É apenas uma pergunta...",17.0,2026-02-22T00:37:52Z,2026-02-22T00:37:52Z,1.0,pt,"Eu posso ser preso apenas por desconfiar que esses ""juízes"" estão julgando preocupados com o que eles próprios fazem quando ninguém está vendo? 🤔 É apenas uma pergunta...",Negativo
YyIXxlEjxsw,UgxJqvnDZoYaOatvgGp4AaABAg,@CidaFerreiraBraga,UCoiOylBzdhWQs7G15b_bpVg,Que cara chatoooooo,0.0,2025-10-24T21:55:36Z,2025-10-24T21:55:36Z,0.0,pt,Que cara chatoooooo,Negativo
XtS5Z9iOPKc,UgzViajzWOKGFqt9Syh4AaABAg,@patriciaaparecidaleitedoss4632,UCkg1D5ZWfkkVely8HCw6OZA,Seu poder de luta aumentou:nocaute um segundo depois,0.0,2025-11-02T03:44:15Z,2025-11-02T03:44:15Z,0.0,pt,Seu poder de luta aumentou:nocaute um segundo depois,Neutro
2o8hRHMimEY,UgyR4gPJU8mk8NfgJZ94AaABAg,@darcjoana87,UCJrbnZa9zB84Md01g9QEdCw,Concordo plenamente,0.0,2026-03-14T00:06:07Z,2026-03-14T00:06:07Z,0.0,pt,Concordo plenamente,Positivo
6rRr4OH8P_I,UgzowVf0BYBpKUJCsil4AaABAg,@Johnnydespapa,UC0AROmWWKjrEUmkF8mPrsdg,A dacota sendo o look mais bem trabalho de complexo de todos 🛐💎,0.0,2025-10-22T17:21:04Z,2025-10-22T17:21:04Z,0.0,pt,A dacota sendo o look mais bem trabalho de complexo de todos 🛐💎,Positivo
Rb6KXvzGBHg,Ugxe8jdkZpJZJPJ3u4R4AaABAg,@jessicavieira9164,UCgj_ye1cLUQA3ml-j1YtqDg,"1:10:05 eu aqui na mesma necessidade que a Wanessa, to até inspirada. Mas to aqui devorando um pacote inteiro de bolacha recheada 😢😢😢",2.0,2025-08-09T15:01:50Z,2025-08-09T15:01:50Z,0.0,pt,"1:10:05 eu aqui na mesma necessidade que a Wanessa, to até inspirada. Mas to aqui devorando um pacote inteiro de bolacha recheada 😢😢😢",Neutro
ZNFJLaau2-A,Ugx7UYt2--yYW7I0gft4AaABAg,@KuramaXJ6,UCs_-Rlk5Hi8-8zb-jsqhH6A,Hypei o video Adão Negro🙌🔥🔥,2.0,2026-03-19T19:13:32Z,2026-03-19T19:13:32Z,0.0,pt,Hypei o video Adão Negro🙌🔥🔥,Positivo
Mrv3Z0ZrN_U,Ugxj7oMJK9X3e2kw9u94AaABAg,@LarinhaRikugan,UColdlYZDi-sJ9fqa205VlAw,os fimose vai ficar doido kkkkkkkkkkkkkk,0.0,2026-03-18T14:01:17Z,2026-03-18T14:01:17Z,1.0,pt,os fimose vai ficar doido kkkkkkkkkkkkkk,Negativo
63RFfTacx_g,Ugw6fNSq-yKDSL6PFId4AaABAg,@v2al4,UC9qdHpkkXQwb1GUGWBDIkdQ,"O que é isso? Amor ao dinheiro em vez de amor ao próximo?

Não estou falando da pastora que está fazendo a obra, evangelizando e cumprindo o verdadeiro sentido da religião, que é ajudar os necessitados.

Se o Brunet, a Camila ou até a própria pastora resolverem cobrar pelo seu tempo, ninguém é obrigado a pagar ou a participar. Há muitas pessoas com condições financeiras que fazem isso. E, se ela converte parte desses ganhos em alimentos ou ajuda para quem precisa, estará realizando um trabalho que muitos cristãos deveriam fazer e não fazem.

Papel ou números em um sistema não têm valor em si mesmos. O que realmente tem valor é o que fazemos em vida: seja evangelizando, seja doando para quem precisa, ajudando com o que podemos. Isso, sim, tem valor diante de Deus.

Enquanto alguns cobram, outros trabalham gratuitamente. Sempre haverá conteúdo cristão pago e gratuito para consumir. Mas onde está o amor ao próximo? Onde está o ajudar uns aos outros? Onde está o perdão ensinado no Pai Nosso? Onde está o “tirar a trave do próprio olho antes de apontar o argueiro no olho do irmão”?

Onde estão os frutos do Espírito: amor, alegria, paz, longanimidade, benignidade, bondade, fidelidade, mansidão e domínio próprio?

Você tem mais de 340 mil “cristãos” te seguindo? Eu caí aqui por acaso e fiquei muito triste com o que vi. Jamais seguiria quem tem esse tipo de postura e opiniões. Felizmente ainda vejo algumas boas pessoas aqui nos comentários.

Creio que você precisa de mais oração em sua vida Wericles, não falo de outros orando por você mas você orando para talvez encontrar a Graça do Espírito em sua vida, se conectar mais com o Espírito Santo. Talvez pudesse separar parte dos lucros que obtém com o curso que está vendendo usando a imagem da pastora e doar para essa ação. Quem sabe assim receba um pouco da graça que ela carrega e que todo cristão deveria buscar ter.

O endurecimento do coração pode levar ao afastamento do Espírito Santo. O afastamento leva à apostasia; a apostasia leva ao pecado para a morte e à condenação eterna.

“Não me lances fora da tua presença e não retires de mim o teu Espírito Santo.” (Salmos 51:11)

Em seu lugar, eu buscaria arrependimento e meditaria nesse salmo. Você fala de dinheiro enquanto promove contendas entre irmãos e líderes religiosos, mas não está em situação melhor, pois também produz e faz publicação de conteúdo buscando monetização e vendas, só que no seu caso sem nenhuma intenção nobre de fazer doações a quem precisa...

Enfim, que Deus te abençoe e que ainda haja salvação para sua vida. Arrependa-se enquanto há tempo.",0.0,2026-01-25T03:54:18Z,2026-01-25T03:54:18Z,0.0,pt,"O que é isso? Amor ao dinheiro em vez de amor ao próximo? Não estou falando da pastora que está fazendo a obra, evangelizando e cumprindo o verdadeiro sentido da religião, que é ajudar os necessitados. Se o Brunet, a Camila ou até a própria pastora resolverem cobrar pelo seu tempo, ninguém é obrigado a pagar ou a participar. Há muitas pessoas com condições financeiras que fazem isso. E, se ela converte parte desses ganhos em alimentos ou ajuda para quem precisa, estará realizando um trabalho que muitos cristãos deveriam fazer e não fazem. Papel ou números em um sistema não têm valor em si mesmos. O que realmente tem valor é o que fazemos em vida: seja evangelizando, seja doando para quem precisa, ajudando com o que podemos. Isso, sim, tem valor diante de Deus. Enquanto alguns cobram, outros trabalham gratuitamente. Sempre haverá conteúdo cristão pago e gratuito para consumir. Mas onde está o amor ao próximo? Onde está o ajudar uns aos outros? Onde está o perdão ensinado no Pai Nosso? Onde está o “tirar a trave do próprio olho antes de apontar o argueiro no olho do irmão”? Onde estão os frutos do Espírito: amor, alegria, paz, longanimidade, benignidade, bondade, fidelidade, mansidão e domínio próprio? Você tem mais de 340 mil “cristãos” te seguindo? Eu caí aqui por acaso e fiquei muito triste com o que vi. Jamais seguiria quem tem esse tipo de postura e opiniões. Felizmente ainda vejo algumas boas pessoas aqui nos comentários. Creio que você precisa de mais oração em sua vida Wericles, não falo de outros orando por você mas você orando para talvez encontrar a Graça do Espírito em sua vida, se conectar mais com o Espírito Santo. Talvez pudesse separar parte dos lucros que obtém com o curso que está vendendo usando a imagem da pastora e doar para essa ação. Quem sabe assim receba um pouco da graça que ela carrega e que todo cristão deveria buscar ter. O endurecimento do coração pode levar ao afastamento do Espírito Santo. O afastamento leva à apostasia; a apostasia leva ao pecado para a morte e à condenação eterna. “Não me lances fora da tua presença e não retires de mim o teu Espírito Santo.” (Salmos 51:11) Em seu lugar, eu buscaria arrependimento e meditaria nesse salmo. Você fala de dinheiro enquanto promove contendas entre irmãos e líderes religiosos, mas não está em situação melhor, pois também produz e faz publicação de conteúdo buscando monetização e vendas, só que no seu caso sem nenhuma intenção nobre de fazer doações a quem precisa... Enfim, que Deus te abençoe e que ainda haja salvação para sua vida. Arrependa-se enquanto há tempo.",Neutro
LVExfEtteno,UgxSL-IBg_EEJ1U4HCp4AaABAg,@RafaeoThomaz,UCJnmcnHEwuRNEbcHlULcggA,"Crianças fascistas ... Mano que horror, parece a simulação de um futuro pre-apocalíptico",1.0,2026-01-19T18:46:36Z,2026-01-19T18:46:36Z,0.0,pt,"Crianças fascistas ... Mano que horror, parece a simulação de um futuro pre-apocalíptico",Negativo
UjpXOHCQamg,UgxnfycC9R_JRQGy_LJ4AaABAg,@LuisVitte-g7n,UC5G0Zy4hplB-YhQH7YvO17A,Não gente é brincadeira  na verdade tá certo pq tinha gente que o celular fica travando e não conseguia escreve pra responder a criança como eu não conseguia,0.0,2026-01-22T12:47:38Z,2026-01-22T12:47:38Z,0.0,pt,Não gente é brincadeira na verdade tá certo pq tinha gente que o celular fica travando e não conseguia escreve pra responder a criança como eu não conseguia,Neutro
ujZbcAyJeq4,UgzUygd0xwshbK7mmYd4AaABAg,@NeiCassol,UCkCl3S3hw5XUF2L5gbTy3pQ,"SE O DEMÔNIO/BANDIDO LULA CONTINUAR, AAH O BRASIL VAI CHORAR MUITO SANGUE, PQ A CENSURA SERÁ TÃO FORTE QUE SÓ COM UMA GUERRA CIVIL PARA SONHARMOS COM LIBERDADE.. 1984 É A META DESSES BANDIDOS QUE TOMARAM O PODER.. O NEPAL, O MÉXICO, AGORA CUBA ESTÁ MOSTRANDO COMO TER LIBERDADE.. ACORDEM, ESSE GOVERNO BANDIDO DE LULA É NOSSO INIMIGO E DEVE SER TRATADO COMO TAL..",0.0,2026-03-20T03:41:08Z,2026-03-20T03:41:08Z,0.0,pt,"SE O DEMÔNIO/BANDIDO LULA CONTINUAR, AAH O BRASIL VAI CHORAR MUITO SANGUE, PQ A CENSURA SERÁ TÃO FORTE QUE SÓ COM UMA GUERRA CIVIL PARA SONHARMOS COM LIBERDADE.. 1984 É A META DESSES BANDIDOS QUE TOMARAM O PODER.. O NEPAL, O MÉXICO, AGORA CUBA ESTÁ MOSTRANDO COMO TER LIBERDADE.. ACORDEM, ESSE GOVERNO BANDIDO DE LULA É NOSSO INIMIGO E DEVE SER TRATADO COMO TAL..",Negativo
ZLlr_fuUIGY,UgwmUTqBei8KjcahMgR4AaABAg,@JogadasInsanasCortes,UCsH7lgjPMPMFB7OOvs0O40w,a gente sabe que tá com problema na sociedade quando cara que faz palhaçada tem que parar o trampo dele pra falar serio.,2.0,2025-08-08T22:29:38Z,2025-08-08T22:30:10Z,0.0,pt,a gente sabe que tá com problema na sociedade quando cara que faz palhaçada tem que parar o trampo dele pra falar serio.,Neutro
AdTGdHcNuFI,Ugz-ib1ImCYIUV9f-yV4AaABAg,@Dominga-w6n,UC7FmZgOGsueYuQ9uXq413mw,Que lindo Lavínia de fez uma bela lembrança da Vick ela tá linda nós todos,0.0,2026-02-08T01:11:59Z,2026-02-08T01:11:59Z,0.0,pt,Que lindo Lavínia de fez uma bela lembrança da Vick ela tá linda nós todos,Positivo
yP3kfifOmYM,UgxWR_nFkxMLrvRy6Z54AaABAg,@Isa-k9r8i,UCvEoukNaHndcKBX-kiCaWMw,O dó das Crianças kkk vão ter que ir para o Roblox Mas calma que o Roblox também tem um jogo que é parecido com Free Fire que é um jogo onde tem armas que dá para você atirar na pessoa e blá blá blá chat de voz chat de conversar de escrever,3.0,2025-12-26T01:14:50Z,2025-12-26T01:14:50Z,7.0,pt,O dó das Crianças kkk vão ter que ir para o Roblox Mas calma que o Roblox também tem um jogo que é parecido com Free Fire que é um jogo onde tem armas que dá para você atirar na pessoa e blá blá blá chat de voz chat de conversar de escrever,Neutro
G9XWqLowu4o,UgyG8kjMr9mxrsjdvFZ4AaABAg,@zanicallai995,UCpjkmVSRx7qOoP8-uHV32xg,Ainda teve que ler o texto feito por quem? Advogado 😮,0.0,2025-12-03T23:54:46Z,2025-12-03T23:54:46Z,0.0,pt,Ainda teve que ler o texto feito por quem? Advogado 😮,Neutro
ywr_HyGR4LI,UgzQZDErMC4qiAUHzDt4AaABAg,@Cara_de_Cavalo,UCWUtku35PlWSIaiIV_06WbQ,Eng. Leo não vê o proprio pint# e quer ficar nessa pose de ver intenções ocultas por parte dos outros.,0.0,2025-08-18T16:06:12Z,2025-08-18T16:06:12Z,0.0,pt,Eng. Leo não vê o proprio pint# e quer ficar nessa pose de ver intenções ocultas por parte dos outros.,Negativo
a2LcRjFL7cI,UgyHItggNAktjm61y554AaABAg,@ROSELIGONÇALVES4298,UCBMXA2xK16aOwDEjDoNQVsw,"Certíssimo, Diogo ! 👏👏👏",0.0,2026-03-22T13:57:49Z,2026-03-22T13:57:49Z,0.0,pt,"Certíssimo, Diogo ! 👏👏👏",Positivo
Q2o_Z7ADJGc,UgxRz1DpUuQfxpLjAqF4AaABAg,@sla_sla-sla-sla_sla_sla,UCsN9jTiT0EazDNXndwHp_jw,Quando pessoas finalmente entendeu o brasil e uma bosta...,0.0,2026-03-25T21:51:39Z,2026-03-25T21:51:39Z,0.0,pt,Quando pessoas finalmente entendeu o brasil e uma bosta...,Negativo
s_jtlOu-_mI,UgxONGOJsGCLqA7mFeN4AaABAg,@Suelengamer,UCFGUOHjdPWvpnkjU3RZXqKw,Na hora que você mira no personagem fica marcada vermelho tampa para tirar😅😅😅,0.0,2026-01-02T15:20:48Z,2026-01-02T15:20:48Z,0.0,pt,Na hora que você mira no personagem fica marcada vermelho tampa para tirar😅😅😅,Neutro
YTjRH_VcyYQ,UgxbeL0P6q4VTk5k20x4AaABAg,@janicekerkhof6373,UC9TST36vCSr-NJn87a6HNqA,"Uma ideia boa, porém mal executada (o que esperar do Brasil).
Eu participo de grupos que ajudam em crimes cibernéticos, principalmente discord, então de fato essa ideia não seria ruim se bem executada, seria mais “fácil” achar os desgraçados que estão nessas plataformas, mas sinceramente essa lei não vai ajudar em nada, acredito eu, porque mesmo nós achando e denunciando os desgraçados, a “justiça” desse país não faz nada. Feijoada. 🎉",1.0,2026-03-21T16:20:21Z,2026-03-21T16:20:21Z,2.0,pt,"Uma ideia boa, porém mal executada (o que esperar do Brasil). Eu participo de grupos que ajudam em crimes cibernéticos, principalmente discord, então de fato essa ideia não seria ruim se bem executada, seria mais “fácil” achar os desgraçados que estão nessas plataformas, mas sinceramente essa lei não vai ajudar em nada, acredito eu, porque mesmo nós achando e denunciando os desgraçados, a “justiça” desse país não faz nada. Feijoada. 🎉",Negativo
oCdk_BavByk,Ugxv9Vb8Qx-DjLRadN54AaABAg,@pedronakmuay,UC5AU0Ulefl2loB8IZTxW-6g,"Big bost, deixa lá na jaula e acabou",0.0,2025-12-09T00:45:07Z,2025-12-09T00:45:07Z,0.0,pt,"Big bost, deixa lá na jaula e acabou",Negativo
Dl_2IUGXXbw,Ugw0HbT86P1p2x1UkXl4AaABAg,@anibals.f6195,UCXequRuuVU265w8vlBnzCow,Não falha um,0.0,2025-11-30T13:14:38Z,2025-11-30T13:14:38Z,0.0,pt,Não falha um,Neutro
DILUbk2BwDE,UgyC4TlpG-fjR67GrlZ4AaABAg,@realydadalterna,UCn6UHE_59WJvNvHEaqODPZw,REGULAMENTAÇÃO DAS REDES É NECESSÁRIO NO BRASIL!,0.0,2025-08-25T19:51:41Z,2025-08-25T19:51:41Z,0.0,pt,REGULAMENTAÇÃO DAS REDES É NECESSÁRIO NO BRASIL!,Neutro
2M-G5UZ30Oo,UgwN-TKcnLu-UfV7JTt4AaABAg,@SandraLemesGomes9452,UC_vjzouG6NaPp_W5j_t0KsQ,Quanta falta vocês fazem! 👏🏻💕,1.0,2025-08-27T13:14:53Z,2025-08-27T13:14:53Z,0.0,pt,Quanta falta vocês fazem! 👏🏻💕,Positivo
NytyGV6PKVo,Ugyb_ISvh_7ShjKumcJ4AaABAg,@brunomiguel3247,UCRpnL0AHRF_4VhFDjJi_d1Q,"é o seguinte o povo está indo pra Santa Catarina , agindo de forma de libertinagem e depois querem reclamar que tomam intervenção",0.0,2025-09-26T00:47:48Z,2025-09-26T00:47:48Z,0.0,pt,"é o seguinte o povo está indo pra Santa Catarina , agindo de forma de libertinagem e depois querem reclamar que tomam intervenção",Neutro
MvMZtknyhIQ,UgyLaN0fh3a5mJOBBGh4AaABAg,@KDB.enry.p,UChh5G_BR_FHWuMQ7AfFZcoA,"Ne querendo reclamar não,  mas bem q o Mauricio podia dar um zoom ne",1.0,2025-08-07T13:46:48Z,2025-08-07T13:46:48Z,0.0,pt,"Ne querendo reclamar não, mas bem q o Mauricio podia dar um zoom ne",Neutro
CivNK456qCg,UgwVE1Ar3sAGwng4QCx4AaABAg,@CassiaDornelles-vu4ok,UCOpaIhIuN2vK8Cc1-dDCF5Q,Ele. Só. Tiro. Por. Que.  Tavam. Namorando,0.0,2026-02-09T00:17:35Z,2026-02-09T00:17:35Z,0.0,pt,Ele. Só. Tiro. Por. Que. Tavam. Namorando,Neutro
rV5CBbtIjJI,Ugy-EKY4Ii7qh19oP0t4AaABAg,@Hannibal_lecter11,UCPdss_wfiQbl5jhYa1pGGdQ,o cara vomito e fala que não é tão ruim assim simplesmente felca 😂😂😂😂,0.0,2025-08-21T01:08:36Z,2025-08-21T01:08:36Z,0.0,pt,o cara vomito e fala que não é tão ruim assim simplesmente felca 😂😂😂😂,Neutro
4UjhQitt0ak,UgzvZmZ2-P8WJ5KK3FR4AaABAg,@NataliaAlmeida-y2i,UCHEcXXO582fNQsgghMt0RWw,felca filho da mãe odeio o felca,0.0,2026-02-03T03:29:35Z,2026-02-03T03:30:51Z,0.0,pt,felca filho da mãe odeio o felca,Negativo
0_WdMrj2YCY,Ugzs-9idqjUFkDAPlDl4AaABAg,@alcbar,UCC20BehRXelMZ0TDC3REQYQ,É evidente que não é normal nem natural uma criança se expressar da maneira que essa menininha fez. Acho uma tremenda falta de bom senso da parte da organização e dos pais fazerem isso. Com certeza essa criança está tendo sua infância podada.,5.0,2025-08-11T22:57:23Z,2025-08-11T22:57:23Z,0.0,pt,É evidente que não é normal nem natural uma criança se expressar da maneira que essa menininha fez. Acho uma tremenda falta de bom senso da parte da organização e dos pais fazerem isso. Com certeza essa criança está tendo sua infância podada.,Neutro
l7FU341xKx4,Ugx-aDmYiO51dsJepjx4AaABAg,@higorbonfim5873,UC24ecSzMlgWTQ4jef5PKrnA,"Que apodreça na cadeia 🙌🏽 
Lixoooooo 🤢🤮",0.0,2025-12-24T15:02:16Z,2025-12-24T15:02:16Z,0.0,pt,Que apodreça na cadeia 🙌🏽 Lixoooooo 🤢🤮,Negativo
CixYH5RWtfs,Ugz8KKvRbofKIBpigUl4AaABAg,@Kay_Bellini,UCo48kaIxIs8RS9dlIDI006w,"Pra mim ele está queimado, durou muito pouco a admiração.. fui",0.0,2025-10-25T12:21:14Z,2025-10-25T12:21:14Z,0.0,pt,"Pra mim ele está queimado, durou muito pouco a admiração.. fui",Negativo
U-yp3dbNE3s,Ugz2J8dRLQjKvCc5C2d4AaABAg,@Taylor52551,UC8gISaDq1UBipX0wzUh6LLQ,Nunca fui com a cara dessa xix4 ela sempre errada e os fãns passando pano bem feito 😂😂😂,1.0,2025-12-23T22:46:01Z,2025-12-23T22:46:01Z,0.0,pt,Nunca fui com a cara dessa xix4 ela sempre errada e os fãns passando pano bem feito 😂😂😂,Negativo
W4P2ICehFKs,UgwTBEiWoyvkqzrGjqB4AaABAg,@Gustavo_artesk,UCnnP-QnBXoXFNihN3fkUc-A,ismãe como eu vou me alimetar sem assistir seus videos ja faz 7 dias alguém solta ela do cativeiro,4.0,2026-01-06T21:49:12Z,2026-01-06T21:49:23Z,0.0,pt,ismãe como eu vou me alimetar sem assistir seus videos ja faz 7 dias alguém solta ela do cativeiro,Neutro
QeOLKw8YEFE,UgxbANXsFsb8VziYfGN4AaABAg,@IolandaFuchnerdybas,UC1XVIAP4Odz4Z9bLfYqL3iw,Po chama o c00lkid,1.0,2026-03-19T16:51:26Z,2026-03-19T16:51:26Z,0.0,pt,Po chama o c00lkid,Neutro
JuQieDE0jR4,Ugwf6MkoqWqZkTxONiZ4AaABAg,@AliceMatilda2705,UCdZE5_vZLZjE5hZVl_U4qjA,"Vi um filme que, não lembro se era filhas ou filhos, mas que eles resolvem matar a mãe pq ela era alcoólatra e sempre levava homens para casa",0.0,2025-10-10T14:32:55Z,2025-10-10T14:32:55Z,0.0,pt,"Vi um filme que, não lembro se era filhas ou filhos, mas que eles resolvem matar a mãe pq ela era alcoólatra e sempre levava homens para casa",Neutro
7kAOy3E9CWw,UgxWWaw_1AVdKoSiIb94AaABAg,@bapomarcao,UCPQdFyciZ5pJz_ihy6BWBHw,"Por quê dar visibilidade a essa idiota? Esse tipo de gente tem quer esquecida, aí  desaparecem de uma vez por todas... É  param de encher o saco.",0.0,2025-10-13T11:11:53Z,2025-10-13T11:11:53Z,0.0,pt,"Por quê dar visibilidade a essa idiota? Esse tipo de gente tem quer esquecida, aí desaparecem de uma vez por todas... É param de encher o saco.",Negativo
mqrZlP_CL8Y,UgxbeprWc8tnkyyA-Td4AaABAg,@FracineteRodriguesSilva-s3c,UCzTLR9EDQ-5gahaT6LqrbrA,"Está muito lindo mesmo! Esperamos que como tem muita personalidade, não deixe a fama subir a sua cabeça. Principalmente na Globo. Sucesso sempre. 🙌🏾🙌🏾❤",2.0,2025-10-20T22:24:21Z,2025-10-20T22:24:21Z,0.0,pt,"Está muito lindo mesmo! Esperamos que como tem muita personalidade, não deixe a fama subir a sua cabeça. Principalmente na Globo. Sucesso sempre. 🙌🏾🙌🏾❤",Positivo
0B8Z1KLRVjY,UgwQ5WZY29XuXHcoUo94AaABAg,@AronTecnico,UCMHopb1TTMwSDHHfs7Dm-ow,o marrom amigo do léo stronda no vídeo 11:22,0.0,2025-10-06T00:49:09Z,2025-10-06T00:49:09Z,0.0,pt,o marrom amigo do léo stronda no vídeo 11:22,Neutro
CImZ-tYr3nw,Ugz9j3Ru5eVDlzQt5ZF4AaABAg,@deniellacaio5930,UCbDP_RvfoZZ-9h8NCmRYMOg,Te amo Felcaaaaaaaaaa,0.0,2026-03-11T13:39:04Z,2026-03-11T13:39:04Z,0.0,pt,Te amo Felcaaaaaaaaaa,Positivo
IMeq1_wPius,UgxOx1bqxXLq_50Su1J4AaABAg,@eberribeirodeamorim1731,UCIyibCttuH1QW8FfkKrD9Sw,"Agora e tarde o seu CD já foi para o lixo para se juntar ao Paralamas, titãs,capital inicial, ira lacradores .",0.0,2025-10-09T12:27:18Z,2025-10-09T12:27:18Z,0.0,pt,"Agora e tarde o seu CD já foi para o lixo para se juntar ao Paralamas, titãs,capital inicial, ira lacradores .",Negativo
-51adwKMOrU,UgwjB9jL1RgvOBupAC14AaABAg,@davibarbosathamires587,UCdLKZH5NTUqLaWRrxTUESRw,Olha que situação por isso que não gosto de confusão,0.0,2025-09-30T14:24:07Z,2025-09-30T14:24:07Z,0.0,pt,Olha que situação por isso que não gosto de confusão,Neutro
0d8KT4qC7Fo,UgzdXJIqdHQs-MTIsS54AaABAg,@nemoex29,UCbLu4PuOxdCeA_b7fPqDIWg,Como isso pode ajudar o Pais em alguma coisa? Tudo feito sem estudo e produzidos por incompetentes ou iMbecis!,0.0,2026-03-17T14:03:59Z,2026-03-17T14:03:59Z,0.0,pt,Como isso pode ajudar o Pais em alguma coisa? Tudo feito sem estudo e produzidos por incompetentes ou iMbecis!,Negativo
Ww-co0rA2bE,UgyDtuaoHV6PWHY2cu14AaABAg,@millymilly1960,UCPg5uexeSu_8Twhf7l2hwxg,Muito me admira a Margareth debochar da aparência de alguém! Será que ela não tem espelho em casa? Será que ela se esqueceu de quem é o atual genro dela?😂😂😂😂😂,6.0,2025-12-09T00:27:32Z,2025-12-09T00:27:32Z,0.0,pt,Muito me admira a Margareth debochar da aparência de alguém! Será que ela não tem espelho em casa? Será que ela se esqueceu de quem é o atual genro dela?😂😂😂😂😂,Negativo
hlrdpUHII70,UgzT-Stdizc82rOZrsx4AaABAg,@murilovieira1547,UC48iDlF0TbJrFQmDSP8dvTg,"Galera, compartilhem. Todos GAMERS do BRASIL vamos tirar todos esses velhos da política, tirar todos partidos do poder que deixam nossos GAMES, COMPUTADORES, VIDEOGAMES caros e quase impossivel de comrpar, a cada dia esses desgracados tiram nossa diversão, vamos todos nos unir contra o PT e outros politicos, cobrem dos seus INFLUENCERS para criar uma campanha !!!",1.0,2026-03-22T13:39:22Z,2026-03-22T13:39:22Z,0.0,pt,"Galera, compartilhem. Todos GAMERS do BRASIL vamos tirar todos esses velhos da política, tirar todos partidos do poder que deixam nossos GAMES, COMPUTADORES, VIDEOGAMES caros e quase impossivel de comrpar, a cada dia esses desgracados tiram nossa diversão, vamos todos nos unir contra o PT e outros politicos, cobrem dos seus INFLUENCERS para criar uma campanha !!!",Negativo
lp3aYnHrdeI,UgxvcR1kfAB81Yenfq14AaABAg,@cheesecake_do_HANNIE-2.0,UCzAXpnZBBmfhaSB45rB_Q1g,A menina lá atrás repensando a vida toda dela ;--;,3.0,2025-12-17T23:40:18Z,2025-12-17T23:40:18Z,0.0,pt,A menina lá atrás repensando a vida toda dela ;--;,Neutro
oN1wHpqvgsY,UgwVNcavsgGoG4Wp7fJ4AaABAg,@wesleysilva2101,UCTMewK5F_wAz36rl1s8evng,"mostrou a mosca e escondeu o boi esse felca, estar de mãos dadas com a esquerda",0.0,2025-10-22T00:34:25Z,2025-10-22T00:34:25Z,0.0,pt,"mostrou a mosca e escondeu o boi esse felca, estar de mãos dadas com a esquerda",Negativo
wysNAyRwlAA,Ugw79HHNqOBSmjVWTKR4AaABAg,@AnaluizaGomesPedrozaLuiz-v8y8k,UC30fU_SD-5MU6-vQhSqQ6Kg,Sou LGBTQI+ mais não estou com ele,4.0,2025-12-08T15:36:03Z,2025-12-08T15:36:03Z,0.0,pt,Sou LGBTQI+ mais não estou com ele,Neutro
dwaIiYtDK4A,UgxpO_llLHmKFs3xHj14AaABAg,@OPaiTaONGameplay,UCuajG28fRRN6U2MDdtoy4QQ,Palhaçada.... bet no campeonato brasileiro pode né??,4.0,2026-02-15T18:36:19Z,2026-02-15T18:36:19Z,2.0,pt,Palhaçada.... bet no campeonato brasileiro pode né??,Negativo
9VuWDzId6VQ,UgyFPkh83SsjIk3PVwZ4AaABAg,@emporiodobolo,UCK9p44pEbBpS7OT1yQ70HOw,JUSTIÇA PELO CHAT Aaaaaaaa😠😡🤬😡😡,1.0,2026-02-09T03:26:14Z,2026-02-09T03:26:14Z,0.0,pt,JUSTIÇA PELO CHAT Aaaaaaaa😠😡🤬😡😡,Negativo
X7y8bOLmDhc,Ugz1eFoppbsBbZ5myC94AaABAg,@PessoinhaAleatoria,UCrLE96mNcEyPLHGstWdblGQ,Da para ver que a coisa é tensa quando o Wagner posta vídeo antes do assunto esfriar,0.0,2026-03-22T16:28:57Z,2026-03-22T16:29:13Z,0.0,pt,Da para ver que a coisa é tensa quando o Wagner posta vídeo antes do assunto esfriar,Neutro
ZZ5EftrTn3E,Ugy3ZatuugQ0aFWr61B4AaABAg,@Heltito-550,UCPGMiyCZOiJwMdKuI-IWl4Q,"O pior é que os guri já tão burlando a verificação de idade, teve um que usou um boneco do Woody de toy store kkkkkkkkkkkkkkkkkk",0.0,2026-01-16T19:41:21Z,2026-01-16T19:41:21Z,0.0,pt,"O pior é que os guri já tão burlando a verificação de idade, teve um que usou um boneco do Woody de toy store kkkkkkkkkkkkkkkkkk",Neutro
p6zlxOp-YLc,Ugz8N9xZz6-07dQ6F5J4AaABAg,@renatamartins5076,UCMspNCFVcEQs9rswgVRnAHg,"Te conheci pela minha filha, agora ela tem 12 anos, mas já faz uns anos que ela me mostra alguns vídeos seu. Mas só depois do documentário sobre adultizacao, que eu não sou super contra, que comecei a te seguir e conhecer melhor sobre você. Hoje te admiro muito e compartilho seus vídeos para que mais pessoas possam ter esperança na vida ❤❤❤ eu também sofro desde criança com depressão... Te entendo perfeitamente",0.0,2025-09-30T14:49:39Z,2025-09-30T14:49:39Z,0.0,pt,"Te conheci pela minha filha, agora ela tem 12 anos, mas já faz uns anos que ela me mostra alguns vídeos seu. Mas só depois do documentário sobre adultizacao, que eu não sou super contra, que comecei a te seguir e conhecer melhor sobre você. Hoje te admiro muito e compartilho seus vídeos para que mais pessoas possam ter esperança na vida ❤❤❤ eu também sofro desde criança com depressão... Te entendo perfeitamente",Positivo
pFlLNvfjyug,Ugy7YF3uzgeOtZwIRCd4AaABAg,@diegosza,UCFjOesyUc2gfi1XIhKZntFg,O Impera parece que nunca quer se comprometer com nada. Ele quer apenas emitir opiniões esteticamente legais. Muito millenial da parte dele.,6.0,2026-03-18T02:29:24Z,2026-03-18T02:29:43Z,7.0,pt,O Impera parece que nunca quer se comprometer com nada. Ele quer apenas emitir opiniões esteticamente legais. Muito millenial da parte dele.,Neutro
iYqe5hpLYGs,Ugx6aNptxwIa208hPPh4AaABAg,@ItsGustavv0019,UCPyzMw5oYHMFoq3BGACoyPQ,Felca devolve nosso chat,2.0,2026-02-07T23:00:48Z,2026-02-07T23:00:48Z,5.0,pt,Felca devolve nosso chat,Neutro
rrcwIePVs40,UgwAR85ilfkV8JwnlTZ4AaABAg,@CanalTerapiacomDeus,UCjE2dnEL3UEApub2qlzX7vg,"Uéeee G1, mas não se trata de uma doença?????????????? FELCA foi uns Juiz levantado por Deus!",0.0,2025-08-20T14:18:46Z,2025-08-20T14:18:46Z,0.0,pt,"Uéeee G1, mas não se trata de uma doença?????????????? FELCA foi uns Juiz levantado por Deus!",Neutro
iB3mTo1S0rg,UgxNcrm2zf-uJGJIrDF4AaABAg,@Anti-Raigbait,UC4uXujPP3eZzg_ekXw91kiQ,"KKKKKKKK NAO E ASSIM NAO, O ROBLOX NAO VAI ACABAR RELAXA ACALMA O CORAÇÃO, Eles tiraram o chat? Sim isso foi bom? Mais ou menos as crianças web namorando não vão mais se falar mas meus e os seus amigos de quem está lendo não vamos mais conseguir falar😢, enfim o Roblox está tentando proteger as crianças.",0.0,2026-01-14T16:01:07Z,2026-01-14T16:01:07Z,0.0,pt,"KKKKKKKK NAO E ASSIM NAO, O ROBLOX NAO VAI ACABAR RELAXA ACALMA O CORAÇÃO, Eles tiraram o chat? Sim isso foi bom? Mais ou menos as crianças web namorando não vão mais se falar mas meus e os seus amigos de quem está lendo não vamos mais conseguir falar😢, enfim o Roblox está tentando proteger as crianças.",Positivo
cLqsH8CBE8I,UgzUIGUobesVHUqP19J4AaABAg,@And2And2,UCy4U0Dn9tzj7XWA4kOBcXew,"Esse estático da Gretchen de minúsculas causas, a foto original é dela apresentando o marido da época. Era o velejador Túlio Sotto Mayor",10.0,2025-12-20T02:36:38Z,2025-12-20T02:36:38Z,0.0,pt,"Esse estático da Gretchen de minúsculas causas, a foto original é dela apresentando o marido da época. Era o velejador Túlio Sotto Mayor",Neutro
cpQ_sLEHyAk,UgzcxLeOYoA2pTYgSdt4AaABAg,@danielcamara8647,UC1P2bu__Hl2Nz_N2kk86r_Q,"Todas essas ""crianças"" são uns marmanjo de 30 anos achando que são muito ""engrassadu"" pq escreveu errado no joguinho dele de assediar criança",0.0,2026-01-19T22:01:28Z,2026-01-19T22:01:28Z,0.0,pt,"Todas essas ""crianças"" são uns marmanjo de 30 anos achando que são muito ""engrassadu"" pq escreveu errado no joguinho dele de assediar criança",Negativo
UaEk4ABT55I,UgztwnF18_-EoLzsWlZ4AaABAg,@Lukaogames777,UCNpfcMuTfSH0R9cnwmvRgKA,Eu ja fiz minhas denuncias com prazer! 😊,0.0,2026-03-19T13:31:30Z,2026-03-19T13:31:30Z,0.0,pt,Eu ja fiz minhas denuncias com prazer! 😊,Neutro
m1MAOpaS-TQ,Ugzv5P_XOJDxvBYVrs94AaABAg,@EdnaldoPereira-cu7iwk,UCUtvTNgyY7xGHSIz3CmhW9g,O meu não foi ainda,1.0,2026-03-02T01:13:53Z,2026-03-02T01:13:53Z,0.0,pt,O meu não foi ainda,Neutro
ESNbYOO-gnE,Ugzmk2GA7mBDUrEJVTl4AaABAg,@ZephyrAlphaOne,UC_eQVSUdxcsWffcq3iy1xTg,Todo mundo é uma prostituta. Só não sabemos o seu preço.,0.0,2025-10-30T13:51:45Z,2025-10-30T13:51:45Z,0.0,pt,Todo mundo é uma prostituta. Só não sabemos o seu preço.,Negativo
XALsFn5iYdY,UgwHE5e3L420CMk2snF4AaABAg,@Maluzinhablox_ofc,UC-5QOVwNFej_hBDjBOPWVIA,Tão tentando  tá nos separando das amizades👺,1.0,2026-03-17T14:22:09Z,2026-03-17T14:22:09Z,0.0,pt,Tão tentando tá nos separando das amizades👺,Neutro
6v_sXgu8geE,UgzZh0AipLXxR3t7I014AaABAg,@Cecí-iroha,UCn_uWmjw4tuTjD_HmxelC-g,Vc viu da pietra Quintela ficou linda,1.0,2025-10-22T20:48:57Z,2025-10-22T20:48:57Z,0.0,pt,Vc viu da pietra Quintela ficou linda,Positivo
p0VBAGovUtc,Ugwpd48pdie8CRAGpMJ4AaABAg,@Gato_salada,UCCKKR62xMZooNwQ0SRW_nIA,"Eu te amo felca, te amo felca com todas as minhas forças, mas deveria aumentar a idade minima pra 80 anos e colocar requisitos necessários para jogar (ser aposentado e pai de 3 filhos(a)) seria muito bom",1.0,2026-03-15T22:35:52Z,2026-03-15T22:35:52Z,3.0,pt,"Eu te amo felca, te amo felca com todas as minhas forças, mas deveria aumentar a idade minima pra 80 anos e colocar requisitos necessários para jogar (ser aposentado e pai de 3 filhos(a)) seria muito bom",Positivo
_wAA49mOOHc,UgwpnUwJb1s3cLN5R0B4AaABAg,@analuciabatista4745,UConsqyGvSkgB-4FtOiZIvcg,"Obrigado   era assim que estava mim sentindo. Np fundo do posso   fui omilhada pelo meu filho  minha nora    
Por sengundo eles eu não  sei amar  não  fui uma boa mãe   e estou repetindo com  vó   essas fpi as palavras que eu ouvir do meufilho    em  um dos audios que ele mim mando         fora outros   
 Fiqiei muito mal    o senhor  que eo nosso  Deus  que mim consolou mim levantou",0.0,2025-08-15T18:20:50Z,2025-08-15T18:20:50Z,0.0,pt,Obrigado era assim que estava mim sentindo. Np fundo do posso fui omilhada pelo meu filho minha nora Por sengundo eles eu não sei amar não fui uma boa mãe e estou repetindo com vó essas fpi as palavras que eu ouvir do meufilho em um dos audios que ele mim mando fora outros Fiqiei muito mal o senhor que eo nosso Deus que mim consolou mim levantou,Neutro
AH2JImEb44c,Ugy1TUna5RrrWpEwpXB4AaABAg,@jeanzinn16,UCkzE5_YOa4EA7WZQwLZLmCA,Kim você ganhou o achievment - The king of obstruction 😂,427.0,2025-12-18T18:13:04Z,2025-12-18T18:13:04Z,1.0,pt,Kim você ganhou o achievment - The king of obstruction 😂,Neutro
D8BeGV_pmdE,UgzWF0KSo9k3yDKjE0B4AaABAg,@PbPiloto46,UCNreZFMVDk3pu7YA7YE2KPw,Falto o ovo😂😂lá ele,0.0,2025-12-02T17:00:06Z,2025-12-02T17:00:06Z,0.0,pt,Falto o ovo😂😂lá ele,Neutro
CbAkMzYs6dc,UgxCzAOxAgD2IbDFCnJ4AaABAg,@BluududeDosDentao,UCRl3M1wOBJ7Nxni6nGAkqeg,fake é só focar pra a de verde,0.0,2026-01-24T00:42:07Z,2026-01-24T00:42:07Z,0.0,pt,fake é só focar pra a de verde,Neutro
_B4HcThi6jA,UgxiiKcIq3DgZtKtFuN4AaABAg,@GalactyKrex,UCp4LfOIENTo5pOGnOyi2jWQ,"de verdade, eu acho que essa cosia de verificação de idade usando IA, é só pra desenvolver a própria IA, ou vai dizer que é só para benefício do roblox e ponto?? No começo eu estava reclamando, até um dia depois da verificação, quase nada mudou. Eu conseguindo conversar com meus amigos de boa, e amigos mais velhos que eu considerava importantes, conhecidos da vida real ou que tinha confiança, normalmente eu tinha adicionado em outra plataforma.",0.0,2026-01-15T19:11:56Z,2026-01-15T19:11:56Z,0.0,pt,"de verdade, eu acho que essa cosia de verificação de idade usando IA, é só pra desenvolver a própria IA, ou vai dizer que é só para benefício do roblox e ponto?? No começo eu estava reclamando, até um dia depois da verificação, quase nada mudou. Eu conseguindo conversar com meus amigos de boa, e amigos mais velhos que eu considerava importantes, conhecidos da vida real ou que tinha confiança, normalmente eu tinha adicionado em outra plataforma.",Neutro
pmuisNOzGuU,UgxKsvbeAX1JVfnFm514AaABAg,@antoniocarloseduardoalves3064,UC0NUu8aRn01336svrOkSzYg,Se a leitão tá defendendo com certeza tem mutreta😂😂😂,0.0,2025-08-15T11:19:32Z,2025-08-15T11:19:32Z,0.0,pt,Se a leitão tá defendendo com certeza tem mutreta😂😂😂,Negativo
t4G2pwhWQ_Y,UgwEkDafQBhu_PeMu7Z4AaABAg,@thzin_gg,UCDPbrXGrKgdJ-bvyIPyzfxg,ele ainda escova os dentes com manteiga?,0.0,2026-01-21T07:25:42Z,2026-01-21T07:25:57Z,0.0,pt,ele ainda escova os dentes com manteiga?,Neutro
Re2Olv2Xw-Y,UgzdwdV_G_7sLKXSVzp4AaABAg,@puunpiki,UCSIs9QSjKArc2DIlAE5R7Mg,tarde,0.0,2025-08-25T19:29:49Z,2025-08-25T19:29:49Z,0.0,pt,tarde,Neutro
lmOXWXmr-oE,Ugx_Bnx02YSQoNC0N154AaABAg,@mitogeloh,UCDypC0D7vhOEV5VOmxfwZ8A,"4:04 o youtube remove meus video por musica, mas olha essas VHS",26.0,2025-12-02T15:07:01Z,2025-12-02T15:07:01Z,1.0,pt,"4:04 o youtube remove meus video por musica, mas olha essas VHS",Neutro
iuI0zwW-Ea0,UgxYGQhxGCMSBxZ7B5h4AaABAg,@VictorStopSD,UC4n79X0FPoJL_v2vI8npFqw,7:01 que porra é essa kkkkkkkkk,81.0,2025-11-30T20:33:34Z,2025-11-30T20:33:34Z,0.0,pt,7:01 que porra é essa kkkkkkkkk,Neutro
CAeAxy_As40,UgzjbRyZ0NJIfbpmOhd4AaABAg,@brunobateraPMMG_Mods,UC7PDX-cWIEozAqm0x1qwWHA,"Todo controle vem mascarado de proteção 🪬.
Governo deste mundo é satânico.",0.0,2026-03-18T15:27:46Z,2026-03-18T15:27:46Z,0.0,pt,Todo controle vem mascarado de proteção 🪬. Governo deste mundo é satânico.,Negativo
GAfRmmGEvgc,Ugz2Gt5sJ34cddHa_w94AaABAg,@joseneideoliveira1504,UCSoBxH46dbC-xv70LuuusSQ,Tamo junto play guima,0.0,2026-01-29T17:36:29Z,2026-01-29T17:36:29Z,0.0,pt,Tamo junto play guima,Positivo
yGR28TaAfZE,UgzEgsfzajYlG3-8fV14AaABAg,@SamuelBrito-g4q,UC5kWn3une7egHjd0hA7YLQw,Céu que é verdade que eu você vai maniu robbox,1.0,2026-03-04T17:38:38Z,2026-03-04T17:38:38Z,0.0,pt,Céu que é verdade que eu você vai maniu robbox,Neutro
BVpdzmMuwSY,Ugy59inMxEzP7IG4xbh4AaABAg,@kelylima1889,UCY-u4I4jkIJp5OAIvY_Pehw,"É porque precisa ter coragem pra peitar o sistema, tem que ter coragem pra falar a verdade ou pelo menos o que pensa de verdade mesmo que as vezes seja escroto o que você pensa, só não precisa ter coragem pra fumar maconha só precisa ser burro mesmo.",0.0,2026-03-19T02:57:06Z,2026-03-19T02:57:06Z,0.0,pt,"É porque precisa ter coragem pra peitar o sistema, tem que ter coragem pra falar a verdade ou pelo menos o que pensa de verdade mesmo que as vezes seja escroto o que você pensa, só não precisa ter coragem pra fumar maconha só precisa ser burro mesmo.",Negativo
Nr6x-XXgf_g,UgyoKfLiNmrX-wpp-tN4AaABAg,@Giovanna-h4o,UChpUIkaXWukK7JDpU4_vV9w,"Maxe Runner, correr ou morrer( acho que é assim que escreve) melhor filme do universo inteiro",0.0,2026-01-01T00:41:33Z,2026-01-01T00:41:33Z,0.0,pt,"Maxe Runner, correr ou morrer( acho que é assim que escreve) melhor filme do universo inteiro",Neutro
Kkrihnde1ug,UgxHWehKywD8QzN-zkR4AaABAg,@JesusTheKingK,UCSGHZB7JqyRiHNEJmffUU-A,o cara acabou com tudo e acha que ta certo KKKKKKK foda viu,0.0,2026-03-22T23:14:29Z,2026-03-22T23:14:29Z,0.0,pt,o cara acabou com tudo e acha que ta certo KKKKKKK foda viu,Negativo
FEElcj_ljDM,Ugy1ZC32hqzRNIqd8-N4AaABAg,@marcelocampista8346,UC9BvBL72dfmeUtdwHyGbR3A,É uma desgraça mesmo essa justiça brasileira.,0.0,2026-02-22T11:48:02Z,2026-02-22T11:48:02Z,0.0,pt,É uma desgraça mesmo essa justiça brasileira.,Negativo
5bDEMrWn0Us,UgxYvSqtfprbqsY-XTh4AaABAg,@mndssilva_,UCw_V41zMFx3_BRssyPEDCEQ,Que a North ache um “norte”quando crescer,276.0,2026-02-27T22:47:19Z,2026-02-27T22:47:19Z,3.0,pt,Que a North ache um “norte”quando crescer,Neutro
giajdh2ToQ4,UgyOWiKdPJJag_eHuwl4AaABAg,@GMEDITSFX2,UCtlT9zNNlp6jEthg-4uIszw,Dia 2 do Renanplay sendo inocentado,0.0,2026-03-22T15:50:20Z,2026-03-22T15:50:20Z,0.0,pt,Dia 2 do Renanplay sendo inocentado,Neutro
PXYlldEfdc4,UgwP8PHRyK1sp7rchqJ4AaABAg,@Stroiton,UCfDddEZQVh05jcfprpD260A,Tantas coisas mais importantes rolando por ai e estão preocupados com VIDEOGAME,2.0,2026-03-21T17:01:47Z,2026-03-21T17:01:47Z,0.0,pt,Tantas coisas mais importantes rolando por ai e estão preocupados com VIDEOGAME,Negativo
lmOXWXmr-oE,UgwGErEn8Z2ZrQf1obJ4AaABAg,@Pedrofslwcapibara,UCzRlVDcbWKGex4GZkxlMsxQ,@SOICiSAI poderia continuar a sua série do show de humor né? aquela que começou a três anos e só teve um ep,0.0,2025-11-29T04:50:08Z,2025-11-29T04:50:08Z,0.0,pt,poderia continuar a sua série do show de humor né? aquela que começou a três anos e só teve um ep,Neutro
fKoSHn6XIOc,UgyRQQx8lw8adA3xwpp4AaABAg,@PIETRAGUIMARÃESDOSREIS,UCbQvnPO5NOsphBvZhPjDY7A,Devolve o meu chat 😢😢😢😊,0.0,2026-02-03T21:38:25Z,2026-02-03T21:38:25Z,0.0,pt,Devolve o meu chat 😢😢😢😊,Neutro
WRTKQeFUmPg,UgxIWKDz8nQJwnd3imB4AaABAg,@Lilia-ferreira,UCnn3cXxAXGFQO-r6f4XkooQ,Você ter banido o roblox,0.0,2025-12-26T15:00:40Z,2025-12-26T15:00:40Z,0.0,pt,Você ter banido o roblox,Neutro
mA3HKICB_Mo,UgyyBJ8vqmouJdXJmXt4AaABAg,@endrewsantossouza4008,UCFFp3_-OqAyRDaspJ-D9iDQ,Cara que nojo desse PT,1.0,2025-08-24T17:58:35Z,2025-08-24T17:58:35Z,0.0,pt,Cara que nojo desse PT,Negativo
VMeeF420fPQ,UgzvJPnUo17FYfIPg394AaABAg,@majufranca6499,UCCiaTUi2Qua54NW0QRQ8DKw,"Mds q noticia boa, que dia feliz",0.0,2026-02-24T20:19:04Z,2026-02-24T20:19:04Z,0.0,pt,"Mds q noticia boa, que dia feliz",Positivo
lp3aYnHrdeI,Ugw7axfd-saexgtwT654AaABAg,@gabrielaoliveira7791,UCmqEvd6ythwce8ovb9Ka0Nw,parece o tacthe,0.0,2025-12-19T13:46:56Z,2025-12-19T13:46:56Z,0.0,pt,parece o tacthe,Neutro
yvNNydemYQk,Ugy9UTOS_jX5zw3qT214AaABAg,@jorgerodrigues7694,UCsVEBZbloNMNydI5P0QxLsg,ata o cara não pode receber por trabalhar mas pode receber pra fazer propaganda de casa de aposta kkkk reaça é um bicho escroto mesmo,0.0,2025-10-31T20:21:24Z,2025-10-31T20:21:24Z,0.0,pt,ata o cara não pode receber por trabalhar mas pode receber pra fazer propaganda de casa de aposta kkkk reaça é um bicho escroto mesmo,Negativo
leHF_fZVDfo,UgwDn4G_oiZ9Apnfjad4AaABAg,@mikemagalhaes5479,UCn4RxZn1StOUY-hL9I3LUhw,"Biaquinha é a Virginia só que mais convicta da burrice.

OBS: Não acompanho o Felca",0.0,2025-12-18T16:21:10Z,2025-12-18T16:23:50Z,0.0,pt,Biaquinha é a Virginia só que mais convicta da burrice. OBS: Não acompanho o Felca,Negativo
naHLTm_l8TY,Ugzj555sV8vuHPWBwol4AaABAg,@eduardoedsonbernardodossan3399,UC3KX-GvSkah_nsot-4XEe5A,Felca você é um bicho de hoje chat do Roblox,0.0,2026-02-03T00:51:22Z,2026-02-03T00:51:22Z,0.0,pt,Felca você é um bicho de hoje chat do Roblox,Neutro
KT29sAhIej0,Ugzms90lhW3jqrNNe0p4AaABAg,@FernandoHenrique-h4c,UCqycAUwrOjo0nY-FPoQVrow,Fazer um talarico safado nojento sim ele tem tudo a ver,0.0,2026-01-23T00:17:43Z,2026-01-23T00:17:43Z,0.0,pt,Fazer um talarico safado nojento sim ele tem tudo a ver,Negativo
nDMKTF88gmo,Ugzrx5cC01m2MUY3cvJ4AaABAg,@Marydudaaa,UCo5PrAMlHl8FCC_PZB9n8uw,2:55 quero,1.0,2025-11-29T18:43:43Z,2025-11-29T18:43:43Z,0.0,pt,2:55 quero,Neutro
Blk6Vhs7ZCI,UgwBt_HsxJyQlllPqTJ4AaABAg,@VigilanteNoturno-ofc,UChRGey9atL2xM6kRqYceTaQ,Pior que agora o jogo do tigrão tá livre pra todas as idades e JOGO DE FADA e +18😢,0.0,2026-03-24T18:57:27Z,2026-03-24T18:57:27Z,0.0,pt,Pior que agora o jogo do tigrão tá livre pra todas as idades e JOGO DE FADA e +18😢,Neutro
Rb1TkdEunz8,Ugzo2s0k1urlDx9h69x4AaABAg,@Rabeloide_labels,UC1uES1kcxwCV9YSIcEjw00A,A MÃO VERDE AKAKKAKWKW MORRI,0.0,2026-01-18T18:49:32Z,2026-01-18T18:49:32Z,0.0,pt,A MÃO VERDE AKAKKAKWKW MORRI,Neutro
e-Jk42GXilE,UgzUkb7JRz_s2O5ZJ9F4AaABAg,@corvoreactbr,UCkmGBA7sjAolLJW0B7YIhhA,King Lau compra o próximo palhaço da dark web,0.0,2025-12-10T14:33:05Z,2025-12-10T14:33:05Z,0.0,pt,King Lau compra o próximo palhaço da dark web,Neutro
dC-Vq_JT2Xw,Ugw2w9gfBs-EUR0t7rF4AaABAg,@somelierdechupeta,UCFTAS-zRjc32adxz-qeQJ7w,"Eu só gastei dinheiro pra tirar o Yamal, O Leo Messi do pack de 2025, e o Peter Cech que eu precisava de dinheiro, agora eu só giro grátis e com as 100 moedas",0.0,2026-03-06T16:47:55Z,2026-03-06T16:47:55Z,1.0,pt,"Eu só gastei dinheiro pra tirar o Yamal, O Leo Messi do pack de 2025, e o Peter Cech que eu precisava de dinheiro, agora eu só giro grátis e com as 100 moedas",Neutro
-LVOO-rhNCs,UgyTf4srMVGz7dYZo014AaABAg,@Joaquim_cb,UCbJWVyOqMMN8NW5IC8p20Yw,Passou  até no sbt☠,0.0,2026-01-27T21:15:16Z,2026-01-27T21:15:16Z,0.0,pt,Passou até no sbt☠,Neutro
yGR28TaAfZE,UgxkyeSx69-GCK6eP4h4AaABAg,@CarolineGonçalves-e4d,UCHA8nHetu5CCr9mMW9arUfw,Felca vc vai lançar o minecraft dois? Pela a mor de deus😂 eu confio q vc vai ser o presidente do Brasil e o melhor q ja existiu 🎉😂😂😂,0.0,2026-03-14T21:55:44Z,2026-03-14T21:55:44Z,1.0,pt,Felca vc vai lançar o minecraft dois? Pela a mor de deus😂 eu confio q vc vai ser o presidente do Brasil e o melhor q ja existiu 🎉😂😂😂,Positivo
RnbPSYZQ7cU,Ugx1dzkloF01FyVBPq54AaABAg,@riquinho-q2o,UC6KA5kcqMrmyF0rpY1I5TjQ,felca está acabando com nossas vidas e de muitas outras crianssas  #Justissapelascrianssas,1.0,2026-03-26T01:20:07Z,2026-03-26T01:20:07Z,1.0,pt,felca está acabando com nossas vidas e de muitas outras crianssas #Justissapelascrianssas,Negativo
ObIYqiErtIo,UgytQqLHdhzjx5AVNV14AaABAg,@muleta123talvez,UCEkuGDMBmRsIWsb28sThN9w,A lei felca só fudeu o jovem fazendo ele ser refem de assistir videos no youtube. KKKKKKKKKKKKKK FAZ O L RAPAZIADA,58.0,2026-03-14T15:46:41Z,2026-03-14T15:46:41Z,15.0,pt,A lei felca só fudeu o jovem fazendo ele ser refem de assistir videos no youtube. KKKKKKKKKKKKKK FAZ O L RAPAZIADA,Negativo
1V6_0a5FaYw,Ugxut9GH0RomZF5_TaN4AaABAg,@BETOFLA013,UCU0q24jgS9fXLxB_S7x-6Xg,"Os grandes culpados são os próprios pais que querem vida mansa e ai coloca a responsabilidade nos filhos.  Agora eu nso lembro o nome da menina ,mas a própria mae incentiva a filha usar roupas de academia pra aparecer no Instagram.  Um absurdo!!!",0.0,2025-08-09T22:35:54Z,2025-08-09T22:35:54Z,0.0,pt,"Os grandes culpados são os próprios pais que querem vida mansa e ai coloca a responsabilidade nos filhos. Agora eu nso lembro o nome da menina ,mas a própria mae incentiva a filha usar roupas de academia pra aparecer no Instagram. Um absurdo!!!",Negativo
Sm_I8P8Mzm8,Ugxh-1Lbyw5Htv4IJUZ4AaABAg,@edaletemalaquias1526,UCvQgWAmYnMVi-Zrjgn9llXA,Vamos alguma coisa para fazer vaca pode cuidar da vida da gente ser assim só que se divertir cuida da nossa vida cara música contra o seu fica bloqueando o chat que que é isso,0.0,2026-03-01T14:02:45Z,2026-03-01T14:02:45Z,0.0,pt,Vamos alguma coisa para fazer vaca pode cuidar da vida da gente ser assim só que se divertir cuida da nossa vida cara música contra o seu fica bloqueando o chat que que é isso,Neutro
KN5afUd8Am8,UgxRxuRuEeuDE14JLDV4AaABAg,@clarah.almeida,UCgo00YYfOI5sEX-dYR2H2kg,Éee a esperança e a última q morre LITERALMENTE!.,0.0,2025-12-12T02:14:31Z,2025-12-12T02:14:47Z,0.0,pt,Éee a esperança e a última q morre LITERALMENTE!.,Neutro
DD3HM9fnpFg,UgxVADPLj1kuQEAQ1Ld4AaABAg,@Cleber_876,UCYtsfCcTueUszGcmGtFQ8GQ,Jhonny ganhou uma grana alta do papai do Xamu slc,0.0,2025-11-02T17:28:39Z,2025-11-02T17:28:39Z,0.0,pt,Jhonny ganhou uma grana alta do papai do Xamu slc,Neutro
KIH0rgTHxSo,UgzHTBt-EODjcos4kJB4AaABAg,@laurareisreis991,UCLxOG1T7ZgxE8MlPqi-rz_w,Vou tomar só de ver esse copo de água  me deu sede,0.0,2025-09-29T14:54:46Z,2025-09-29T14:54:46Z,0.0,pt,Vou tomar só de ver esse copo de água me deu sede,Neutro
9_GjVe3OfJU,UgwA2bgHAZMZF2ZRCxJ4AaABAg,@RebecaSilva-o6e,UCVB12gvrwbGtt48k389dgYw,Ainda bem que eu assistia scoobydoo,2.0,2025-11-26T15:09:04Z,2025-11-26T15:09:04Z,0.0,pt,Ainda bem que eu assistia scoobydoo,Neutro
__v0PByUaW0,UgzT0733gLBF6FwdiTR4AaABAg,@adeilsonSK,UCiHgDnxCfmJoKZ4nw-8DfOA,"eu desconfio que o felco perdeu a virgindade anal em uma aposta entre amigos... essa obsessão dele por apostas é um negócio fora do comum!!!
EDIT: a propaganda q apareceu foi da fatal model",0.0,2026-02-10T22:54:58Z,2026-02-10T23:16:08Z,0.0,pt,eu desconfio que o felco perdeu a virgindade anal em uma aposta entre amigos... essa obsessão dele por apostas é um negócio fora do comum!!! EDIT: a propaganda q apareceu foi da fatal model,Negativo
D3w0b0I8dUI,UgxBi5JGQgSy2fKwenJ4AaABAg,@BomDe_Gamesz,UCNQ3ClHOUuFRvmPdRNzyJsg,"""Tem muito pedo na internet? Tira as criança, que ai nao tem pedo.""

— Renanplay",2.0,2026-03-19T17:45:42Z,2026-03-19T17:45:42Z,0.0,pt,"""Tem muito pedo na internet? Tira as criança, que ai nao tem pedo."" — Renanplay",Neutro
Z96_tu8hBB8,UgxOGfo6tGJNAdejnZN4AaABAg,@kallebmiller5717,UCwgbzi-d_GIDNIjp1-HtUZg,Já derrubaram o rap do Alexandre de morais?,0.0,2025-08-12T14:44:52Z,2025-08-12T14:44:52Z,0.0,pt,Já derrubaram o rap do Alexandre de morais?,Neutro
vhwdlEHBzTA,UgwAjCILY8KXDmxm8TR4AaABAg,@nise.54,UCxOeQsfKjAuT2nY507OTa6g,Nossa o felca de terno ficou lindo❤,0.0,2025-08-27T18:41:57Z,2025-08-27T18:41:57Z,0.0,pt,Nossa o felca de terno ficou lindo❤,Positivo
txQ6-9o1_tc,Ugy22Ih-fOmXWV_R1UR4AaABAg,@LDZIN_2013,UCmg6TlKv8-xpnCB2e7e9twg,"Jogo o jogo , mas não concordo de culpar o felca e sim a comunidade.",0.0,2026-01-16T02:48:15Z,2026-01-16T02:48:15Z,0.0,pt,"Jogo o jogo , mas não concordo de culpar o felca e sim a comunidade.",Neutro
vXYC5nGihs0,Ugy5b6iIeIByvT9WW_J4AaABAg,@CeliaSantosPapaPapa,UCMasIQS0dLwRnBb2CK_StiA,BA não n a,1.0,2026-02-06T22:50:29Z,2026-02-06T22:50:29Z,0.0,pt,BA não n a,Neutro
nDMKTF88gmo,UgweIGYgaXBLbxLptdN4AaABAg,@lucianaruchel7397,UCv4rcopY6S3alKEsY02JqCg,N devolveeeee,0.0,2025-12-17T19:09:11Z,2025-12-17T19:09:11Z,0.0,pt,N devolveeeee,Neutro
VNZ77uDZklY,Ugw847wPDFzTLpilYMB4AaABAg,@wolflotbrook,UCyfkA65m6pmYdn60354N-OQ,40:00 tem um canal gringo o outdoor boys que ele parou com o canal por causa da atencão que tava trazendo a familia que estava virando um problema,1.0,2025-08-14T14:11:23Z,2025-08-14T14:11:31Z,0.0,pt,40:00 tem um canal gringo o outdoor boys que ele parou com o canal por causa da atencão que tava trazendo a familia que estava virando um problema,Neutro
rFKVXbacA8I,Ugw2j2V9E2plWZBJ4b94AaABAg,@user-oq4nz8yj6h,UC0lyI5KJxabxCSI9uJtBryA,duvido vc encosta num feica,0.0,2026-02-02T02:24:17Z,2026-02-02T02:24:17Z,0.0,pt,duvido vc encosta num feica,Neutro
utjwVu0Zjnc,UgznzN-WVB8GYdm9kAR4AaABAg,@HernestinoNetoRavi-q9u,UC0SZQWHaJ3em58HQuFlCMnA,Como a gente vai falar pelo jogo se ele bloqueia o chat o Celta é o chato,0.0,2026-02-03T01:10:38Z,2026-02-03T01:10:38Z,0.0,pt,Como a gente vai falar pelo jogo se ele bloqueia o chat o Celta é o chato,Negativo
-HxmC9NUpNc,UgzH-naGE_0lDzwU7wx4AaABAg,@FJX10,UCC5fKgkkbBLZYx0f9XuzqMA,Nunca imaginei ver um vídeo do Peter no canal do Fey kkkkkkkk,1.0,2026-03-16T22:47:37Z,2026-03-16T22:47:37Z,0.0,pt,Nunca imaginei ver um vídeo do Peter no canal do Fey kkkkkkkk,Neutro
0d8KT4qC7Fo,UgwTAifWSUe7SAE-8SF4AaABAg,@Jones-l6l,UC41Vet7eobJnMa1q4F7Fqdg,O steam deck é linux,0.0,2026-03-15T04:01:10Z,2026-03-15T04:01:10Z,0.0,pt,O steam deck é linux,Neutro
_B4HcThi6jA,Ugxbtwm3rQTjAO-Ke9B4AaABAg,@stopbanningmekid,UCnCPG2GfTeY5detgPSou2HQ,E engracado pra mim vendo as criancas todas 6 anos manda mensagem pro felca kkkkkk,1.0,2026-01-16T23:41:08Z,2026-01-16T23:41:08Z,0.0,pt,E engracado pra mim vendo as criancas todas 6 anos manda mensagem pro felca kkkkkk,Neutro
T4qpYqCw25I,Ugzaeumw34gEmT-0oo94AaABAg,@Ninguém-d8r,UC4BqqiA3ehODMHuHk8dUbEg,Faz notas da me um grrr,0.0,2025-11-16T19:44:40Z,2025-11-16T19:44:40Z,0.0,pt,Faz notas da me um grrr,Neutro
xCY4E3Tzo8Y,Ugwobo5uE0ggUb-DTiJ4AaABAg,@oyoydezz4248,UCQ_16OCLI_vpLmX9YuhpwLg,Ss,0.0,2026-01-13T21:02:21Z,2026-01-13T21:02:21Z,0.0,pt,Ss,Neutro
yTgOy8U4rYM,UgyQn9vw6iV-EZsghV54AaABAg,@jnytrix_,UCDjTwpXLq-RGico29sZsdLg,"Nasce o primeiro real influencer do Brasil, the 🐐",0.0,2025-08-09T17:41:45Z,2025-08-09T17:41:45Z,0.0,pt,"Nasce o primeiro real influencer do Brasil, the 🐐",Positivo
63lBbV42njg,UgzhA9k4J_0OwM6YlgF4AaABAg,@FamiliaRodrigues-b9p,UCw3qjHOK_wEih6WK1nfiCtw,O felca não tem o que fazer ele só e uma farsa,0.0,2026-01-23T17:11:20Z,2026-01-23T17:11:20Z,0.0,pt,O felca não tem o que fazer ele só e uma farsa,Negativo
TAHIkTnFfkA,UgxCfwZ5aL1q202U4-54AaABAg,@rubensdias16,UCsrtyMVWRxAnnQvshe-tnYA,Que linda essa mirela❤,2.0,2025-09-30T03:00:18Z,2025-09-30T03:00:18Z,0.0,pt,Que linda essa mirela❤,Positivo
9hLk_mt30AY,UgxXD0wyEyWYg2z-ZD54AaABAg,@chainhand18,UCFA2CKtcus-m65LU5kcoYxQ,"""bem morto"" foi bom demais kkkkkkkkk",15.0,2026-03-19T19:50:49Z,2026-03-19T19:50:49Z,0.0,pt,"""bem morto"" foi bom demais kkkkkkkkk",Neutro
sk96pfgDK68,UgyKb2HOQ4KlHkBtCx94AaABAg,@neusaspringermolliet2640,UCNAZIvcJtMLJWkRP58ehw6g,"Assista o Fonte Primária de ontem ,com Flávia Ferronato em voo solo.E veja  a vida real da campanha eleitoral de 26 .E as estratégias do PT.Nos bastidores o jogo é pesado
Só espero que a direita mais uma vez não sabote essa oportunidade pela soberba .",0.0,2026-03-18T13:26:27Z,2026-03-18T13:26:27Z,0.0,pt,"Assista o Fonte Primária de ontem ,com Flávia Ferronato em voo solo.E veja a vida real da campanha eleitoral de 26 .E as estratégias do PT.Nos bastidores o jogo é pesado Só espero que a direita mais uma vez não sabote essa oportunidade pela soberba .",Neutro
_B4HcThi6jA,Ugzj1DtHrF269NiKZfV4AaABAg,@Compadi-m2s,UCgw4aRJbS1ZFTt6r2fTN24Q,Esse tal de Roblox é tipo o antigo HABBO?,0.0,2026-01-16T00:03:48Z,2026-01-16T00:03:48Z,0.0,pt,Esse tal de Roblox é tipo o antigo HABBO?,Neutro
qbtPJZrGu2U,Ugx6hhuSd4csmT_pkoN4AaABAg,@chelleschz,UC0vr3FfnSzhlhwrYsF7essQ,Segmen khusus chef juna plisss,0.0,2025-10-29T12:12:43Z,2025-10-29T12:12:43Z,0.0,pt,Segmen khusus chef juna plisss,Neutro
23HiImc3akQ,Ugytyi-gpQ0-Mj4voFd4AaABAg,@angeliadomingos2998,UCRx9aUk6YIWjeMnlVlRtrlw,Ele vai acabar se matando,0.0,2025-11-07T12:27:46Z,2025-11-07T12:27:46Z,0.0,pt,Ele vai acabar se matando,Negativo
BIRHkgEzVJU,UgxR1xXPXzzLdxfUdY14AaABAg,@male07447,UC3wBVhuvb759ukdX13oCoyQ,Steam salvando o dia como sempre,0.0,2026-03-17T21:40:36Z,2026-03-17T21:40:36Z,0.0,pt,Steam salvando o dia como sempre,Positivo
XAkxxDRrxV8,UgwN0i7eEKAsPjrUkjV4AaABAg,@NoemiMariaWingert,UCdNcyUuYtRKgsXoNP3cW1OA,😡😡😡😡😡😡Felca;-; ele é muito chato ele fez o chat o chat era a única coisa que ele não podia mexer ele já aprendeu e transando agora se ele entrar no Roblox mais uma vez ele vai ser banido,0.0,2026-01-19T18:23:50Z,2026-01-19T18:23:50Z,0.0,pt,😡😡😡😡😡😡Felca;-; ele é muito chato ele fez o chat o chat era a única coisa que ele não podia mexer ele já aprendeu e transando agora se ele entrar no Roblox mais uma vez ele vai ser banido,Negativo
-xopNuKtjuI,UgxpYoDEse7i1fSQmN94AaABAg,@LuizFernando-bg1mt,UCNGmqoVg_qqZmn4IcsKA7oQ,Eu fiz isso meu tá dando 19+ mas msm asssim as Box não estão aparecendo,0.0,2026-03-05T07:58:51Z,2026-03-05T07:58:51Z,1.0,pt,Eu fiz isso meu tá dando 19+ mas msm asssim as Box não estão aparecendo,Neutro
AmiqZsXj7qA,UgxNhGSVrmhysEr3nAB4AaABAg,@ritadecassianunes4238,UC8zL4dEIDhI3rx5A6y5gdhQ,"Faço minha as suas palavras,  Dra Andréa ❤️🙏🙏",32.0,2026-01-07T19:49:50Z,2026-01-07T19:49:50Z,0.0,pt,"Faço minha as suas palavras, Dra Andréa ❤️🙏🙏",Positivo
i92-KEKCUr4,UgxAudUdSE7jETpDtmh4AaABAg,@inaldobarbosa6419,UCiYBtIjQAG1TRJ2djC00eIA,SETORES PÚBLICOS SÓ SABÉM FAZER HORATORIAS E NÃO AS PRÁTICAS.,1.0,2025-09-10T19:41:10Z,2025-09-10T19:41:10Z,0.0,pt,SETORES PÚBLICOS SÓ SABÉM FAZER HORATORIAS E NÃO AS PRÁTICAS.,Neutro
KBuED08SLwo,UgxFDC5gsOf3urX9wCZ4AaABAg,@MiniOtto1,UCLODtBMDt6-fEHRlEkK5I-A,Bostileiro mas é engraçado kkkkkk,1.0,2026-03-22T11:34:59Z,2026-03-22T11:34:59Z,0.0,pt,Bostileiro mas é engraçado kkkkkk,Negativo
nsSvO1AvMQk,UgwTi_1rCdZu_I2kogB4AaABAg,@rachelaviadora1,UC-49YWkemgtH0awYP4FYCaA,Como a Kim é absurdamente lindaaa,1.0,2025-12-07T15:53:46Z,2025-12-07T15:53:46Z,0.0,pt,Como a Kim é absurdamente lindaaa,Positivo
HqmAwhKqDa8,Ugz0_oUFMWP3w1Qooet4AaABAg,@RamaoMorais-fj5yz,UCX0JF26omUNepq82Q6aYd-A,O filme do Tarzan já mostrava muito isso na década de 80 né,1.0,2025-11-26T03:03:43Z,2025-11-26T03:03:43Z,0.0,pt,O filme do Tarzan já mostrava muito isso na década de 80 né,Neutro
N80KnwQp_rE,UgwFB4TtWXHd3WGQTeJ4AaABAg,@Secretamente_Sociavel,UCfevkiyDLRWAVo8MuwSxF3w,Ele é bizarro mesmo 😅,1.0,2025-12-17T08:06:16Z,2025-12-17T08:06:16Z,0.0,pt,Ele é bizarro mesmo 😅,Neutro
eOg6QsHuCkE,UgyY7WdS0sZP0Xfcpbd4AaABAg,@SandraMaria-r8n1p,UCWDuWZdOqMqP_jOQzTAtl-Q,EU  JA  JOGAY  ESSE  JOGO   DE  TERRO  I  TEN  UM  BIXO  QUE  QESE  NO  CANTO 😊   I  LOVE  YOU PLAY GUIMA 😊❤😊❤😊😊❤😊❤😊😊❤😊❤😊❤😊❤,1.0,2026-01-23T17:10:05Z,2026-01-23T17:10:05Z,0.0,pt,EU JA JOGAY ESSE JOGO DE TERRO I TEN UM BIXO QUE QESE NO CANTO 😊 I LOVE YOU PLAY GUIMA 😊❤😊❤😊😊❤😊❤😊😊❤😊❤😊❤😊❤,Positivo
Vsl53hSSEYo,UgyEChPRw4alpmvh4fl4AaABAg,@IsabellaNoronha-t3x,UCOeRyH2osdnlvIVLTCYEJlQ,Então me respeite só agora coloque o Flamengo em primeiro lugar na Copa e que ele seja o melhor time do mundo,0.0,2026-02-18T19:09:47Z,2026-02-18T19:09:47Z,0.0,pt,Então me respeite só agora coloque o Flamengo em primeiro lugar na Copa e que ele seja o melhor time do mundo,Neutro
ygV4ZWsmtIA,UgyIf37cuqRj652X1Wp4AaABAg,@BloqueadorDeLorenzosRobloxs125,UCs5YMHqwUo7RQjk_8AHuz_g,"Só não para de empurrar e não deixa suas mãos tremerem, mas empurra o mais forte o possível...",1.0,2025-10-27T02:47:02Z,2025-10-27T02:47:02Z,0.0,pt,"Só não para de empurrar e não deixa suas mãos tremerem, mas empurra o mais forte o possível...",Neutro
54D-gfIX6wI,UgwxghHmuK4T8t_MR7d4AaABAg,@sulamitaassis7884,UCcx4LCJegDRGeZEexmYBvsQ,Felipe fica mais bonito com o cabelinho preso só ele que não vê isso,0.0,2025-12-07T17:45:58Z,2025-12-07T17:45:58Z,0.0,pt,Felipe fica mais bonito com o cabelinho preso só ele que não vê isso,Positivo
O3Wu0TdzJXM,UgyHNK_FN4HKIFhljNp4AaABAg,@eduardocarreirodacruz8021,UCDAnScGalB0Vi9CYF-ZceCA,"Ou seja .... neste vídeo NÃO MOSTRA COISA ALGUMA .... esta é a verdade .... a mulher estava FORA do apartamento, voltou para pegar as coisas dela e ""PRODUZIR ESTE VÍDEO"" , e o que o vídeo mostra é somente ela voltando .... o resto pode ter acontecido qq coisa e qq ""narrativa"" pode virar realidade ...
Agora, ... o que isto tem haver com política ou direita ou PL, como vc indica no inicio do vídeo??? .... triste é ver vídeos assim ...",1.0,2025-11-30T14:10:37Z,2025-11-30T14:10:37Z,1.0,pt,"Ou seja .... neste vídeo NÃO MOSTRA COISA ALGUMA .... esta é a verdade .... a mulher estava FORA do apartamento, voltou para pegar as coisas dela e ""PRODUZIR ESTE VÍDEO"" , e o que o vídeo mostra é somente ela voltando .... o resto pode ter acontecido qq coisa e qq ""narrativa"" pode virar realidade ... Agora, ... o que isto tem haver com política ou direita ou PL, como vc indica no inicio do vídeo??? .... triste é ver vídeos assim ...",Neutro
uMQvJ27pLE4,Ugw4_4LDzV_B77eS5F94AaABAg,@EloisaTromm,UCvNXWzUvKJad4AWj1BoTojA,"Estão chamando de prodígio, crianças que foram adultizadas pelo celular pelos próprios pais, visando ""lucro"" . Acho isso deplorável 😢. Crianças que já fazem as coisas olhando serem filmadas pra serem expostas no YouTube 😢😢😢😢😢",4.0,2025-10-08T13:27:59Z,2025-10-08T13:27:59Z,0.0,pt,"Estão chamando de prodígio, crianças que foram adultizadas pelo celular pelos próprios pais, visando ""lucro"" . Acho isso deplorável 😢. Crianças que já fazem as coisas olhando serem filmadas pra serem expostas no YouTube 😢😢😢😢😢",Negativo
ITox85EttoM,UgwBY2DuwPqD8o-gZzF4AaABAg,@rodrigoacosta333,UCO7KxViwaxMqAfowH4hWCWg,O Funcionario Publico  da embaixada de NY que falou para a CNN que a Primeira Dama causa incomodo deveria ser exonerado por justa causa,4.0,2025-09-17T21:26:42Z,2025-09-17T21:26:42Z,0.0,pt,O Funcionario Publico da embaixada de NY que falou para a CNN que a Primeira Dama causa incomodo deveria ser exonerado por justa causa,Negativo
Sm_tGqQtUr8,UgygMOtaFnkPStPFzWB4AaABAg,@bethpassos9278,UC3BoHIQo8iu1IQ1LRxyrGqg,Não sabia que o Felca cantava.,0.0,2025-09-28T02:43:20Z,2025-09-28T02:43:20Z,0.0,pt,Não sabia que o Felca cantava.,Neutro
FWs2WKmOpCI,Ugz13SXDoJbxApXkiF94AaABAg,@itachi3001,UC6QhYFfmCaIc3xVS8FWVwBA,"O que a galera fica P da vida é que os índios querem viver de todas as benesses do ""homem branco"" mas querem continuar recebendo os privilégios jurídicos como se fossem um grupo indígena nativo vivendo na floresta.",0.0,2025-12-10T20:21:42Z,2025-12-10T20:21:42Z,0.0,pt,"O que a galera fica P da vida é que os índios querem viver de todas as benesses do ""homem branco"" mas querem continuar recebendo os privilégios jurídicos como se fossem um grupo indígena nativo vivendo na floresta.",Negativo
Ss28NGExkEg,UgwOMNzggXYtiXotx-R4AaABAg,@drummerhead83,UCB7Pg34Yr0LQinrZgBqtOrw,"Quem não deve NÃO TEME! Só seguir as regras mas querer esconder documentos emitidos pelo estado pra que o estado não descubra é coisa de IDIOTA OU MAL INTENCIONADOS, pra não dizer p3d0fdps",0.0,2026-03-21T18:57:25Z,2026-03-21T18:57:25Z,0.0,pt,"Quem não deve NÃO TEME! Só seguir as regras mas querer esconder documentos emitidos pelo estado pra que o estado não descubra é coisa de IDIOTA OU MAL INTENCIONADOS, pra não dizer p3d0fdps",Negativo
k_iOYK61De8,UgxJaoNlbke05SppKAV4AaABAg,@DavidOliveira18-t9b,UCC82vWRd3z6la9HolHNQjzw,Não vou culpar ele mas eu mas eu não vou protestar com ninguém do nada mas depois eu parei crianças fazendo dupla ficando pelado,0.0,2026-01-18T13:28:16Z,2026-01-18T13:28:16Z,0.0,pt,Não vou culpar ele mas eu mas eu não vou protestar com ninguém do nada mas depois eu parei crianças fazendo dupla ficando pelado,Negativo
kUh6e-1Mi00,UgwaZXxusjedW4L98v54AaABAg,@silviabenedetti6540,UChbbw18JxtnFMv_i-k8DCQw,Conheço várias pessoas com trombofilia e nenhuma coloca esse peso que essa coloca 🙄,0.0,2025-10-18T09:44:57Z,2025-10-18T09:44:57Z,0.0,pt,Conheço várias pessoas com trombofilia e nenhuma coloca esse peso que essa coloca 🙄,Neutro
NwJ7cQEdaGg,UgyrMMKb80ohq2n5Ai54AaABAg,@DEISIANE255,UCrhFAa8Dvy9Bl3eQ_gw_pBQ,Eu pensei que era o kit bengala,4.0,2026-01-08T07:47:26Z,2026-01-08T07:47:26Z,0.0,pt,Eu pensei que era o kit bengala,Neutro
GJwVSnEWLSU,UgzY6wpaNMIw8cW_F6x4AaABAg,@Mari_Arthings,UCRlkSHU2vA0mGlabWFlChNA,"""não têm chat? Que usem placas""",12.0,2026-01-27T21:43:54Z,2026-01-27T21:43:54Z,0.0,pt,"""não têm chat? Que usem placas""",Neutro
1LXzIxiFIOk,UgweaUVhJIyLA5yrKZJ4AaABAg,@DududaGalera-b7v,UCDfZqAcUri-78JpOGbyRVPw,"Galera!!! As loot boxes do ESO sumiram!!!!!!!!! 

Maaaaano de céu!!!",0.0,2026-03-17T18:23:56Z,2026-03-17T18:23:56Z,0.0,pt,Galera!!! As loot boxes do ESO sumiram!!!!!!!!! Maaaaano de céu!!!,Neutro
PXYlldEfdc4,UgxdXGSKkm92ssm1aLB4AaABAg,@dekkusuware,UC1zktYFrHrZwCt8zsrdvQbw,Felca é o Felipe Neto da censura.,0.0,2026-03-21T16:18:04Z,2026-03-21T16:18:04Z,0.0,pt,Felca é o Felipe Neto da censura.,Negativo
93ugegGKkCM,UgxnOl15hJUG-Su7tHV4AaABAg,@lucasvssilva5324,UC51VOLgWBWnbmTzUdv-KsYw,"1:02:21 já trouxe pastel de Belém, bem como Ovos mole 😅😂 e entrou",6.0,2025-10-08T23:59:26Z,2025-10-08T23:59:26Z,0.0,pt,"1:02:21 já trouxe pastel de Belém, bem como Ovos mole 😅😂 e entrou",Neutro
W7OUKVAzcbQ,UgyRNBzksRrR0CfbwQR4AaABAg,@LUCASFREEFIRE.LBFFSW,UCz3lwJQHvR1_kbXnQNspl7g,Enaldinho enaldinho enaldinho 🎉🎉🎉,0.0,2026-01-18T21:01:38Z,2026-01-18T21:01:38Z,0.0,pt,Enaldinho enaldinho enaldinho 🎉🎉🎉,Neutro
B_MHzhlkcTI,UgyjaO4qz9jwxDPZ9Sp4AaABAg,@Osweetyohan,UC7ow4-RVesa5MQaONqW1Sig,Infelizmente o sigma (apoio mas gta 6 mano ae ja vacilou muito) sera mogado,0.0,2026-03-23T15:14:19Z,2026-03-23T15:14:19Z,0.0,pt,Infelizmente o sigma (apoio mas gta 6 mano ae ja vacilou muito) sera mogado,Neutro
iIKSbEn6eas,UgxG1mwUohWyufXuFJR4AaABAg,@SocorroSousa-t8j,UC3MwDk7wchDZcLZreUr0cXw,É verdade!,0.0,2025-10-09T15:57:44Z,2025-10-09T15:57:44Z,0.0,pt,É verdade!,Neutro
RtvU-D9UQ80,UgxdjYn-xRElQNpUGst4AaABAg,@TerezinhaRodriguesdaluzdreweck,UCe3Avmx2plCsZrChrCHnuJQ,Moito obrigado por salvar a gente,0.0,2026-01-28T21:50:28Z,2026-01-28T21:50:28Z,0.0,pt,Moito obrigado por salvar a gente,Positivo
5rYHDlu--Vk,Ugygx_dUlsV3UnmQLaJ4AaABAg,@manike_felpo,UCEQjyzcBeK-pvzfbXO3Vebg,"Hoje em dia ninguém pode fazer o bem de forma genuína q a pessoa vai ser taxada de todo tipo de coisa q nao é fazer o bem de forma genuína kk 
geral vai desvalidar o outro pra interesse próprio",0.0,2025-08-22T06:31:54Z,2025-08-22T06:31:54Z,0.0,pt,Hoje em dia ninguém pode fazer o bem de forma genuína q a pessoa vai ser taxada de todo tipo de coisa q nao é fazer o bem de forma genuína kk geral vai desvalidar o outro pra interesse próprio,Neutro
25dJKFEU7tM,Ugz48d3zERD6gpwQqFh4AaABAg,@erosbatista3361,UCtm8rw748uZjMh5MYLqsDkA,"Eu to rindo de tudo kkkk,pq pra min tanto faz caso aconteça de não poder jogar mais ta tudo bem.

Já que jogo e Internet não é tudo.",1.0,2026-03-24T22:46:19Z,2026-03-24T22:46:19Z,0.0,pt,"Eu to rindo de tudo kkkk,pq pra min tanto faz caso aconteça de não poder jogar mais ta tudo bem. Já que jogo e Internet não é tudo.",Neutro
vG4UDIt32no,UgyYTR-KWf6XbipnJLt4AaABAg,@mihotorres,UCrhi3VdddHeAhePw2jOB8dg,"uma semana após o vídeo, deveria aparecer as desculpas das pessoas que acusaram ele de pedo nas redes sociais",0.0,2025-08-13T17:48:54Z,2025-08-13T17:48:54Z,0.0,pt,"uma semana após o vídeo, deveria aparecer as desculpas das pessoas que acusaram ele de pedo nas redes sociais",Neutro
_B4HcThi6jA,UgzCYpv15-ZaWOkRvox4AaABAg,@albertosincerao,UCNfpZieejlQplwKfu9sYj8g,Eu já tava imaginando que isso ia acontecer...,0.0,2026-01-15T23:32:20Z,2026-01-15T23:32:20Z,0.0,pt,Eu já tava imaginando que isso ia acontecer...,Neutro
Eh6hGo8_Ikg,UgyDyO1LIhjFYwNLXcJ4AaABAg,@Amem2023,UCHWCQwL1D2duxwz_7X-dzcQ,Passei por isso meus pais nuncaaaa perceberam eram pais relaxados,0.0,2025-09-14T09:23:03Z,2025-09-14T09:23:03Z,0.0,pt,Passei por isso meus pais nuncaaaa perceberam eram pais relaxados,Neutro
6WjyMJSKG5U,Ugz7FinxEjK_SoLNZKt4AaABAg,@yamacute7111,UC3MmwPUHcqCYd_aA_RSEvew,"pra mim esses vídeos são propaganda pra pirataria. pq quem não tem dinheiro pra comprar o original, pra ""apoiar"" o artista que já é milionário, vê um gloss que tem cheiro e consistência boa, vai comprar mesmo que seja pirata
dai falam ""mas a embalagem pipipipopopo"" mano, se eu tenho dinheiro só pro pirata, vai ser o pirata mesmo e foda-se
mania feia essa de dar mais dinheiro pra quem já é milionário
o pobre que já tá todo fudido não pode nem ter um gloss mais pq é pirata. se a fran tá achando ruim, abaixa o preço do gloss que dai a gente compra",0.0,2025-12-09T17:12:51Z,2025-12-09T17:12:51Z,0.0,pt,"pra mim esses vídeos são propaganda pra pirataria. pq quem não tem dinheiro pra comprar o original, pra ""apoiar"" o artista que já é milionário, vê um gloss que tem cheiro e consistência boa, vai comprar mesmo que seja pirata dai falam ""mas a embalagem pipipipopopo"" mano, se eu tenho dinheiro só pro pirata, vai ser o pirata mesmo e foda-se mania feia essa de dar mais dinheiro pra quem já é milionário o pobre que já tá todo fudido não pode nem ter um gloss mais pq é pirata. se a fran tá achando ruim, abaixa o preço do gloss que dai a gente compra",Neutro
xCY4E3Tzo8Y,UgzUw3TqMJ0Pq4zIGD54AaABAg,@yasmimAlvesalvesSiqueira,UCRjaRnqba-MoQAzAf6oJmkg,Senha no chat tá bloqueado,0.0,2026-01-14T13:38:23Z,2026-01-14T13:38:23Z,0.0,pt,Senha no chat tá bloqueado,Neutro
elha2MgAgA4,UgxiJczagp1bYj-ETIl4AaABAg,@bsenna0333,UCue3agKKB4opV2M93UjRbhw,Que lindo esse relógio! 😍,0.0,2025-09-07T14:58:44Z,2025-09-07T14:58:44Z,0.0,pt,Que lindo esse relógio! 😍,Positivo
sEW2w0b2YtI,Ugxj_FHH0q0XXV0jHH54AaABAg,@zenaidevirginia4825,UCIf5p_T1HYWP4kj-aCpHNrw,Pode ser cantor 🎉🎉🎉❤❤❤❤Felipe!,0.0,2025-09-23T16:28:52Z,2025-09-23T16:28:52Z,0.0,pt,Pode ser cantor 🎉🎉🎉❤❤❤❤Felipe!,Positivo
ujZbcAyJeq4,UgwLmdhjjwbkTCjKsIZ4AaABAg,@Thanatosq,UCPppaMNH17zJ39lyTwfGWZg,"Eu antes apoiava, mas agora apoio parcialmente depois de fato de ler na integra. Agora falar que ngm vai comprar GTA 6 sendo que ele vai ta na PSN, Steam, etc, é muito nada a ver. É meio que fake news de que não vai da pra comprar. No final, você falou falou e não disse porra nenhuma kkkkkkkkkk n disse a consequência, n leu os pormenores da lei. Ta so surfando no hype.",0.0,2026-03-23T17:04:23Z,2026-03-23T17:09:37Z,0.0,pt,"Eu antes apoiava, mas agora apoio parcialmente depois de fato de ler na integra. Agora falar que ngm vai comprar GTA 6 sendo que ele vai ta na PSN, Steam, etc, é muito nada a ver. É meio que fake news de que não vai da pra comprar. No final, você falou falou e não disse porra nenhuma kkkkkkkkkk n disse a consequência, n leu os pormenores da lei. Ta so surfando no hype.",Negativo
6ypXQT0fwxk,Ugy8k47YWmpbu_y-krx4AaABAg,@pedroanisio1088,UCMpSiRXvKMZcwEuA4Pz62pg,Faz o L imbecis.,0.0,2026-03-21T18:00:22Z,2026-03-21T18:00:22Z,0.0,pt,Faz o L imbecis.,Negativo
_x_ikmGZpxo,UgwZ7xNr-D6Wtjjaf-t4AaABAg,@eleniuzaaraujo8009,UCalp7c25RXw_u3GO4fwg7kw,"Ma rapá o cara tá envolvido até no Banco Master,será que tá no escandalo do niss?😮",0.0,2026-01-17T23:03:46Z,2026-01-17T23:03:46Z,0.0,pt,"Ma rapá o cara tá envolvido até no Banco Master,será que tá no escandalo do niss?😮",Neutro
1V6_0a5FaYw,UgwAxerwegKnwsIw0Jl4AaABAg,@mateusthiago1108,UCwmcqz16KHfvTYkidCbJ5xw,"Mano tá na face, que isso e crime, não importa se os pais estão apoiando.",0.0,2025-08-10T03:34:30Z,2025-08-10T03:34:30Z,0.0,pt,"Mano tá na face, que isso e crime, não importa se os pais estão apoiando.",Neutro
YQZzWHl9Yfw,UgxFMc4kDRYmBEAic0t4AaABAg,@AquilesVitor,UCYRPIM18Lru2Aa87Gd3Xpyg,"Lembrei do FT com a azálea kkk 
Só que sendo a Anitta agora",5.0,2025-12-27T11:04:37Z,2025-12-27T11:04:37Z,0.0,pt,Lembrei do FT com a azálea kkk Só que sendo a Anitta agora,Neutro
q0mdREUhJyc,UgzZcbd6ZCy_j0aCtZt4AaABAg,@andreiadelaraambrozio4352,UCnic5r3mHc4lB9jgz58kGlA,Muito bem 😊,1.0,2025-10-23T01:04:39Z,2025-10-23T01:04:39Z,0.0,pt,Muito bem 😊,Positivo
wgcMFnHid2E,UgwuefJsn98F77_VeA14AaABAg,@savior663,UCEATUEHOJWmAIUPemLBor9A,Temos que organizar um super boicote,1.0,2026-03-24T22:20:14Z,2026-03-24T22:20:14Z,0.0,pt,Temos que organizar um super boicote,Neutro
sEW2w0b2YtI,UgxTHxOz1uc0mqcqzKF4AaABAg,@Francisca1597,UCOLuYL1SQKpVXvZbLMlwNnQ,Eu gosto muito das cancoes de padre zezinho,0.0,2025-09-18T21:30:26Z,2025-09-18T21:30:26Z,0.0,pt,Eu gosto muito das cancoes de padre zezinho,Positivo
gPMeEDOKJf4,UgyejEG-U0b977aVtih4AaABAg,@MariaMaria-q4i5s,UCU4pC11wFNRZXPPx60LyfOQ,O que vai acontecer que ele vai se lascar que manda ele se meter na vida dos outros p quem se mete na vida dos outros tem consequência,0.0,2025-08-18T21:50:01Z,2025-08-18T21:50:01Z,0.0,pt,O que vai acontecer que ele vai se lascar que manda ele se meter na vida dos outros p quem se mete na vida dos outros tem consequência,Negativo
mx_lD2NpBnM,Ugywf7QBQxBdkKs3WCF4AaABAg,@francielisorato7073,UCkGh4RtqaiUh2KlOPF40NFA,"Mal começou o trabalho, e já precisa de férias de 1 ano. 😅😅",0.0,2026-01-18T04:23:46Z,2026-01-18T04:23:46Z,0.0,pt,"Mal começou o trabalho, e já precisa de férias de 1 ano. 😅😅",Neutro
LMHlT_tUzfM,UgzWSdHY-boDSxl3R4h4AaABAg,@relógiorealmente_esquisito,UCke6vmTR_VOgHK8RXFvhlLg,"Os caras do governo esquecem que VPN existe.... KKKKKKKKK ESSA LEI NUM VAI IMPEDIR NADA, NO FIM DO DIA AINDA VAI TÁ ACONTECENDO TUDO POR DEBAIXO DA CORTINA",4.0,2026-03-18T18:51:31Z,2026-03-18T18:52:30Z,2.0,pt,"Os caras do governo esquecem que VPN existe.... KKKKKKKKK ESSA LEI NUM VAI IMPEDIR NADA, NO FIM DO DIA AINDA VAI TÁ ACONTECENDO TUDO POR DEBAIXO DA CORTINA",Neutro
duLkceigKmk,UgxCHDaNqTlvYCclQfF4AaABAg,@atalibaleonelpereiradearau5699,UCe6hxHipJlRKsxi87vtGRvA,"A Globo e muito influente e apesar de admirar o Felca,eu nunca o endeusei!!!.😉😉😉😉😉😉
Qualquer pessoa que deseje se tornar famoso nacionalmente quase sempre tera que fazer aliança com a rede globo!!!.",0.0,2025-10-20T12:56:56Z,2025-10-20T12:56:56Z,0.0,pt,"A Globo e muito influente e apesar de admirar o Felca,eu nunca o endeusei!!!.😉😉😉😉😉😉 Qualquer pessoa que deseje se tornar famoso nacionalmente quase sempre tera que fazer aliança com a rede globo!!!.",Neutro
G5cg1lnVCik,UgynNX6urIQav8HmX054AaABAg,@GabrielAntonio-l6w,UCkmZAwaKioUmocZdSr6O_yQ,Pose nosso chat celta agora não eu vou chamar a polícia para você,1.0,2026-01-22T20:35:58Z,2026-01-22T20:35:58Z,1.0,pt,Pose nosso chat celta agora não eu vou chamar a polícia para você,Negativo
yOVkX7EH1aM,Ugx9zCFlwhtNqHw8id94AaABAg,@Libazinn,UC5xHSSd-gZ6T2qXhaq5c72g,O do Taspio e  João foi tudo mancada,0.0,2025-08-27T21:59:57Z,2025-08-27T21:59:57Z,0.0,pt,O do Taspio e João foi tudo mancada,Neutro
VtiQkIqn3Jw,UgzNYkup5M6VEDPR3ll4AaABAg,@Neckpeixe,UCYcTlK6My4XBVcvOhssnMwQ,"MEU DESABAFO SOBRE A NOVA LEI (ECA DIGITAL / LEI 15.211/2025) 

​Na minha opinião, essa lei é um erro e precisa ser revista urgentemente. Se o objetivo é combater crimes reais contra crianças e adolescentes, a solução é punir os criminosos com rigor — prisão perpétua ou algo pior. O que não faz sentido é punir o artista honesto e o criador independente que tenta construir algo positivo.

​Essa lei me atingiu em cheio porque escrevo a minha Light Novel (Sangue Buraco Negro) e crio conteúdo para o público jovem. Eu exploro a mitologia Tupi-Guarani, o folclore brasileiro e nossa cultura na minha obra, mas por causa de alguns assuntos mais pesados e cenas de impacto que a história exige, eu não posso mais manter a classificação em 15 anos. Fui obrigado a subir para 17 anos+ para me proteger dessa vigilância do governo, o que acaba dificultando o acesso de muitos jovens ao meu trabalho.

​O impacto disso nos eventos é enorme. Não faço ideia de qual vai ser a idade mínima que um evento gigante como a EVO Brasil vai exigir, mas o que me preocupa de verdade são os eventos menores e independentes. Essa lei cria uma barreira absurda para qualquer encontro de anime ou torneio de jogos que atraia adolescentes de 14 anos para cima. É o fim da diversão e da união de quem está começando e quer apenas fazer novas amizades através da cultura nerd e dos games.

​É um absurdo comparar conteúdo nerd ou games com ""cassino"". A responsabilidade sobre o que os filhos consomem deve ser da família, e não de um governo corrupto que quer bisbilhotar nossa vida e controlar o que a gente vê. Eu tinha o sonho de levar eventos gratuitos para as escolas e pra minha cidade, mas agora fui barrado por gente que não entende nada da nossa realidade.

​Eu não aprovo essa lei de jeito nenhum. Se quisessem segurança, fariam leis criminais fortes contra bandidos. Mas o que fizeram foi travar o sonho de quem valoriza a cultura brasileira e o lazer para jovens. O governo quer ser o ""pai"" de todo mundo, mas só serve para atrapalhar quem está tentando vencer honestamente com a sua arte",72.0,2026-03-25T15:29:28Z,2026-03-25T15:29:28Z,2.0,pt,"MEU DESABAFO SOBRE A NOVA LEI (ECA DIGITAL / LEI 15.211/2025) ​Na minha opinião, essa lei é um erro e precisa ser revista urgentemente. Se o objetivo é combater crimes reais contra crianças e adolescentes, a solução é punir os criminosos com rigor — prisão perpétua ou algo pior. O que não faz sentido é punir o artista honesto e o criador independente que tenta construir algo positivo. ​Essa lei me atingiu em cheio porque escrevo a minha Light Novel (Sangue Buraco Negro) e crio conteúdo para o público jovem. Eu exploro a mitologia Tupi-Guarani, o folclore brasileiro e nossa cultura na minha obra, mas por causa de alguns assuntos mais pesados e cenas de impacto que a história exige, eu não posso mais manter a classificação em 15 anos. Fui obrigado a subir para 17 anos+ para me proteger dessa vigilância do governo, o que acaba dificultando o acesso de muitos jovens ao meu trabalho. ​O impacto disso nos eventos é enorme. Não faço ideia de qual vai ser a idade mínima que um evento gigante como a EVO Brasil vai exigir, mas o que me preocupa de verdade são os eventos menores e independentes. Essa lei cria uma barreira absurda para qualquer encontro de anime ou torneio de jogos que atraia adolescentes de 14 anos para cima. É o fim da diversão e da união de quem está começando e quer apenas fazer novas amizades através da cultura nerd e dos games. ​É um absurdo comparar conteúdo nerd ou games com ""cassino"". A responsabilidade sobre o que os filhos consomem deve ser da família, e não de um governo corrupto que quer bisbilhotar nossa vida e controlar o que a gente vê. Eu tinha o sonho de levar eventos gratuitos para as escolas e pra minha cidade, mas agora fui barrado por gente que não entende nada da nossa realidade. ​Eu não aprovo essa lei de jeito nenhum. Se quisessem segurança, fariam leis criminais fortes contra bandidos. Mas o que fizeram foi travar o sonho de quem valoriza a cultura brasileira e o lazer para jovens. O governo quer ser o ""pai"" de todo mundo, mas só serve para atrapalhar quem está tentando vencer honestamente com a sua arte",Neutro
Ith-eJRpNZM,Ugwsj5Uhm0Oye5_lArF4AaABAg,@debyheaxolot,UC6d69yKhzh36S8N6t7juCHw,Mano eu vi a imagem do demo- quero dizer da miss.gracy e me assustei kkk,1.0,2026-03-08T16:46:27Z,2026-03-08T16:46:27Z,0.0,pt,Mano eu vi a imagem do demo- quero dizer da miss.gracy e me assustei kkk,Negativo
9j7-V4zmZv4,Ugzx_bVY8Y7I396ZzGl4AaABAg,@LindalvaSilva-p9z,UCYtkujk4HHO3pOKYPmRDnsw,Ei felca frefaire não,0.0,2026-01-22T18:40:07Z,2026-01-22T18:40:07Z,0.0,pt,Ei felca frefaire não,Neutro
DFqmH3fuh6E,UgyQNRXfC74aclaGlEt4AaABAg,@LiliBarros-t7r,UC6fqS1mAEZS2kKlQDc_FvyQ,E também porque ele é incrível,1.0,2025-12-26T00:48:43Z,2025-12-26T00:48:43Z,0.0,pt,E também porque ele é incrível,Positivo
0Cbw_PONjJI,UgxLndaTQUOe8WCmUWV4AaABAg,@llDenko,UCsHB59Lih3_It0gp-XrWb1A,Simplesmente o cara viu que ser mal caráter no Brasil é melhor do que ter honra.,1.0,2025-10-20T15:10:03Z,2025-10-20T15:10:03Z,0.0,pt,Simplesmente o cara viu que ser mal caráter no Brasil é melhor do que ter honra.,Neutro
7c1R83FlGYA,UgysDiJUggKL9eqaHZZ4AaABAg,@luja100,UCpP3GerqNF7Rd_shomU5zVw,Até que enfim. vão pedir o cpf? Já estava na hora,0.0,2026-03-15T22:42:39Z,2026-03-15T22:42:39Z,0.0,pt,Até que enfim. vão pedir o cpf? Já estava na hora,Neutro
eag3ygFV6ns,UgxlJi3sHaRZradtdKp4AaABAg,@powpowsupremacy1319,UCAfMklWJKMMKl_5qx7Hc_xg,Sabor proteção 🎉,0.0,2026-03-20T14:57:26Z,2026-03-20T14:57:26Z,0.0,pt,Sabor proteção 🎉,Neutro
MJrLxW-1Zo0,UgzEq01E542WktkAVXZ4AaABAg,@viajante1234,UCgzGrAIBBxD5hAduB6AAGWA,Tem cara de geração Z isso aí,0.0,2026-01-17T04:57:16Z,2026-01-17T04:57:16Z,0.0,pt,Tem cara de geração Z isso aí,Neutro
9Woug593kmk,Ugxi0g63wsoFXL1OxIt4AaABAg,@antonioerivaldoaraujo8976,UC9jSwXXMo52Cql0GrUDC4EA,Celca você é muito feio não sei porque você tirou o chat do Roblox,0.0,2026-03-08T01:37:42Z,2026-03-08T01:37:42Z,0.0,pt,Celca você é muito feio não sei porque você tirou o chat do Roblox,Negativo
KGk7SB2I8IY,UgxN_ldJgOXCeyjAGGJ4AaABAg,@matheusmelo8742,UCXo69G-bsOO_yUIailsRruA,"Kkkkk influenciadores de merda? 1:00  tadinhooo, vc é tao frustrado. Seno video dos cara nao esta restrito pra mais de 18, é dever da plataforma restringir. Q é o que a lei pede. Vcs querendo fazer essas chuva de denuncia so vai deixar o sistema de ban mais ineficaz kkkkkkkk e vao entender q isso é fora do normal",6.0,2026-03-19T16:15:44Z,2026-03-19T16:15:44Z,6.0,pt,"Kkkkk influenciadores de merda? 1:00 tadinhooo, vc é tao frustrado. Seno video dos cara nao esta restrito pra mais de 18, é dever da plataforma restringir. Q é o que a lei pede. Vcs querendo fazer essas chuva de denuncia so vai deixar o sistema de ban mais ineficaz kkkkkkkk e vao entender q isso é fora do normal",Negativo
yPEYabEzlII,UgwhycmZzyrz8VjQVup4AaABAg,@MilitarismoNordestino,UCpTxk7FiyhfBzb6Wu7lDnpA,"o publico da globo e basicamente norte e nordeste, qualquer bobagem que falar será aceito lá!",0.0,2025-10-23T16:04:45Z,2025-10-23T16:04:45Z,0.0,pt,"o publico da globo e basicamente norte e nordeste, qualquer bobagem que falar será aceito lá!",Negativo
xdQGEvm6VXc,UgxIGkv1eteF6pnMYTd4AaABAg,@SabrinaAlves-n4z,UCqwc644L83VN9qZSBNDM25A,Lembra muito as batidas dos louvores americanos❤️,1.0,2025-10-30T17:06:11Z,2025-10-30T17:06:11Z,0.0,pt,Lembra muito as batidas dos louvores americanos❤️,Positivo
HA4B_KLPPs4,Ugwbx6Er-sJHEienXv94AaABAg,@sprite_120hz,UCN-ITp3YE46DqkP7-UM5FZQ,Tomara que o ff não seja apagado não,1.0,2025-08-24T20:44:09Z,2025-08-24T20:44:09Z,1.0,pt,Tomara que o ff não seja apagado não,Neutro
Vsl53hSSEYo,UgwZVlWZYWAPqoSmENh4AaABAg,@corinthianoofc1,UC28PjzfCy3Wtm9Rr41dqMjw,MANO QUE DESGRAÇA O FELCA TEM HAVER COM A PORRA DO CHAT?,0.0,2026-01-22T16:42:44Z,2026-01-22T16:42:44Z,0.0,pt,MANO QUE DESGRAÇA O FELCA TEM HAVER COM A PORRA DO CHAT?,Neutro
cUA3OED6gQw,UgxCqzKnXBfg8rqAGTR4AaABAg,@JoãoFreireDaSilva-v4e,UCFs_0Mn5nLfUIwokc1zr4uA,"Kamilinha tá linda, morram de INVEJA esse falca é uma bosta.",5.0,2025-12-16T12:44:05Z,2025-12-16T12:44:05Z,0.0,pt,"Kamilinha tá linda, morram de INVEJA esse falca é uma bosta.",Negativo
fbLVXvMYo2E,UgxzM-HQ7bNRT_cqF3R4AaABAg,@Scorpion81749,UCbbptHwaAADfcEJS1BII7Og,"Dois lixos escravistas , só de pensar que tem otário da classe trabalhadora que vota p esses lixos",0.0,2026-03-11T23:55:55Z,2026-03-11T23:55:55Z,0.0,pt,"Dois lixos escravistas , só de pensar que tem otário da classe trabalhadora que vota p esses lixos",Negativo
681IGKIoq9U,UgyT5t_i99a72wLOYX14AaABAg,@sergio_ssa_ba,UCcRHnp5GnPCoSIheozMfdMQ,Essa lei FELCA sera tao util quanto lei que tenta cancelar a gravidade. kkkkkk,0.0,2026-03-19T04:42:52Z,2026-03-19T04:42:52Z,0.0,pt,Essa lei FELCA sera tao util quanto lei que tenta cancelar a gravidade. kkkkkk,Negativo
tM054MlUaCk,Ugx8jE0uOjnXZ4bleEZ4AaABAg,@Xablau69,UCoDVoW1efdh3iB82mU9nSXA,"Capaz de até piorar os casos, afinal essa lei gera uma falsa sensação de segurança em quem acredita nela. Se antes ainda as crianças iriam se questionar se realmente estavam falando com outras crianças nos jogos, agora eles vão se dar a certeza até o pior acontecer",0.0,2026-03-20T17:59:02Z,2026-03-20T17:59:02Z,0.0,pt,"Capaz de até piorar os casos, afinal essa lei gera uma falsa sensação de segurança em quem acredita nela. Se antes ainda as crianças iriam se questionar se realmente estavam falando com outras crianças nos jogos, agora eles vão se dar a certeza até o pior acontecer",Neutro
31V2pVvNd58,UgxLXP437cRmndVAXIh4AaABAg,@Kauã-w7m,UCWyDY6G_UJCzWwg1EU8FBzw,Nós quer Bolsonaro de volta por conta Lula está ensinando Felca errado internet tá destruindo,0.0,2026-03-23T02:44:43Z,2026-03-23T02:44:43Z,0.0,pt,Nós quer Bolsonaro de volta por conta Lula está ensinando Felca errado internet tá destruindo,Negativo
Vsl53hSSEYo,Ugy0ZUUmELagD_tW9K54AaABAg,@jemiraafonsoferreira2714,UCMyOT0B8wY6sfwYw8pmlgqA,Não  se acriana não  en pode,0.0,2026-01-21T20:18:11Z,2026-01-21T20:18:11Z,0.0,pt,Não se acriana não en pode,Neutro
Re2Olv2Xw-Y,UgzOeuIVw-vAFfYMoxV4AaABAg,@d.dearmia,UCFrW_P1t5clmrbTiajUIPog,"14:14 mentira, a chappell  é um amor, eu conheci ela. Ela foi TAO querida cmg",0.0,2025-08-25T20:27:22Z,2025-08-25T20:27:22Z,0.0,pt,"14:14 mentira, a chappell é um amor, eu conheci ela. Ela foi TAO querida cmg",Positivo
A-kHRF686U0,UgxIkfrcEUQZNCbfS2p4AaABAg,@ren_sumiya,UCZ34sHVwEX8ke6Y_8sa_30A,"Lei Felca é uma merda que vai ser usada por políticos pra censura.
Vai é dar merda essa lei, é personagens vão custar uns 500U$ mais impostos do amor de 99%  kkkkkkkkkkk",3.0,2025-10-02T23:26:34Z,2025-10-02T23:26:34Z,0.0,pt,"Lei Felca é uma merda que vai ser usada por políticos pra censura. Vai é dar merda essa lei, é personagens vão custar uns 500U$ mais impostos do amor de 99% kkkkkkkkkkk",Negativo
Luuxbx8pvwY,Ugy7Wqujlnmr8AOB1vZ4AaABAg,@Livia-4678,UCm_xD0Js3jayOtQKy977Ung,Você vai beijar o diabo,0.0,2026-01-26T17:20:52Z,2026-01-26T17:20:52Z,0.0,pt,Você vai beijar o diabo,Negativo
2DYX9uEpCLE,UgyF7eOgtHvEfufYWLV4AaABAg,@JoJo-te9sg,UC1o3IpyvKgJu9zuri9gGpaw,"hoje roblox e lol, amanhã discord, facebook... e todas as redes sociais",1.0,2026-03-17T23:36:35Z,2026-03-17T23:36:35Z,0.0,pt,"hoje roblox e lol, amanhã discord, facebook... e todas as redes sociais",Neutro
B_MHzhlkcTI,UgzuJfMPNOxADwP3xMN4AaABAg,@MeuSpitzAlemão-Zion,UCS6ybnKYyYxMsgwwCIiMIeA,"Isso é so p controle social e censurar a Internet. Felca so foi o fantoche disso tudo.
Esquerda que ama tudo q nao presta vai se preocupar em proteger criança? 
Logo eles q defendem ban.di.dos, cri.mi.no.sos, es.tru.pra.do.res, pe.dó.fi.los.....😢🤡",0.0,2026-03-23T12:40:38Z,2026-03-23T12:40:38Z,0.0,pt,"Isso é so p controle social e censurar a Internet. Felca so foi o fantoche disso tudo. Esquerda que ama tudo q nao presta vai se preocupar em proteger criança? Logo eles q defendem ban.di.dos, cri.mi.no.sos, es.tru.pra.do.res, pe.dó.fi.los.....😢🤡",Negativo
5TidVBdjXMU,Ugxb9oYo7Lg9cYf5exR4AaABAg,@limonada602,UCeus_EVh9s4etcQCu8e7exg,Tá feliz agora Felca? 😭,0.0,2026-01-15T23:22:28Z,2026-01-15T23:22:28Z,0.0,pt,Tá feliz agora Felca? 😭,Neutro
IHLT0zkr80g,UgwT5plYBM-Sd90UnHx4AaABAg,@dantedblaze,UCMNN9K01UuirDf0X6souCqA,"Detetive, responda para mim sinceramente, vc é o irmão do New york treta, não é?",0.0,2025-11-09T14:03:44Z,2025-11-09T14:03:44Z,1.0,pt,"Detetive, responda para mim sinceramente, vc é o irmão do New york treta, não é?",Neutro
Sm_I8P8Mzm8,Ugz59gspKjOZWPz-XJh4AaABAg,@JuliaNordosSantos,UCjumacigE6sTUM31ifLm5_A,Justiça por orelha,0.0,2026-02-24T15:26:46Z,2026-02-24T15:26:46Z,0.0,pt,Justiça por orelha,Neutro
6He2QH_PIcQ,UgxFMevdnVy8hNhRvEd4AaABAg,@아만다-dp3,UCTZg_FGicOUjRAQ6f3UEQ4g,"oi, estou vendo esse vdo 01:54 da madrugada, e vcs?",0.0,2025-12-25T04:54:54Z,2025-12-25T04:54:54Z,0.0,pt,"oi, estou vendo esse vdo 01:54 da madrugada, e vcs?",Neutro
Luuxbx8pvwY,UgxOFzhwVfw8TYVoiOR4AaABAg,@tomasbragabernardo,UCt_37bPNHz9ESckR3jM54mA,Eu já tenho chat Felca eu vou disser para eles pararem 🙂eu vou te ajudar!🙂,0.0,2026-01-26T08:17:47Z,2026-01-26T08:17:47Z,0.0,pt,Eu já tenho chat Felca eu vou disser para eles pararem 🙂eu vou te ajudar!🙂,Positivo
wK8ExIAuz8s,Ugy7HKKEsUpdAlTzra54AaABAg,@leilalima4277,UCzPIX0abXZlvPHSvLZc4qoA,Belcar eu te odeio por que você tirou o site do Roblox,0.0,2026-01-24T20:01:25Z,2026-01-24T20:01:25Z,0.0,pt,Belcar eu te odeio por que você tirou o site do Roblox,Negativo
OOBUqy3nZKM,UgyXrGNkaX8S5rAD3qR4AaABAg,@leonardowandrosk1019,UCvmPPGpyhHFEwq4ClnCB4vw,"""cavalo de Tróia"" .",5.0,2025-10-15T05:50:42Z,2025-10-15T05:50:42Z,0.0,pt,"""cavalo de Tróia"" .",Neutro
-g06texaASk,UgzkZMENM01cP3TaGT54AaABAg,@changerling,UCvjV0scdVm62Qyw2EQ0cUrw,"Objetivo do sisteme e proteger a si mesmo, ele esta funcionando perfeitamente como sempre. Detalhe, isso ocorre num momento em que as pessoas estao fugindo do windows como nunca antes.",11.0,2026-03-17T15:35:56Z,2026-03-17T15:37:26Z,0.0,pt,"Objetivo do sisteme e proteger a si mesmo, ele esta funcionando perfeitamente como sempre. Detalhe, isso ocorre num momento em que as pessoas estao fugindo do windows como nunca antes.",Neutro
m1MAOpaS-TQ,UgwYFoOKUlS-EOqmDWR4AaABAg,@JoséNascimento-y4e,UC0MczxZLJnobni25wqodmVQ,Eu também não fui banido,1.0,2026-03-02T01:06:29Z,2026-03-02T01:06:29Z,0.0,pt,Eu também não fui banido,Neutro
4BAYwwNQCt8,UgysCriaEJQNn4tWWiV4AaABAg,@angelinaxx1._1,UCDRykDNxkXmTQO2Ebkb-ENQ,eu acho que nunca ri tanto na vidaKKKKKKKKKK,0.0,2026-01-23T23:44:54Z,2026-01-23T23:44:54Z,0.0,pt,eu acho que nunca ri tanto na vidaKKKKKKKKKK,Neutro
bCZZJyaBe6o,UgxPD5KlCH_DxMsOxel4AaABAg,@tamiressouza5991,UCHWvSGLlRXMZJ3WYp8P2tOQ,"selocoooooo
eu fis um jogo no roblox eu ganhei verificadooooooooooooooooooooooooooooo",0.0,2026-01-28T18:43:21Z,2026-01-28T18:43:21Z,0.0,pt,selocoooooo eu fis um jogo no roblox eu ganhei verificadooooooooooooooooooooooooooooo,Neutro
_fdkSEqOmIw,UgxcpjQZdH2eTuaMM_R4AaABAg,@LeudaPereiradesousa,UCht5L7FHt60CMv50Iz_xxvg,Eu quero ver o cavalinho chato ele é muito chato aquele já rodou só vai se lascar celta mesmo assim eu tô aqui o short quero voltar eu quero os meus amigos eu não aguento mais plaquinhas que i***** céu com sua vida todas as crianças acabando com Roblox tudo mora a culpa do velcro a gente não quer ir para escola até o povo atualmente está fazendo portanto no Minecraft tudo moto a culpa do fraca nós odeia a escola entendeu flauta a escola não é lugar somente para a gente estudar brincar de conversar nova novidade Roblox falar com nossos amigos tocar deles normal quando a gente tá perto,1.0,2026-01-28T14:52:12Z,2026-01-28T14:52:12Z,0.0,pt,Eu quero ver o cavalinho chato ele é muito chato aquele já rodou só vai se lascar celta mesmo assim eu tô aqui o short quero voltar eu quero os meus amigos eu não aguento mais plaquinhas que i***** céu com sua vida todas as crianças acabando com Roblox tudo mora a culpa do velcro a gente não quer ir para escola até o povo atualmente está fazendo portanto no Minecraft tudo moto a culpa do fraca nós odeia a escola entendeu flauta a escola não é lugar somente para a gente estudar brincar de conversar nova novidade Roblox falar com nossos amigos tocar deles normal quando a gente tá perto,Negativo
4XCQLA9-uiI,UgyzfglR3TXG9CxDla54AaABAg,@AnaLetíciaAlvesLimaAna,UCtAJlpEL_yyzQmTFXI65VQQ,Atualização,0.0,2026-01-22T15:23:04Z,2026-01-22T15:23:04Z,0.0,pt,Atualização,Neutro
k7avghIPc_Q,UgxklkLtj0UKSd0g37R4AaABAg,@Kameramensimp,UCZR1jX-st-_-1_x6cAEOP9g,Pronto vou usar emote pra me comunicar,0.0,2026-01-13T04:31:45Z,2026-01-13T04:31:45Z,0.0,pt,Pronto vou usar emote pra me comunicar,Neutro
4zkB9JjBM40,Ugz9UyBA_mTyqEViShV4AaABAg,@AnaCaroline-bd2qz,UC1dcAxFGBI4_uS-jvZgUG3g,Cara... vim correndo achando que seriam outros tipos de ovos akakkakakakakak,0.0,2025-12-05T14:54:19Z,2025-12-05T14:54:19Z,0.0,pt,Cara... vim correndo achando que seriam outros tipos de ovos akakkakakakakak,Neutro
4wUyKmV8ybY,Ugz15GsUm402m7CnZWV4AaABAg,@gl4nz1,UC6oOQL7lsxgyVuOJ_j16GSA,"UOL , parem de ir na creche contratar apresentadoras",12.0,2026-03-19T03:10:11Z,2026-03-19T03:10:11Z,1.0,pt,"UOL , parem de ir na creche contratar apresentadoras",Neutro
n6SCzc_72lQ,Ugy8kS7JN5OeuR8NHHJ4AaABAg,@ritgames5628,UCmya4KXjIw5coYMwZfFUVwg,"Alanzoka e muitos outros lixos de YTB tem que se ferrar, por que ele foi sim hipócrita e porco chorando culpando o presidente pela morte do tio dele, um comprado fdp",3.0,2025-11-30T14:54:32Z,2025-11-30T14:54:32Z,0.0,pt,"Alanzoka e muitos outros lixos de YTB tem que se ferrar, por que ele foi sim hipócrita e porco chorando culpando o presidente pela morte do tio dele, um comprado fdp",Negativo
sL0CHC0qn0w,Ugwo8aeYXPILlMWt1s14AaABAg,@mateusemh22,UCCZqAfCRuaOSOL3q6AxrmsQ,Trabalho? TRabalho trabalho? E-book Designer / GRaphic Designer/ Printed Book Designer,0.0,2026-02-14T19:40:38Z,2026-02-14T19:40:38Z,0.0,pt,Trabalho? TRabalho trabalho? E-book Designer / GRaphic Designer/ Printed Book Designer,Neutro
_eQbD3NZv18,UgzadWop2CBS9_zeA5l4AaABAg,@uwujwoh,UCDRfCKcSF_K-D2CsnirhYVg,Bem efeito felgo ninguém mandou me rir com rate do rokkkkk,0.0,2026-01-22T00:49:40Z,2026-01-22T00:49:40Z,0.0,pt,Bem efeito felgo ninguém mandou me rir com rate do rokkkkk,Negativo
gXPZKnS-SF4,UgygIoBTc6rQLPmEqbZ4AaABAg,@melissadicesare1936,UCOwVpAtKfdMZuhPSUSLAVow,“Falsos profetas são o castigo de Deus para falsos crentes”,0.0,2025-08-16T00:53:51Z,2025-08-16T00:53:51Z,0.0,pt,“Falsos profetas são o castigo de Deus para falsos crentes”,Neutro
ML9hWrhyfg4,UgxYqVy9V_DebDj2zrZ4AaABAg,@justiçapeloorelhaPietroprocopi,UCqWS3Ml6oKpOMIsx3RNZWGQ,Kkkk só criança mas ussei o rosto da minha irmã kkk,0.0,2026-01-26T13:19:29Z,2026-01-26T13:19:29Z,0.0,pt,Kkkk só criança mas ussei o rosto da minha irmã kkk,Neutro
hO9X4drwACQ,UgxZlHFJmXcL1_JPkIx4AaABAg,@asocapa,UC2gitcVOlno--TjrO_BHEag,Este Monark parece que come merda às colheres,0.0,2025-11-13T18:32:20Z,2025-11-13T18:32:20Z,0.0,pt,Este Monark parece que come merda às colheres,Negativo
sL0CHC0qn0w,UgzeD3krmQN_tKC0Rct4AaABAg,@lastdiveronmars,UCSJJvLsgoEjWGAABL0fjckQ,"Que coincidência, em ano eleitoral e com a moral do governo no fundo do poço, hein? 🤔",0.0,2026-02-25T14:04:03Z,2026-02-25T14:04:03Z,0.0,pt,"Que coincidência, em ano eleitoral e com a moral do governo no fundo do poço, hein? 🤔",Neutro
tDFHi0Nuzvg,Ugx6tvN0Ih3pXGqQwmB4AaABAg,@denisesilveira7339,UCmWyW61erYk9_Q7CdRqbYwA,Sei não. 😊,0.0,2025-10-06T18:16:41Z,2025-10-06T18:16:41Z,0.0,pt,Sei não. 😊,Neutro
c4LqNNgXp1s,UgxUmjTlFGclC1R8Wyh4AaABAg,@YasminFerreira-sp5wb,UCp4n0No9Pgr62EHCSOlVClA,Na minha escola tem um aluno que e mais alto que vc ❤,0.0,2025-11-08T13:01:11Z,2025-11-08T13:01:11Z,0.0,pt,Na minha escola tem um aluno que e mais alto que vc ❤,Neutro
Pr5SPN0lsPo,UgzJtTQXSnlCQqINvo14AaABAg,@cibelecristinaporto3829,UCjye1jv8XsAA2eQT9VnxBrw,"-Sabe qual que e o melhor jogo do roblox?
-Qual?
-O roube um brenrosca-",0.0,2026-03-22T14:01:16Z,2026-03-22T14:01:16Z,0.0,pt,-Sabe qual que e o melhor jogo do roblox? -Qual? -O roube um brenrosca-,Neutro
22MFh55fY4M,UgyQ_bJ-iX-uScIx29p4AaABAg,@BillsDeusDestruidor,UCV7IVo8W3CI57PdGHiOET8w,"Essa Vadia Militante, está com Falta de um boa rola nesse rabo dela.",0.0,2026-02-12T19:19:06Z,2026-02-12T19:19:06Z,0.0,pt,"Essa Vadia Militante, está com Falta de um boa rola nesse rabo dela.",Negativo
gHQ2G7lC-z0,UgwzzAGwoqpgsXQCBxl4AaABAg,@Kaue-rds,UCntul1eHYF2VoAMtmD8RHyA,"Oque aconteceu detetive, pq apagou o video do 3i atlas ?",0.0,2025-11-29T22:05:55Z,2025-11-29T22:05:55Z,3.0,pt,"Oque aconteceu detetive, pq apagou o video do 3i atlas ?",Neutro
y0l_lNLZnCI,UgwAIPZf7zkWOiJnNQd4AaABAg,@cicatrizesquefalam-w6f,UCSIC3kmUgU_MPWpeoicBegQ,"Ótima reflexão! A vida é realmente curta. Por isso, precisamos tomar, o quanto antes, a decisão sobre onde queremos que nossa alma passe a eternidade. Depois do último suspiro, não haverá mais tempo. Existem apenas dois destinos: céu ou inferno.

Escolha hoje o caminho do Céu, que é Jesus Cristo — o Caminho, a Verdade e a Vida. Não basta apenas acreditar em Sua existência; é preciso crer em Seus ensinamentos e segui-los. A fé verdadeira não é apenas acreditar, mas também obedecer.

Decida hoje. Sua eternidade depende dessa escolha.",0.0,2025-08-21T17:10:49Z,2025-08-21T17:10:49Z,1.0,pt,"Ótima reflexão! A vida é realmente curta. Por isso, precisamos tomar, o quanto antes, a decisão sobre onde queremos que nossa alma passe a eternidade. Depois do último suspiro, não haverá mais tempo. Existem apenas dois destinos: céu ou inferno. Escolha hoje o caminho do Céu, que é Jesus Cristo — o Caminho, a Verdade e a Vida. Não basta apenas acreditar em Sua existência; é preciso crer em Seus ensinamentos e segui-los. A fé verdadeira não é apenas acreditar, mas também obedecer. Decida hoje. Sua eternidade depende dessa escolha.",Positivo
i0NLrgitAPI,UgxXmlINfCCSAM8g9AB4AaABAg,@patriciasilva1540,UCtEydz9LBuFiexwesLYf69w,Meu Deus que final 😮😮. Agora perdermos 😢,0.0,2026-02-21T00:07:18Z,2026-02-21T00:07:18Z,0.0,pt,Meu Deus que final 😮😮. Agora perdermos 😢,Neutro
Oc-Lxz91504,UgxbHx52VGYaKY54GEh4AaABAg,@pdpmg80,UCSnMfPsniYpY35ziEV-4fyA,Ele fez isso pra protege as criãnças,0.0,2026-02-17T17:12:15Z,2026-02-17T17:12:15Z,0.0,pt,Ele fez isso pra protege as criãnças,Positivo
jXJqI9RJKnU,UgwDx-8x1uTuI7Hpyql4AaABAg,@neutroguybr1356,UCFSZIae-Zf1qSIK74327ZdQ,"Obrigado por explicar
Eu tava achando q ia remover os jogos com lootbox tudo",2.0,2025-10-02T05:37:46Z,2025-10-02T05:37:46Z,1.0,pt,Obrigado por explicar Eu tava achando q ia remover os jogos com lootbox tudo,Positivo
AIEihV-eiCA,UgwWvHVEpBCIzVVQsB54AaABAg,@TassoFonsecaDeSousaFonsecadeso,UC0R7_fQNPiUtD9PqT6C5y6w,Vão procurar a Deus,1.0,2025-09-16T04:53:08Z,2025-09-16T04:53:08Z,0.0,pt,Vão procurar a Deus,Neutro
7kAOy3E9CWw,UgwPmLXu0gcefBJZXvN4AaABAg,@neyprestes7979,UCdluMxsOmMHKwxu5gmPg62A,A moça  ai nunca frequentou  nem sítio  imagina  em floresta...ambientalista do mesmo que desocupado,0.0,2025-10-10T10:44:19Z,2025-10-10T10:44:19Z,0.0,pt,A moça ai nunca frequentou nem sítio imagina em floresta...ambientalista do mesmo que desocupado,Negativo
1VEpEH-bBsg,Ugybg7nRG6ofVO6VVxt4AaABAg,@thaissousa141,UC90bEieV-UvIwBn5irnfT5Q,Mano por isso q eu odeio criança de roblox são todos chatos e sem educação,1.0,2026-01-15T14:26:10Z,2026-01-15T14:26:10Z,0.0,pt,Mano por isso q eu odeio criança de roblox são todos chatos e sem educação,Negativo
KO32zN3fkNQ,UgytJsZuMX_p9TfaRxV4AaABAg,@caioluiz8161,UCrYHpz3cqLuyudMYZEhQTNQ,"Raiam, o que aconteceu com a Bianquinha em relação ao RedCast? Ela faz falta, mas acredito que o problema é pessoal(saúde) dela. Espero que ela volte logo. Um abraço!",0.0,2025-10-23T14:56:57Z,2025-10-23T14:56:57Z,0.0,pt,"Raiam, o que aconteceu com a Bianquinha em relação ao RedCast? Ela faz falta, mas acredito que o problema é pessoal(saúde) dela. Espero que ela volte logo. Um abraço!",Neutro
EnskSrMV23I,Ugwjd3tZfHg1-koSRVh4AaABAg,@DionathanAlves-w3w,UCN7EIOeTARbijKrG9jX95kA,Eu participei dos protestos,0.0,2026-01-15T12:00:22Z,2026-01-15T12:00:22Z,0.0,pt,Eu participei dos protestos,Neutro
FEElcj_ljDM,UgyNHkaIVlzkK1y6YvN4AaABAg,@LuanDR,UCUekiLtpOgSmgge4b2odRgw,Então o STJ liberou a pedofilia e o estupro? Só perguntando pra ver se é isso que entendi,0.0,2026-02-21T16:57:54Z,2026-02-21T16:57:54Z,0.0,pt,Então o STJ liberou a pedofilia e o estupro? Só perguntando pra ver se é isso que entendi,Negativo
uqbJmMAJR-o,Ugxc6lZLfwvjW8oqQpt4AaABAg,@allexboombando3132,UC7l_05TkcVQlOvi2BzJxolA,Sobre o rapaz do cavalo. Mataram ele.,0.0,2026-01-31T13:02:40Z,2026-01-31T13:02:40Z,0.0,pt,Sobre o rapaz do cavalo. Mataram ele.,Neutro
yvNNydemYQk,UgyBzCprcwKXw281o814AaABAg,@FabioRagazzi-gv8zu,UCbcfX3xovXZWMVQCPHqsPXQ,"Para da globo pq? Se vamar pra fazer uma novela tb nao da , 😂",0.0,2025-10-25T23:08:47Z,2025-10-25T23:08:47Z,0.0,pt,"Para da globo pq? Se vamar pra fazer uma novela tb nao da , 😂",Neutro
SN8F-82AHLA,Ugx7nS-QBksp9lIZWzt4AaABAg,@akame_1912,UCYMnvsbdG6xRKnMWfilhTCg,Felca vai aparecer nos livros de história,0.0,2025-09-30T03:01:04Z,2025-09-30T03:01:04Z,0.0,pt,Felca vai aparecer nos livros de história,Neutro
l0BDz39qLDY,UgxhGkjPQWARNQytft94AaABAg,@taniamarino6011,UCzV8qDu0S81iLno2Et9M8yA,Luana é o próprio barril.,2.0,2026-02-20T04:26:52Z,2026-02-20T04:26:52Z,0.0,pt,Luana é o próprio barril.,Negativo
KrnYbtchJ7E,Ugzmr8ymNYJMnkWG3u94AaABAg,@Goldenfred40-o7w,UCUI3ag2GG_8gk4gu7ZI6nGg,Achei mais acabou meu tempo acabou,0.0,2026-01-14T00:52:32Z,2026-01-14T00:52:32Z,0.0,pt,Achei mais acabou meu tempo acabou,Neutro
15nbb-4DkbU,UgwGS09lANVfz2jUALd4AaABAg,@akira00790,UCMmxfj9MiGO9AuWCTkgwZiw,"Tem gente usando foto do epstein pra passar na verificação de idade, E O PIOR QUE FUNCIONA KAKSKSKSKSKSK",325.0,2026-03-20T00:37:19Z,2026-03-20T00:37:19Z,16.0,pt,"Tem gente usando foto do epstein pra passar na verificação de idade, E O PIOR QUE FUNCIONA KAKSKSKSKSKSK",Neutro
ZZ5EftrTn3E,UgzdhWujU3wAx1Wg2KJ4AaABAg,@KillerStar2.0,UCVY5Hcf4emjuIJDbLCFC0Ag,"Roblox tá em uma situação crítica em, por parte dos jogadores e dos donos tb, espero que ele simplesmente seja banido no mundo todo? Não, mas espero que ele melhore de forma inteligente.",0.0,2026-01-16T23:10:53Z,2026-01-16T23:10:53Z,0.0,pt,"Roblox tá em uma situação crítica em, por parte dos jogadores e dos donos tb, espero que ele simplesmente seja banido no mundo todo? Não, mas espero que ele melhore de forma inteligente.",Neutro
YT4P98cD6pM,UgzO-sSVxc2SCMFiGml4AaABAg,@EdgarSoe,UCCuV0WjK652hWQIiKnXB0JA,Futura Juju do Pix.,1.0,2025-12-05T01:03:40Z,2025-12-05T01:03:40Z,0.0,pt,Futura Juju do Pix.,Neutro
HthZGPocHIk,UgybL9JCnK2y6g8E55h4AaABAg,@matheusgomes-f1x,UCQHtqHHhIehc5YdTQsNQuXQ,Eu tirei aqui nessa batalha eu ia trazer uma bazuca para destruir o ferro para matar deu sete de volta,0.0,2026-01-26T21:16:25Z,2026-01-26T21:16:25Z,0.0,pt,Eu tirei aqui nessa batalha eu ia trazer uma bazuca para destruir o ferro para matar deu sete de volta,Negativo
c3ZeKaDNCQA,Ugy6oRXGH3MWb53jP954AaABAg,@Neylaalenkar,UC1z7AaWa-lOuTN1oBBcJPzw,E muito difícil mesmo de olho uma hora um maníaco aparece nos jogos ja convivi isso na pele com meu filho,0.0,2026-03-20T17:44:49Z,2026-03-20T17:44:49Z,0.0,pt,E muito difícil mesmo de olho uma hora um maníaco aparece nos jogos ja convivi isso na pele com meu filho,Negativo
-mOBpDsgDnA,UgyTrcjKXgaEGTJ23bp4AaABAg,@KPOPNAREALOFICIAL,UCMnms7mokDiugBeUHbS7lBw,a kuro não se importa nem com o PTBR imagina com a idade no Brasil!,0.0,2025-09-29T02:28:55Z,2025-09-29T02:28:55Z,0.0,pt,a kuro não se importa nem com o PTBR imagina com a idade no Brasil!,Neutro
eGyQPGXLdLU,Ugz1klhRuJGA0edAh-d4AaABAg,@Emanuelly-v9f,UCxFVQT_cZ7nf5BSiJ0LIg4g,A gente não tá falando do seu quarto e sim de você vai ver as roupas que você usa vai ver os vídeos que você posta alguém avisa para ela que ela não é adolescente por favor porque senão eu aviso a gente está falando de você e sim do jeito que você se veste do jeito que você arruma seu cabelo não do seu quarto alguém avisa ela,0.0,2026-01-20T19:16:02Z,2026-01-20T19:16:02Z,0.0,pt,A gente não tá falando do seu quarto e sim de você vai ver as roupas que você usa vai ver os vídeos que você posta alguém avisa para ela que ela não é adolescente por favor porque senão eu aviso a gente está falando de você e sim do jeito que você se veste do jeito que você arruma seu cabelo não do seu quarto alguém avisa ela,Neutro
Dx1rcbAiP4g,UgxzZeKOE2hhXYbAdl14AaABAg,@ReiCaixa,UCGfgj6fQ-uXba6ug61HWANA,"Cara5:40 Descordo.
Tenho 26 anos, e acordei numa ditadura ontem. Eu teria que enviar foto do meu rosto ou foto do meu ID pra poder acessar sites que preciso usar pra trabalhar.
E eu não aceito fazer nada disso, por isso estou na Argentina agora (aqui em São Paulo, mas na Argentina), e meu celular tá no Chile.",0.0,2026-03-20T02:48:46Z,2026-03-20T02:48:46Z,0.0,pt,"Cara5:40 Descordo. Tenho 26 anos, e acordei numa ditadura ontem. Eu teria que enviar foto do meu rosto ou foto do meu ID pra poder acessar sites que preciso usar pra trabalhar. E eu não aceito fazer nada disso, por isso estou na Argentina agora (aqui em São Paulo, mas na Argentina), e meu celular tá no Chile.",Negativo
5wglC85cgo4,UgyFJ2_OnRKOFJOe5t14AaABAg,@marcosqueiroz5217,UClIjdcVMsiOc2llBpLaf1rQ,Não isso é injustiça filha nunca deixa ele viver,0.0,2026-01-22T00:17:40Z,2026-01-22T00:17:40Z,0.0,pt,Não isso é injustiça filha nunca deixa ele viver,Neutro
2_Bq3k0BEu0,Ugz51j3TgcKROEDDIKx4AaABAg,@storyteller-p7h,UCqBXqzKoFfPBdl_vdOb3A8w,"Realmente, Felca é boneca...",0.0,2026-03-24T09:12:40Z,2026-03-24T09:12:40Z,0.0,pt,"Realmente, Felca é boneca...",Negativo
xrBeEJ9rHms,UgxbKuDC_lUaK9A3aiZ4AaABAg,@ElaineSoares-c8v,UCES9Bg3DtKEFLTGXKvAfFdg,Eu sei que é cabelo falso é franja falsa,0.0,2026-01-03T22:06:17Z,2026-01-03T22:06:17Z,0.0,pt,Eu sei que é cabelo falso é franja falsa,Neutro
o_9sk0K_9h4,Ugx5fddWrq63jkdN3mt4AaABAg,@marciamieko8673,UCJICe5yJaENtviYPb9Y1HcA,Vendido. Já era. Quem assiste TV Globe? Lamentável.,0.0,2025-10-15T04:34:41Z,2025-10-15T04:34:41Z,0.0,pt,Vendido. Já era. Quem assiste TV Globe? Lamentável.,Negativo
7AHEL2YljF0,UgxSdPm1QpXZALcljHR4AaABAg,@Mr.Filliphy,UCGc5xBtVE2RmH5Vd22FU8vw,"6:39 Não é inocência, é canalhice mesmo desses c0rrupt0s, vtnc felca.",1.0,2026-03-20T19:08:21Z,2026-03-20T19:08:21Z,0.0,pt,"6:39 Não é inocência, é canalhice mesmo desses c0rrupt0s, vtnc felca.",Negativo
wetiR3ShvOk,UgzwfZY0xsAbzWZL6714AaABAg,@cantinhoda_Zara,UCFAzS_SW5G8CesRSxavb7aQ,Marca o felca gente,0.0,2026-01-19T04:13:33Z,2026-01-19T04:13:33Z,0.0,pt,Marca o felca gente,Neutro
xMkH93h9i18,UgzV2XC9sNhAcZgl3lB4AaABAg,@Mullergamers,UC2FKmXeQmvtzHnKpx_v8aGg,Meu tio ia bater no felca na farmácia mas a minha tia não deixou,2.0,2026-01-24T15:04:33Z,2026-01-24T15:04:33Z,2.0,pt,Meu tio ia bater no felca na farmácia mas a minha tia não deixou,Negativo
448RtcilO_s,UgwICDxpwHySWywWZ6d4AaABAg,@jonathinter,UCd7TZswRaevIlIRvWhOJnVw,"Máfia do CPF? kkkkkkkk Deve ter quem usa contas falsas e usa CPF de outros, mas isso deve ser feito por torcedores de todos e é uma parcela insignificante. Quem investe nisso deve ser torcedor dos q n sao favoritos. O pessoal do Cowboy e Jonas, mas duvido q faça diferença.",0.0,2026-03-18T03:13:44Z,2026-03-18T03:13:44Z,0.0,pt,"Máfia do CPF? kkkkkkkk Deve ter quem usa contas falsas e usa CPF de outros, mas isso deve ser feito por torcedores de todos e é uma parcela insignificante. Quem investe nisso deve ser torcedor dos q n sao favoritos. O pessoal do Cowboy e Jonas, mas duvido q faça diferença.",Neutro
0XojaysxPuU,UgyJVX_nvWuKy_AUaPF4AaABAg,@danielbaptista2846,UCZzU_huVQOGvuqza_5kF_8A,Eu quero sair na porrada com esse Thiago aí... algum promoter aí a fim de ganhar uns pilas e sem escrupulos de explorar nossas misérias humanas poderia viabilizar essa possibilidade e promover esse espetáculo grotesco? Grato,3.0,2025-12-01T14:15:58Z,2025-12-01T14:15:58Z,0.0,pt,Eu quero sair na porrada com esse Thiago aí... algum promoter aí a fim de ganhar uns pilas e sem escrupulos de explorar nossas misérias humanas poderia viabilizar essa possibilidade e promover esse espetáculo grotesco? Grato,Negativo
cYNllIOPvP0,UgxgYWybMadGwRYyGNp4AaABAg,@alessandroviniciusgabrield5936,UC9d4qIMpZAq6q56JWxhKNVg,Ele não considera dançar funk com pornografia Eu também não considero foto de pés pornografia mas tem gente que vem como,2.0,2025-12-01T20:48:45Z,2025-12-01T20:49:35Z,0.0,pt,Ele não considera dançar funk com pornografia Eu também não considero foto de pés pornografia mas tem gente que vem como,Neutro
90pSW_R2CjU,UgylH8LYkMOai9xRFGR4AaABAg,@AiltonCruzdeOliveiraCruz-d8s6q,UC9INvKh7U-GzcJSWvv_kpfg,Mesmo fazendo olho torto você é linda,0.0,2025-09-17T01:12:24Z,2025-09-17T01:12:24Z,0.0,pt,Mesmo fazendo olho torto você é linda,Positivo
bk-RJHGfEIs,UgwfTsHeQjX7h0xSiWZ4AaABAg,@Airtonr20,UCKuWnuBoM_Zklny0qulR_sA,Eu num quero morrerrr! Akakakakakakakak,0.0,2026-01-18T18:42:06Z,2026-01-18T18:42:06Z,0.0,pt,Eu num quero morrerrr! Akakakakakakakak,Neutro
vzmD_wtRMJQ,Ugw6dT1V_woyVktfO514AaABAg,@ritacarvalho3112,UC4t6bqGDCMsM86vHIlFNNhQ,"Quer ser red pill mas quer ter mulher, dá pra entender? Um cara desse tem é que ficar só",28.0,2025-11-29T20:17:37Z,2025-11-29T20:17:37Z,13.0,pt,"Quer ser red pill mas quer ter mulher, dá pra entender? Um cara desse tem é que ficar só",Neutro
mA3HKICB_Mo,UgxQrhPu0XGd0qrBmxl4AaABAg,@leneperei,UCovVCjU0vz-n4QOOLMHxEuw,Um lixo,0.0,2025-08-23T07:27:56Z,2025-08-23T07:27:56Z,0.0,pt,Um lixo,Negativo
X7y8bOLmDhc,UgzWSkAhBoYJYW-_4oF4AaABAg,@mayconandre6191,UC8jC_BpE0Ty59pSOliMvb6A,"Legal foi o felca explicando a lei como se os ""papais e mamães"" fossem idi0tas!😂😂😂",5.0,2026-03-22T15:56:51Z,2026-03-22T15:56:51Z,2.0,pt,"Legal foi o felca explicando a lei como se os ""papais e mamães"" fossem idi0tas!😂😂😂",Neutro
F_YVsDxkpuw,UgwqHIZYBtYkD6kYlBh4AaABAg,@deonildadossantos1793,UC0AiWMA8JDgpLwOiutfxz6Q,"Continue sendo essa pessoa abençoada, seu canal é necessário. Parabéns! 👏👏👏👏👏",0.0,2025-11-22T11:54:48Z,2025-11-22T11:54:48Z,0.0,pt,"Continue sendo essa pessoa abençoada, seu canal é necessário. Parabéns! 👏👏👏👏👏",Positivo
8dsHOB-TGd4,UgzO-QLZW0Yg-PTe6v54AaABAg,@bielmartins9363,UCzJf4qas91ihkB57aorgjgQ,Era óbvio 😂😂,0.0,2025-12-02T00:00:05Z,2025-12-02T00:00:05Z,0.0,pt,Era óbvio 😂😂,Neutro
F_YVsDxkpuw,UgzXodaynhy-b_gTniR4AaABAg,@taninhamor,UCToDVAEa-V10Bg2e9r29A-g,Ja parei de seguir ele faz tempo 😊,0.0,2025-11-11T20:55:18Z,2025-11-11T20:55:18Z,0.0,pt,Ja parei de seguir ele faz tempo 😊,Neutro
k10asgFxeAQ,Ugw_Q9YAHgoAJ8FW2bt4AaABAg,@DêmiliDevilMayCry,UCL3x2nC-p9aVt3XRJY0O-Lw,"seria capaz de a globo ter matado pessoas pra ter divulgado BETS  no programa ou em cada intervalo, por causa de que a vida das pessoas eram pagas ou regidas com os dinheiros que era dessas pessoas, ou por exemplo é... sei láh... É ... SEI LÁ... ROUBADO O DINHEIRO DESSAS MESMAS PESSOAS PRA DIVULGAR ESSAS BETS",0.0,2025-10-25T20:08:21Z,2025-10-25T20:08:21Z,0.0,pt,"seria capaz de a globo ter matado pessoas pra ter divulgado BETS no programa ou em cada intervalo, por causa de que a vida das pessoas eram pagas ou regidas com os dinheiros que era dessas pessoas, ou por exemplo é... sei láh... É ... SEI LÁ... ROUBADO O DINHEIRO DESSAS MESMAS PESSOAS PRA DIVULGAR ESSAS BETS",Negativo
k7avghIPc_Q,Ugxhe3qxwa8OPf7qtzl4AaABAg,@tanjiroKamado-c5w,UCEdP_LS4VS6ywX1z5B7NnYQ,Eu tenho 10 anos,1.0,2026-01-09T14:38:56Z,2026-01-09T14:38:56Z,1.0,pt,Eu tenho 10 anos,Neutro
3JMFyOqUmuU,UgwjNDJWUQpAJmiO8VV4AaABAg,@ellizheu,UCFg0gnVHkKPBsyhYg46BtVw,Tem que proibir mesmo crianças tem que estudar e praticar esporte .,0.0,2026-03-18T06:53:13Z,2026-03-18T06:53:13Z,0.0,pt,Tem que proibir mesmo crianças tem que estudar e praticar esporte .,Neutro
D8uK1MK22Dk,UgxzS1HYCBE2Gjh83cx4AaABAg,@VanderleiRodrigues-r6m,UCnGrPOuOE_4ZxvjwMDZUijg,Partido das Trevas.  Partido dos Traficantes. Canalhas,0.0,2025-11-14T14:41:24Z,2025-11-14T14:41:24Z,0.0,pt,Partido das Trevas. Partido dos Traficantes. Canalhas,Negativo
FWs2WKmOpCI,Ugw6Z0M50Fs2ewUhkpl4AaABAg,@robsonsillia9748,UCD4zhbDmjZfOjsz5zslzPxw,"Cara, índio de Hilux não dá não.....",0.0,2025-12-10T19:34:53Z,2025-12-10T19:34:53Z,0.0,pt,"Cara, índio de Hilux não dá não.....",Negativo
4Aegg62pnUM,Ugz9EjYv6zUzJrvY2xB4AaABAg,@pedroarthur5235,UCnJFYTLUWu5Rn45QoTBJl4Q,A cara do felca,0.0,2026-03-05T00:15:43Z,2026-03-05T00:15:43Z,0.0,pt,A cara do felca,Neutro
LgA38-_gGBw,UgyTLhEpPymIp5uucgN4AaABAg,@azkzero,UCjiK6PVy74ooHN7P4tLAvmg,"TEREMOS QUE IMPLANTAR AS ORELHAS DO FELCA NO PINGUIM,  PARA PODER RECUPERAR A CREDIBILIDADE DO LINUX NO BRASIL.",3.0,2026-03-21T23:21:49Z,2026-03-21T23:21:49Z,1.0,pt,"TEREMOS QUE IMPLANTAR AS ORELHAS DO FELCA NO PINGUIM, PARA PODER RECUPERAR A CREDIBILIDADE DO LINUX NO BRASIL.",Neutro
FuwidnO8zNM,UgyrZQ32pCQjWEpaQzB4AaABAg,@gabrielsantiago1247,UCZvvUDWVwDDMrWAeBqdGe7A,eu no final:🤡,0.0,2025-12-27T23:14:31Z,2025-12-27T23:14:31Z,0.0,pt,eu no final:🤡,Neutro
vd4bWner3O8,UgwusOlXXv2sjlJwfot4AaABAg,@dudagarcia4523,UCpN4fiF_XFrwF51cQfszfpg,E eduarda,0.0,2026-01-12T20:10:46Z,2026-01-12T20:10:46Z,0.0,pt,E eduarda,Neutro
rLZFmJKoYLM,UgwFIg5CpFj4kDiwE4B4AaABAg,@THFL_OFC,UCKDkQU_j5rXxdftC_tskDTQ,Como isso não bateu 1 milhão ainda,1.0,2026-02-03T09:25:15Z,2026-02-03T09:25:24Z,0.0,pt,Como isso não bateu 1 milhão ainda,Positivo
K9cdimZrvrA,UgysynNDjweyFxK5vPZ4AaABAg,@anaalves-ez5jd,UCneeHppqIa527Dd7JcQ_06A,Que além de você bloquear o traje do Roblox você quer jogar uma bomba no todo mundo para acabar todo mundo o mundo todo,0.0,2026-03-21T12:22:06Z,2026-03-21T12:22:06Z,0.0,pt,Que além de você bloquear o traje do Roblox você quer jogar uma bomba no todo mundo para acabar todo mundo o mundo todo,Negativo
NY7w5HAudt4,UgyMgWr3F2Gs-EsVE0d4AaABAg,@Herlon-Pontes,UClF1VAYtla8k0iXNubkE1Pw,comentário,1.0,2026-03-13T18:18:00Z,2026-03-13T18:18:00Z,0.0,pt,comentário,Neutro
N3nRrF5-__Q,UgzSSUSNzXOPgQeDAFR4AaABAg,@PsicologizandoO,UC1UFw28_aMsRmtlZcN9J6Bw,"Meia verdade sendo transformada em uma grande mentira, se informe meu mano",2.0,2026-03-18T07:36:18Z,2026-03-18T07:36:18Z,2.0,pt,"Meia verdade sendo transformada em uma grande mentira, se informe meu mano",Neutro
mzGUeArTphY,Ugw7JHAG4g87J6fHJWd4AaABAg,@adolfol.l.7700,UCZMb2KVOE0RUuY-o8fffjvA,"se vendeu pra emissora mais falsa e lixo que existe, triste isso.",0.0,2025-11-15T23:47:25Z,2025-11-15T23:47:25Z,0.0,pt,"se vendeu pra emissora mais falsa e lixo que existe, triste isso.",Negativo
iuI0zwW-Ea0,UgyhWaW5PRqy4WB1dtF4AaABAg,@Itz_jub.s,UC50KuFeOGVhtzFwEz6eCIxw,"Cara na minha opinião, essa serie tinha tudo pra ser a serie boa mais os palavrões execivos, muita piada com com pic, xibiu e uc, muito mais muito mesmo personagens lgbt com exteriotipos forçados. Isso é uma coisa que so atrai adolescente doente mental ou sem senso critico de alguma coisa.",0.0,2025-12-29T16:51:05Z,2025-12-29T16:51:05Z,0.0,pt,"Cara na minha opinião, essa serie tinha tudo pra ser a serie boa mais os palavrões execivos, muita piada com com pic, xibiu e uc, muito mais muito mesmo personagens lgbt com exteriotipos forçados. Isso é uma coisa que so atrai adolescente doente mental ou sem senso critico de alguma coisa.",Negativo
RtvU-D9UQ80,UgzxjxrkatBBfvm4msF4AaABAg,@marcos.araujosouza7091,UCVTpSf1e4EQ5NwfhS2SDrig,Chato liberar o chate,0.0,2026-01-29T23:27:46Z,2026-01-29T23:27:46Z,0.0,pt,Chato liberar o chate,Negativo
FdqxWcLXJ-U,UgwLxYU1njm0tVp86F14AaABAg,@SantosDz6,UCBdsQSN5iINtnZiYN_KaDIQ,"Console é pra quem quer se divertir, PC é pra quem quer jogar",0.0,2026-02-18T15:16:10Z,2026-02-18T15:16:10Z,0.0,pt,"Console é pra quem quer se divertir, PC é pra quem quer jogar",Neutro
8KSKq_UlBmM,UgwuimHgvYmcaHrOuEp4AaABAg,@YUNNI7,UC3Lef_brYbxSmWOe6dwo4KQ,"Uma casa na Suiça custa 1 milhão/7 milhões de francos suíços, q seria algo como isso aqui de reais 6739911,00/47179377,00, prefiro o tal do ""bostil"" kkkkkkk palavras ridícula, síndrome do cachorro vira lata é paia",0.0,2026-02-12T05:49:53Z,2026-02-12T05:50:02Z,0.0,pt,"Uma casa na Suiça custa 1 milhão/7 milhões de francos suíços, q seria algo como isso aqui de reais 6739911,00/47179377,00, prefiro o tal do ""bostil"" kkkkkkk palavras ridícula, síndrome do cachorro vira lata é paia",Negativo
TQHFmRA11Ss,UgyR6lRZdMSwy256zFt4AaABAg,@alessandrosantossilva7450,UCy-boJmR2uFCCmvswVNTVIw,Tem que tomar cuidado com a esquerda esse pessoal não dá mole não,0.0,2025-08-12T21:56:29Z,2025-08-12T21:56:29Z,0.0,pt,Tem que tomar cuidado com a esquerda esse pessoal não dá mole não,Negativo
15nbb-4DkbU,UgwtxKSULTRgwrzAvwF4AaABAg,@j.willer,UCsycCgTy6xjmNAeiCPu1xRQ,"uma boa porcentagem das views são de crianças deslogadas, agora vão ter que emprestar a conta de algum maior pra logar.",0.0,2026-03-20T06:13:49Z,2026-03-20T06:13:49Z,0.0,pt,"uma boa porcentagem das views são de crianças deslogadas, agora vão ter que emprestar a conta de algum maior pra logar.",Neutro
AIg453SYE2c,Ugw7LH0vvIeeKOwLo694AaABAg,@bucha_fujiwara2,UCLBcFtGH9QN-UK5T0-n0Uyg,Qualquer personagem que tenha habilidade ativa tirando o alok é roubado e tambem aquele que  revive os jogares e tambem a sonia,0.0,2026-02-23T07:51:01Z,2026-02-23T07:51:01Z,0.0,pt,Qualquer personagem que tenha habilidade ativa tirando o alok é roubado e tambem aquele que revive os jogares e tambem a sonia,Neutro
WRUSNWuJCNs,UgwYe0Yd647v5cfn9ZZ4AaABAg,@Akhzsjgsaig,UCFvKKCqD0-BztvKDcdfusbQ,Queremos injustiça se não nós vai brincar de free fire na casa do felca,0.0,2026-02-14T17:52:13Z,2026-02-14T17:52:13Z,2.0,pt,Queremos injustiça se não nós vai brincar de free fire na casa do felca,Negativo
B62wVCQnTRo,UgxIOFLSDQBhZ9-NXfJ4AaABAg,@PRETO.ALBINO7,UCStkBdytq2T_oHqLcJZEZYg,Calado seu jack,0.0,2025-08-12T16:08:02Z,2025-08-12T16:08:02Z,0.0,pt,Calado seu jack,Negativo
eHA00A3FHNI,UgzkeLHRBTn9aARRQgx4AaABAg,@Psico_Ilay_Riegrow,UCeM2n8eUlbe3_v4PpTbFqOg,"Não sei quem acordou mais doido, eu vendo a notícia ou minha mãe descobrindo a notícia por minha culpa

Só sei que foi tanta animação, que o sol sentiu inveja do nosso brilho logo cedo",0.0,2025-08-17T06:22:20Z,2025-08-17T06:22:20Z,0.0,pt,"Não sei quem acordou mais doido, eu vendo a notícia ou minha mãe descobrindo a notícia por minha culpa Só sei que foi tanta animação, que o sol sentiu inveja do nosso brilho logo cedo",Positivo
Xw7mx7MzjDI,UgzDLd6eLt3MTAi4VzN4AaABAg,@grace_monteiro,UCGIGDtPl6fHwVa_OvGGZEOg,Eu não conheço 😂😂😂😂,0.0,2025-12-26T14:04:48Z,2025-12-26T14:04:48Z,0.0,pt,Eu não conheço 😂😂😂😂,Neutro
0_WDeRIhSgI,UgytkyMMwhFZQoWHb0Z4AaABAg,@dorameira-b4h,UC1Xb51J80ZgVGWUsYJVnDfQ,"Várias PESSOAS lucram com as mazelas do povo, por isso nunca irão tomar providências definitivas . E também porque em todas  podridão tem peixe grande envolvido ou alguém com no mínimo influência.",0.0,2025-10-15T19:14:40Z,2025-10-15T19:14:40Z,0.0,pt,"Várias PESSOAS lucram com as mazelas do povo, por isso nunca irão tomar providências definitivas . E também porque em todas podridão tem peixe grande envolvido ou alguém com no mínimo influência.",Negativo
W7OUKVAzcbQ,Ugx9cHvmVH2_U-x-xD14AaABAg,@MiltonCarlosGomesPeixoto,UCkx4LHecargU7LOlC6jTRRw,Quem acha que eu Naldinho vai chegar aos 50 milhões de inscritos 👇,1.0,2026-01-19T21:43:29Z,2026-01-19T21:43:29Z,0.0,pt,Quem acha que eu Naldinho vai chegar aos 50 milhões de inscritos 👇,Neutro
DjtNy0wZs-A,Ugyywad2n7RIjKdnyUx4AaABAg,@KBsales171,UCqOv78d6Ke7l2wRiyMgf27A,"Eu aprendi uma lição, eu não vou mais endeusar ninguém, me decepcionei com o Felca, porque assim, eu amava o humor do Felca, e hoje parece que ele tá alterado e diferente (mas não do jeito bom), e sinto pena das crianças, mas cara... eu não vou mais endeusar ninguém, na vdd eu nãi endeuso eu só admiro e isso é um problema meu, o estranho é que o vídeo de adultização do Felca sim foi bom, mas teve mais gente que falou desse tema e ninguém deu bola,e então quero te agradecer PUTONES.",0.0,2026-03-25T23:18:32Z,2026-03-25T23:20:32Z,0.0,pt,"Eu aprendi uma lição, eu não vou mais endeusar ninguém, me decepcionei com o Felca, porque assim, eu amava o humor do Felca, e hoje parece que ele tá alterado e diferente (mas não do jeito bom), e sinto pena das crianças, mas cara... eu não vou mais endeusar ninguém, na vdd eu nãi endeuso eu só admiro e isso é um problema meu, o estranho é que o vídeo de adultização do Felca sim foi bom, mas teve mais gente que falou desse tema e ninguém deu bola,e então quero te agradecer PUTONES.",Positivo
nDMKTF88gmo,UgyxyosCSQ5veX2nEXV4AaABAg,@DiáriodeTinah-k9t,UCR1QaiyDI7NO1S-zsvVFQrw,"T3ddyyyyy  joga um jogo q eu viciei chamado: (FPS) Passeio
E um jogo de várias rodadas quem fizer mais pontos ganha:>",0.0,2025-11-28T22:33:35Z,2025-11-28T22:33:35Z,0.0,pt,T3ddyyyyy joga um jogo q eu viciei chamado: (FPS) Passeio E um jogo de várias rodadas quem fizer mais pontos ganha:>,Neutro
HfZvUS6jVKs,Ugwaj90YGKpiQgsZvxl4AaABAg,@AlanJones-e8p,UCtp6lHzMvuw_etAzqoDVFuQ,Felca é um 🤡 um personagem do Felipe  filhinho do papai um mentiroso,1.0,2026-03-17T01:23:37Z,2026-03-17T01:23:50Z,0.0,pt,Felca é um 🤡 um personagem do Felipe filhinho do papai um mentiroso,Negativo
02swnB5uHA4,UgwkCiVVoiqLO8jg7OV4AaABAg,@Nerdvers3fh,UCVsFf9jayXc009rdFIFmvMA,"Comida enlatada pra guerra e ataque zunbi é ruim então se tiver podre nem tem diferença do gosto normal, mas batatas são inglesas, mas batatas chips não e é bom pra krai.",0.0,2026-02-17T06:24:17Z,2026-02-17T06:24:17Z,0.0,pt,"Comida enlatada pra guerra e ataque zunbi é ruim então se tiver podre nem tem diferença do gosto normal, mas batatas são inglesas, mas batatas chips não e é bom pra krai.",Neutro
uBjv2L8dSfs,UgxqkVNTdSabGMkASsZ4AaABAg,@alvesrosana,UC0VgTYXcf4NU6kFJDVurZOw,Opa bom,9.0,2026-01-18T20:21:52Z,2026-01-18T20:21:52Z,0.0,pt,Opa bom,Neutro
OFSYcbklOV0,Ugw7MmHY8zbXFRLROSh4AaABAg,@o_vascaino-y4k,UCKDHja6YFsjWbfheiIsaziQ,Vem x1 felca eu sou o goat estarei te esperando em belforoxo,0.0,2026-01-29T23:58:12Z,2026-01-29T23:58:12Z,0.0,pt,Vem x1 felca eu sou o goat estarei te esperando em belforoxo,Neutro
_eL_wYX9jKA,UgxuwCZhzST_HpCgTY54AaABAg,@cristiano_c_s,UCvZGF8F6aWhcIJYw7sLNxVQ,"No final das contas, essa podridão não vai sair das redes, as crianças continuarão sendo aliciadas por músicas, dancinhas e outras atrocidades, e a regulação das redes vai atingir o que setores da política e do Judiciário esperam: proteger o algoritmo da mídia tradicional.",0.0,2025-08-14T13:59:44Z,2025-08-14T14:01:47Z,0.0,pt,"No final das contas, essa podridão não vai sair das redes, as crianças continuarão sendo aliciadas por músicas, dancinhas e outras atrocidades, e a regulação das redes vai atingir o que setores da política e do Judiciário esperam: proteger o algoritmo da mídia tradicional.",Negativo
GWQyz554TWs,UgxeXb5l8UpKY6ttdKl4AaABAg,@Superdotado.,UC2K__HmERM7BSMkMtJAADcA,faz um video sobre a erotização de crianças nos animes.. (fiz 4 horas de live sobre esse video do felca da adultização.. la eu explico q é estranho um cara de 20 com uma mina de 15 do mesmo jeito q acho estranho um cara de 40 ou 30 com uma mina de 18 pq parece q só n esta com a de 15 pq é proibido.. esse negocio q é meio q um instinto humano de procurar por juventude em quesito de beleza sexual é uma bizarrice escrota pq qual o sentido de por exemplo no meu caso com 30 anos ficar atras de mulher pura?.. do mesmo jeito as mulheres ficam simulando serem mais jovens com roupas e maquiagens q hj em dia eu vejo como uma mascara uma mentira absurda de bizarra em alguns casos.. complexo pacas... mais acho errado dos dois generos tanto mulher q fica atras de homem mais novo quanto homem q fica atras de mulher mais nova.. muito disso seria evitado no caso de prostituição infantil se não fosse um pais tão miseravel e desigual.. pais aonde o poste mija no cachorro todos os dias praticamente,5.0,2025-10-25T21:39:05Z,2025-10-25T21:39:05Z,3.0,pt,faz um video sobre a erotização de crianças nos animes.. (fiz 4 horas de live sobre esse video do felca da adultização.. la eu explico q é estranho um cara de 20 com uma mina de 15 do mesmo jeito q acho estranho um cara de 40 ou 30 com uma mina de 18 pq parece q só n esta com a de 15 pq é proibido.. esse negocio q é meio q um instinto humano de procurar por juventude em quesito de beleza sexual é uma bizarrice escrota pq qual o sentido de por exemplo no meu caso com 30 anos ficar atras de mulher pura?.. do mesmo jeito as mulheres ficam simulando serem mais jovens com roupas e maquiagens q hj em dia eu vejo como uma mascara uma mentira absurda de bizarra em alguns casos.. complexo pacas... mais acho errado dos dois generos tanto mulher q fica atras de homem mais novo quanto homem q fica atras de mulher mais nova.. muito disso seria evitado no caso de prostituição infantil se não fosse um pais tão miseravel e desigual.. pais aonde o poste mija no cachorro todos os dias praticamente,Neutro
_B4HcThi6jA,Ugw1Lp91uMQRpNG4WBN4AaABAg,@me_gui_meeee,UCEoDufECgebco15AwGCJDrw,quero injustiça,0.0,2026-01-16T16:56:15Z,2026-01-16T16:56:15Z,0.0,pt,quero injustiça,Neutro
0nHxK_yjRwM,UgwBppiC3oyZFWV50dR4AaABAg,@DanielaCatalano-w4x,UCLGRf7iVlc1ZI3Vhtm6B51Q,Como assim o Roblox vai ser banido do Roblox ?,1.0,2026-01-15T19:43:23Z,2026-01-15T19:43:23Z,1.0,pt,Como assim o Roblox vai ser banido do Roblox ?,Neutro
iuI0zwW-Ea0,UgyVoB_O4nTgO-6IMjZ4AaABAg,@Chrisfe1_sandy,UCLxeTexsbYcasqrYLoLzTKg,"Eu amo essa serie, eu entendo os problemas mais gosto dms mais eu não entendo uma coisa,tem gente que nem assistiu a serie é fica falando abobrinha.

Exemplo é o pessoal falando que a serie romantiza os demonios é tals é que a serie fala que os anjos são ruins.

Mano aonde que a serie fala que os anjos são ruins porra á emily por exemplo sendo pura é fofa é tals, é tem a ""irma"" da emily so aprovou o extermínio por medo do inferno se revelar contra o paraiso, ela nem sequer aceitou o extermínio por que era do mal ele fez isso apenas por medo.

Além disso vi um pessoal falando que ""eu parei de assistir por causa doq fizeram com o adão"" 

Mano o adão é podre mesmo ele é humano , é uma coisa que meu amigo falou que o adão não foi para o inferno so por que ele foi o primeiro homem é ele faz merda por isso.

Voltando sobre os demônios , alastor é não é tratado como mocinho do bem o cara é pobre a fandom so gosta dele pq ele é foda é tals

Vox é um merda 
E o resto não se salva
O inferno é um lugar de caos aonde so tem vermes é tals

O inferno não é mostrado como ""bom"" é mostrado como um lugar merda pra krl

(Desculpa pelos erros que deve ter nas vírgulas estou com pressa)",0.0,2025-12-19T00:26:30Z,2025-12-19T00:26:30Z,0.0,pt,"Eu amo essa serie, eu entendo os problemas mais gosto dms mais eu não entendo uma coisa,tem gente que nem assistiu a serie é fica falando abobrinha. Exemplo é o pessoal falando que a serie romantiza os demonios é tals é que a serie fala que os anjos são ruins. Mano aonde que a serie fala que os anjos são ruins porra á emily por exemplo sendo pura é fofa é tals, é tem a ""irma"" da emily so aprovou o extermínio por medo do inferno se revelar contra o paraiso, ela nem sequer aceitou o extermínio por que era do mal ele fez isso apenas por medo. Além disso vi um pessoal falando que ""eu parei de assistir por causa doq fizeram com o adão"" Mano o adão é podre mesmo ele é humano , é uma coisa que meu amigo falou que o adão não foi para o inferno so por que ele foi o primeiro homem é ele faz merda por isso. Voltando sobre os demônios , alastor é não é tratado como mocinho do bem o cara é pobre a fandom so gosta dele pq ele é foda é tals Vox é um merda E o resto não se salva O inferno é um lugar de caos aonde so tem vermes é tals O inferno não é mostrado como ""bom"" é mostrado como um lugar merda pra krl (Desculpa pelos erros que deve ter nas vírgulas estou com pressa)",Neutro
1V6_0a5FaYw,UgzZJ5zAS9eNSdfqAtB4AaABAg,@craifer_art,UCg5uoVJv1YNDFF1HAVcvtRQ,Isso tá acontecendo na favela regado a funk e drogas tem que denunciar e preciso falar a realidade!,0.0,2025-08-10T20:02:57Z,2025-08-10T20:02:57Z,0.0,pt,Isso tá acontecendo na favela regado a funk e drogas tem que denunciar e preciso falar a realidade!,Neutro
MV4EmvDjmuQ,UgzZWrTGmPl6h7ee0ad4AaABAg,@brunojardim6099,UCCjQB7wQFTTdvSAzRGI_Rxg,Mineirinho parece um vampirinho 😂,31.0,2026-03-17T00:34:43Z,2026-03-17T00:34:43Z,0.0,pt,Mineirinho parece um vampirinho 😂,Neutro
scwHpJ8pE4I,UgzXb1PKTklNywWN6mZ4AaABAg,@RosianeGervásio1998,UCUEvGuwL5sw83w7Wo3f0fBA,Dona Jacira fala sempre a verdade amo os vídeos do talokudo 🥰👏🏾👏🏾👏🏾👏🏾,0.0,2026-03-11T15:52:55Z,2026-03-11T15:53:16Z,0.0,pt,Dona Jacira fala sempre a verdade amo os vídeos do talokudo 🥰👏🏾👏🏾👏🏾👏🏾,Positivo
UPL7mdyZaUU,UgzEaGQmYYSUCOXWoBx4AaABAg,@lunapandapirata,UCw5IozLoA-A4es5Uw1E50AA,O Minecraft está ficando mas famoso e o roblox está virando uma vergonha,1.0,2026-01-16T15:14:14Z,2026-01-16T15:14:14Z,2.0,pt,O Minecraft está ficando mas famoso e o roblox está virando uma vergonha,Neutro
448RtcilO_s,UgxSCO4TdzXYYCwtd2F4AaABAg,@lourdesmanha6069,UCQ-lv3o4E5I8fcuxiIsCp-Q,"Que ótimo, vamos tirar quem deve sair",2.0,2026-03-18T02:33:59Z,2026-03-18T02:34:21Z,0.0,pt,"Que ótimo, vamos tirar quem deve sair",Neutro
Su5SVaaMSFk,Ugz2mtWmAPgJ2j0tq0d4AaABAg,@aledragon3051,UCcOOpmNGR8tGwNOdnN5KGyg,Nosso vigilante está a solta,0.0,2025-09-01T14:58:36Z,2025-09-01T14:58:36Z,0.0,pt,Nosso vigilante está a solta,Neutro
vG4UDIt32no,UgymFYSPSvpHfESXhNp4AaABAg,@andrearosa9532,UCbv0VESfAsMWoiNFaKVAhBg,Até que enfim deram ouvidos a denúncia que a Damares já fazia há muito tempo aquela moça cantora também sobre a ilha do Marajó.,0.0,2025-08-14T12:15:19Z,2025-08-14T12:15:19Z,0.0,pt,Até que enfim deram ouvidos a denúncia que a Damares já fazia há muito tempo aquela moça cantora também sobre a ilha do Marajó.,Positivo
coAxoLWvfFU,UgxdfdYGyZIiHZg04np4AaABAg,@Tzz_goat,UC452AQRSHQ5Aa-ruYagtnNA,esse editor do muca eo brabo,1.0,2025-08-16T02:06:46Z,2025-08-16T02:06:46Z,0.0,pt,esse editor do muca eo brabo,Positivo
wRL9EKgip1E,Ugys3FLxNA0-qtlB8NV4AaABAg,@MatheusVaz01,UCzd6n7sr_okkcQD11eSbN7Q,Sacanagem esperaram tirar o mlk para demitir esse Xabi Alonso,1.0,2026-01-13T14:25:47Z,2026-01-13T14:25:47Z,0.0,pt,Sacanagem esperaram tirar o mlk para demitir esse Xabi Alonso,Neutro
o_9sk0K_9h4,UgySk1FFZdFrC5prgHR4AaABAg,@Vander.freire,UCGBfezwdvxaq9hhRoPWaI9Q,"Uma coisa eu sei. O hytalo ja ia ser preso porque ja tinha um investigação para prende ele. Não foi por conta do video do felca. Agr quero saber que passou essa informação pro felca, que fez o video no time certo kkkkkkkkkk",1.0,2025-10-15T00:24:19Z,2025-10-15T00:24:19Z,0.0,pt,"Uma coisa eu sei. O hytalo ja ia ser preso porque ja tinha um investigação para prende ele. Não foi por conta do video do felca. Agr quero saber que passou essa informação pro felca, que fez o video no time certo kkkkkkkkkk",Neutro
ZkogzUEb0S4,UgyKxXHgFRHcwiDH8bd4AaABAg,@rafaelaleandro559,UCP_CvAJ25zZxxYuaoMnmA8g,Feliz Natal gentee🎉🎉,0.0,2025-12-25T11:52:16Z,2025-12-25T11:52:16Z,0.0,pt,Feliz Natal gentee🎉🎉,Positivo
fZunwKCDklI,Ugx4HbWYbeLlOpkEJaJ4AaABAg,@KennedyHavok,UCyYNkxBMP5KqibCdYOhO_wA,Eu pensava que essas tartarugas arrancavam pedaços ksksks,0.0,2025-12-07T18:05:08Z,2025-12-07T18:05:08Z,0.0,pt,Eu pensava que essas tartarugas arrancavam pedaços ksksks,Neutro
HthZGPocHIk,Ugy9bKvatdSkwHEssAZ4AaABAg,@ananiasdesousa680,UCZWhVhZ1YEyQrOWkRDNV76w,é,0.0,2026-01-27T06:23:12Z,2026-01-27T06:23:12Z,0.0,pt,é,Neutro
iPc6ZIdydeo,Ugw1aws4A5WKBM4wEF94AaABAg,@vilaninobre8313,UCEvZxa1zcBHGGf_CB5sC28w,"Ainda não assisti. Tem que ter coragem,eu elogio da sua sinceridade e cuidado cm as crianças. Mas agora devemos rezar por ele, pq após essa iniciativa dele, irá precisar de muita proteção.",0.0,2025-08-11T03:11:23Z,2025-08-11T03:11:23Z,0.0,pt,"Ainda não assisti. Tem que ter coragem,eu elogio da sua sinceridade e cuidado cm as crianças. Mas agora devemos rezar por ele, pq após essa iniciativa dele, irá precisar de muita proteção.",Positivo
rwDtqP4v5IU,UgwTrrPXLqK4ub8gbNF4AaABAg,@lonely-w6e2o,UCFTYDOLiAXwQgSkFurRI4dA,Se para os outros...ai que vergonha....o shadow the hedgehog 🫣,0.0,2025-12-27T15:18:15Z,2025-12-27T15:18:15Z,0.0,pt,Se para os outros...ai que vergonha....o shadow the hedgehog 🫣,Neutro
53PhsbtYPMI,UgxWkZQ6aDK1ndgwK0N4AaABAg,@tatianagasparina6753,UCXnkgaHt0gQ_JfSnhDQurcA,Nos EUA baniram em varios estados e estão investigando predadores  e ate mesmo o dono da roblox,0.0,2026-01-15T11:47:39Z,2026-01-15T11:47:39Z,0.0,pt,Nos EUA baniram em varios estados e estão investigando predadores e ate mesmo o dono da roblox,Neutro
Cr-IIXhyVpE,UgyvGf7WXqm7TFkzZLB4AaABAg,@IKreenos,UCRj39SlIq1m7XlCpkZer2qg,o felca e so mais um hipocrita da internet as vezes faz coisas boas pra sociedade pra manter o personagem outras vezes ta mostrando q so quer o melhor pra si mesmo e qm ele realmente é,0.0,2025-10-23T12:13:26Z,2025-10-23T12:13:26Z,0.0,pt,o felca e so mais um hipocrita da internet as vezes faz coisas boas pra sociedade pra manter o personagem outras vezes ta mostrando q so quer o melhor pra si mesmo e qm ele realmente é,Negativo
MJ-jrFDIuik,UgyojIPtGTRwRrG0-N14AaABAg,@johnnyjesus8131,UCbgVPmC7kJlw9mMQuq5GppA,Ganhou mais um inscrito por falar a verdade sem ter lados,0.0,2026-03-20T19:33:48Z,2026-03-20T19:33:48Z,0.0,pt,Ganhou mais um inscrito por falar a verdade sem ter lados,Positivo
6h5ZvzzfFmM,Ugyst47UdfSQ6UUBr-N4AaABAg,@mafioso_brp,UCGlJB07xl0GaAJKjvnFLRzg,Ele e invemsivel ele o tung tung sarrada não vai durar por tanto tempo chama o tralalero vai toma no seu nariz,0.0,2026-02-03T18:51:28Z,2026-02-03T18:51:28Z,0.0,pt,Ele e invemsivel ele o tung tung sarrada não vai durar por tanto tempo chama o tralalero vai toma no seu nariz,Neutro
FyydZNlxiDs,Ugx_0dxpNU3HbCwq5E94AaABAg,@DeonirMenezez,UCuIdrqlahdRyTj30sWImpyA,Povo mentiroso se o Bolsonaro quisesse fugir não tinha voltado d USA,0.0,2025-08-22T00:18:32Z,2025-08-22T00:18:32Z,0.0,pt,Povo mentiroso se o Bolsonaro quisesse fugir não tinha voltado d USA,Negativo
XAkxxDRrxV8,Ugz4xjI00k2IZMC_Wk54AaABAg,@KaioTexeiraMiranda,UC7AGr_8WaYcJH9wG6ycP-LA,"QUEM E CRIANÇA DEIXA O LIKE AQUI TROPA DE QUEM QUER JUSTIÇA 🤬
👇",0.0,2026-01-18T11:56:51Z,2026-01-18T11:56:51Z,0.0,pt,QUEM E CRIANÇA DEIXA O LIKE AQUI TROPA DE QUEM QUER JUSTIÇA 🤬 👇,Neutro
h2-jqm0ByRA,UgyMZLBFPm4zoVUhtnF4AaABAg,@martadaluz716,UCyxu2be5tIE7nx2jGuVbkMw,"Lívia amo 
grupo dos Rosa",0.0,2026-02-18T21:19:20Z,2026-02-18T21:19:20Z,0.0,pt,Lívia amo grupo dos Rosa,Positivo
DILUbk2BwDE,Ugzqm8BN3gJUBF-vwzh4AaABAg,@LucasFernandes-rw7iu,UC6YikMUV_MNAAoUwenUpBWA,"Sou assalariado de um salário mínimo por isso não tenho dinheiro para pagar um advogado bom, o que eu digo é somente uma coisa que todos os criminosos irão pagar cedo ou tarde, não ah nada que se faça em oculto em especial, crimes, que não é mostrado a público",0.0,2025-08-19T15:50:04Z,2025-08-19T15:50:04Z,0.0,pt,"Sou assalariado de um salário mínimo por isso não tenho dinheiro para pagar um advogado bom, o que eu digo é somente uma coisa que todos os criminosos irão pagar cedo ou tarde, não ah nada que se faça em oculto em especial, crimes, que não é mostrado a público",Neutro
ns94bJhufXg,UgyFpEmUQDTShAxHXat4AaABAg,@ThiagoVargas-vw9re,UCYWlq6eigTReVjsRlCqrEMA,Roubando é facil o goleiro se adiantou 2 vezes,0.0,2025-12-19T16:59:19Z,2025-12-19T16:59:19Z,0.0,pt,Roubando é facil o goleiro se adiantou 2 vezes,Negativo
BM1u7InUIko,UgyzTplXy3FXt9DOvBx4AaABAg,@EmilioQuipuco,UCcDBAAmFMl5EV4ruFP37eqA,O costa dele curvou 😂 1:35,0.0,2025-12-25T12:27:16Z,2025-12-25T12:27:16Z,0.0,pt,O costa dele curvou 😂 1:35,Neutro
AiS0cVoZBT4,UgzK_acVLKAYIZeESMJ4AaABAg,@MariaSophia-l7v,UCoZgRsOcCqbJVpJSCYPe-WA,Faz a nutty e a rabiscote amo elas porfavo você nunca me notou 😢❤,0.0,2025-11-05T23:15:33Z,2025-11-05T23:15:33Z,0.0,pt,Faz a nutty e a rabiscote amo elas porfavo você nunca me notou 😢❤,Neutro
dIH_yHLarb0,Ugw8_vLSm00JsJHhKXp4AaABAg,@Noahrafael64,UCk3LfAczxtBBLCFLAINCsSw,Chegei cedinho,0.0,2026-01-15T00:41:17Z,2026-01-15T00:41:17Z,0.0,pt,Chegei cedinho,Neutro
c4LqNNgXp1s,UgwnAcQCmvxDk0QCfm14AaABAg,@rosineiacarmo3315,UCNLUh3_jb3OM89jbbCaAr4w,"FELCA VOLTA A FALAR DE DEUS, ACARIAR AS BOLAS SI DEU RUIM EM😮😮😮😮😮",0.0,2025-08-27T16:12:07Z,2025-08-27T16:12:07Z,0.0,pt,"FELCA VOLTA A FALAR DE DEUS, ACARIAR AS BOLAS SI DEU RUIM EM😮😮😮😮😮",Neutro
SN8F-82AHLA,UgxHUpz35jA3IW1531d4AaABAg,@SonicMaster259,UCGmbtdVIHVWn8OAloD3KMXQ,Eu olhando para a Supercell: Não choraxx,0.0,2025-09-30T14:14:15Z,2025-09-30T14:14:15Z,0.0,pt,Eu olhando para a Supercell: Não choraxx,Neutro
n7awu4vV_8U,UgxUWezTNb91DpuJS794AaABAg,@LucasSilva-e1i,UCQJW9eAQPe3BB2r0mVXGF1g,Belga para denunciar o Roblox eu te odeio você é o pior youtuber que eu já vi na minha vida,0.0,2026-01-23T01:15:21Z,2026-01-23T01:15:21Z,0.0,pt,Belga para denunciar o Roblox eu te odeio você é o pior youtuber que eu já vi na minha vida,Negativo
ZvlB3YmPQco,UgxVNetfKSpBQGP-dnF4AaABAg,@dionisioarruda7147,UClYrbOkmgcqbzY2sFstmUcQ,"Vão controlar as redes sociais, abra o olho",0.0,2025-08-13T09:06:21Z,2025-08-13T09:06:21Z,0.0,pt,"Vão controlar as redes sociais, abra o olho",Neutro
ycxmpUgiY4E,UgybOD7R0-BhP5B9YMd4AaABAg,@MITS_14,UC_BlOhwNbbFrukPcQVjsolw,NÃO pingo😢😢😢😢😢 não que Deus abemçoe ele,0.0,2025-12-25T01:24:39Z,2025-12-25T01:24:39Z,0.0,pt,NÃO pingo😢😢😢😢😢 não que Deus abemçoe ele,Neutro
hfzJxcuIiBs,UgwOEfIJI6TgjrTCEJp4AaABAg,@heloisagoncallo4783,UC94tTHsQzKKJvGZpHni54gA,Minha pergunta: essa lei do fezes VALE PARA MENOR NO PANCADÃO??!?!!??!,0.0,2026-03-21T02:26:31Z,2026-03-21T02:26:31Z,0.0,pt,Minha pergunta: essa lei do fezes VALE PARA MENOR NO PANCADÃO??!?!!??!,Negativo
tXTPZz2_AQE,UgzBvGsbAgf9YZkQ6414AaABAg,@xAnderson_Landemberguer,UCalURQbfZSocoAcSoxFWhVA,"Sinceramente, não sei como vocês ainda confiam em políticos. Não entenderam que políticos falam o que você quer ouvir só para ganhar voto e depois não cumprem nada do que falaram.",2.0,2025-10-20T19:05:43Z,2025-10-20T19:05:43Z,5.0,pt,"Sinceramente, não sei como vocês ainda confiam em políticos. Não entenderam que políticos falam o que você quer ouvir só para ganhar voto e depois não cumprem nada do que falaram.",Negativo
p1iJU2Sa4A8,UgzSIPn2UYH4cOyX00t4AaABAg,@ilzamagalhaes9445,UC4IdlFjJNTYK0Cr29mZJsLQ,Que gato.😂😂😂😂,0.0,2025-09-04T07:01:06Z,2025-09-04T07:01:06Z,0.0,pt,Que gato.😂😂😂😂,Positivo
_x_ikmGZpxo,Ugx56qQUdv8Ov7uZ7P94AaABAg,@pedraopdm,UCq0Ezd-yY5TTNYc4wM3xo-A,“Matem as loiras” - RIP Nando Moura,0.0,2026-01-23T12:00:16Z,2026-01-23T12:00:16Z,0.0,pt,“Matem as loiras” - RIP Nando Moura,Negativo
kdndhUDNg-8,Ugw5EgzIP6ZyURAwfK54AaABAg,@josieloliveiramagalhaes7854,UCDSkgJoGqFZC7HDLnlF1xFg,É um globiliano lixo.,0.0,2026-02-26T17:33:12Z,2026-02-26T17:33:12Z,0.0,pt,É um globiliano lixo.,Negativo
O73U3VsRcWk,UgwsIKTCXoCFu7aMST54AaABAg,@Angel_MoonOficial,UCG9nfDWBNxCCDUOP8uaMcOQ,"3:48 exatamente, eu sempre tive vontade de gastar em jogos  porem nunca fiz pelo simples motivo de se eu fiz a primeira vez eu vou querer continuar e eu não posso gastar dinheiro com algo não físico, o melhor é comprar alguma coisa física que irá durar mais, sem contar que usar o cartão dos pais é uma falta de respeito",0.0,2026-03-24T09:31:58Z,2026-03-24T09:31:58Z,0.0,pt,"3:48 exatamente, eu sempre tive vontade de gastar em jogos porem nunca fiz pelo simples motivo de se eu fiz a primeira vez eu vou querer continuar e eu não posso gastar dinheiro com algo não físico, o melhor é comprar alguma coisa física que irá durar mais, sem contar que usar o cartão dos pais é uma falta de respeito",Neutro
gk_88lsgoqw,UgzXkh803uF5OBDoyeN4AaABAg,@Davi_Pessoli,UCQWhGwMYr2e2DXrsXpghiBg,Alguém sabe o nome do grito que aparece no final?,0.0,2026-02-01T16:25:22Z,2026-02-01T16:25:22Z,0.0,pt,Alguém sabe o nome do grito que aparece no final?,Neutro
H8BUWJUbNFo,UgwNvfalvU724MIkBS14AaABAg,@Melzinha_nerd,UCa0nNsn8eOR6gZ73IAzxduQ,É ironia ela faz só para chamar a atenção,1.0,2025-12-21T17:39:51Z,2025-12-21T17:39:51Z,0.0,pt,É ironia ela faz só para chamar a atenção,Neutro
GaoUuhGH5Ws,UgyPhnVbThjpOZIx0B14AaABAg,@DabluYadav-x4v,UCVhsoJNVbFtYdN1bH8gQDgA,Aaaaa,0.0,2026-02-09T06:29:38Z,2026-02-09T06:29:38Z,0.0,pt,Aaaaa,Neutro
_Q-GmD-8KiY,UgzwyV2tDayH9k9R2I94AaABAg,@atomiccheart,UC9NRcblzMHLalYC_gqCHwQA,"pra cada Artur Medina, tem 8697634 crianças e adolescentes se deparando com paneleiros de discord ou com pedos... então a Lei vai fazer mais bem do que mal... até pq, a maioridade chega, e gente como Arthur Medina, vão poder voltar a jogar e fazer o que quiser na internet... a Lei neste momento é mais que necessária. Até pq, se foi criada, é pq os crimes estão aumentando, se tivesse tudo bem ninguém mexia.",0.0,2026-03-18T05:18:53Z,2026-03-18T05:18:53Z,0.0,pt,"pra cada Artur Medina, tem 8697634 crianças e adolescentes se deparando com paneleiros de discord ou com pedos... então a Lei vai fazer mais bem do que mal... até pq, a maioridade chega, e gente como Arthur Medina, vão poder voltar a jogar e fazer o que quiser na internet... a Lei neste momento é mais que necessária. Até pq, se foi criada, é pq os crimes estão aumentando, se tivesse tudo bem ninguém mexia.",Neutro
6FeH9MbWYuM,UgwQSvNRGsp-83J5veV4AaABAg,@kalleb-k1r,UC60T8rrjRAulBNFEwvO1ziA,Ox cara tão na minha maudadi elex querem u mew-,0.0,2026-02-11T16:43:15Z,2026-02-11T16:43:15Z,0.0,pt,Ox cara tão na minha maudadi elex querem u mew-,Neutro
OTWpkKF9VNM,UgxZ9tLF306zugivU-V4AaABAg,@observador22,UC4ldkhoYqt3s1CO0Dm3z7tQ,"O povo acha que o governo quer proteger crianças, mano KKKKKKKKKKK nas escolas os caras não resolvem nem Bullying, imagina na Internet. Tem que ser muito ingênuo pra aceitar isso",0.0,2026-03-23T22:52:02Z,2026-03-23T22:52:02Z,0.0,pt,"O povo acha que o governo quer proteger crianças, mano KKKKKKKKKKK nas escolas os caras não resolvem nem Bullying, imagina na Internet. Tem que ser muito ingênuo pra aceitar isso",Negativo
fehc4TGdiqo,UgyKuXmDBTwJ0OHZUr94AaABAg,@MiguelMarinho-q3y,UCfR_UL071BKLgj4QvCc7DIw,eu amo café ❤🎉,0.0,2026-01-04T14:11:40Z,2026-01-04T14:11:40Z,0.0,pt,eu amo café ❤🎉,Neutro
kjLDtrUZq34,Ugzn5Os83dMaZuHRxsV4AaABAg,@BASEDBOY777,UCHuI3VlyTJVZh1-NiGkIYBg,AGENTE TEM QUE BRIGAR PARA RENOVER O TRADLOCK,1.0,2026-03-16T03:00:28Z,2026-03-16T03:00:28Z,0.0,pt,AGENTE TEM QUE BRIGAR PARA RENOVER O TRADLOCK,Neutro
JAt_BFYz-bo,UgzNTG7ZEdvTInnrG5l4AaABAg,@Mundo_aleatorio_pato,UC4Nw6CYiDKXuIvwAieHoGoQ,"Pra ajudar um pouco, adoro seus vídeos!",2.0,2026-03-20T12:39:20Z,2026-03-20T12:39:20Z,0.0,pt,"Pra ajudar um pouco, adoro seus vídeos!",Positivo
DFyBIK2lGvQ,UgyzzKZH_7SPeq8ugUV4AaABAg,@gssssssssss,UCWbFyx9jxCZe3tFFcA-HJkQ,Demitiram até o cara que fazia as thumbnails?,0.0,2025-08-18T07:23:05Z,2025-08-18T07:23:05Z,0.0,pt,Demitiram até o cara que fazia as thumbnails?,Neutro
YMmjao7QcQ4,UgwdyFZu6xmZ-lBJJdR4AaABAg,@AlessandraRamos-y2l,UCnMN3irHvTJl_MutcvRhXwA,Com esse tanto de livros nossa mente ainda tem tempo para o TDAH😂❤😊,8.0,2026-02-26T18:54:19Z,2026-02-26T18:54:19Z,2.0,pt,Com esse tanto de livros nossa mente ainda tem tempo para o TDAH😂❤😊,Neutro
S-ehAIiisLQ,UgxUZL-EJaMhRqrLjgR4AaABAg,@josielfernandes5784,UC-oVnoiuVSJFxJTsT5IC-Ug,Ótimo. Que peninha delas.,0.0,2025-12-04T09:48:55Z,2025-12-04T09:48:55Z,0.0,pt,Ótimo. Que peninha delas.,Neutro
CFJyk4V6hR0,Ugxu0YyDsJEKpuRTCep4AaABAg,@qualquw,UC-ZrIIMk-Mx_BB0iKkjXZSw,Hontem  eu achei uma amizade mó legal e tornou meu melhor amigo,0.0,2026-01-13T04:20:23Z,2026-01-13T04:20:23Z,0.0,pt,Hontem eu achei uma amizade mó legal e tornou meu melhor amigo,Positivo
vxUwLMvnes0,UgyNMSJE0nStdQbVXOp4AaABAg,@Leryck-ou4tl,UC7IwJrqMpmyw9BlE0RG7TMQ,Além disso. O Mamacote foi lá atrapalhar as equipes de limpeza em JF hj,0.0,2026-02-27T20:00:01Z,2026-02-27T20:00:01Z,0.0,pt,Além disso. O Mamacote foi lá atrapalhar as equipes de limpeza em JF hj,Neutro
IBtFaHxR_rg,Ugz--1BpkfbSD3cc4-54AaABAg,@giovanni76343,UCbRyC96ejuzXUuMIuBGmCyA,esse portugues é muito gente boa passa o insta dele para nois,0.0,2025-11-05T12:19:15Z,2025-11-05T12:19:15Z,0.0,pt,esse portugues é muito gente boa passa o insta dele para nois,Positivo
sjCgWfWPXgA,Ugxg0V2QQkgyB_zIGkV4AaABAg,@PedroHenriquebnm138,UC60aaozo_ur37KoWIxmn0vg,"Meu entendimento sobre esse assunto : Loot box não pega apenas em caixas, todo sistema que tem o fator roleta online deveria ser proibido, exemplos CF,Genshin,FiFa,CS, e etc... como isso deveria ser na prática termos de uso obrigatório colocar RG/CPF, Email e número de cell, dificultando o máximo o acesso á essa prática, não teria como usar Vpn e enfim as empresas tomariam vergonha na cara",0.0,2025-09-27T16:07:14Z,2025-09-27T16:07:14Z,0.0,pt,"Meu entendimento sobre esse assunto : Loot box não pega apenas em caixas, todo sistema que tem o fator roleta online deveria ser proibido, exemplos CF,Genshin,FiFa,CS, e etc... como isso deveria ser na prática termos de uso obrigatório colocar RG/CPF, Email e número de cell, dificultando o máximo o acesso á essa prática, não teria como usar Vpn e enfim as empresas tomariam vergonha na cara",Neutro
O73U3VsRcWk,Ugz1dTzFEVNOlV_J7N54AaABAg,@Rubian-d7l,UCOBECoAFzeo-EXVhViSWdRw,"14:28 Não é só quem tem políticos de estimação que não fazem nada, que não falam nada. Infelizmente, as pessoas que não possuem um político de estimação, também não fazem nada. E sabe o por quê? Porque já perderam a esperança. 

Estourou o escândalo do INSS e do Master, a velha mídia também estão noticiando sobre isso, a polícia está vazando coisas para poder ter o apoio da opinião pública, para ver se precionam o congresso a fazer alguma coisa igual foi na época da Lava Jato, porque o Xandão e outros ministros do STF estão tentando barrar as investigações e soltar o Vorcaro e o careca do INSS, mas essa galera fica como? Fica falando que não vai dar em nada, que vai acabar em pizza e não se mobilizam em massa contra a corrupção nas redes sociais, nas ruas, em Brasília para precionar o congresso. Tanto ex bolsonaristas quanto ex PTistas, ex direita, ex esquerdista. Todos!

Eu já falei que pressão popular dá certo, o da Lava Jato, na minha opinião, deu certo, porque até o Lula foi preso! O problema, foi o Bolsonaro ter acabado com a Lava Jato, ou seja, não foi nem Supremo Tribunal Federal, foi o poder executivo! 

Por causa do escândalo das rachadinhas do Flávio Bolsonaro, o Bolsonaro se acovardou e deixou o STF soltar todo mundo que tinha sido preso! 

Então eu repito, pressão popular, pressão nacional, dá certo. O Lula chegou a ser PRESO! Mas aí essa galera fica de conformismo e não se mobilizam!",0.0,2026-03-24T13:56:23Z,2026-03-24T14:04:31Z,0.0,pt,"14:28 Não é só quem tem políticos de estimação que não fazem nada, que não falam nada. Infelizmente, as pessoas que não possuem um político de estimação, também não fazem nada. E sabe o por quê? Porque já perderam a esperança. Estourou o escândalo do INSS e do Master, a velha mídia também estão noticiando sobre isso, a polícia está vazando coisas para poder ter o apoio da opinião pública, para ver se precionam o congresso a fazer alguma coisa igual foi na época da Lava Jato, porque o Xandão e outros ministros do STF estão tentando barrar as investigações e soltar o Vorcaro e o careca do INSS, mas essa galera fica como? Fica falando que não vai dar em nada, que vai acabar em pizza e não se mobilizam em massa contra a corrupção nas redes sociais, nas ruas, em Brasília para precionar o congresso. Tanto ex bolsonaristas quanto ex PTistas, ex direita, ex esquerdista. Todos! Eu já falei que pressão popular dá certo, o da Lava Jato, na minha opinião, deu certo, porque até o Lula foi preso! O problema, foi o Bolsonaro ter acabado com a Lava Jato, ou seja, não foi nem Supremo Tribunal Federal, foi o poder executivo! Por causa do escândalo das rachadinhas do Flávio Bolsonaro, o Bolsonaro se acovardou e deixou o STF soltar todo mundo que tinha sido preso! Então eu repito, pressão popular, pressão nacional, dá certo. O Lula chegou a ser PRESO! Mas aí essa galera fica de conformismo e não se mobilizam!",Neutro
5TidVBdjXMU,UgylBA4U6QEqLApDtYh4AaABAg,@osmarpereiranoletonetonole6103,UCfCtbPB3UDQsjCdbKwNjDOg,8:15 o avatar da mulher MDS.....💀,1.0,2026-01-16T13:30:57Z,2026-01-16T13:30:57Z,0.0,pt,8:15 o avatar da mulher MDS.....💀,Neutro
eblfmfkEFxg,UgxBOkMQFOljYIp96Tt4AaABAg,@infinitqkcOfc1,UC-5OTQCFZxDjrhrooV93Ybw,Mas parecer que isso foi proibido,2.0,2026-03-17T10:14:00Z,2026-03-17T10:14:00Z,0.0,pt,Mas parecer que isso foi proibido,Neutro
lB55QLK_fI4,UgyIrb9OWxJttwos6p94AaABAg,@alineneves3628,UCv46l4-2Us62XMU8aD8YYBQ,"Eu sabia que a Eve falaria sobre isso. E sabia que ela ficaria tão sensível porque ela sempre falou de coisas assim. Assisti o vídeo do Felca, antes dele falar assisti o da Ismeow, da Isabelly Vidal que polemizou.",0.0,2025-08-11T19:58:43Z,2025-08-11T19:58:43Z,0.0,pt,"Eu sabia que a Eve falaria sobre isso. E sabia que ela ficaria tão sensível porque ela sempre falou de coisas assim. Assisti o vídeo do Felca, antes dele falar assisti o da Ismeow, da Isabelly Vidal que polemizou.",Neutro
yGR28TaAfZE,UgxHPW74fIwwrG0UwEt4AaABAg,@Minato-zh2,UCU_vtRbu30AjL2r0VwCSLBw,-queremos o chat kkkkk-,0.0,2026-03-12T19:06:42Z,2026-03-12T19:06:42Z,0.0,pt,-queremos o chat kkkkk-,Neutro
Ss28NGExkEg,Ugy0JzVj5fAMEf4XFit4AaABAg,@wiracahe127,UCZrHZ5zSE37KdIc3ywmbn7A,"assim até a unimed tem vazamentos de dados
quero ver o tanto de deepfake vai existir com essas dados de rosto, um prato cheio pra alimentar IAs, parabéns a todos envolvidos
se fossem competentes teriam proucurado jogos que tem o público formado em sua maior parte pelo público infanto juvenil de fato, visto que os jogos tem dados de usuários consequentemente teriam sim dados como idade...

Lootbox nem é pra tanto, até um tempo atrás o próprio lol tentou tirar e a comunidade cobrou pq era uma forma única para ganhar skins de fato",0.0,2026-03-20T18:57:28Z,2026-03-20T18:57:28Z,0.0,pt,"assim até a unimed tem vazamentos de dados quero ver o tanto de deepfake vai existir com essas dados de rosto, um prato cheio pra alimentar IAs, parabéns a todos envolvidos se fossem competentes teriam proucurado jogos que tem o público formado em sua maior parte pelo público infanto juvenil de fato, visto que os jogos tem dados de usuários consequentemente teriam sim dados como idade... Lootbox nem é pra tanto, até um tempo atrás o próprio lol tentou tirar e a comunidade cobrou pq era uma forma única para ganhar skins de fato",Neutro
cYEkXd2eqLY,UgxfybjsIG3z0Efgtyl4AaABAg,@IsabelleSilveira-u7d,UCpsSgdUsYlJC8HxH0YvUCDg,Noooo policia nooooo,0.0,2026-02-16T18:26:50Z,2026-02-16T18:26:50Z,0.0,pt,Noooo policia nooooo,Neutro
P8gPkH9pmHM,UgxwGb0BKypNAQtDWDF4AaABAg,@lucianofavaro,UCQ8iyl9Su0boZg_2ww7IUbQ,Podiam proibir as crianças de acessar o g1,0.0,2026-01-15T10:30:43Z,2026-01-15T10:30:43Z,0.0,pt,Podiam proibir as crianças de acessar o g1,Neutro
g43mMCS5xcQ,UgwLfPlRN4gALtC423R4AaABAg,@alexandreandrade2902,UCNUSYwxu-2XVEZkfb2O3QKw,Esse cara já mentiu pra mim não to acreditando mais vai que,0.0,2026-03-18T02:11:49Z,2026-03-18T02:11:49Z,0.0,pt,Esse cara já mentiu pra mim não to acreditando mais vai que,Neutro
-8LKdYWDEU0,UgzcN21m2CiUFRdgUVl4AaABAg,@Noobz-r5w,UC3pUQbfHAfPhAsLTUNHcn2Q,Vira pai já e ruim man💀,2.0,2026-01-22T22:38:43Z,2026-01-22T22:38:50Z,0.0,pt,Vira pai já e ruim man💀,Negativo
u67OpQIyIoM,UgwLYQjzdsR5kx9rcL94AaABAg,@fiskaldcool6285,UCt_VWVYxq1bJZaHqvEvLeBA,"Parabéns aos envolvidos, o cara faz uma coisa que presta e é captado pelo sistema kk",0.0,2026-03-21T22:08:19Z,2026-03-21T22:08:19Z,0.0,pt,"Parabéns aos envolvidos, o cara faz uma coisa que presta e é captado pelo sistema kk",Neutro
cH_jRpUB7-k,UgwcXR0BNCbPSXDPgw14AaABAg,@OFerreira137,UC5WJTWYYDQm0yj3J8y5gHFA,Faz u f de fezes,2.0,2026-03-21T19:51:45Z,2026-03-21T19:51:45Z,0.0,pt,Faz u f de fezes,Negativo
TGcS4hJskU0,UgyEzcxP3CGzUjza0zd4AaABAg,@DiegoRibeiro-k5s,UCWlUQsGIiiNdvWlCsjZPYbA,Ajudando na ditadura americana,0.0,2026-03-24T15:40:58Z,2026-03-24T15:40:58Z,0.0,pt,Ajudando na ditadura americana,Neutro
kUh6e-1Mi00,UgwnJXOv6QqQN1QodpN4AaABAg,@tammysilvestrini9678,UCwOBt3NJ8u6BGayacgEFVBQ,Amei essa entrevista 👏👏👏,0.0,2025-10-19T02:09:33Z,2025-10-19T02:09:33Z,0.0,pt,Amei essa entrevista 👏👏👏,Positivo
VuV6NVHDiWY,UgyX2P9vYsW-k-1FAn94AaABAg,@SimoneRodrigues12,UCMaHCINzmvgsw0p__0GQ4Xg,A menina tá parecendo a minha professora de artes nossa senhora,1.0,2026-03-11T12:44:07Z,2026-03-11T12:44:07Z,0.0,pt,A menina tá parecendo a minha professora de artes nossa senhora,Neutro
mmPsIJGyEHo,UgzYpE7NYcxVGlqXx-94AaABAg,@sonicblue9696,UCPGLZMTc0aVmhLxQVhK6vMg,Mais uma vez vou dizer existe ferramenta chamada de vpn premium e GPS Fake esquece a censura criminosa Lula,1.0,2026-03-19T23:40:29Z,2026-03-19T23:40:29Z,0.0,pt,Mais uma vez vou dizer existe ferramenta chamada de vpn premium e GPS Fake esquece a censura criminosa Lula,Negativo
o1uAOWZOWNs,UgwKcH6ENK3rBQI4UK54AaABAg,@martasantos-qh1qe,UCMiNgSnDg2G406b_HVfaegA,Fato que pelo oque me lembro o Roblox já tava planejando fazer isso antes mesmo da lei felca existir,1.0,2026-03-22T22:04:42Z,2026-03-22T22:04:42Z,0.0,pt,Fato que pelo oque me lembro o Roblox já tava planejando fazer isso antes mesmo da lei felca existir,Neutro
LMJQW5Vj6Cw,UgzOl5G0z3zJgSVgU9J4AaABAg,@MadalenaSilva-l7p,UCHb-m6yFt2n5Ah8Q7y2sbtg,O tema será sibre saúde,0.0,2025-11-08T22:36:09Z,2025-11-08T22:36:09Z,0.0,pt,O tema será sibre saúde,Neutro
JT_5jY7-N_4,UgwErbV_rgFyWzBNo8F4AaABAg,@leFrederic,UCJZApvonhyhie94HxkzWnXQ,"""Quem gozou isso"" KKKKKKKKKKKKKKKKKKKKKKKKKKKKKKKKKKKKKKKKKKKKKK 😂",5.0,2026-03-01T00:26:03Z,2026-03-01T00:26:03Z,0.0,pt,"""Quem gozou isso"" KKKKKKKKKKKKKKKKKKKKKKKKKKKKKKKKKKKKKKKKKKKKKK 😂",Neutro
Q2o_Z7ADJGc,UgwUj3NPoojlVKeovnp4AaABAg,@CroissantQuossant,UCVZV0HsfXbl9IkSJFAmNuPQ,"Nintendo, agora sim, pode processar",0.0,2026-03-24T23:55:51Z,2026-03-24T23:55:51Z,0.0,pt,"Nintendo, agora sim, pode processar",Neutro
LVExfEtteno,UgzqLQApIG8SOvp1qax4AaABAg,@diogenesdasilva5023,UC6AeDfN3jKvLBF2-GQ9OmPw,Tem protesto nos EUA E NO MEXICO TBM,1.0,2026-01-19T16:33:05Z,2026-01-19T16:33:05Z,0.0,pt,Tem protesto nos EUA E NO MEXICO TBM,Neutro
mYfAcGkS4ig,UgwqIJs7suTLUnC5FIN4AaABAg,@kevinlone2737,UCsHCZ_1M-sq6mbOQuVvMbeg,Credo cara tava melhor  só yutuber .globo pa vai ferra mante dele fica lá.. só petista lá... porra meda fleca,1.0,2025-10-20T18:12:29Z,2025-10-20T18:12:29Z,0.0,pt,Credo cara tava melhor só yutuber .globo pa vai ferra mante dele fica lá.. só petista lá... porra meda fleca,Negativo
CisD9YLelqQ,UgwwI_pJk0FIQ233Qr94AaABAg,@GeorgiaXimenes-gd2gf,UCSNHmew0-asaHTW2BLmLSEg,Ela foi freira tem uma história fantástica tem um raciocínio incrível ela faz cada reflexão 😢,3.0,2026-01-17T11:07:51Z,2026-01-17T11:07:51Z,0.0,pt,Ela foi freira tem uma história fantástica tem um raciocínio incrível ela faz cada reflexão 😢,Positivo
GAfRmmGEvgc,Ugwf_5SIWJnOSnKho-x4AaABAg,@adriana302,UCn-L8d_ZjUP2I9FYZy_0auQ,É um jogo que você tem que batalhar entre pinguins,0.0,2026-01-29T17:09:25Z,2026-01-29T17:09:25Z,0.0,pt,É um jogo que você tem que batalhar entre pinguins,Neutro
-HxmC9NUpNc,UgxX2rZPomZ2pufGHll4AaABAg,@legion1141,UCiRDwGE0pXQwLgKe2adB9ww,"Riot tem é mais q se FU***, skins de 1200 reais e lootbox (Cassino), mas é uma pena para outros jogos, mas para a Riot só desejo o pior, sem nem falar oque eles fizeram com o Hytale... Se não fosse o Simon o Hytale já estaria no limbo agora.",2.0,2026-03-16T18:53:43Z,2026-03-16T18:57:19Z,1.0,pt,"Riot tem é mais q se FU***, skins de 1200 reais e lootbox (Cassino), mas é uma pena para outros jogos, mas para a Riot só desejo o pior, sem nem falar oque eles fizeram com o Hytale... Se não fosse o Simon o Hytale já estaria no limbo agora.",Negativo
xMkH93h9i18,UgzvNlVpTAfoaF6Ghx14AaABAg,@LiviaLisboa-r3b8j,UCsrlAxTYmVqxOerRD5oeFdg,Eu estou cansada de tu,0.0,2026-01-26T14:18:52Z,2026-01-26T14:18:52Z,0.0,pt,Eu estou cansada de tu,Negativo
RIggDDcLpG4,UgwKZTV7gQknUI3SpoJ4AaABAg,@DaniloSantosNormalPlayer,UCfKeBOZBwqxApiI1m-YqApQ,"Tinha que tá transando na rua. Já que com 14 pode né, mas jogar LoL? Esquece, isso é pecado!",0.0,2026-03-21T14:30:16Z,2026-03-21T14:30:16Z,0.0,pt,"Tinha que tá transando na rua. Já que com 14 pode né, mas jogar LoL? Esquece, isso é pecado!",Negativo
OF-8gYfzjys,Ugwwaci6EtafKLvkj9t4AaABAg,@juniorcesar-dl7yy,UCkIrdQ1_yfxZfdTrqHz2uMA,Mbl nem moral tem pra falar de PT e PL é outro partido oportunista. Viviam puxando saco do Bolsonaro e depois PT. Agora ser isentão 😂,1.0,2026-03-20T14:58:43Z,2026-03-20T14:58:43Z,0.0,pt,Mbl nem moral tem pra falar de PT e PL é outro partido oportunista. Viviam puxando saco do Bolsonaro e depois PT. Agora ser isentão 😂,Negativo
VTN46ujw2Zc,Ugz-vUf9NcFX0y-FX1N4AaABAg,@Jogos_Insanos,UCZvDJr5pWBFZFNPSFZcn_TQ,Vão tentar matar ele agora,0.0,2025-08-27T00:51:24Z,2025-08-27T00:51:24Z,0.0,pt,Vão tentar matar ele agora,Negativo
CbAojmwoXwA,UgzsAszwW0eIV6NJ5Bx4AaABAg,@schneideralencar215,UCuigTpVP8j-enpZnGFRhsHQ,Acho é pouco!😂😂😂😂,0.0,2025-08-19T10:40:22Z,2025-08-19T10:40:22Z,0.0,pt,Acho é pouco!😂😂😂😂,Neutro
Pr5SPN0lsPo,UgxQZCEP7l6diS228Mt4AaABAg,@anacarolinakopchinsky7191,UC1LTGuQWcYMgRlN3BqeWpUw,Eu tenho chat,0.0,2026-03-23T14:42:22Z,2026-03-23T14:42:22Z,0.0,pt,Eu tenho chat,Neutro
iXb6xOaDcLw,UgxPlPYcQuvt1HqskHh4AaABAg,@Carlos_Silveira77,UCi040mecr8ba27Um5fnenGw,"Possivelmente, mais pra frente ela separa do VINI e vai pegar algum cantor internacional  famoso na minha opinião",1.0,2025-10-28T20:01:56Z,2025-10-28T20:01:56Z,0.0,pt,"Possivelmente, mais pra frente ela separa do VINI e vai pegar algum cantor internacional famoso na minha opinião",Neutro
4U61sbJtz6A,Ugzm45afOuEdeDw2p8d4AaABAg,@rejianarosario8235,UCANBgHY9eJpfXAdJyjx7L4w,Pra que um aluguel de 29 mil reais,0.0,2025-12-23T18:21:55Z,2025-12-23T18:21:55Z,0.0,pt,Pra que um aluguel de 29 mil reais,Neutro
6S1DBrorLCM,UgxdeckPTb4c60oOno14AaABAg,@Sae_itocchi,UCppx-1VBoH1qyqVU0mgWLsQ,Isso tá acontecendo por causa dos mlk que não sabe oque fala no Roblox pensa que ninguém ve era pra ter um sistema já de banimento automático assim que falar do felca,0.0,2026-01-16T17:48:07Z,2026-01-16T17:48:07Z,0.0,pt,Isso tá acontecendo por causa dos mlk que não sabe oque fala no Roblox pensa que ninguém ve era pra ter um sistema já de banimento automático assim que falar do felca,Neutro
e-Jk42GXilE,UgxVH6NLQHnz4eevhmJ4AaABAg,@luisdinho2892,UCufpMnCqrAvtCKkVjIvqSTg,xinglau te amo😍o melhor de tds ytbrtr,10.0,2025-12-10T14:25:53Z,2025-12-10T14:25:53Z,1.0,pt,xinglau te amo😍o melhor de tds ytbrtr,Positivo
-xopNuKtjuI,UgxgN5BrevPvP_N0VOR4AaABAg,@MELKI.777,UCdnYoRhR4D0_fsMD6YuPouw,"Esse site é ruim pra poxa , a pessoa se mata pra escanear a identidade,  mostra o rosto e nada de comprovar que é de maior , e pior é que eu tenho 19 anos já,  mas msm assim essa porcaria desse site não ajuda",0.0,2026-03-04T20:45:49Z,2026-03-04T20:45:49Z,0.0,pt,"Esse site é ruim pra poxa , a pessoa se mata pra escanear a identidade, mostra o rosto e nada de comprovar que é de maior , e pior é que eu tenho 19 anos já, mas msm assim essa porcaria desse site não ajuda",Neutro
8dIupZbwo9U,UgzLN32VFrmptL1FsER4AaABAg,@ruanharlley6169,UCAh2IniDqdC8YeeWrGzkR2A,"oxi, o que advogado de defesa tentaria fazer ali. confirmar q o felca ta certo em tudo, e pedir a condenação do hytalo ? po galera parem de ser burros, é claro q eles vão tentar descredibilizar ele",0.0,2026-01-15T12:11:37Z,2026-01-15T12:11:37Z,0.0,pt,"oxi, o que advogado de defesa tentaria fazer ali. confirmar q o felca ta certo em tudo, e pedir a condenação do hytalo ? po galera parem de ser burros, é claro q eles vão tentar descredibilizar ele",Negativo
CixYH5RWtfs,Ugw8BQnuvL-lYJ55gpV4AaABAg,@clindercrespo,UCAJqVprEpapdlY11-MM37mw,20 milhões de pessoas sem internet faz o L,0.0,2025-10-25T16:38:55Z,2025-10-25T16:38:55Z,0.0,pt,20 milhões de pessoas sem internet faz o L,Negativo
5bDEMrWn0Us,Ugz1rkK_2aQvOAHR1PB4AaABAg,@yassimao7174,UCyhAHasyeISaTpVnlffoWew,"E vamos de muita terapia na gata quando ela crescer né. O pior é que muita menina de 12 e 13 anos, pelo menos na escola que trabalho, gosta de se vestir assim, quer parecer adultas, mas o mais preocupante da north é ´ra além das roupas, a exposição",0.0,2026-02-28T16:02:52Z,2026-02-28T16:02:52Z,0.0,pt,"E vamos de muita terapia na gata quando ela crescer né. O pior é que muita menina de 12 e 13 anos, pelo menos na escola que trabalho, gosta de se vestir assim, quer parecer adultas, mas o mais preocupante da north é ´ra além das roupas, a exposição",Neutro
cH_jRpUB7-k,Ugy2YyANZlK7x9zhT7Z4AaABAg,@criaturinhasdeDeus,UCH5YTFiIQ5dT4wY76TBrAtA,"Felca e sua síndromes de divindade, é como dizem ""ou voce morre como herói ou vive o bastante para se tornar o vilão"" felca perdeu completamente a credibilidade quando se vendeu para a rede globo e agora ele se enterrou ao apoiar essa merda de lei que só tem por real objetivo uma ditadura digital",0.0,2026-03-24T12:55:09Z,2026-03-24T12:55:09Z,0.0,pt,"Felca e sua síndromes de divindade, é como dizem ""ou voce morre como herói ou vive o bastante para se tornar o vilão"" felca perdeu completamente a credibilidade quando se vendeu para a rede globo e agora ele se enterrou ao apoiar essa merda de lei que só tem por real objetivo uma ditadura digital",Negativo
1GJa-j4zTgo,UgxcRPjf0EIjCpqXBfN4AaABAg,@LuertoCauã-f5t,UCSF31zZNkuv3xcEJySbQMCA,O cara farmando aura 99999+,0.0,2025-10-16T15:12:58Z,2025-10-16T15:12:58Z,0.0,pt,O cara farmando aura 99999+,Neutro
Ec5OZt3u66w,UgxO9uvAs_05OLeEsZR4AaABAg,@felipexx0007,UCzUI9kaRCDlz55oBRMN7VYA,Atualmente virei dependente de vpn kakkak,0.0,2026-03-21T18:22:26Z,2026-03-21T18:22:26Z,0.0,pt,Atualmente virei dependente de vpn kakkak,Neutro
rhHJwMJqaz4,UgyUORelZNKYIUxu3j94AaABAg,@Ls_Lus,UCCd2TmB-kQTTMUXT05qs8Mg,Elas n podem mais conversar com seus donos😭😭🙏🙏,6.0,2026-01-15T17:09:49Z,2026-01-15T17:13:18Z,3.0,pt,Elas n podem mais conversar com seus donos😭😭🙏🙏,Neutro
Luuxbx8pvwY,Ugy8U1b2RsuWtaewv-l4AaABAg,@HugoGabrielFou,UCjzMobFhl6xb94h--8uBdYg,Kskskak foi mal não aguentei ksksk,0.0,2026-01-25T16:41:14Z,2026-01-25T16:41:14Z,0.0,pt,Kskskak foi mal não aguentei ksksk,Neutro
9m4pROT-a_M,UgxXYxQ9n1jWexU5vod4AaABAg,@nicolasevaristo,UCXC7TrYpAjUHTO-y-8o0wpA,caaaaala boca,0.0,2026-01-20T16:09:28Z,2026-01-20T16:09:28Z,0.0,pt,caaaaala boca,Negativo
ed5SnEyNHOQ,Ugxa5nQctNx24bIVLqN4AaABAg,@RosileneSouza-r7b,UCYZqpy-yWQ5e7DwZhn4WFgA,"Ela acertou a cabeça dele dando o troco!! 😂😂😂 , olha a carinha dela quando acerta!! 😅😅",10.0,2026-02-23T19:02:16Z,2026-02-23T19:02:16Z,0.0,pt,"Ela acertou a cabeça dele dando o troco!! 😂😂😂 , olha a carinha dela quando acerta!! 😅😅",Neutro
m8XtyJ0D9TM,Ugx7DVNucN5JdhTjmZF4AaABAg,@laurasousa559,UCUxLuViONSyJU1epi5USj5Q,Felca vc será o presidente do Brasil 🇧🇷 com fé em Deus,0.0,2025-08-14T13:09:51Z,2025-08-14T13:09:51Z,0.0,pt,Felca vc será o presidente do Brasil 🇧🇷 com fé em Deus,Neutro
QMmsmvVrhRk,UgyOfuwUjyv7LKLmfmN4AaABAg,@HenriqueSIIva-zo6jz-7,UCtD4sWgk_1LiSSCPx8rTqPw,"Se eu encontrar vídeo desses youtubers, eu vou denunciar.",21.0,2026-03-18T12:23:26Z,2026-03-18T12:23:26Z,0.0,pt,"Se eu encontrar vídeo desses youtubers, eu vou denunciar.",Negativo
FFXgA7xSPPE,UgxlLAX6wIzhsVBkKY54AaABAg,@IgorAndrade-rc9uo,UCs5jLsn6fQb-vhbjmOU0otg,"Caraca, pegaram um vídeo da Tia Jô, do Congresso dos Gideões Missionários, Da Última Hora, kkkkkkk.... A coitada não sabe do que tá falando não....",0.0,2026-03-25T01:32:10Z,2026-03-25T01:32:10Z,0.0,pt,"Caraca, pegaram um vídeo da Tia Jô, do Congresso dos Gideões Missionários, Da Última Hora, kkkkkkk.... A coitada não sabe do que tá falando não....",Neutro
oERUcd0ZLto,UgxW5dCEv_VJnZBUczp4AaABAg,@Keaton.,UChP_EJv311zod6NOvs_Qqmg,Quero nem ver... vou ter de autenticar 30 contas do Gmail... Aaaaaaaaaaaaaaaa.. vou mudar tudo pra estados unidos e usar VPN...,0.0,2025-08-28T16:18:37Z,2025-08-28T16:18:37Z,1.0,pt,Quero nem ver... vou ter de autenticar 30 contas do Gmail... Aaaaaaaaaaaaaaaa.. vou mudar tudo pra estados unidos e usar VPN...,Neutro
dIH_yHLarb0,Ugw23C-peemNaLGZJXx4AaABAg,@miguelprxd,UCk1ZI5CetmVK1TRH5S3zGqg,fui o 1 so fa de vcs,2.0,2026-01-14T23:31:16Z,2026-01-14T23:31:16Z,2.0,pt,fui o 1 so fa de vcs,Positivo
7aEm9egeLV8,Ugw2QIsVRjQZaVt8ytt4AaABAg,@Caramelo_Fofo-h6s,UCvREacQlxrh5L3VG5w8ul0g,O felca tá acabando com o Brasil mano,0.0,2026-03-18T13:27:18Z,2026-03-18T13:27:18Z,0.0,pt,O felca tá acabando com o Brasil mano,Negativo
-51adwKMOrU,UgzC_W6rTo-DDjyjNpd4AaABAg,@mihh_nini-r3g,UCVjPeCwRCiYfVbA2-wCUi2A,Eita como copia a DUDINHA,0.0,2025-09-25T19:25:29Z,2025-09-25T19:25:45Z,0.0,pt,Eita como copia a DUDINHA,Negativo
AMHtogSOLZk,UgwICAge1buUPekexY54AaABAg,@anaesmeralda100,UCIYsd52FfJQetvNsgs3C4dA,"Cara presidente Nacional do PT, poderia se manifestar quanto aos deputados do PT, que votaram a favor da PEC da blindagem? Obg",0.0,2025-09-19T22:11:31Z,2025-09-19T22:11:31Z,0.0,pt,"Cara presidente Nacional do PT, poderia se manifestar quanto aos deputados do PT, que votaram a favor da PEC da blindagem? Obg",Neutro
E7K-KhpwyL0,UgwuosczRArkT-2c1-V4AaABAg,@nanimuniz890,UC7b3KiAz6HiVR_84UUeioOQ,"O Lula falando toda a verdade, escraxada, os esquerdistas escancarando a verdadeira face. E os caras procurando mensagem subliminar numa foto conceitual de revista. Meu Deus esse país nunca mais vai sair do buraco.",0.0,2025-09-20T10:55:21Z,2025-09-20T10:55:21Z,0.0,pt,"O Lula falando toda a verdade, escraxada, os esquerdistas escancarando a verdadeira face. E os caras procurando mensagem subliminar numa foto conceitual de revista. Meu Deus esse país nunca mais vai sair do buraco.",Negativo
WBW52NmiY4I,UgzMO_tny0x1hg5gmNN4AaABAg,@juniorrodrigues7178,UCnCEdiWOA5AaE-p7EWUpdXw,enaldinho me nota por favor,3.0,2026-01-28T23:36:23Z,2026-01-28T23:36:23Z,0.0,pt,enaldinho me nota por favor,Neutro
IHHXZzGOv4E,UgzFtgMaj2H8wgpwpBt4AaABAg,@alinemurilla7377,UCiUUa2pqWQL_HBG03yP0phA,O zoo da turma  do problems,0.0,2026-02-20T17:51:18Z,2026-02-20T17:51:18Z,0.0,pt,O zoo da turma do problems,Neutro
Ma0CiusViCE,UgwpfKoA3MO9Ns_IenF4AaABAg,@wtfviniiz,UCWd4gNGx9Opso1xScdor_wg,"eu concordo muito com a ideia, mas o problema tá na execução...",0.0,2026-02-09T16:39:39Z,2026-02-09T16:39:39Z,0.0,pt,"eu concordo muito com a ideia, mas o problema tá na execução...",Neutro
qngTfgSIcqY,Ugzp-uxWd0FuPP3Ixcx4AaABAg,@alexandracaseira5589,UC2uiR6ii7DfC-LsST-_St1A,Cuitado do ziggy,0.0,2026-01-04T22:39:17Z,2026-01-04T22:39:17Z,0.0,pt,Cuitado do ziggy,Neutro
nH84VfHnWYE,Ugw8tc7at2zT6tYOLDh4AaABAg,@joanamaria3022,UCEHJDrgcDeIiQIqHPzrqteA,Cinco anos que já sei tudo quando descobri uma semana chorando desesperada de tanta maldade é só procurar YouTube Luciano Cesar era de aquários falou tudo sobre crianças.,0.0,2025-08-11T01:58:42Z,2025-08-11T01:58:42Z,0.0,pt,Cinco anos que já sei tudo quando descobri uma semana chorando desesperada de tanta maldade é só procurar YouTube Luciano Cesar era de aquários falou tudo sobre crianças.,Neutro
54T7RZbXwmg,UgyKP4uKVM4614DZdEJ4AaABAg,@karlaknierim8855,UC2-pQE84NYZb9b0U8Na6OAg,"Vai se ferrar né, no SUS colocamos na cara e coragem 😂",0.0,2025-10-09T15:06:38Z,2025-10-09T15:06:38Z,0.0,pt,"Vai se ferrar né, no SUS colocamos na cara e coragem 😂",Negativo
9ylhmsiOrPI,UgwFeu-TS4NrhWEkKj94AaABAg,@roronoa.zoro.244,UC0HOLjgGJYt7sb-jbQ-2Jeg,o sbt fez noticia por causa do chat,0.0,2026-01-16T18:10:18Z,2026-01-16T18:10:18Z,0.0,pt,o sbt fez noticia por causa do chat,Neutro
AIEihV-eiCA,UgwivG0-byc8keAQuYx4AaABAg,@somososaldaterraclaumarchioro,UCea-Zc2fjmgNuxiv3TiIr8g,Deus guarde o Matheus,0.0,2025-11-30T04:14:43Z,2025-11-30T04:14:43Z,0.0,pt,Deus guarde o Matheus,Positivo
Q0d9PKzl2h8,Ugy-q79pQz7kFWSlti54AaABAg,@guizin_oficialmc,UCyZUwJgE3QrbNoD-MOoNKdQ,"Na vdd o felca tava certo mais agr ele fez merda agr ele processou o Roblox e por culpa dele o Roblox vai ser banido do Brasil dia 1 de março tudo culpa dessas crianças boateiras e por causa delas e do felca o Roblox vai ser banido tá vendo fez merda levou merda de volta quem concorda comigo 
👇",0.0,2026-01-26T21:33:27Z,2026-01-26T21:33:27Z,0.0,pt,Na vdd o felca tava certo mais agr ele fez merda agr ele processou o Roblox e por culpa dele o Roblox vai ser banido do Brasil dia 1 de março tudo culpa dessas crianças boateiras e por causa delas e do felca o Roblox vai ser banido tá vendo fez merda levou merda de volta quem concorda comigo 👇,Negativo
fQ35nbOTpLc,Ugznysvu-zsWuKCIlF94AaABAg,@JoaoLucas-zg6gv,UC-i_lI1-Qr2Jd8Srb5wwRVw,"Negão, não tem nada haver a família dela com a dos outros",0.0,2025-10-09T08:08:52Z,2025-10-09T08:08:52Z,0.0,pt,"Negão, não tem nada haver a família dela com a dos outros",Neutro
cuUJ7iPnSNo,UgyjoTsroH5N3jUKVHJ4AaABAg,@cookie-n4g5,UCkv99Tn4UUNH4d7KTOtP7NA,Oxeeeeeeeee;----------; ela morreu kkkk,1.0,2025-10-29T01:02:25Z,2025-10-29T01:02:25Z,0.0,pt,Oxeeeeeeeee;----------; ela morreu kkkk,Neutro
WRTKQeFUmPg,Ugw5TnyIrmyej3lsOgN4AaABAg,@Carlacarla-y6b,UCDay_ZqnVEAV92vo6fEuPjQ,Um óculos de mergulho com etiqueta da loja dos 10 reais da esquina que não me servia aí fui pedir pro meu pai ajustar e ele quebrou o óculos ;-;,0.0,2025-12-28T00:28:35Z,2025-12-28T00:28:35Z,0.0,pt,Um óculos de mergulho com etiqueta da loja dos 10 reais da esquina que não me servia aí fui pedir pro meu pai ajustar e ele quebrou o óculos ;-;,Neutro
3ZnpeSX8T_U,UgzKMk4_KnTprLVuGch4AaABAg,@DaniDr4ws-r5s,UCf44vew8m51TBte9mB1epdQ,"O maluco cuspiu na cara do próprio público, e tem retardado que viu esse vídeo que fala ""felca você é necessário""🐒, e também não é culpa da poha do celular se a criança tem pais de merda que não vem oque ela tá fazendo na internet PQP, celular não é babá de criança",1.0,2026-03-23T11:37:49Z,2026-03-23T11:40:01Z,0.0,pt,"O maluco cuspiu na cara do próprio público, e tem retardado que viu esse vídeo que fala ""felca você é necessário""🐒, e também não é culpa da poha do celular se a criança tem pais de merda que não vem oque ela tá fazendo na internet PQP, celular não é babá de criança",Negativo
4zkB9JjBM40,UgwiL36otW0l-eb9IQ54AaABAg,@TakidaKoGaMa,UCO_s12n9Qi3C5VD551Zc1DA,4:12 as galinhas escutam música clássica tem passeio semanais para museus históricos e fazem pilates todas as sextas,9.0,2025-11-29T18:54:11Z,2025-11-29T18:54:11Z,0.0,pt,4:12 as galinhas escutam música clássica tem passeio semanais para museus históricos e fazem pilates todas as sextas,Neutro
OFSYcbklOV0,Ugz58hBRsJ4d1mkZ2od4AaABAg,@anaalicemiguel9279,UC01Uu_imBHK6f2BW3MlWfHg,E daí tem pessoas que como se fala bolinho fácil daí que tu falou daí ele quer muitas pessoas só para vocês machucar ele ele quer que você se machucam ele,0.0,2026-02-03T00:56:09Z,2026-02-03T00:56:09Z,0.0,pt,E daí tem pessoas que como se fala bolinho fácil daí que tu falou daí ele quer muitas pessoas só para vocês machucar ele ele quer que você se machucam ele,Neutro
TAHIkTnFfkA,UgxqqzIWVOSdpBNpGCR4AaABAg,@Bin19ho,UC08ZplrcFahHTtAiFeVJr1w,Blogs tirou leite de pedra! Que entrevista SEM GRAÇA,0.0,2025-09-30T08:27:55Z,2025-09-30T08:27:55Z,0.0,pt,Blogs tirou leite de pedra! Que entrevista SEM GRAÇA,Negativo
Vsl53hSSEYo,UgwjLzoGprN_zf21ES14AaABAg,@jocastasouza385,UCfzhLNkCl1qB-hylBXeG-Ow,então devolver o chate poraaaa,0.0,2026-01-21T12:41:47Z,2026-01-21T12:41:47Z,0.0,pt,então devolver o chate poraaaa,Negativo
GtQ9ReUi3_8,UgxCWXdbYXouAUuY8u54AaABAg,@Geometria_em_Movimento,UCqsw_NTsCtpldoynDNm5zNw,"Essas discussão sobre o tema, como está é sensacional.",0.0,2025-09-11T13:58:39Z,2025-09-11T13:58:39Z,0.0,pt,"Essas discussão sobre o tema, como está é sensacional.",Positivo
kKxR4y-cTUI,UgzYllAmBPKBTGQwxAF4AaABAg,@isaacpereira6800,UCG2a4WBcK77_GqxHNGVUPpg,"Esses palhaços deviam era levar um par de chapadas para acordarem para a vida. É claro que todos fazemos asneiras ao longo da vida mas coisas deste tipo é só vergonhoso. Nem português sabem falar... a burra do segundo email nem a lei sabe. Quer dizer que já é maior de idade e por isso não contribui para o fenómeno da adultização, mas depois pede para retirar a imagem dela???? O que está na internet é público, e se ela já é maior de idade devia ganhar vergonha na cara",0.0,2025-09-10T22:07:44Z,2025-09-10T22:07:44Z,0.0,pt,"Esses palhaços deviam era levar um par de chapadas para acordarem para a vida. É claro que todos fazemos asneiras ao longo da vida mas coisas deste tipo é só vergonhoso. Nem português sabem falar... a burra do segundo email nem a lei sabe. Quer dizer que já é maior de idade e por isso não contribui para o fenómeno da adultização, mas depois pede para retirar a imagem dela???? O que está na internet é público, e se ela já é maior de idade devia ganhar vergonha na cara",Negativo
PfYkuAVsg1M,UgzDe5FtS3xesTJ1lrd4AaABAg,@sarracenoex3767,UCDNT59Vv2tPugnlUUNhHyCQ,"0:45. Ue??? Mas cade o senhor da razao que dizia e batia o pe q esse felca era santinho???

Eu ainda vou ta vivo pra ouvir vc falar q mesma coisa dessa imigraçao e q o islan nao  é a religiao da paz

Fora a bosta q vc falpu ontem dizendo q os homens estao exagerando quando dizem q as mulheres querem fodelos com essas leis governamentais

Lamentavel",1.0,2026-03-20T11:25:25Z,2026-03-20T11:25:25Z,0.0,pt,0:45. Ue??? Mas cade o senhor da razao que dizia e batia o pe q esse felca era santinho??? Eu ainda vou ta vivo pra ouvir vc falar q mesma coisa dessa imigraçao e q o islan nao é a religiao da paz Fora a bosta q vc falpu ontem dizendo q os homens estao exagerando quando dizem q as mulheres querem fodelos com essas leis governamentais Lamentavel,Negativo
ta7-JvyOzBM,UgzY4ydYnByOH1hm2Cp4AaABAg,@furia00182,UCmBrdr4ozNKcyzZ3bdk1ocQ,TÔ FAMOSO MEU ANIVERSÁRIO É 1 DE MARÇO 🎉🎉🎉🎉🎉🎉,0.0,2026-01-25T21:44:42Z,2026-01-25T21:44:42Z,0.0,pt,TÔ FAMOSO MEU ANIVERSÁRIO É 1 DE MARÇO 🎉🎉🎉🎉🎉🎉,Neutro
adHddZMxrzg,UgxFdj33lfF8o1zDX_t4AaABAg,@2scarioca,UCnad4zTuw7zahapyH1bfHWg,impossivel o jogo ser banido de algum lugar meu amigo bully foi banido de mais de 3 paises e e mundialmente conhecido n muda muita coisa isso sempre existiu..,0.0,2026-03-18T17:13:39Z,2026-03-18T17:13:39Z,0.0,pt,impossivel o jogo ser banido de algum lugar meu amigo bully foi banido de mais de 3 paises e e mundialmente conhecido n muda muita coisa isso sempre existiu..,Neutro
7AHEL2YljF0,UgxODs_2cJ0H8aXGT-R4AaABAg,@wedsonjl,UCv1XqPwb5Jldhmxs5YhTN6A,"Marcello, cada dia mais coerente!!!",0.0,2026-03-20T23:03:29Z,2026-03-20T23:03:29Z,0.0,pt,"Marcello, cada dia mais coerente!!!",Positivo
AbaUjJaAHJo,UgyxJTkhvGamHqgqK954AaABAg,@PortoPrisma,UC7xKpdCZMGTa5s2LkA4DlIQ,"Assistir o video, a situação foi tão muito inesperada, bom que volte ao normal. Desejo sucesso.",0.0,2025-08-29T22:06:37Z,2025-08-29T22:06:37Z,0.0,pt,"Assistir o video, a situação foi tão muito inesperada, bom que volte ao normal. Desejo sucesso.",Positivo
1FXrSh5BgmU,Ugwp7p84yvhqDhKZL4B4AaABAg,@anacristinajuridico2998,UCljENdWZQ8tzj9SEB6jc1MQ,"Parabéns pelo seu sentimento de responsabilidade, sua atitude foi um verdadeiro serviço à sociedade.
Deus lhe abençoes com muita paz e luz no caminho!",0.0,2025-08-23T05:53:27Z,2025-08-23T05:53:27Z,0.0,pt,"Parabéns pelo seu sentimento de responsabilidade, sua atitude foi um verdadeiro serviço à sociedade. Deus lhe abençoes com muita paz e luz no caminho!",Positivo
7AHEL2YljF0,UgxhJ2tZZG6XY_TrVGZ4AaABAg,@maicaokusanagi559,UCEEi8BIC3KVzkGWNFqFNVCA,3:16 uma brecha aí em eles querem ver bilada manço nem privacidade pode ter mais até no banheiro reconhecimento facial,0.0,2026-03-20T23:40:05Z,2026-03-20T23:40:05Z,0.0,pt,3:16 uma brecha aí em eles querem ver bilada manço nem privacidade pode ter mais até no banheiro reconhecimento facial,Negativo
JuQieDE0jR4,UgzcM26SBsicTN6ay9R4AaABAg,@Azullyn2198,UCiZviXhx7W56bsP4PhhMMXw,"E a tia dele que deu uma entrevista falando que  não quer que ele passe a vida em uma instituição, e quer que alguém adote ele... Aí o cara perguntou pq vc não fica, ela falou tentei por 1 ou 2 semanas mas não aguentei não quero essa responsabilidade... Aí fica a pergunta uma pessoa vai adotar um psicopata e assassino só por ser criança 🤦🏻‍♀️🤦🏻‍♀️🤦🏻‍♀️",444.0,2025-10-06T19:58:51Z,2025-10-06T19:58:51Z,39.0,pt,"E a tia dele que deu uma entrevista falando que não quer que ele passe a vida em uma instituição, e quer que alguém adote ele... Aí o cara perguntou pq vc não fica, ela falou tentei por 1 ou 2 semanas mas não aguentei não quero essa responsabilidade... Aí fica a pergunta uma pessoa vai adotar um psicopata e assassino só por ser criança 🤦🏻‍♀️🤦🏻‍♀️🤦🏻‍♀️",Negativo
Zg2MnCPFSAM,Ugx9bOJwx3sYSFadL-p4AaABAg,@umaraquete,UC6MMy5uSecqPssXzA9ND12Q,Só falta jogo de mulher pel4d4 livre mano,0.0,2026-03-25T02:25:31Z,2026-03-25T02:25:31Z,0.0,pt,Só falta jogo de mulher pel4d4 livre mano,Neutro
59itLFXNviM,UgzUz0eSyZ1l9DKjfll4AaABAg,@pedrolucassouza3216,UCMVJqEmUhZi5YEr2bG5RUyg,RED DEAD NÃOOOOOOOOOOOOOOOO,0.0,2026-03-19T00:16:17Z,2026-03-19T00:16:17Z,0.0,pt,RED DEAD NÃOOOOOOOOOOOOOOOO,Neutro
Cr-IIXhyVpE,UgwXuXwEAT0yD8p1NfB4AaABAg,@vitoriabardemat,UCB7jrenVlvKPe4xp6OT6htg,Minha preocupação é ele como uma pessoa muito introvertida e nada dele e a rede globo fazer ele cometer algo muito grave com ele,0.0,2025-10-22T23:17:17Z,2025-10-22T23:17:17Z,0.0,pt,Minha preocupação é ele como uma pessoa muito introvertida e nada dele e a rede globo fazer ele cometer algo muito grave com ele,Positivo
ocAZWCW_dac,UgzSBWBYCGU9TnJkVPt4AaABAg,@evasantos3009,UCG8qGrBCB9BlNz2jNo3pbIg,"Esse Brasil muito estranho quantas vezes Bolsonaro ameaçado, escrachado por muitos, fizeram a cabeça dele cortada sangrando e nada fizeram, não dá para entender.",0.0,2025-08-25T16:32:34Z,2025-08-25T16:32:34Z,0.0,pt,"Esse Brasil muito estranho quantas vezes Bolsonaro ameaçado, escrachado por muitos, fizeram a cabeça dele cortada sangrando e nada fizeram, não dá para entender.",Neutro
T_NpqPwboxg,Ugz7DxZxsW4KC-kAzrF4AaABAg,@danielsnake3227,UCkGvspgVv2gf7vnUn3Ri8YQ,"Força Felca, Abraço",1.0,2026-01-03T00:47:31Z,2026-01-03T00:47:31Z,0.0,pt,"Força Felca, Abraço",Positivo
EWb7kuDoQsE,UgxSWvw9YyCtOEYm9Y14AaABAg,@AnFatalErrorOcurred,UCOp1tVspobbGvSMljJswf1Q,"tenho medo de se isso fosse com a moge-ko ou a yonaka do final ""bom"" de mogeko castle..",0.0,2025-10-13T16:44:01Z,2025-10-13T16:44:01Z,0.0,pt,"tenho medo de se isso fosse com a moge-ko ou a yonaka do final ""bom"" de mogeko castle..",Neutro
ui0YVmAXomw,Ugy0_VOaPuOD7NpceTB4AaABAg,@cuboderubik-g3u,UC_WSR0YmyarUXz2RynusSEw,Só vou falar 2 coisas absolute cinema 🎥,8.0,2025-08-14T23:43:16Z,2025-08-14T23:43:16Z,1.0,pt,Só vou falar 2 coisas absolute cinema 🎥,Neutro
vhwdlEHBzTA,UgyBadBeHZbo1DjpP2V4AaABAg,@Eleilmabrasileiro,UCDFwZxRqlZG-5iimNUEb6_w,Aura meus amigos 🦀,0.0,2025-08-16T01:06:51Z,2025-08-16T01:06:51Z,0.0,pt,Aura meus amigos 🦀,Positivo
yvNNydemYQk,UgzkKwUF-GtO23WGqpp4AaABAg,@decabrobo,UCRk-ob0rbiHY-jg_7T-J-5Q,Este gordinho não liga lê com cré,0.0,2025-10-24T21:17:15Z,2025-10-24T21:17:15Z,0.0,pt,Este gordinho não liga lê com cré,Negativo
O1lUPHc8h4Y,Ugyg7MSZJGxo56Nwn514AaABAg,@Breno-j9c,UCS0hHOnfkuspa618ExGIpzA,Pq o roblox,0.0,2026-02-21T11:00:03Z,2026-02-21T11:00:03Z,0.0,pt,Pq o roblox,Neutro
fZunwKCDklI,Ugz3H4U5CBHB3I6KqE14AaABAg,@wellysonsantos8677,UCzcrElLMnmaQv6iMvvUuJPg,Aonde eu acho esse vídeos mano,0.0,2025-12-07T22:56:30Z,2025-12-07T22:56:30Z,0.0,pt,Aonde eu acho esse vídeos mano,Neutro
S8z26KD45H0,UgxfSg7-sVBCbXbna6t4AaABAg,@mariasimoes2022,UCG4rKAeZoVN5rt6cxi7Bgjg,"Muita inveja encima dessa linda mulher. E os safardanas com certeza a chantagivam , troca de papeis por sexo. Mulheres na tv e teatro tem que fazer muitos pactos.",0.0,2025-12-04T15:16:45Z,2025-12-04T15:16:45Z,0.0,pt,"Muita inveja encima dessa linda mulher. E os safardanas com certeza a chantagivam , troca de papeis por sexo. Mulheres na tv e teatro tem que fazer muitos pactos.",Negativo
RR0KJ4KzP74,Ugw1GXmPUxWFFoiWg_p4AaABAg,@laudelinaflorenciogflorenc7232,UCPqyygTs_TIg8okc_9skA7A,O celta não fez nada smskk,0.0,2026-02-05T03:35:08Z,2026-02-05T03:35:08Z,0.0,pt,O celta não fez nada smskk,Neutro
FrnbqkfDgP8,UgzLuG_CuMDoJbxYfQl4AaABAg,@DKs_DUcK,UCXiMs0oM1e5dk-eHwlyQ4fA,😂 essa kamilinha ta bombadasa,0.0,2025-08-18T23:07:24Z,2025-08-18T23:07:24Z,0.0,pt,😂 essa kamilinha ta bombadasa,Neutro
bmaPsOJ6JdE,UgwnObHztA2s7_fC9hJ4AaABAg,@HeltonGuimarães-u4g,UCLnbKDR86kDgYo8YXl57mxA,"Carlinhos me parece mais perdido que cachorro que caiu da mudança.
Dizer ser Cristão e ir a balada por estar em um processo é uma bengala para o erro.
1 Coríntios 6:12
""Tudo me é lícito, mas nem tudo me convém.
Só pode ser chamado verdadeiramente de Cristão, quem já está na Plenitude de Cristo.
Enquanto está percorrendo o caminho da Plenitude em Cristo, o prosélito é somente mais um crente.
Efésios 4:13.",0.0,2025-11-16T00:45:53Z,2025-11-16T00:45:53Z,0.0,pt,"Carlinhos me parece mais perdido que cachorro que caiu da mudança. Dizer ser Cristão e ir a balada por estar em um processo é uma bengala para o erro. 1 Coríntios 6:12 ""Tudo me é lícito, mas nem tudo me convém. Só pode ser chamado verdadeiramente de Cristão, quem já está na Plenitude de Cristo. Enquanto está percorrendo o caminho da Plenitude em Cristo, o prosélito é somente mais um crente. Efésios 4:13.",Neutro
wK8ExIAuz8s,Ugw--DOOUfmZ9TLqWcV4AaABAg,@PaolaBrasil-e1y,UCgQpybqYSBaGlH0adUFZ-WA,Eu não entendi nada sobre que essa mulher falou,0.0,2026-01-12T16:28:22Z,2026-01-12T16:28:22Z,0.0,pt,Eu não entendi nada sobre que essa mulher falou,Neutro
knVdtH1f1_Q,Ugz1nCS9FmT0rI1WR9l4AaABAg,@gugzx7486,UC4aVV4PCuQriYs63RpFLMnA,"Eu esperando o cara sumir e dizer

""Por que eu sou uma IA""",0.0,2025-08-18T03:06:21Z,2025-08-18T03:06:21Z,0.0,pt,"Eu esperando o cara sumir e dizer ""Por que eu sou uma IA""",Neutro
4zkB9JjBM40,UgxXUAaBA4rdI55Ypbh4AaABAg,@karlaknierim8855,UC2-pQE84NYZb9b0U8Na6OAg,Gente que fim de mundo 😢,0.0,2025-11-29T15:07:25Z,2025-11-29T15:07:25Z,0.0,pt,Gente que fim de mundo 😢,Neutro
_eQbD3NZv18,UgwGWC4a7VvmhWdbAlJ4AaABAg,@FlorilioSalgado,UCUPd-VfTFnBu35D_3ONojHg,Eu quero justiça,0.0,2026-01-19T19:01:22Z,2026-01-19T19:01:22Z,0.0,pt,Eu quero justiça,Neutro
ZNFJLaau2-A,UgyXAT00gQ0-G-bo7MJ4AaABAg,@namexd3451,UCSvim9bO-xNsoQ9ms6S7Cqw,Porr oque o dave jones tem haver com isso? Kkkkkkkk o resto merecemas nmrl bando de filho da puta com tempo livre,0.0,2026-03-19T18:17:39Z,2026-03-19T18:17:39Z,0.0,pt,Porr oque o dave jones tem haver com isso? Kkkkkkkk o resto merecemas nmrl bando de filho da puta com tempo livre,Negativo
u9qLXh7y2hI,Ugyhz0on9XDPhHCVuAZ4AaABAg,@Ellie_Sylvie,UCjGUzg_Qvpck3sHuklac5qg,"A glr não entende algo, o Felca não escolheu popularizar seu nome nessa lei, ele já até fez vídeo dizendo que não gostou que chamaram o ECA Digital de ""Lei Felca"" ele só mostrou sobre a adultização na internet e sobre propagandas de cassino, ele não disse nada sobre as lootboxes em jogos infantis ou coisa do tipo, e criticar o Felca por algo que nem tava no alcance dele, essa escolha não veio dele, ele não tem nenhum poder político para pedir por isso, criticar ele por existir essa lei acaba sendo paia

No geral, tô foda-se pro Felca, se ele falou merda ou não, ele fez a parte dele mostrando como a adultização tava sendo algo que todo mundo virava a cara invés de ter uma providência, e eu não sou de ficar vendo vídeo que só tem essas coisas ruins, mas só queria levantar esse ponto sobre a política nas costas de uma pessoa que era só um youtuber que fazia vídeos usando 5kg de base na cara",0.0,2026-03-26T10:57:42Z,2026-03-26T10:57:42Z,0.0,pt,"A glr não entende algo, o Felca não escolheu popularizar seu nome nessa lei, ele já até fez vídeo dizendo que não gostou que chamaram o ECA Digital de ""Lei Felca"" ele só mostrou sobre a adultização na internet e sobre propagandas de cassino, ele não disse nada sobre as lootboxes em jogos infantis ou coisa do tipo, e criticar o Felca por algo que nem tava no alcance dele, essa escolha não veio dele, ele não tem nenhum poder político para pedir por isso, criticar ele por existir essa lei acaba sendo paia No geral, tô foda-se pro Felca, se ele falou merda ou não, ele fez a parte dele mostrando como a adultização tava sendo algo que todo mundo virava a cara invés de ter uma providência, e eu não sou de ficar vendo vídeo que só tem essas coisas ruins, mas só queria levantar esse ponto sobre a política nas costas de uma pessoa que era só um youtuber que fazia vídeos usando 5kg de base na cara",Positivo
CbAkMzYs6dc,UgwoiN7v3B0hanCFktV4AaABAg,@Rafa.com132,UCjNN9S-lLBslQjcv7iIDlNQ,Foi o felca aquele burro ainda que não sou criança,0.0,2026-02-19T21:32:10Z,2026-02-19T21:32:10Z,0.0,pt,Foi o felca aquele burro ainda que não sou criança,Negativo
utjwVu0Zjnc,UgyoZZKc8L0tl8Xub9p4AaABAg,@Matos-w1l,UC13YL1Z9HPvi9lguqG3mdqA,justisa pelo o chat gente,0.0,2026-01-25T17:39:37Z,2026-01-25T17:39:37Z,0.0,pt,justisa pelo o chat gente,Neutro
Sh6xkP3pyV8,UgznHUcYXd-EUwDA_QB4AaABAg,@Daydecosta2,UCuWcKbUjSdyOGwWTTFipxOA,Tá chapado de droga não tá triste,0.0,2026-02-01T02:33:59Z,2026-02-01T02:33:59Z,0.0,pt,Tá chapado de droga não tá triste,Negativo
oscNcRTN1OI,UgwaTyqn3LJRl0KHmvB4AaABAg,@Gatinhoopinabonitao,UCber0_aH2ttS-SYOJO2L72w,Gente e muito importante te amigo na internet  de preferência gente depressiva mais é sempre bom antes de tudo sabe o que é aquela pessoa pois pode ser um adulto o idoso ou pior mais sabe que se vc não tive amigo recomendo bastante vc sabe q e melhor vc conhecer a pessoa antes  pois se não. Pode da ruim e bom vc evitar de fazer amizades da internet mais vc pode mais vc pode tá correndo um grande perigo,0.0,2025-10-01T18:28:25Z,2025-10-01T18:28:25Z,0.0,pt,Gente e muito importante te amigo na internet de preferência gente depressiva mais é sempre bom antes de tudo sabe o que é aquela pessoa pois pode ser um adulto o idoso ou pior mais sabe que se vc não tive amigo recomendo bastante vc sabe q e melhor vc conhecer a pessoa antes pois se não. Pode da ruim e bom vc evitar de fazer amizades da internet mais vc pode mais vc pode tá correndo um grande perigo,Neutro
xCY4E3Tzo8Y,UgyjqegxBHwQV2nhqp94AaABAg,@Lua_da_Noite2.0,UC47Gw7ZP8lhawuYE2VJA2qg,Eu tbm nn consigo,0.0,2026-01-12T22:23:10Z,2026-01-12T22:23:10Z,1.0,pt,Eu tbm nn consigo,Neutro
ZNFJLaau2-A,Ugws895pJiKHGclOoNd4AaABAg,@qualquernome-z6l,UCRRABt0-d-uUXUkzubT5UeQ,Queremos Injustiça!,0.0,2026-03-19T18:08:07Z,2026-03-19T18:08:07Z,0.0,pt,Queremos Injustiça!,Neutro
XXUwUdMX3GY,UgzMVMMvz7oJFfLLRxB4AaABAg,@joteixeira,UCZnt_f0bLIWxoBTaePdms0Q,Fecal vc quiz dizer né?,0.0,2026-03-20T17:58:24Z,2026-03-20T17:58:24Z,0.0,pt,Fecal vc quiz dizer né?,Negativo
zROJwxrhHuo,UgyUO1XEOBJXlLL9zPZ4AaABAg,@akemiito3230,UCmW2UCsQ8CK7AVToGOS69iw,"""Isso é censura "" deolane robloxiana",0.0,2026-01-19T23:01:15Z,2026-01-19T23:01:15Z,0.0,pt,"""Isso é censura "" deolane robloxiana",Neutro
31V2pVvNd58,UgzblxoNWGOKk95XDA94AaABAg,@paulocesarcsinfo,UCszIjUEG7avMUGBAqz0Rw8Q,Só pedo e contra essa lei.,0.0,2026-03-23T17:35:30Z,2026-03-23T17:35:30Z,0.0,pt,Só pedo e contra essa lei.,Neutro
FrnbqkfDgP8,Ugy4eohZn_28dqXf_UB4AaABAg,@rosenivieiraneri4571,UCMkd8m0EUHZ7OURmJIme0bA,E próximo e o Roblox...,0.0,2025-08-18T00:55:56Z,2025-08-18T00:55:56Z,0.0,pt,E próximo e o Roblox...,Neutro
T7fYqYeu9pA,UgxwwS3EnKtjA6Rh9Ll4AaABAg,@1nopodio,UCE0set34HsY0QiqlajUFYVA,só os final da net,0.0,2025-10-17T20:37:13Z,2025-10-17T20:37:13Z,0.0,pt,só os final da net,Neutro
NLzotBaYPp4,UgxWBrCQCRA0WLrNMJx4AaABAg,@rwvdy,UCeZ8y8SlnJH5wsmhNpXVXAQ,blairzika puta com boca de 09 dando esporro nele foi o ápice do video kkkkkk (mlk perturbado esse ai),0.0,2025-09-13T18:50:51Z,2025-09-13T18:50:51Z,0.0,pt,blairzika puta com boca de 09 dando esporro nele foi o ápice do video kkkkkk (mlk perturbado esse ai),Neutro
3JMFyOqUmuU,UgzaNXk5xwKvdaC42GN4AaABAg,@DouglasHenrique-ne4zi,UCndyc1WxrJv6gNGRCjr6P0g,TIRANDO OS GAMES PRAS CRIANÇAS FICAREM MAIS TEMPO NO INSTAGRAM E TIKTOK,0.0,2026-03-19T02:44:48Z,2026-03-19T02:44:48Z,0.0,pt,TIRANDO OS GAMES PRAS CRIANÇAS FICAREM MAIS TEMPO NO INSTAGRAM E TIKTOK,Neutro
1s72KZaN92M,Ugxh0lSlu9Bo_IAEI6R4AaABAg,@MarcosAntonio-xp1jg,UCfK-GkaSEfp5tPk7VgXsJ9w,Vejo nego mais novo fazendo vídeo fumando maconha,0.0,2025-08-25T08:47:10Z,2025-08-25T08:47:10Z,1.0,pt,Vejo nego mais novo fazendo vídeo fumando maconha,Neutro
5wglC85cgo4,Ugy_qYVI2_x2SnP22wN4AaABAg,@RaimundadasdorespintooliveiraD,UCJ96zuAEyEz9WhMhMGsNQ-A,Devolve o chat,0.0,2026-01-16T17:15:38Z,2026-01-16T17:15:38Z,1.0,pt,Devolve o chat,Neutro
CAeAxy_As40,UgzigKRB3avXkmgycJl4AaABAg,@Brucedio,UCAITIBUC76ka09D20wGj9bg,O ponto positivo é que aos poucos os brasileiros vão aprender a usar vpn.,0.0,2026-03-18T21:10:09Z,2026-03-18T21:10:09Z,0.0,pt,O ponto positivo é que aos poucos os brasileiros vão aprender a usar vpn.,Neutro
praCfvP9dD4,UgyC5D7loNJEAX3QgLt4AaABAg,@JúlioCezar1234-r6b,UCSaYGVsmmUnwiAYNQquJ_cQ,O dono do roblox nem entende português e ele nem sabe quem é felca,1.0,2026-01-18T22:14:28Z,2026-01-18T22:14:28Z,2.0,pt,O dono do roblox nem entende português e ele nem sabe quem é felca,Neutro
IHcbUbWgJHA,UgwxgBUg3uYdMuiXrwx4AaABAg,@fernandainaciodeoliveira224,UCISkUqTpFDDlmlnKkof03Gg,Escolha a  da arma❤❤❤❤❤❤❤❤❤❤❤❤,0.0,2026-01-16T12:40:42Z,2026-01-16T12:40:42Z,0.0,pt,Escolha a da arma❤❤❤❤❤❤❤❤❤❤❤❤,Negativo
4U61sbJtz6A,UgywusBUmgnbNC27RiR4AaABAg,@kayoluiz5777,UCsUMxMmyz3HL2Tb8qptksBw,É impressionante o estrago que Deus fez na sua vida. Gustava Hilton,0.0,2025-12-23T14:49:50Z,2025-12-23T14:49:50Z,0.0,pt,É impressionante o estrago que Deus fez na sua vida. Gustava Hilton,Negativo
ziQKgpjn22A,UgwpxMhq6Jf1J-EfmiB4AaABAg,@BrunaJetex,UCBJhY2pTaWlNg9P8y_zJNdA,Gente eu comentei nesse vídeo acha a letra b rosa que eu comentei eu vou eu vou não eu vou eu vou te seguir muito vamos ajudar essa diva bater 10 mil inscritos por favor amizade ajuda ajuda aaaáaaaaaaaaaaaaaaaaa 🎉🎉❤❤❤❤❤❤❤❤❤❤,0.0,2026-02-02T20:08:28Z,2026-02-02T20:08:28Z,0.0,pt,Gente eu comentei nesse vídeo acha a letra b rosa que eu comentei eu vou eu vou não eu vou eu vou te seguir muito vamos ajudar essa diva bater 10 mil inscritos por favor amizade ajuda ajuda aaaáaaaaaaaaaaaaaaaaa 🎉🎉❤❤❤❤❤❤❤❤❤❤,Neutro
tXTPZz2_AQE,UgwMOgv1y6rTh3uOGhJ4AaABAg,@heltonaraujo5609,UCBWqdV-A-TfvwGmsk3QTexQ,Uma nova constituição e uma nova forma de governo... PLEBISCITO2026 🔰 🔰,0.0,2025-09-16T22:12:01Z,2025-09-16T22:12:01Z,0.0,pt,Uma nova constituição e uma nova forma de governo... PLEBISCITO2026 🔰 🔰,Neutro
gPGgBW9rI-c,UgxI0Hd8JSgXWjnMcdV4AaABAg,@victorhalfeld9933,UC16gxCCkRZOFfIEdCbdfbBw,"""Me chamaram de demente, e o que eu previ aconteceu."" - Crianças do Robox",67.0,2026-03-21T17:06:08Z,2026-03-21T17:06:08Z,7.0,pt,"""Me chamaram de demente, e o que eu previ aconteceu."" - Crianças do Robox",Neutro
iXb6xOaDcLw,UgxV9uaUKIJLPhIReZN4AaABAg,@raulebrenotv,UC6Xpm0lwf_ql87LiIqH762A,"O Raiam chamou o Vini de feio, chamou o Luan Santana de passivo kkkkkk dei muita risada nesse vídeo 😂",0.0,2025-10-29T16:06:55Z,2025-10-29T16:06:55Z,0.0,pt,"O Raiam chamou o Vini de feio, chamou o Luan Santana de passivo kkkkkk dei muita risada nesse vídeo 😂",Neutro
N5XcLZRLPLE,UgyaqBZa7clAstc8ycp4AaABAg,@nãoentendinada-x4r,UCEc0vtAmXGax9efpZF3ovdw,Noiva cadáver 😂😂😂😂,0.0,2025-10-23T15:37:08Z,2025-10-23T15:37:08Z,0.0,pt,Noiva cadáver 😂😂😂😂,Neutro
6v_sXgu8geE,UgxAJ6vCQJhOvQbJgJh4AaABAg,@moniquesylvestre7199,UCEu2tGQd8czpWw3rSVHnTdg,não querendo defende a Anita mas esse diacho de boneco é mais velho q anda para trás porém só ganho fama nos tempos atuais,0.0,2025-10-22T18:53:07Z,2025-10-22T18:53:07Z,0.0,pt,não querendo defende a Anita mas esse diacho de boneco é mais velho q anda para trás porém só ganho fama nos tempos atuais,Neutro
gdiaRrUhKP0,UgzBZ10TMg-Zc3u1_ux4AaABAg,@dicasdodia30,UC6Pp1Auru7bBjpVz6qigZXg,Muzy: vou perguntar a minha mulher o que eu penso disso....,16.0,2025-12-15T15:06:19Z,2025-12-15T15:06:19Z,1.0,pt,Muzy: vou perguntar a minha mulher o que eu penso disso....,Neutro
8XK74Hlpplo,UgzTZHZWEzIwSqihOUt4AaABAg,@matheussampaio1529,UCdLDGxOyy4nE4ENwLuUh_kQ,Felca gunou na zorba,0.0,2025-11-10T14:04:59Z,2025-11-10T14:04:59Z,0.0,pt,Felca gunou na zorba,Neutro
OvqC1MZ-HaY,UgxVSDAaebI8_Zjia4Z4AaABAg,@Finnzzarolli,UCk2NTNyC8eXu3jG0qDj9wjQ,Loot já nn era proibido?,0.0,2025-09-01T15:06:55Z,2025-09-01T15:06:55Z,1.0,pt,Loot já nn era proibido?,Neutro
FpsCzFGL1LE,UgwAeBdfCsX3FbMU4rl4AaABAg,@mhrsouza1878,UC-JOz-zwmZgznQ4T85hI6_g,"Falso moralista do caramba, se envolveu em tretas com um monte de gente pra gerar lucro, cresceu o nome através de pautas sensíveis, pagou de paladino da justiça ""um homem com a moral intacta"" e no fim, tudo se resume a isso, a dinheiro...o mais legal é que ele pode sempre usar a desculpa de que está fazendo isso pelas crianças, mas a gente sabe o que ele quer",5.0,2026-03-24T12:28:47Z,2026-03-24T12:28:47Z,0.0,pt,"Falso moralista do caramba, se envolveu em tretas com um monte de gente pra gerar lucro, cresceu o nome através de pautas sensíveis, pagou de paladino da justiça ""um homem com a moral intacta"" e no fim, tudo se resume a isso, a dinheiro...o mais legal é que ele pode sempre usar a desculpa de que está fazendo isso pelas crianças, mas a gente sabe o que ele quer",Negativo
-5KUYr9B3ic,UgyCmGrRC_wmhNhQNUN4AaABAg,@johnhannaford1135,UCFnBptdOzNXEtlXBHCBbIYQ,Mais rica do que ele? Rapaz só o tempo dele jogando em time europeu já farmou uma fortuna gigantesca kkk,0.0,2025-10-08T01:23:01Z,2025-10-08T01:23:01Z,0.0,pt,Mais rica do que ele? Rapaz só o tempo dele jogando em time europeu já farmou uma fortuna gigantesca kkk,Neutro
tQcxySECRXY,UgzEqkKZEntS8xd7bat4AaABAg,@whiteplayer0,UCVCQeON9dhIITNXG93KNCDA,no horário de manaus as crianças não usam skin de mandrake,1.0,2026-01-16T20:01:54Z,2026-01-16T20:01:54Z,1.0,pt,no horário de manaus as crianças não usam skin de mandrake,Neutro
ZdQxZ1-BdC4,UgyPhm6uoJa2yUENoMl4AaABAg,@Bgomez92,UC3CgTx7KKjXRQ-AZiwSkrIA,Engraçado que o governo tem poder pra bloquear contas por política e não tem poder pra bloquear esse tipo de conteúdo,1.0,2025-08-09T17:05:07Z,2025-08-09T17:05:07Z,0.0,pt,Engraçado que o governo tem poder pra bloquear contas por política e não tem poder pra bloquear esse tipo de conteúdo,Neutro
B67ZEusqmGY,Ugxh5vYHNFKC_6FdtI94AaABAg,@hollowfied,UCeVe0-Iqgt7WgCcsQd2vp7w,As crianças sabendo música da época da ditadura? Kkkkkkkkkkkkkkkkk,1.0,2026-01-20T23:57:02Z,2026-01-20T23:57:02Z,0.0,pt,As crianças sabendo música da época da ditadura? Kkkkkkkkkkkkkkkkk,Neutro
02swnB5uHA4,UgxbGluvMHzh1lJ-DKR4AaABAg,@marcosdiniz388,UCYQNq_vw7xieFIQOgn0K0fg,Churrasco😂😂😂😂😂😂esqueço q sao burros tbm,0.0,2026-02-15T23:02:51Z,2026-02-15T23:02:51Z,0.0,pt,Churrasco😂😂😂😂😂😂esqueço q sao burros tbm,Neutro
p3URn9M2LKo,UgxazLQrGaz5o2KPSi14AaABAg,@carlosaqui,UC2Vyhmw_ksPJqPTvXV-3CZQ,Queremos injustiça,0.0,2026-03-18T21:29:52Z,2026-03-18T21:29:52Z,0.0,pt,Queremos injustiça,Neutro
WRTKQeFUmPg,Ugxpw5CXWamwiKFVDLZ4AaABAg,@Skye_fofis,UCg67tc0pCVp_r7dnOyGeksQ,Um irmão q qnd nasceu já me arranhou,0.0,2025-12-26T22:10:42Z,2025-12-26T22:10:42Z,0.0,pt,Um irmão q qnd nasceu já me arranhou,Neutro
VZLVafv8mhc,UgzTvNI8niMfuPZ-eAR4AaABAg,@GuilhermeSantossantana-n5l,UCeYqoSXOmX147bSD67FZbHw,Eu tenho 11 anos ai o Roboão falou que eu tinha 15 oloko,0.0,2026-01-28T03:17:13Z,2026-01-28T03:17:13Z,0.0,pt,Eu tenho 11 anos ai o Roboão falou que eu tinha 15 oloko,Neutro
I5V92qZ6PTg,UgzHQXtTGUf7SHhVdv54AaABAg,@MarciaAparecida-e1c,UCpLI1ao5eR3F8tXCc6vkbUw,O felca tem nada ve,0.0,2026-01-22T18:18:59Z,2026-01-22T18:18:59Z,0.0,pt,O felca tem nada ve,Neutro
Vm7GiMmx_ns,UgyaWz51rPtLpKUFoUV4AaABAg,@brun_ms,UC6q2A1HrwBaG-2Gthln6vqw,"mano o ""Cê cedilha"" tomou conta do video, meu TDAH não me deixou prestar atenção em nada kkkkkk",0.0,2025-09-04T20:06:03Z,2025-09-04T20:06:03Z,0.0,pt,"mano o ""Cê cedilha"" tomou conta do video, meu TDAH não me deixou prestar atenção em nada kkkkkk",Neutro
n7awu4vV_8U,Ugw8qE1gUxcnoChk6sZ4AaABAg,@barbaraleal7299,UCg-Skx63PUMsvgau8UD2ovw,Pior que o próprio felca pediu pra fazer o quadro não deu alguns meses e o felca já pulou nos braços da globo,1.0,2026-03-19T23:58:22Z,2026-03-19T23:58:22Z,0.0,pt,Pior que o próprio felca pediu pra fazer o quadro não deu alguns meses e o felca já pulou nos braços da globo,Neutro
DjtNy0wZs-A,UgymITtF-wI9o3iBN3F4AaABAg,@caiolindoeperfeito,UCkHDSJvUZ0d4R_Hj3Xtm3Wg,esse andrógino gotoso do felca só faz merda😭,0.0,2026-03-26T09:36:34Z,2026-03-26T09:36:34Z,0.0,pt,esse andrógino gotoso do felca só faz merda😭,Negativo
r9Rxb3nmLRc,Ugw3QL_bm9llSsg-wXd4AaABAg,@minions_sentinela,UCLoEWNYBq9k-tnWsfC5FmQA,O problema e server parece vazio mesmo com 20 pessoas ninguém responde,0.0,2026-02-07T18:48:33Z,2026-02-07T18:48:33Z,0.0,pt,O problema e server parece vazio mesmo com 20 pessoas ninguém responde,Neutro
o51zqOeZHtE,UgzRbrLr2Iqah1GT_3d4AaABAg,@FrancinetePereira-o6h,UCvS6auYkBbY2PVqciXFSt5g,A primeira vez que assisto o Pablo Marçal.,3.0,2025-10-02T10:43:30Z,2025-10-02T10:43:30Z,1.0,pt,A primeira vez que assisto o Pablo Marçal.,Neutro
VEx08fKHvZg,UgwEQVJxeSXOgbCn-_F4AaABAg,@nicolasmarques858,UCKzEUE10igNE6T8JdQZHiRg,facil assim destruiu o blox fruits?,1.0,2026-02-10T17:25:13Z,2026-02-10T17:25:13Z,0.0,pt,facil assim destruiu o blox fruits?,Neutro
mmPEaPDSR2Q,UgzzPGLoBNiWzfOayEl4AaABAg,@bryanbauers,UC8Q9Fy-em8vXYdc3Mpgg5bg,Nenhum dos dois Jesus,0.0,2026-02-14T16:31:26Z,2026-02-14T16:31:26Z,0.0,pt,Nenhum dos dois Jesus,Neutro
_Oa7f8RV21c,UgySVLNc37OrqFRb0Ep4AaABAg,@inglescomide5636,UC18dmAM5ApBiJjJh9C7oj7Q,Muito quinta série esses dois kkkkkk,2.0,2025-08-08T19:24:44Z,2025-08-08T19:24:44Z,0.0,pt,Muito quinta série esses dois kkkkkk,Neutro
Ma0CiusViCE,UgwRqvUm_-rMpI7HkYV4AaABAg,@marina_cine,UCQB16DCHcxTVk8Hak575wRw,"Eu falo que deveria ter essa proibição no Brasil, HÁ TEMPOS! Criança sem mexer em rede social e qualquer divulgação de imagem de crianças nessas redes tem que ser desmonetizada e restrita.",14.0,2025-12-19T12:02:40Z,2025-12-19T12:02:40Z,3.0,pt,"Eu falo que deveria ter essa proibição no Brasil, HÁ TEMPOS! Criança sem mexer em rede social e qualquer divulgação de imagem de crianças nessas redes tem que ser desmonetizada e restrita.",Positivo
iB3mTo1S0rg,Ugzpg2SJzxoXkZyXxVx4AaABAg,@Arthur-g7o2c,UCsqEMyMRuq0E6uuxnCUq0oA,Mas já passou 01/03,0.0,2026-01-14T15:51:00Z,2026-01-14T15:51:00Z,1.0,pt,Mas já passou 01/03,Neutro
u_clKlNKs2A,Ugz2wpHkwhP9IppGJrF4AaABAg,@micheleoliveira8052,UClPSi3vtWri6bCFJfi55CSQ,"Comecei a assistir o vídeo por curiosidade e não consegui terminar por falta de paciência... Acho que quando a gente vai ficando velha esse tipo de picuinha não faz mais sentido... Gente JESUS é a resposta pra todos esses problemas, Ele te ama da forma como você é, no dia em que entendermos que isso supera qualquer outra coisa que possa existir, conteúdos como esse serão irrelevantes...",0.0,2026-03-26T11:33:35Z,2026-03-26T11:33:35Z,0.0,pt,"Comecei a assistir o vídeo por curiosidade e não consegui terminar por falta de paciência... Acho que quando a gente vai ficando velha esse tipo de picuinha não faz mais sentido... Gente JESUS é a resposta pra todos esses problemas, Ele te ama da forma como você é, no dia em que entendermos que isso supera qualquer outra coisa que possa existir, conteúdos como esse serão irrelevantes...",Neutro
4XCQLA9-uiI,Ugwg5sSmzt1xGP3TyaR4AaABAg,@sudeminas2055,UCAE__F0Bxj4dpQM5z6AboxQ,"Ma querida eu sei alguns segredos😊😊😊
O primeiro segredo é simples vai lá no parque aquático novo num banquinho vai ter um apito vermelho teca esse apito e dá para o salva-vida faz animação do apito você vai ganhar um presente 🎁🎁🎁🎁🎁 
Segundo segredo😮😮😮 mas vai lá na mansão ou em outra casa que dá para editar pega uma boia e outras coisas pega a boia de sorvete e coloca essas coisas em cima dela a boia de sorvete coloca na sua mão 🫱✋🫱✋ e você vai lá no parque aquático novo você vai ganhar um presente se não funcionar tenta no teto 
Terceiro segredo ma vai lá na casa 🏠🏠🏠 que não dá para editar um gatinho laranja 🧡🧡🧡 e também no pet shop vai ter um gatinho laranja 🧡🧡🧡 pega o gatinho na casa primeiro e coloca naquela rua nova pega garotinha de cabelo rosa 🩷🩷🩷 entrega o gatinho da casa para ela se não funcionar usa do pet shop o que vai funcionar 
Quarto segredo você vai lá no parque aquático e lá vai ter nos vestiários o primeiro armário vai ter um óculos pega o óculos na mão 🫱✋🫱✋🫱✋ depois você vai lá no negócio de comidas que vai ter uma boia de flamingo e um de pato 🦆🦆 lá vai ter um negócio de kit médico e vai ter mais um óculos o óculos que tava já na sua mão coloca no flamingo que tava na maleta de médico coloca no pato 🦆🦆🦆 você vai ganhar um presente 🎁🎁 
Quinto segredo ma vá lá naquela rua nova lá vai ter um quadrinho que tem que fazer umas missões igual aquela rua antiga para ganhar um carro grátis primeiro bailar na delegacia tem uma bolsinha 👛👛👛 entrega para personagem que tá procurando sua bolsinha no fim da rua😊 entrega bolsinha para ela e você vai ganhar um presente e também vai ganhar uma etiqueta coloca nesse quadrinho depois vai lá naquele quadro que tá lá na rua aquilo que está escrito negócio que o gato tá perdido tira vai ter um papelzinho você vai lá onde que tinha aquela moça procurando a bolsa aí você pega aquele negócio de cortar grama aí naquele papelzinho vai ter coisas para cortar o primeiro é o coelho 🐇🐇🐇🐇🐇 o segundo é uma bolinha normal e o terceiro é um esquilo 🐿️🐿️🐿️ até essa parte aí do quadrinho eu sei 

Por favor me escolhe eu nunca fui escolhida sou sua maior fã e sigo você quando até quando eu tinha 5 anos😢😢😢 por favor me escolhe me escolhe me escolhe me escolhe e o meu nome é Sarah eu te amo ma❤❤❤❤❤❤❤❤",1.0,2026-01-22T19:35:34Z,2026-01-22T19:35:34Z,0.0,pt,Ma querida eu sei alguns segredos😊😊😊 O primeiro segredo é simples vai lá no parque aquático novo num banquinho vai ter um apito vermelho teca esse apito e dá para o salva-vida faz animação do apito você vai ganhar um presente 🎁🎁🎁🎁🎁 Segundo segredo😮😮😮 mas vai lá na mansão ou em outra casa que dá para editar pega uma boia e outras coisas pega a boia de sorvete e coloca essas coisas em cima dela a boia de sorvete coloca na sua mão 🫱✋🫱✋ e você vai lá no parque aquático novo você vai ganhar um presente se não funcionar tenta no teto Terceiro segredo ma vai lá na casa 🏠🏠🏠 que não dá para editar um gatinho laranja 🧡🧡🧡 e também no pet shop vai ter um gatinho laranja 🧡🧡🧡 pega o gatinho na casa primeiro e coloca naquela rua nova pega garotinha de cabelo rosa 🩷🩷🩷 entrega o gatinho da casa para ela se não funcionar usa do pet shop o que vai funcionar Quarto segredo você vai lá no parque aquático e lá vai ter nos vestiários o primeiro armário vai ter um óculos pega o óculos na mão 🫱✋🫱✋🫱✋ depois você vai lá no negócio de comidas que vai ter uma boia de flamingo e um de pato 🦆🦆 lá vai ter um negócio de kit médico e vai ter mais um óculos o óculos que tava já na sua mão coloca no flamingo que tava na maleta de médico coloca no pato 🦆🦆🦆 você vai ganhar um presente 🎁🎁 Quinto segredo ma vá lá naquela rua nova lá vai ter um quadrinho que tem que fazer umas missões igual aquela rua antiga para ganhar um carro grátis primeiro bailar na delegacia tem uma bolsinha 👛👛👛 entrega para personagem que tá procurando sua bolsinha no fim da rua😊 entrega bolsinha para ela e você vai ganhar um presente e também vai ganhar uma etiqueta coloca nesse quadrinho depois vai lá naquele quadro que tá lá na rua aquilo que está escrito negócio que o gato tá perdido tira vai ter um papelzinho você vai lá onde que tinha aquela moça procurando a bolsa aí você pega aquele negócio de cortar grama aí naquele papelzinho vai ter coisas para cortar o primeiro é o coelho 🐇🐇🐇🐇🐇 o segundo é uma bolinha normal e o terceiro é um esquilo 🐿️🐿️🐿️ até essa parte aí do quadrinho eu sei Por favor me escolhe eu nunca fui escolhida sou sua maior fã e sigo você quando até quando eu tinha 5 anos😢😢😢 por favor me escolhe me escolhe me escolhe me escolhe e o meu nome é Sarah eu te amo ma❤❤❤❤❤❤❤❤,Neutro
cYEkXd2eqLY,UgwMQcut4aRaoOvCR_14AaABAg,@vinimoreira9074,UChE7VM-YtVerPYSa1gQvnEQ,Eu ja tenho chat,0.0,2026-02-16T23:50:05Z,2026-02-16T23:50:05Z,0.0,pt,Eu ja tenho chat,Neutro
duLkceigKmk,UgxWK5A__H-7pTSrXlR4AaABAg,@morpheus_tx3,UCZ--5W-5V1hdKgB4iwKjmGQ,"Feliz pelo sucesso dele, e  triste q tenha se vendido para mídia tradicional, mas é aquela máxima só confie em vc msm",1.0,2025-10-16T15:50:58Z,2025-10-16T15:53:00Z,0.0,pt,"Feliz pelo sucesso dele, e triste q tenha se vendido para mídia tradicional, mas é aquela máxima só confie em vc msm",Positivo
ef5vkjHfpKc,Ugz0lRPe6DbYBLyBzgZ4AaABAg,@straycatofficial07,UC1J2HNbaM_9EfBDeyDZyzxg,Eu já joguei Roblox quando eu tinha 3 meses de idade,0.0,2026-01-29T20:24:51Z,2026-01-29T20:24:51Z,0.0,pt,Eu já joguei Roblox quando eu tinha 3 meses de idade,Neutro
xZWU278Osyo,UgwluMLqAl66jvCx93Z4AaABAg,@mariajosedebritolourencojo1736,UCm1LRhYtU0Tj1PRJQfZrHFg,"É verdade guardar as palavras consigo mesmo e não ficar sameando pra se aparecer daí os invejosos queima seus sonhos, aconteceu comigo eu estava comprando um negócio mais uma pessoa da minha casa falou pra um colega e daí não deu certo ,daí tentei e ninguém soube e outro negócio deu muito certo,o segredo é a boca fechada.",0.0,2026-02-24T06:27:17Z,2026-02-24T06:27:17Z,0.0,pt,"É verdade guardar as palavras consigo mesmo e não ficar sameando pra se aparecer daí os invejosos queima seus sonhos, aconteceu comigo eu estava comprando um negócio mais uma pessoa da minha casa falou pra um colega e daí não deu certo ,daí tentei e ninguém soube e outro negócio deu muito certo,o segredo é a boca fechada.",Neutro
PfYkuAVsg1M,Ugz4t8SlYB0ONSnb_Ap4AaABAg,@jackiechan-l4f,UCzPfkjWLamW1zp65WpyaYMA,A lei felca e uma campanha politica ja que esquerda sempre ganha ja esta mais 20 anos no poder agente vota na direita esquerda ganha então faz l nas eleiçoes para continuar a lei,0.0,2026-03-22T02:39:58Z,2026-03-22T02:39:58Z,0.0,pt,A lei felca e uma campanha politica ja que esquerda sempre ganha ja esta mais 20 anos no poder agente vota na direita esquerda ganha então faz l nas eleiçoes para continuar a lei,Neutro
63RFfTacx_g,UgyKLcP1bTDe4to7WWN4AaABAg,@moniquesilvares9511,UCrK68XKHxKwuSp6N11mwNPw,"Na bíblia diz: : "" De graça recebestes, de graça dai.""
Jesus nunca cobrou por pregação ou por milagres, vcs se dizem discípulos do mestre mas agem segundo seu próprio entendimento , ao meu ver  ela quer usar a desculpa de ""doação"" para cobrar tb , assim como os outros.",0.0,2026-03-09T21:46:29Z,2026-03-09T21:46:29Z,0.0,pt,"Na bíblia diz: : "" De graça recebestes, de graça dai."" Jesus nunca cobrou por pregação ou por milagres, vcs se dizem discípulos do mestre mas agem segundo seu próprio entendimento , ao meu ver ela quer usar a desculpa de ""doação"" para cobrar tb , assim como os outros.",Neutro
6h3ltmRDjXs,Ugz3qlxT6OpKrjVibe14AaABAg,@CabralWolverine,UC8UDpWrdPEcjGisXtVGlWKA,os pais não sabem educarem seus filhos e nos que pagarmos o pato,1.0,2026-03-19T22:28:02Z,2026-03-19T22:28:02Z,0.0,pt,os pais não sabem educarem seus filhos e nos que pagarmos o pato,Negativo
XtS5Z9iOPKc,UgyzaZQkjIpEzeHsX5h4AaABAg,@hamarelloleo6834,UC3nCeAb5uVPKULRgP5nE8dQ,Ao invés de ficar fazendo esses d3safios imbecis... deveriam ajudar esse rapaz... claramente ele tem sérios problemas...,0.0,2025-10-12T16:11:03Z,2025-10-12T16:11:03Z,0.0,pt,Ao invés de ficar fazendo esses d3safios imbecis... deveriam ajudar esse rapaz... claramente ele tem sérios problemas...,Negativo
AzR3HcoFV48,UgzNkV6aE4cce_Kyem14AaABAg,@jordielninopolla9172,UCx3lIXzpYlfh_TyhZlhbUqw,Militante das causas óbvias 😂😂😂😂,0.0,2025-10-22T17:21:19Z,2025-10-22T17:21:19Z,0.0,pt,Militante das causas óbvias 😂😂😂😂,Neutro
mowvEK-EmwQ,UgwniAuv3GJuuXLJFvR4AaABAg,@Biruleibou,UCLOXHIg1XEs3nmL3B7PgYYA,"A única coisa que prestou nesta temporada horrível,foi esse cara destroçando os militantes da diversidade do PT",3.0,2026-01-30T08:44:13Z,2026-01-30T08:44:13Z,0.0,pt,"A única coisa que prestou nesta temporada horrível,foi esse cara destroçando os militantes da diversidade do PT",Negativo
BffOii9dqj4,UgxUOkloXwA187FAXv14AaABAg,@claitonrosa9922,UC_poR_gCb7PJFNdN3nyzRQw,"Diga-me com quem tu andas que eu te direis quem és, ta passando pano Piter.",0.0,2025-12-16T11:07:12Z,2025-12-16T11:07:12Z,0.0,pt,"Diga-me com quem tu andas que eu te direis quem és, ta passando pano Piter.",Neutro
IGZtq9UB-9I,UgzCIFovIiwF0usSEXJ4AaABAg,@vitorsousa9076,UCuzN3orGtnq7gVhEw3j-3eA,"Cara passando fake News, o gta não foi banido a rockstar só não tem um sistema ainda pra validar com a nova lei, mas stean Playstation e xbox ainda vai tá lá pra baixar",0.0,2026-03-25T21:21:26Z,2026-03-25T21:21:26Z,0.0,pt,"Cara passando fake News, o gta não foi banido a rockstar só não tem um sistema ainda pra validar com a nova lei, mas stean Playstation e xbox ainda vai tá lá pra baixar",Positivo
WBW52NmiY4I,UgyjU_uZqAkDg2WFCyN4AaABAg,@GabrielaFerreira-m8p,UC1X6F84lxU6ebmCCGCzhBxw,Enaldinho   quando  agente tiver em 2040 por favor lembra de mim 😢 meu nome e marilia😅😢😢😢😢❤❤❤❤❤❤❤❤❤❤😊😊😊😊😊😊😊😊😊😊,0.0,2026-02-06T13:18:47Z,2026-02-06T13:18:47Z,0.0,pt,Enaldinho quando agente tiver em 2040 por favor lembra de mim 😢 meu nome e marilia😅😢😢😢😢❤❤❤❤❤❤❤❤❤❤😊😊😊😊😊😊😊😊😊😊,Neutro
rFd8NRvpST0,UgzKFKKeaBTUIwaPbvh4AaABAg,@fabdavi7742,UCwTWTAkBhcBnTNl7sWMB7dw,"Isso contando que Steam,  PS e Xbox não implementem a verificação de idade até o lançamento de GTA 6. Porque depois de implementado, somente 18+ com idade verificada poderá comprar e jogar GTA 6.",0.0,2026-03-19T19:51:25Z,2026-03-19T19:51:25Z,0.0,pt,"Isso contando que Steam, PS e Xbox não implementem a verificação de idade até o lançamento de GTA 6. Porque depois de implementado, somente 18+ com idade verificada poderá comprar e jogar GTA 6.",Neutro
YFqhzf5LDnY,UgxHd21OYdYMfGEPUY14AaABAg,@jessicabender2420,UC9XFWMha6Xz0SnzWkHeHNzA,É  assim na minha sala,0.0,2026-03-18T02:27:36Z,2026-03-18T02:27:36Z,0.0,pt,É assim na minha sala,Neutro
MAwwocBjxoY,Ugw702wrmdoHnTUXBNF4AaABAg,@sonystapobre,UCQkDrASU86EDw81lv_ghJRw,"Engraçado que antes isso era coisa de mulher, hoje com o sses Enzos de hoje em dia estão queimando o filme do Homem raíz! Todos filhinhos de mamãe!",0.0,2026-03-05T02:18:35Z,2026-03-05T02:18:35Z,0.0,pt,"Engraçado que antes isso era coisa de mulher, hoje com o sses Enzos de hoje em dia estão queimando o filme do Homem raíz! Todos filhinhos de mamãe!",Negativo
keyH8cS7I64,UgwvLLBQFmORTqBVAJN4AaABAg,@YanDopao,UCOzTtzo2I_rrmgQhFZFKatA,Então tudo isso começou pelo felca,0.0,2026-01-23T13:05:05Z,2026-01-23T13:05:05Z,1.0,pt,Então tudo isso começou pelo felca,Neutro
YpXvnGQ2I34,Ugw6DoIUMpMN2Xddbph4AaABAg,@CristianeBernardo-z9y,UCIsmGjYd2Cb2dcJe06mXZsg,"Comer só depois das 00:00, e colocar uva passa em tudo",1.0,2025-12-25T16:50:05Z,2025-12-25T16:50:05Z,0.0,pt,"Comer só depois das 00:00, e colocar uva passa em tudo",Neutro
kiIFkBYTBf0,UgyqmmAYEJ33k-BjZq54AaABAg,@gustavo_et,UCFRK3hR50qCQ0M1B01_Ex5g,"Se eu foce esse menino,olha nem sei oque eu iria fazer com o lula",0.0,2026-03-13T13:25:28Z,2026-03-13T13:25:28Z,0.0,pt,"Se eu foce esse menino,olha nem sei oque eu iria fazer com o lula",Negativo
BffOii9dqj4,Ugy4NAdUZkvfUf8dZmV4AaABAg,@eline6335,UCrl2dsdoQms9lLuVFCWLxzQ,"Peter agora é passador de pano?
Boicote ao SBT e a quem mais der palco para o imperador violador de direitos.",0.0,2025-12-16T11:44:15Z,2025-12-16T11:44:15Z,0.0,pt,Peter agora é passador de pano? Boicote ao SBT e a quem mais der palco para o imperador violador de direitos.,Negativo
SWHQHPwfoSA,Ugz0CLEpw9JJQ_4zOG94AaABAg,@SérgioOtávioo123,UCqgQVXwCOms9jSl5ntGWj8g,E eu tô pouco me fudendo com isso 👍,0.0,2026-02-03T22:26:23Z,2026-02-03T22:26:23Z,0.0,pt,E eu tô pouco me fudendo com isso 👍,Neutro
AIEihV-eiCA,UgxLrKm0Ym7Y4F30rbd4AaABAg,@SuperLualua,UC-MPrtxUPPt-UcuVOf3RVEg,Pensei que fosse a Anitta 🧐,4.0,2025-09-16T14:40:38Z,2025-09-16T14:40:38Z,0.0,pt,Pensei que fosse a Anitta 🧐,Neutro
EpLvp9bhSnE,Ugy9Jk8_qGhP6hxGpkx4AaABAg,@paulomoreiracapi,UC931nnoklAFKX-QgU53CWQA,"Um bglh bizarro wue eu lembrei, quando eu ia em festas insalubres (sou de Salvador ba) de adolescente la pros meus 16/17 anos, sempre tinha menina de 14,13,12 as vezes com a mãe ou uma irma mais velha e tinha um homi de 25/30 , então devia rolas um bglh bizarro nesses lugares",0.0,2025-08-14T10:46:22Z,2025-08-14T10:46:22Z,0.0,pt,"Um bglh bizarro wue eu lembrei, quando eu ia em festas insalubres (sou de Salvador ba) de adolescente la pros meus 16/17 anos, sempre tinha menina de 14,13,12 as vezes com a mãe ou uma irma mais velha e tinha um homi de 25/30 , então devia rolas um bglh bizarro nesses lugares",Neutro
TScV4wd_0aQ,Ugx7JCv5q9LlQX412QB4AaABAg,@lidianeleonarda2653,UCql6Za2HAnRQDifN1KlFrOQ,"Quer hype, se vc tivesse a atitude dele talvez estariamos em um mundo melhor, ao invés de falar so re algo relevante para a sociedade como ele fez, vc prefere falar dele",0.0,2025-09-08T02:47:32Z,2025-09-08T02:48:09Z,0.0,pt,"Quer hype, se vc tivesse a atitude dele talvez estariamos em um mundo melhor, ao invés de falar so re algo relevante para a sociedade como ele fez, vc prefere falar dele",Negativo
2o8hRHMimEY,UgwSFq0VhhGT9sUH2Gx4AaABAg,@cervantezdutra,UCSUH4KXQIP-3zruP1FNwGgA,"O cara que olhou para um Labrador e pensou: ""tá aí, bicho tranquilo, vou dar pra um cego"" 

(e o pior é que deu certo)",0.0,2025-12-28T02:11:10Z,2025-12-28T02:11:10Z,0.0,pt,"O cara que olhou para um Labrador e pensou: ""tá aí, bicho tranquilo, vou dar pra um cego"" (e o pior é que deu certo)",Neutro
wfEmDAaeeAE,UgyRUW6-IC-0TjkUMPZ4AaABAg,@MRorizs2,UCkptLrmCPa-GJzePa375Mtw,"O maior problema do Brasil é que todas as discussões da sociedade que são de fato importantes foram reduzidas a esse tipo de argumento imbecil. Acaba que a gente só tá regredindo pra idade média nessa merda por causa de gente que trata absolutamente qualquer assunto com a profundidade de uma poça de água e ainda fica atacando todo mundo que tenta colocar uma luz nas verdadeiras repercussões que esse tipo de lei cria na sociedade. Nenhum crime foi resolvido impedindo a vítima de viver. Esse povo não foi a favor do aumento de pena pra estu- quando os ""bolsonaristas"" tentaram votar. Por que será que não? Se é pra gente tratar com o mesmo reducionismo deles, o que eles ganham sendo contra a punição correta pra esses crimes?",0.0,2026-03-26T03:03:08Z,2026-03-26T03:03:08Z,0.0,pt,"O maior problema do Brasil é que todas as discussões da sociedade que são de fato importantes foram reduzidas a esse tipo de argumento imbecil. Acaba que a gente só tá regredindo pra idade média nessa merda por causa de gente que trata absolutamente qualquer assunto com a profundidade de uma poça de água e ainda fica atacando todo mundo que tenta colocar uma luz nas verdadeiras repercussões que esse tipo de lei cria na sociedade. Nenhum crime foi resolvido impedindo a vítima de viver. Esse povo não foi a favor do aumento de pena pra estu- quando os ""bolsonaristas"" tentaram votar. Por que será que não? Se é pra gente tratar com o mesmo reducionismo deles, o que eles ganham sendo contra a punição correta pra esses crimes?",Negativo
W6fF3ebBlmY,Ugz1yjcvts7NgByBSnh4AaABAg,@LuanSantos-BRKLuanOn,UC9PBh1HQmkoM3pScqFPlkKg,"Golarte é o YouTuber de opinião mais em cima do muro que conheço, quando o assunto é polêmico ele sempre solta um: ""Então mano, não sei também, não quero acusar ninguém aqui né mano, mas que isso parece meio errado, é óbvio né mano""",0.0,2025-08-15T18:29:19Z,2025-08-15T18:29:19Z,0.0,pt,"Golarte é o YouTuber de opinião mais em cima do muro que conheço, quando o assunto é polêmico ele sempre solta um: ""Então mano, não sei também, não quero acusar ninguém aqui né mano, mas que isso parece meio errado, é óbvio né mano""",Neutro
7eE5fHK5rns,UgxfKByIWRN4l48yh2t4AaABAg,@MariaFatima-mq4oq,UC7OdIJGpgjHOHHVlEqKFMQA,❤ tô apaixonada🥰,0.0,2025-09-22T23:09:38Z,2025-09-22T23:09:38Z,0.0,pt,❤ tô apaixonada🥰,Positivo
5YZZs2JrC-U,UgynuvQ2-zaOiQc_mF54AaABAg,@sossego-br,UCvhdntRkGcqp9Uf6UtuvkHQ,justissa pela gente,0.0,2026-01-22T21:53:08Z,2026-01-22T21:53:08Z,0.0,pt,justissa pela gente,Neutro
_5WN9svVI9U,UgyGVjX9GkdfSPtgC7R4AaABAg,@ManuelcoelhoCosta,UCCGFNfHksJqTV-0fcmIDaHg,O Caio está está está está está tá muito triste e ele tá sempre seguido pelo 2 YouTubers e este youtuber e o outro é aquela pessoa que vê todos os filmes de terror pronto esses dois eu posso chorar e estes dois personagens ou também youtubers estão a perseguir o Caio mas ele eu o dinheiro que eu preciso pagar pelo o programa é 1000 reais por favor ajudam ele 😢😢😢😢,0.0,2025-12-26T20:16:31Z,2025-12-26T20:16:31Z,0.0,pt,O Caio está está está está está tá muito triste e ele tá sempre seguido pelo 2 YouTubers e este youtuber e o outro é aquela pessoa que vê todos os filmes de terror pronto esses dois eu posso chorar e estes dois personagens ou também youtubers estão a perseguir o Caio mas ele eu o dinheiro que eu preciso pagar pelo o programa é 1000 reais por favor ajudam ele 😢😢😢😢,Neutro
pJny1d7t7Do,UgxMLU8OltiKuCh4o1Z4AaABAg,@KethelinVitoria-u5n,UCDt9n28YHd2D7LDO0adFktA,Justiça 😭😭😭😭 dá vontade de fazer o mesmo com eles 😭😭😭😭😭😭😭😭😭😭😭😭😭😭😭😭😭😭😭😭 agora ele está em lugar bem como os cachorros 😭😭😭😭,0.0,2026-01-31T03:20:57Z,2026-01-31T03:20:57Z,0.0,pt,Justiça 😭😭😭😭 dá vontade de fazer o mesmo com eles 😭😭😭😭😭😭😭😭😭😭😭😭😭😭😭😭😭😭😭😭 agora ele está em lugar bem como os cachorros 😭😭😭😭,Neutro
TAHIkTnFfkA,UgxBvoYtMi1tKC5oDFt4AaABAg,@saviotaro,UCCwGRVOXxR1OCjtsTJTYBqg,a blogs tá parecendo o michael jackson com esse tom de base kk,1.0,2025-09-30T01:46:31Z,2025-09-30T01:46:31Z,0.0,pt,a blogs tá parecendo o michael jackson com esse tom de base kk,Neutro
YFqhzf5LDnY,UgyDXy2rpIjnm8Oiwqp4AaABAg,@Felipe-p5l,UCp0crJN5oekcCP-Dyq87-Tw,o rio de janeiro depois que o flamengo ganhou a libertadores,0.0,2026-03-12T18:37:21Z,2026-03-12T18:37:21Z,0.0,pt,o rio de janeiro depois que o flamengo ganhou a libertadores,Neutro
JuQieDE0jR4,UgyVasUu132yiMiz9Td4AaABAg,@gildaaraujo1096,UC9g40BUQEbe0s2f1RDZyQDw,"No passado muitos pais eram violentos, batia por qualquer coisa colocava para trabalhar ainda criança e não era permitido brincar, ser criança  Hoje é diferente as crianças tem de tudo pode estudar, brincar além de vida confortável   não precisa de trabalhar e cada dia insatisfeitos.",0.0,2025-10-07T15:26:49Z,2025-10-07T15:33:30Z,0.0,pt,"No passado muitos pais eram violentos, batia por qualquer coisa colocava para trabalhar ainda criança e não era permitido brincar, ser criança Hoje é diferente as crianças tem de tudo pode estudar, brincar além de vida confortável não precisa de trabalhar e cada dia insatisfeitos.",Negativo
j4ZQ9k7l0Lw,UgwiPmY_WEQB-BknJlZ4AaABAg,@personalizecomunicacaovisu2879,UC3QA-iTmTcqAQTeoTLaTAtQ,MANO PRA MIM NAO TA PARECENDO TO MT NERVOSA OQUE EU FAÇO?,0.0,2025-11-28T15:31:22Z,2025-11-28T15:31:22Z,0.0,pt,MANO PRA MIM NAO TA PARECENDO TO MT NERVOSA OQUE EU FAÇO?,Neutro
IM_ps-Fbxak,Ugz5YDjg5mjZCqJ7n-h4AaABAg,@mariajoseane-q3u,UCyXtWe1m2JEgHUHzLt_vxpA,Felca obrigada por ter tirado o chat,0.0,2026-03-01T14:40:04Z,2026-03-01T14:40:04Z,0.0,pt,Felca obrigada por ter tirado o chat,Positivo
a5P5I7Tomk0,UgzFYVGij4UTbIpKxhV4AaABAg,@nicolaskrohling,UCYTFyT_UJjybfLQhW6o7o0A,"Ficou horrível esse Fluid glass, e tá acabando mais rápido ainda a bateria",1.0,2025-12-13T22:15:45Z,2025-12-13T22:15:45Z,1.0,pt,"Ficou horrível esse Fluid glass, e tá acabando mais rápido ainda a bateria",Negativo
pvVVEBUuu9E,UgzP_ZNpTirWkwoIPUh4AaABAg,@SirMarinho,UCT689DRnoxINkn7giQ8VHeA,Mlk eu só fico imaginando esses coroa que entraram de seguidor não entendendo nada semana que vem com o felca postando live jogando com o dilera ou algo assim 😂😂😂😂😂,0.0,2025-08-13T10:37:10Z,2025-08-13T10:37:26Z,0.0,pt,Mlk eu só fico imaginando esses coroa que entraram de seguidor não entendendo nada semana que vem com o felca postando live jogando com o dilera ou algo assim 😂😂😂😂😂,Neutro
vw8NIwOVZOM,Ugz-JYOxyYYi3tt1vyJ4AaABAg,@SteveOlivera-n2l,UCy0CowGZ1ifDYFoz8bcGrzA,"Até que enfim um debate inteligente, meu Deus, aquele do breier foi realmente tortura, tinha acabado com meu dia",0.0,2026-03-12T18:28:07Z,2026-03-12T18:28:07Z,1.0,pt,"Até que enfim um debate inteligente, meu Deus, aquele do breier foi realmente tortura, tinha acabado com meu dia",Positivo
_B4HcThi6jA,UgyPKva5N3ZJUGTyd9t4AaABAg,@Nerdola-m9x,UCkGv6Uh_DBWNHpmUjXG1cQA,"Sfd, o nem o narrador conseguiu segurar o riso kk
(Adorei o video)",1.0,2026-01-15T19:07:12Z,2026-01-15T19:07:12Z,0.0,pt,"Sfd, o nem o narrador conseguiu segurar o riso kk (Adorei o video)",Positivo
u97bp4i8Etc,Ugy5Q2JG3ywkbkraDlJ4AaABAg,@Fb_editz-i2z,UCF6tfDAjD2I3oaDT8WfzfMw,segundo,1.0,2026-01-22T13:02:23Z,2026-01-22T13:02:23Z,0.0,pt,segundo,Neutro
l0BDz39qLDY,Ugz8QXXW2enRXhajZGd4AaABAg,@samugatao49hot,UCDgg_9QxCIFX5cvRuIoj69g,COM aquela lapa de xola a Virgínia nem precisa sambar kkkkk,0.0,2026-02-21T21:23:10Z,2026-02-21T21:23:10Z,0.0,pt,COM aquela lapa de xola a Virgínia nem precisa sambar kkkkk,Neutro
AdTGdHcNuFI,UgyU4Npfo5oMfENteSR4AaABAg,@ValentinaSouza-k3f,UCY_9dF0hgAAR1HsfTGiaTEg,Plaquinhas muito sua fã e olha eu falei para minha prima bem assim que a gente tava brincando de fazer semana em terra de abelha quem ganhar roça entrar de 1.6 a Marina e invejosa falei bem assim beijão para você ir para o seu canal eu gosto de vocês❤❤❤❤❤❤❤❤❤❤❤❤❤❤❤❤❤❤❤❤❤,0.0,2026-01-28T21:04:40Z,2026-01-28T21:04:40Z,0.0,pt,Plaquinhas muito sua fã e olha eu falei para minha prima bem assim que a gente tava brincando de fazer semana em terra de abelha quem ganhar roça entrar de 1.6 a Marina e invejosa falei bem assim beijão para você ir para o seu canal eu gosto de vocês❤❤❤❤❤❤❤❤❤❤❤❤❤❤❤❤❤❤❤❤❤,Positivo
xEAUNJrbfno,UgyNZ6LVpdNR2RVmvfV4AaABAg,@Senciel,UC-HG0Kp5NBW0JLu0csZXL5A,Mesmo com isso de verificação eu lembro que na china tem isso e eles conseguem criar perfil fake,0.0,2025-08-29T20:32:56Z,2025-08-29T20:32:56Z,0.0,pt,Mesmo com isso de verificação eu lembro que na china tem isso e eles conseguem criar perfil fake,Neutro
AdEMEGs0HCw,UgxJFYMDTy_T9F0HI354AaABAg,@AlexiaNunes-cb9ec,UCLOSVlxgZmPEaP5p92myKtw,Nem sabe nem trabalhar,0.0,2026-03-16T03:15:19Z,2026-03-16T03:15:19Z,0.0,pt,Nem sabe nem trabalhar,Negativo
49pIdP4Ikj4,Ugwq5anvaF_3hnmCbd94AaABAg,@AnaKloppe,UCfV3XKHmVBCjqKFLn3mgx-A,Quem acha as fotos do Felca estranhas nunca viu um editorial de moda….. e nem conhece ocultismo,0.0,2025-11-06T10:53:43Z,2025-11-06T10:53:43Z,0.0,pt,Quem acha as fotos do Felca estranhas nunca viu um editorial de moda….. e nem conhece ocultismo,Neutro
wojCcJXWsG8,UgxZTjY2CXrAISb8UPN4AaABAg,@cantordavidarosa7027,UCZenk9onvjxtJFg_q6FHcMA,Os dois com o mesmo cabelo akakajejd tem felcaa😂😂😂,0.0,2025-11-20T18:13:08Z,2025-11-20T18:13:08Z,0.0,pt,Os dois com o mesmo cabelo akakajejd tem felcaa😂😂😂,Neutro
7kAOy3E9CWw,Ugy8xhMlqG2WynPmUnp4AaABAg,@Luan27-z7k,UCK2Gfc3KmGxE-FTyrk29JdQ,"Biólogo que estudou com a vida, com os livros e com a própria vida toda x uma lavradora orientada pelo Green peace",0.0,2025-10-04T12:08:07Z,2025-10-04T12:08:07Z,0.0,pt,"Biólogo que estudou com a vida, com os livros e com a própria vida toda x uma lavradora orientada pelo Green peace",Neutro
kKxR4y-cTUI,Ugw37-LmTDHVq8NThcJ4AaABAg,@nessomar000,UCzKQeWbgVodba_rV7Vhv7wg,Granda Coutinho🎉🎉🎉🎉😂,2.0,2025-09-10T20:42:10Z,2025-09-10T20:42:10Z,0.0,pt,Granda Coutinho🎉🎉🎉🎉😂,Neutro
2DYX9uEpCLE,UgzKfQiDnO-JmNQmrIx4AaABAg,@tiosokrates9836,UCuZop2nbbEiwjvNH6RY09lg,"Realisticamente falando, como nós tiraremos essa lei agora? Pq a grande maioria não quer isso, logo, isso tem que acabar. Mas falando bem sério, como a gente tira essa lei?",12.0,2026-03-17T23:00:00Z,2026-03-17T23:00:00Z,2.0,pt,"Realisticamente falando, como nós tiraremos essa lei agora? Pq a grande maioria não quer isso, logo, isso tem que acabar. Mas falando bem sério, como a gente tira essa lei?",Neutro
CAQPmOqr3FQ,UgwpR3hB9meXnvrVsRR4AaABAg,@pedrocaaa-7Yw,UCeLCZTacmZjNB-2zTxnwqZw,"Psw psw psw o casal mais lindo do brasil 
Psw psw BARY psw psw 😂😂😂",0.0,2025-11-22T19:22:06Z,2025-11-22T19:22:06Z,0.0,pt,Psw psw psw o casal mais lindo do brasil Psw psw BARY psw psw 😂😂😂,Positivo
FEElcj_ljDM,UgyrI9qpotuintMCOUZ4AaABAg,@Waltreco,UC4zCJWW0wj2mSv-ZTeAfhWg,"A cada dia nos afastamos mais de Deus... É o que eu diria se acreditasse em Deus, mas casos como esse provam que não existe deus.",0.0,2026-02-21T19:37:53Z,2026-02-21T19:37:53Z,0.0,pt,"A cada dia nos afastamos mais de Deus... É o que eu diria se acreditasse em Deus, mas casos como esse provam que não existe deus.",Neutro
j2xI-6P7Jkw,Ugzv7XrV0OT02uYJisl4AaABAg,@nick8263-c9f,UC9SACXbNiWJ1Ol4b8sWi9wA,Mn eu n achei ruim tirar o chat oq eu achei ruim foi coloca uma IA MT lLIXO pra tenta adivinhar nossa idade,0.0,2026-01-17T13:13:10Z,2026-01-17T13:13:10Z,0.0,pt,Mn eu n achei ruim tirar o chat oq eu achei ruim foi coloca uma IA MT lLIXO pra tenta adivinhar nossa idade,Negativo
BIRHkgEzVJU,Ugx1DHCZuFpFkF25mrx4AaABAg,@Wdgamer-u6c,UCCiguYvEsH_gSmo12AP8Kmg,"Mano culpa do felca cara aí, só estragou tudo poxa mano",0.0,2026-03-20T11:32:14Z,2026-03-20T11:32:14Z,0.0,pt,"Mano culpa do felca cara aí, só estragou tudo poxa mano",Negativo
NA7_0e0cEJs,UgxiW_GlgW2mVUn_Dth4AaABAg,@megamanZXdelta,UCx2fdNQh_3E-tkQUwWAiJUg,"O nome é censura e a lista obviamente é inicial.

Linux caiu? Sim, se vc entrar agora no site do LinuxMint, vc vai ver um aviso enorme.

Launcher da Rockstar? Tbm foi de ralo, a sorte tua e dos outros é que a Steam é mais robusta, mas a Rockstar já manteve seus jogos rodando exclusivo no launcher dela igual Ubisoft fazia, então se amanhã o GTA 6 lançar e precisar do Launcher...

Como você explica verificações de idade pra NexusMods então que NADA tem haver com essa conversa? Sendo q tem bem mais nomes no meio e estamos falando só dos principais pra nós.

Não tem desinformação, meu amigo. Você tá vendo censura nível Reino Unido bem na sua cara",0.0,2026-03-24T11:52:22Z,2026-03-24T11:52:22Z,0.0,pt,"O nome é censura e a lista obviamente é inicial. Linux caiu? Sim, se vc entrar agora no site do LinuxMint, vc vai ver um aviso enorme. Launcher da Rockstar? Tbm foi de ralo, a sorte tua e dos outros é que a Steam é mais robusta, mas a Rockstar já manteve seus jogos rodando exclusivo no launcher dela igual Ubisoft fazia, então se amanhã o GTA 6 lançar e precisar do Launcher... Como você explica verificações de idade pra NexusMods então que NADA tem haver com essa conversa? Sendo q tem bem mais nomes no meio e estamos falando só dos principais pra nós. Não tem desinformação, meu amigo. Você tá vendo censura nível Reino Unido bem na sua cara",Negativo
79a1PkMpCyI,UgyQRooYcvpHl8NjX9h4AaABAg,@GustavoGarcialocateli-g1i,UCJI-hdkrYSu86S8NOPwV_JQ,😂😂😂😂 não,0.0,2026-02-13T22:34:16Z,2026-02-13T22:34:16Z,0.0,pt,😂😂😂😂 não,Neutro
SlqV0FF1kFc,Ugznudj3mcpz9Uu9EYx4AaABAg,@papohumanas2197,UCuvVkaxRpUSG70rf0f6rBtQ,Até porque o ECA já prevê que  responsáveis e adultos que submetam crianças e adolescentes a situações vexatórias ou sexualizadas estão sujeitos a reclusão.,2.0,2025-08-15T07:34:57Z,2025-08-15T07:34:57Z,1.0,pt,Até porque o ECA já prevê que responsáveis e adultos que submetam crianças e adolescentes a situações vexatórias ou sexualizadas estão sujeitos a reclusão.,Neutro
D3w0b0I8dUI,UgznlmibRihlWumCOEJ4AaABAg,@karstenso,UCa7YFzC7oRngUCyJIX5kxJQ,"Eu quero mais é que piore, que proíbam videogame, redes sociais, prendam quem consuma pirataria, prendam quem faz piada e a porra toda, assim talvez o bostileiro aprenda.",4.0,2026-03-19T18:06:44Z,2026-03-19T18:06:44Z,2.0,pt,"Eu quero mais é que piore, que proíbam videogame, redes sociais, prendam quem consuma pirataria, prendam quem faz piada e a porra toda, assim talvez o bostileiro aprenda.",Negativo
o51zqOeZHtE,UgwWA1e7ge_rdLtMfJB4AaABAg,@manoelpaulomaiadasilva9349,UCPD7EMfJ8c5IEKsXplCs2yA,"Que profetinha hein... não conhece nada da bíblia, Pablo Marçal que não é PASTOR sabe mais que ele, e tem idiota que escuta esse rapaz, isso é o coisa ruim encarnado,  é um dos falsos profetas da bíblia,  lembram dessas palavras de Jesus; *""MUITOS FALARÃO EM MEU NOME, MAS NÃO SERÃO DIGNOS DE MIM""* , uma pessoa arrogante e prepotente como pode se alto proclamar Profeta, bom deu pra perceber sua índole, um rapaz que tem como referência Edir Macedo, o que podemos esperar.... Que triste ver essa zombaria",0.0,2025-10-16T17:22:28Z,2025-10-16T17:22:28Z,0.0,pt,"Que profetinha hein... não conhece nada da bíblia, Pablo Marçal que não é PASTOR sabe mais que ele, e tem idiota que escuta esse rapaz, isso é o coisa ruim encarnado, é um dos falsos profetas da bíblia, lembram dessas palavras de Jesus; *""MUITOS FALARÃO EM MEU NOME, MAS NÃO SERÃO DIGNOS DE MIM""* , uma pessoa arrogante e prepotente como pode se alto proclamar Profeta, bom deu pra perceber sua índole, um rapaz que tem como referência Edir Macedo, o que podemos esperar.... Que triste ver essa zombaria",Negativo
PgrvkNtAbNM,Ugy5Ik4n_Z0GTh71lNx4AaABAg,@Nao1chore,UC11szbsnf5Jz7Sm0Bg4Hi5w,"O estado não deveria mandar dentro da sua casa hoje é essa história de proteger crianças na internet 👧 amanhar é uma câmera 24 h por dia na sua casa para proteger as criança 😉
O estado não está preocupado com vc ou sua segurança e sim em te manter sobre vigilância mais rigorosa para te punir caso vc fale algo que o estado não goste 🤡🤡🤡",0.0,2026-03-23T19:28:05Z,2026-03-23T19:28:05Z,0.0,pt,O estado não deveria mandar dentro da sua casa hoje é essa história de proteger crianças na internet 👧 amanhar é uma câmera 24 h por dia na sua casa para proteger as criança 😉 O estado não está preocupado com vc ou sua segurança e sim em te manter sobre vigilância mais rigorosa para te punir caso vc fale algo que o estado não goste 🤡🤡🤡,Negativo
zYowJD14aZ4,UgyfswfBzeLQqEDJqal4AaABAg,@reginaarouck5204,UC7C7eXrppu7ZRfoY5KRqEAg,Eu não gosto muito desse jogo pq no Brook só tem briga gente de nmr E tipo não tem nada para fazer de tão legal,0.0,2026-01-15T01:44:19Z,2026-01-15T01:44:19Z,0.0,pt,Eu não gosto muito desse jogo pq no Brook só tem briga gente de nmr E tipo não tem nada para fazer de tão legal,Neutro
u_clKlNKs2A,UgzQomb9Dt2Aw33c5FB4AaABAg,@dekelplays,UCV2yURn2V6U36RVJuNbD4Uw,"Rapaz eu já tive fobia social por muitos anos, hj em dia me dei conta que não tenho mais… lembro que era muito difícil achava que nunca mais ia conseguir ser “normal”!!! Mas tou muito feliz que saí dessa, agora hj em dia minhas preocupações são outras kkkkkk mas de certa forma é libertador saber q consegui vencer.",0.0,2026-03-26T00:34:22Z,2026-03-26T00:34:22Z,0.0,pt,"Rapaz eu já tive fobia social por muitos anos, hj em dia me dei conta que não tenho mais… lembro que era muito difícil achava que nunca mais ia conseguir ser “normal”!!! Mas tou muito feliz que saí dessa, agora hj em dia minhas preocupações são outras kkkkkk mas de certa forma é libertador saber q consegui vencer.",Positivo
D_YEtr-14JI,UgzaYBdeozFNYGKCblR4AaABAg,@Canal_YTBTV,UC6OaI27PneiIvCH25xVzADg,Tropa das Gabrielly e das Geovana💀,2.0,2025-12-25T06:00:48Z,2025-12-25T06:00:48Z,1.0,pt,Tropa das Gabrielly e das Geovana💀,Neutro
0_WdMrj2YCY,UgxVAUwsQs672_kEg_N4AaABAg,@aspectoss,UCsdleX7CyCtmCMX_C8JrurA,"Passei 18 anos lá, desde nascido, e não me lembro de nenhuma vez ir para o salão ou congressos sem estar de Terno e Gravata, meu Pai é ancião, aí já viu né, tem de ser exemplo! Aff! Fora, vc ter 5 anos de idade e ser obrigado a ficar sentado por pelo menos 2 horas direta! Meu pai chegou a me levar para casa, no meio da reunião, para me dar uma surra para eu prestar a atenção na reunião... lembranças tristes!",63.0,2025-08-11T19:09:37Z,2025-08-11T19:09:37Z,21.0,pt,"Passei 18 anos lá, desde nascido, e não me lembro de nenhuma vez ir para o salão ou congressos sem estar de Terno e Gravata, meu Pai é ancião, aí já viu né, tem de ser exemplo! Aff! Fora, vc ter 5 anos de idade e ser obrigado a ficar sentado por pelo menos 2 horas direta! Meu pai chegou a me levar para casa, no meio da reunião, para me dar uma surra para eu prestar a atenção na reunião... lembranças tristes!",Neutro
8BI6UzLOaBk,UgwlmGIz6Wmn1WpHw7t4AaABAg,@WS_20_BR,UCbvKooKVdg3WuaWLT5iqGdQ,"tomara que ela faça ""parceria"" com a Martina Oliveira kkkkkk",1151.0,2025-12-17T22:01:54Z,2025-12-17T22:01:54Z,46.0,pt,"tomara que ela faça ""parceria"" com a Martina Oliveira kkkkkk",Neutro
eGyQPGXLdLU,Ugw1oL7RpWLQYlqx7S14AaABAg,@JoséMarceloAzevedo-z2f,UCY66phPnfibg8BVdqQPANqg,Minha filha você si acha muito,0.0,2026-03-05T23:33:31Z,2026-03-05T23:33:31Z,0.0,pt,Minha filha você si acha muito,Negativo
H7TwQXY1K_o,Ugwu4hDvH3IDRuCKytd4AaABAg,@kemeson92,UCjjKvkwe1OUgxU8QX4vAZVw,Papo de igreja kkkk,0.0,2025-10-09T18:20:50Z,2025-10-09T18:20:50Z,0.0,pt,Papo de igreja kkkk,Neutro
F-U5TrrdDhs,UgzVYm6_b0tPOZqyhbd4AaABAg,@canal_Amandatanajura_oficial,UCzqzbZgtb2YadZ1eyo0rlwQ,É horrível estou passando tudo isso 😢😢 é desesperador 😢😢,0.0,2025-10-16T16:06:35Z,2025-10-16T16:06:35Z,0.0,pt,É horrível estou passando tudo isso 😢😢 é desesperador 😢😢,Negativo
rrcwIePVs40,UgwcJdhhBFV27FqwLRR4AaABAg,@miathom3312,UCzE3tK0VXOYziRs71PAuv4Q,Só lembro da Sandy protegendo o filho a todo custo pra não ser exposto. Que Deus abençoe sempre! 🙏❤❤,3.0,2025-08-19T23:58:58Z,2025-08-19T23:58:58Z,1.0,pt,Só lembro da Sandy protegendo o filho a todo custo pra não ser exposto. Que Deus abençoe sempre! 🙏❤❤,Positivo
RCHMHp14Z_A,UgxrHGdSQvhAsQOgRTl4AaABAg,@canalcarioca7777,UCFYWLsroOugj2Zlle2NbTeA,2:14 😅 Peguei a Referência 😂,2.0,2026-01-19T00:48:24Z,2026-01-19T00:48:24Z,0.0,pt,2:14 😅 Peguei a Referência 😂,Neutro
9bS-0zYuut8,UgxOH76-0H_0hnsM-EJ4AaABAg,@SilviaSilva-yk3ry,UCWDPNuJgCsZ4ieiRDmw68ng,Parabéns ! Você é um querido Felca . Detalhe do abelo belíssimo,4.0,2025-09-25T01:12:18Z,2025-09-25T01:12:18Z,0.0,pt,Parabéns ! Você é um querido Felca . Detalhe do abelo belíssimo,Positivo
L_b2ftbzucY,UgzX0NUFbcXczUEOLux4AaABAg,@Joaolucas-xi5vc,UC8klJCWRhE3bVmY6cpmAeOA,Carregando a série nas costas,0.0,2025-12-12T15:38:42Z,2025-12-12T15:38:42Z,0.0,pt,Carregando a série nas costas,Positivo
lJMBtALCj0I,UgwPehf49AzBLbvVcI14AaABAg,@alexandreconceicao8368,UCz397Xe2CANN2VbS5LWPo_g,"Em troca de dinheiro e um carro bom, tem mano que rebola e usa até batom",0.0,2025-10-24T14:07:46Z,2025-10-24T14:07:46Z,0.0,pt,"Em troca de dinheiro e um carro bom, tem mano que rebola e usa até batom",Negativo
SN8F-82AHLA,UgyWx2BEmqB82NbZX5x4AaABAg,@OffGlamoriel,UCPCyJCLGkgO8-nQF8cwcKLQ,"""que triste, ele não aguentou a pressão e se matou...""
""Como ele fez isso?""
""Ele se deu 20 tiro nas costas""",0.0,2025-09-30T03:17:22Z,2025-09-30T03:17:22Z,0.0,pt,"""que triste, ele não aguentou a pressão e se matou..."" ""Como ele fez isso?"" ""Ele se deu 20 tiro nas costas""",Negativo
MAwwocBjxoY,UgyqJ6uj5Qi9PtSH1KR4AaABAg,@marcosbastos2944,UCpbT_52kDP7VkmFG-qzgJUw,Foi tudo combinado pra ganhar engajamento po e conseguiu 😂😂,1.0,2026-03-02T03:44:32Z,2026-03-02T03:44:32Z,0.0,pt,Foi tudo combinado pra ganhar engajamento po e conseguiu 😂😂,Negativo
W7OUKVAzcbQ,UgwTikEs3uj7G_RnvNV4AaABAg,@JacsonMendes-lf4sj,UCIVzsWaO-gzi9ZzvkaiFh_g,E aí Naldinho eu sou muito seu fã,0.0,2026-01-17T18:51:16Z,2026-01-17T18:51:16Z,0.0,pt,E aí Naldinho eu sou muito seu fã,Positivo
G9XWqLowu4o,Ugz7ZQz4NZNXrnRxSb14AaABAg,@tvandmusic7951,UCzT8NkxVr3mEMfCEuewEiQA,Só dele bater nela já mostra que não vale muito,1.0,2025-12-07T10:09:59Z,2025-12-07T10:09:59Z,0.0,pt,Só dele bater nela já mostra que não vale muito,Negativo
ITox85EttoM,UgysgQ2DvCQhaecWlBJ4AaABAg,@JuneBrasil,UCPh0h7HyKu11S4IRPxIseWg,"Muito obrigado, Presidente Lula, é assim, em forma de Proteção, que age quem ❤️ as crianças e adolescentes brasileiras! Quem ❤️ Cuida e Protege!!!! 👏🏻🙏🏻",0.0,2025-09-18T06:19:36Z,2025-09-18T06:19:36Z,0.0,pt,"Muito obrigado, Presidente Lula, é assim, em forma de Proteção, que age quem ❤️ as crianças e adolescentes brasileiras! Quem ❤️ Cuida e Protege!!!! 👏🏻🙏🏻",Positivo
0qDPl7bo6CA,UgzTxnn6zkQRFIwQgMp4AaABAg,@luAy11,UCkhsedqdwbHLZCSVSXwfccw,Meu Deus entrou no olho,1.0,2026-03-19T20:02:17Z,2026-03-19T20:02:17Z,0.0,pt,Meu Deus entrou no olho,Neutro
2o8hRHMimEY,Ugx0M8frEFUDswV6Ae94AaABAg,@Thaisolivete,UCOgQ5c3fiCTzlaIg3LC_eEg,Bem isso….,0.0,2025-12-28T14:34:38Z,2025-12-28T14:34:38Z,0.0,pt,Bem isso….,Neutro
v8Mxyd71vjo,UgxFleKve5SRvPHtKVl4AaABAg,@Slk_Raphinha77,UCUfTYTnm-zIGSEIuvqVVMJg,"""derruba o Roblox todo Boa Felca e isso pow",0.0,2026-01-22T20:08:19Z,2026-01-22T20:08:19Z,0.0,pt,"""derruba o Roblox todo Boa Felca e isso pow",Positivo
_eL_wYX9jKA,UgwJ_m03SW4sBwoI3QV4AaABAg,@joeldejesusvetupukula5125,UCumWFyusiyxXXrJW_1E9Lgg,"Caros senhores da Brasil Paralelo, bom dia. Falo a partir de Angola. Passo simplesmente para agradecer pelo grande trabalho que vocês têm feito. Podem acreditar, vocês fazem uma enorme diferença no mundo com os vossos conteúdos educativos. Por outro lado, gostaria de vos encorajar a continuarem a trabalhar. Posso apenas imaginar as enormes dificuldades que têm enfrentado para fazerem o que fazem. Ainda não sou um assianante do vosso serviço, mas prometo que brevemente assinarei, tanto para mim como para os meus irmãos. É muito conteúdo útil e educativo. Em pouco tempo, percebi coisas que nunca havia percebido antes. Vocês estão a mudar o mundo e o mundo precisa de vocês. Por favor, não parem.",0.0,2025-08-13T07:15:51Z,2025-08-13T07:15:51Z,1.0,pt,"Caros senhores da Brasil Paralelo, bom dia. Falo a partir de Angola. Passo simplesmente para agradecer pelo grande trabalho que vocês têm feito. Podem acreditar, vocês fazem uma enorme diferença no mundo com os vossos conteúdos educativos. Por outro lado, gostaria de vos encorajar a continuarem a trabalhar. Posso apenas imaginar as enormes dificuldades que têm enfrentado para fazerem o que fazem. Ainda não sou um assianante do vosso serviço, mas prometo que brevemente assinarei, tanto para mim como para os meus irmãos. É muito conteúdo útil e educativo. Em pouco tempo, percebi coisas que nunca havia percebido antes. Vocês estão a mudar o mundo e o mundo precisa de vocês. Por favor, não parem.",Positivo
-HxmC9NUpNc,UgwW3zFjFs9rL7_Uek54AaABAg,@nicolasgusmao7462,UC1CsTLKic2kW7uNl8ENNLEQ,Ironia nós estamos num país com 16 anos você pode voltar mas não pode jogar jogos online que fica pedindo seu RG e seu CPF😊😊😊,0.0,2026-03-16T19:23:00Z,2026-03-16T19:23:00Z,0.0,pt,Ironia nós estamos num país com 16 anos você pode voltar mas não pode jogar jogos online que fica pedindo seu RG e seu CPF😊😊😊,Neutro
0GfXTO4kWag,Ugzq8OsH3lPOjkvaeaZ4AaABAg,@Trevor_Belmontxs,UCg9Vi7WzsECK-7Amq7dfl1g,"Acho que faz sentido vim na loja, até pq a pessoa vai ter que desembolsar uma grana pra pegar, então a garena vai tá lucrando do mesmo jeito, isso seria bom, aí chegaria antecipado pros primes na loja deles e depois na loja normal pra nós pobres 😂",0.0,2025-10-17T08:59:45Z,2025-10-17T08:59:45Z,0.0,pt,"Acho que faz sentido vim na loja, até pq a pessoa vai ter que desembolsar uma grana pra pegar, então a garena vai tá lucrando do mesmo jeito, isso seria bom, aí chegaria antecipado pros primes na loja deles e depois na loja normal pra nós pobres 😂",Neutro
vMsApohLlbg,UgyavBEUBzreidP1VSp4AaABAg,@yanantonioquintino,UC6e_xUUYrTwVC2DKDHUoNsA,"Votou no L tem que ser desvivido, nunca gostei do Alan e agora odeio totalmente pq ele tem problemas mentais com ctz, para votar nesse treco",0.0,2026-02-28T10:53:19Z,2026-02-28T10:53:19Z,0.0,pt,"Votou no L tem que ser desvivido, nunca gostei do Alan e agora odeio totalmente pq ele tem problemas mentais com ctz, para votar nesse treco",Negativo
XS3LqC9HbG0,Ugzdv3nY1Y1lNEh7ECF4AaABAg,@RichTowels,UCBjUt0nvnhgA__ze7rc0yBg,"Essa bosta vai morrer e vai servir como compra de voto, daqui a 4 anos ninguém vai mais lembrar dessa lei. Pão e circo é o nome né?",5.0,2026-03-18T16:08:13Z,2026-03-18T16:08:13Z,0.0,pt,"Essa bosta vai morrer e vai servir como compra de voto, daqui a 4 anos ninguém vai mais lembrar dessa lei. Pão e circo é o nome né?",Negativo
tXTPZz2_AQE,UgxVxbPinBMB8QsxPEV4AaABAg,@wil6545,UCxv0JEQ3L5KINwlKfRZzWDQ,"Essa Pec anti-privilégio nunca vai acabar, não adianta nada um só votar contra esse privilégio e abrir mão de tudo isso, e os restos desses lixos não estão nem aí .",0.0,2025-09-13T03:02:29Z,2025-09-13T03:02:29Z,0.0,pt,"Essa Pec anti-privilégio nunca vai acabar, não adianta nada um só votar contra esse privilégio e abrir mão de tudo isso, e os restos desses lixos não estão nem aí .",Negativo
tQZUIAs6kZs,UgyXWaS4TfUt86KHgEJ4AaABAg,@marciaabreu6095,UCAMqWFVDmwaD-aTknb6x69Q,O problema e a mãe dela que humilhava ela para ter visualização,7.0,2025-09-02T22:30:37Z,2025-09-02T22:30:37Z,0.0,pt,O problema e a mãe dela que humilhava ela para ter visualização,Neutro
Rb1TkdEunz8,UgyLopBvazLWnse4ZaZ4AaABAg,@oliveiraaaxs,UCseM9RtAM5xJAaYwKri4Dow,"9:50 acho q realmente aconteceu, para não querer afirmar q foi sexo, se não acontece, tem vontade q aconteça",4.0,2026-01-17T21:41:52Z,2026-01-17T21:41:52Z,1.0,pt,"9:50 acho q realmente aconteceu, para não querer afirmar q foi sexo, se não acontece, tem vontade q aconteça",Neutro
DOkMdZr-agg,UgwtJtVV1vlalli6P9R4AaABAg,@felcacortes77777,UCPODQgTlMVwQU_E4fviExwQ,O salário  dele vai ser pago com dinheiro das bets,228.0,2025-10-15T00:15:59Z,2025-10-15T00:15:59Z,9.0,pt,O salário dele vai ser pago com dinheiro das bets,Neutro
eHA00A3FHNI,UgzlPGAJMCSQ1btXZph4AaABAg,@IsaacPulgatti,UCHR7S36fXtJBI6UGdkjwlJA,"Tem que ser preso mesmo não tem que ter do dessa porr mesmo, obrigado por ter feito essa merda ser preso felca",0.0,2025-08-17T15:10:35Z,2025-08-17T15:11:42Z,0.0,pt,"Tem que ser preso mesmo não tem que ter do dessa porr mesmo, obrigado por ter feito essa merda ser preso felca",Negativo
-5ce258I_KI,UgzE34HxfTvIz1pMe454AaABAg,@kethelynls,UCJcKd18GE8DkjgXC8VlLJWQ,Salomão falou sobre isso no livro de Eclesiastes.,4.0,2025-10-02T14:56:15Z,2025-10-02T14:56:15Z,0.0,pt,Salomão falou sobre isso no livro de Eclesiastes.,Neutro
0pcyVt6VUsk,UgxdEVyY4hL9ovoJf054AaABAg,@iurev,UCiZho1j_uMBtMK4nJlgG2YA,"o problema nao é nem o lol, é voce ter que colocar informações tao delicadas como cpf, se alguem hackeia o banco de dados do que voce registrou, ele vai ter muita gente na mão",0.0,2026-03-20T11:36:04Z,2026-03-20T11:36:04Z,0.0,pt,"o problema nao é nem o lol, é voce ter que colocar informações tao delicadas como cpf, se alguem hackeia o banco de dados do que voce registrou, ele vai ter muita gente na mão",Neutro
vm4fbPWoUb0,UgyJ05semJevGkYfcBF4AaABAg,@crisritmicadra,UCJveFFUZjEmvGKHuD2hAFVw,Ficou lindo. ❤,0.0,2026-02-10T13:27:01Z,2026-02-10T13:27:01Z,0.0,pt,Ficou lindo. ❤,Positivo
5mmWw0jAIGE,Ugzl6yN93DopBHaHc0B4AaABAg,@tatsumithesims1903,UC2TOFuPjb3IyGDArw1LQ-_w,Esse tópico não era nem pra tá sendo discutido assim na internet. Precisou um YouTuber fazer alguma coisa pra os engravatado Abrirem o olho.,0.0,2025-08-19T23:47:48Z,2025-08-19T23:47:48Z,0.0,pt,Esse tópico não era nem pra tá sendo discutido assim na internet. Precisou um YouTuber fazer alguma coisa pra os engravatado Abrirem o olho.,Neutro
E7SkAMy17dM,Ugw0b64wuwYhtyU-RBt4AaABAg,@ssk_aizen,UClcgbyGPIHXq8oDjV8J3HMw,Imagina se não tivesse dentro da lei esse gacha do blood Striker e tudo roubada,0.0,2026-03-18T18:05:02Z,2026-03-18T18:05:02Z,0.0,pt,Imagina se não tivesse dentro da lei esse gacha do blood Striker e tudo roubada,Neutro
4QXTRLdsfds,Ugx-CkMlHhxaYAAwbvd4AaABAg,@amaral883,UCmM3adQMHqUibz-SRI5odmw,"Caso das crianças de Marajó → Flca calado.
Filme Sound of Freedom → Felca calado.
Oportunidade de capitalizar → Felca tá dentro.",23.0,2025-10-27T02:04:10Z,2025-10-27T02:04:10Z,0.0,pt,Caso das crianças de Marajó → Flca calado. Filme Sound of Freedom → Felca calado. Oportunidade de capitalizar → Felca tá dentro.,Neutro
sEW2w0b2YtI,UgzVe0M1U7ya-DQFJhB4AaABAg,@2002rosemaggie,UCZWg_vSDaky8GjrR-27HfjQ,Kkkkkk! Inteligência artificial! Essa voz é do Padre Zezinho! 😂😂😂,0.0,2025-09-15T07:19:20Z,2025-09-15T07:19:20Z,0.0,pt,Kkkkkk! Inteligência artificial! Essa voz é do Padre Zezinho! 😂😂😂,Neutro
BwPK9ehh9Dg,UgyAA_DKWkmX02RBR7t4AaABAg,@gustavocardoso9875,UC8qA0PGzJSNcjouJ1Vi9tzg,Nuuu que pano....nessa ai não tem como defender não filhão....cariani deu uma de pablo marçal!,2.0,2025-12-10T18:53:41Z,2025-12-10T18:53:41Z,0.0,pt,Nuuu que pano....nessa ai não tem como defender não filhão....cariani deu uma de pablo marçal!,Neutro
bDdNN2mLCxo,UgyrZpRwoyFF9mc7wT14AaABAg,@gabicollaco,UCQ-Tv6DvDNqVnPnMyiZ7pvw,O Pior é que boa parte dos influencers não tem uma vida física ou pessoal e fica trancado em casa. Ai quando tem espaço fica extremamente vulneravel a tudo que o externo quer que ele seja,0.0,2025-11-29T05:16:27Z,2025-11-29T05:16:27Z,0.0,pt,O Pior é que boa parte dos influencers não tem uma vida física ou pessoal e fica trancado em casa. Ai quando tem espaço fica extremamente vulneravel a tudo que o externo quer que ele seja,Neutro
druZiKdkgKY,Ugy3H4VH0tmL7UH4fqN4AaABAg,@otngmsBR,UCBaaZlh8FrnO5na3-LAC_4g,A última incubadora do Freefire essa aí,0.0,2026-02-27T05:16:40Z,2026-02-27T05:16:40Z,0.0,pt,A última incubadora do Freefire essa aí,Neutro
IGZtq9UB-9I,Ugx8j6nDnpIDL2rAETh4AaABAg,@loretad.6058,UCVrW_RYN_-deRgcWq0zAr2Q,"Várias Scan de mangás estão caindo, e o tigrinho continua liberado 😂😅😅",0.0,2026-03-18T12:22:00Z,2026-03-18T12:22:00Z,0.0,pt,"Várias Scan de mangás estão caindo, e o tigrinho continua liberado 😂😅😅",Neutro
eFeFTtydxjk,Ugw_oy1A3K8R8tPDUAd4AaABAg,@ryanzatta,UC0KfaUi5GlhejWUaTOpPYqg,Eu comprando robux hoje 😔,0.0,2025-09-06T04:21:53Z,2025-09-06T04:21:53Z,0.0,pt,Eu comprando robux hoje 😔,Neutro
Rb1TkdEunz8,UgxcYmq1W3R1J57sMZV4AaABAg,@awlyli,UCmiRr9wnQLopPRHUivfhReA,A Letícia sendo a mais inocente da história,0.0,2026-01-17T10:42:04Z,2026-01-17T10:42:04Z,0.0,pt,A Letícia sendo a mais inocente da história,Neutro
BffOii9dqj4,UgyxA32W8msj-Gt60Kh4AaABAg,@salemogato,UCbzrlQRq5QgopIViCXwJNew,"Dificilmente eu comento aqui no canal, mas chamar o xandão e o lula foi um tiro no pé. Eles estão no mesmo balaio que o Putin, são farinha do mesmo saco e merecem o mesmo tratamento. Do meu ponto de vista, chamar o xandão e o lula pro evento é equivalente a convidar o ditador da Russia pra esse evento.",0.0,2025-12-16T14:51:49Z,2025-12-16T14:51:49Z,0.0,pt,"Dificilmente eu comento aqui no canal, mas chamar o xandão e o lula foi um tiro no pé. Eles estão no mesmo balaio que o Putin, são farinha do mesmo saco e merecem o mesmo tratamento. Do meu ponto de vista, chamar o xandão e o lula pro evento é equivalente a convidar o ditador da Russia pra esse evento.",Negativo
F9mcf8yXbPE,Ugy9c74pW_8sxWEm1wZ4AaABAg,@IvanSeverino-g3wurt,UC7i-azOms8CfABY46zpKWtA,eu pensei que era real kkkk 😅😅,0.0,2025-12-22T18:09:04Z,2025-12-22T18:09:04Z,0.0,pt,eu pensei que era real kkkk 😅😅,Neutro
63RFfTacx_g,UgzmZ9dmFlnFCTqwkAh4AaABAg,@MariaNildaAntunesAlves-t2l,UCyP1d3-wCb5K4Z5t8WEntKA,Mas todos os pregador cobra igreja aqui onde eu congrego pagou uma fortuna água Fortuna para eles falar que é mentira não é mentira não é verdade todos eles cobra se ela não cobra é uma exceção permaneça assim sem cobrar porque você que vai prestar conta da sua alma que a palavra do senhor não é cobrada ela é de graça se receber alguma coisa é ajuda de custo gasolina seja lá o que for mas esses pregador por aí que canta e tudo mais cobra Fortuna eles acha que eles são música do mundão que o povo vai lá beber trair as pessoas roubar matar usar droga acho que eles estão pensando que eles são assim famosos briga na fila para comprar o ingresso eu acho que o servo de Deus não é para isso não,0.0,2026-01-21T22:38:12Z,2026-01-21T22:38:12Z,0.0,pt,Mas todos os pregador cobra igreja aqui onde eu congrego pagou uma fortuna água Fortuna para eles falar que é mentira não é mentira não é verdade todos eles cobra se ela não cobra é uma exceção permaneça assim sem cobrar porque você que vai prestar conta da sua alma que a palavra do senhor não é cobrada ela é de graça se receber alguma coisa é ajuda de custo gasolina seja lá o que for mas esses pregador por aí que canta e tudo mais cobra Fortuna eles acha que eles são música do mundão que o povo vai lá beber trair as pessoas roubar matar usar droga acho que eles estão pensando que eles são assim famosos briga na fila para comprar o ingresso eu acho que o servo de Deus não é para isso não,Neutro
RnUNE_hFwO8,Ugx2aFK7bne3_Tmet2R4AaABAg,@Katkat333k,UCxV1S7ZzZSLLxmfoKm1qHQg,😂😂😂😂 obrigada blogueirinha por esculachar o cara,0.0,2025-12-30T00:48:56Z,2025-12-30T00:48:56Z,0.0,pt,😂😂😂😂 obrigada blogueirinha por esculachar o cara,Positivo
LZJnxoRpV2M,UgwW1Ck8RaJQpS8__bN4AaABAg,@amarosilva-np2hv,UCwp__N7SOiSfvnAs5qTahMA,Meu filho com 13 anos eu já colocava ele pra ver o smzinho  e de boas foda se o Governo,2.0,2026-03-21T12:04:52Z,2026-03-21T12:04:52Z,0.0,pt,Meu filho com 13 anos eu já colocava ele pra ver o smzinho e de boas foda se o Governo,Negativo
8EO9QFNTS7A,UgwbzRhxpv-QX5fQbPB4AaABAg,@EK_MGRISING,UCUlVlXEbIqHyoUOP9dhzX4w,"Ta idai? E so uma religião, como qualquer outra, se ele for ou não, muda porra nenhuma na vida de ninguem, so de cristão que e burro que acha que so existe uma religião",2.0,2025-11-07T20:14:06Z,2025-11-07T20:14:06Z,2.0,pt,"Ta idai? E so uma religião, como qualquer outra, se ele for ou não, muda porra nenhuma na vida de ninguem, so de cristão que e burro que acha que so existe uma religião",Negativo
MOZv3V4fNv0,UgzV_Q8z-gF-CdEPi4h4AaABAg,@ElieteAlves-j3k,UCUMyoz2DAWYC0jikC5LpyGg,💜🦋 Shinobo ela é minha personagem preferida 🥰,1.0,2025-09-18T22:46:31Z,2025-09-18T22:46:31Z,1.0,pt,💜🦋 Shinobo ela é minha personagem preferida 🥰,Positivo
fpr7h6QUuG8,UgydgJMovsyDY3dUknt4AaABAg,@rafaelcarneiro1833,UCvmm2Zq18aq8bfFNDoqJT1w,"Bro conseguiu criticar um cara que eu realmente discordo (felca), mas ainda sim não conseguiu dar um motivo bom ou um embasamento que realmente sustentasse a própria opinião.",1.0,2026-03-25T20:55:26Z,2026-03-25T20:55:26Z,1.0,pt,"Bro conseguiu criticar um cara que eu realmente discordo (felca), mas ainda sim não conseguiu dar um motivo bom ou um embasamento que realmente sustentasse a própria opinião.",Neutro
F8_vnLIy2tg,UgzEf2l57mF5QdM8u5B4AaABAg,@edilenecosta3252,UCRPihIysKhEBkpWewaIbVGQ,A maioria das crianças pobres no Brasil só podem usar havaianas ou similares...,0.0,2025-12-24T03:02:59Z,2025-12-24T03:02:59Z,0.0,pt,A maioria das crianças pobres no Brasil só podem usar havaianas ou similares...,Neutro
w9LnBmC_oXs,Ugzo6TkZPphcBOXSyQ94AaABAg,@vReznovz,UCbGUuVHHk_0B7pNzZEri1Yw,Já dizia o sábio Renanplay “BONECA DO GOVERNO!”,0.0,2025-10-21T17:39:50Z,2025-10-21T17:39:50Z,0.0,pt,Já dizia o sábio Renanplay “BONECA DO GOVERNO!”,Negativo
ufP3ylNrfS0,Ugwuzj9AnJmnQ7C1MpR4AaABAg,@SXTANAS,UCYmyzRqbn2vbRbKYqwC3S0w,"Esse país já está condenado, o mundo jás do maligno.",0.0,2026-02-26T02:38:30Z,2026-02-26T02:38:30Z,0.0,pt,"Esse país já está condenado, o mundo jás do maligno.",Negativo
S2hOHr4alAs,Ugwsb0xtqpPNuIxpYxx4AaABAg,@Naidinhaw,UCmmRiVTDAQTvo9r4XjWK7iQ,Felca é o que você merece😂😂😂😂😂,0.0,2026-02-15T19:31:36Z,2026-02-15T19:31:36Z,0.0,pt,Felca é o que você merece😂😂😂😂😂,Negativo
onmQfofianc,UgzI92Y1Yzm5xhzGApZ4AaABAg,@silvandirafatima1582,UCUl8WFG8PJtmj0zJkp-b97Q,Verdade Deus te abençoe e proteja sempre,0.0,2025-09-02T20:05:41Z,2025-09-02T20:05:41Z,0.0,pt,Verdade Deus te abençoe e proteja sempre,Positivo
KrnYbtchJ7E,Ugxod-qLWEC9V9WBAtZ4AaABAg,@MariaEduardaReisdossantos-v3e,UCp8yrP-yGd44aq6OBw_tl5A,Parabéns zulmi,0.0,2026-01-14T03:19:07Z,2026-01-14T03:19:07Z,0.0,pt,Parabéns zulmi,Positivo
BIRHkgEzVJU,UgyAbxSI3ngZY_kSkyp4AaABAg,@jc-fb3ok,UC9mZQU10Ih-9nZNkas6YShw,Tinha que ser celta denovo,0.0,2026-03-19T01:52:18Z,2026-03-19T01:52:18Z,0.0,pt,Tinha que ser celta denovo,Neutro
AIIlXisK63w,UgxPBDROmri9HFdl27J4AaABAg,@joelmamoreira9565,UCe_O1zVJG_jXu_nEoEsVhCg,Kkkk gente agr flnd sério ela foi influênciada e tbm ela n merece essa pressão pq a culpa da prr TD e desse idiota dsclp as fãs deles mais e minha opinião e vcs tem q respeitar ☝🏽,0.0,2026-02-13T02:14:21Z,2026-02-13T02:14:21Z,0.0,pt,Kkkk gente agr flnd sério ela foi influênciada e tbm ela n merece essa pressão pq a culpa da prr TD e desse idiota dsclp as fãs deles mais e minha opinião e vcs tem q respeitar ☝🏽,Negativo
fjp-KkVEkpE,Ugy3yI4xYzFbW8BnWlV4AaABAg,@israelbz25,UCyMqX7T9Hh4FonHBU_SEykA,"""Salve pro Raphael Lima""
Dark, aqui tu morreu pra mim dando voz pra maluco da extrema-direita. Passar bem.",0.0,2025-09-03T20:44:46Z,2025-09-03T20:44:46Z,1.0,pt,"""Salve pro Raphael Lima"" Dark, aqui tu morreu pra mim dando voz pra maluco da extrema-direita. Passar bem.",Neutro
-5KUYr9B3ic,UgwuLtaaV_mX28c7qHt4AaABAg,@clebermedeirosdasilva6399,UCZ5uGkbpSAyn3dmGDvcSW8Q,Eu ci fosse o Vini casava uma linda e Maguinifica Negra,1.0,2025-10-07T14:41:56Z,2025-10-07T14:41:56Z,0.0,pt,Eu ci fosse o Vini casava uma linda e Maguinifica Negra,Neutro
GtQ9ReUi3_8,UgzwtweKYuKPKIc4EnJ4AaABAg,@Patrik-q4e,UCTq4gyadY4nTXANxw5vK9cA,"mano brown e referencia do que??
nao cuidava nem do filho esse pateta",0.0,2025-08-30T13:21:28Z,2025-08-30T13:21:28Z,0.0,pt,mano brown e referencia do que?? nao cuidava nem do filho esse pateta,Negativo
KOM1jM8dJJA,Ugy-hGfRKEAnf1FXR7F4AaABAg,@DenilsonCosta-q5r9r,UCBV_TcwCbXEJyr3K0VzR0_Q,Essa vó parece a mãe do neto dos dono da bola kkk,0.0,2025-10-26T14:01:29Z,2025-10-26T14:01:29Z,0.0,pt,Essa vó parece a mãe do neto dos dono da bola kkk,Neutro
G0pTOuhi0OM,Ugz58z6_Z9ovmaJdrWx4AaABAg,@luizblox7777,UC4BtEpegCyicvO0MbIbPqtg,Porque ele tá de salto alto emmmmmmmmmm hummmmhunnnn,0.0,2026-03-18T23:04:19Z,2026-03-18T23:04:19Z,0.0,pt,Porque ele tá de salto alto emmmmmmmmmm hummmmhunnnn,Neutro
6cv8AzXQf_A,UgzgOXpywkTI8WKzZGZ4AaABAg,@lordimamsupriadi9856,UCXUD5tN0nuQ13BaQ7HCHarA,Garing le. GK ush ngejokes. Masa tanya motor dapat nyolong. Mikir. Mau lucu jadi  garing le Sule.,3.0,2025-11-21T01:57:59Z,2025-11-21T01:57:59Z,0.0,pt,Garing le. GK ush ngejokes. Masa tanya motor dapat nyolong. Mikir. Mau lucu jadi garing le Sule.,Neutro
9m4pROT-a_M,Ugy0BJqUuezny1WdCG14AaABAg,@fada_lalaa123,UCZ63l8RHrXhCpDKZIwh7UVg,DERUPA O ROBLOX PARA VC VE EU VOU TE DENUSIAR SEU MARGINAL FIA DA OIA,0.0,2026-01-24T03:44:53Z,2026-01-24T03:44:53Z,0.0,pt,DERUPA O ROBLOX PARA VC VE EU VOU TE DENUSIAR SEU MARGINAL FIA DA OIA,Negativo
fjp-KkVEkpE,UgzuRnCvayESoQm1MzB4AaABAg,@SckharDracolong,UCMMrKYxuHSurPgVTOmAsLwg,"Se equivocou, no CS voce GANHA a caixa e abre ela sem custos, é uma premiação e nao uma venda lootbox, no LoL voce ganha a caixa mas voce tem que pagar ( mesmo que consiga fragmento gratuito, voce pode comprar chave ), essa é a diferença",0.0,2025-09-03T21:46:43Z,2025-09-03T21:46:43Z,0.0,pt,"Se equivocou, no CS voce GANHA a caixa e abre ela sem custos, é uma premiação e nao uma venda lootbox, no LoL voce ganha a caixa mas voce tem que pagar ( mesmo que consiga fragmento gratuito, voce pode comprar chave ), essa é a diferença",Neutro
Mp1_F8PWDdM,Ugy9wB953zw6oplW6G14AaABAg,@GabrielMoura-x3x9q,UCZkXwxZETll5clEuY3cDFZw,Imagina o pai da Morgana contra eles dois☠️☠️,0.0,2026-01-18T21:27:42Z,2026-01-18T21:27:42Z,0.0,pt,Imagina o pai da Morgana contra eles dois☠️☠️,Neutro
CivNK456qCg,UgzxAIUuXPFIbKsg1vR4AaABAg,@BrendaNicole-t2t,UCIgbbohz2Kyv5yXN4lAVeCQ,Estou falando a verdade porque você tirou o chat qual é o problema,0.0,2026-02-12T19:26:49Z,2026-02-12T19:26:49Z,0.0,pt,Estou falando a verdade porque você tirou o chat qual é o problema,Neutro
SOUubUp5RX4,UgztOe75jL3NljB8YdZ4AaABAg,@PabloPatrick-v7g,UCXHKF36di_6F__ZE3Fk1djA,E só troca de lugar o seu lugar na configuração do brawl stars,31.0,2026-03-18T20:28:03Z,2026-03-18T20:28:03Z,4.0,pt,E só troca de lugar o seu lugar na configuração do brawl stars,Neutro
bTKY4dj5Oso,UgyVUsGaDhVm8vKi7sN4AaABAg,@Anahi-n4q,UCZfBL0e6pspeItdnRhjEVww,Eu nn consigo fazer a verificação pq ele fala que eu preciso de um responsável e tem que confirmar com carteira.... Enfim é um monte de coisa,0.0,2026-01-25T21:29:16Z,2026-01-25T21:29:16Z,0.0,pt,Eu nn consigo fazer a verificação pq ele fala que eu preciso de um responsável e tem que confirmar com carteira.... Enfim é um monte de coisa,Neutro
sNxJgh3kRas,UgzVMbnsk3EyNSNLO9t4AaABAg,@EnzoDesouzaaraujo,UC1gbZihcOWdPMwxlRZaYVgA,"Aconteceu nada, HEHEHEHA!",0.0,2026-03-18T00:06:04Z,2026-03-18T00:06:04Z,0.0,pt,"Aconteceu nada, HEHEHEHA!",Neutro
-8LKdYWDEU0,Ugyt9zDB9W4niL0wHBl4AaABAg,@RennanSampaiopinheiro,UCKLhui6n9Mpu7aHE0ewv-Xg,Tenho sim de boa de novo,0.0,2026-02-14T18:28:47Z,2026-02-14T18:28:47Z,0.0,pt,Tenho sim de boa de novo,Neutro
u9qLXh7y2hI,UgyoMninD6zFOc48uu14AaABAg,@CarlosEduardo-jw5px,UCejAnrNtcvHHY3uuze-UZ9g,"Simples, só tirar a comunicação e deixar jogos a cima de 14 anos.",0.0,2026-03-25T13:37:30Z,2026-03-25T13:37:30Z,0.0,pt,"Simples, só tirar a comunicação e deixar jogos a cima de 14 anos.",Neutro
ziQKgpjn22A,UgzegD29ui0ty4PSkYJ4AaABAg,@ClaudecirDaSilva-p5k,UCiwJpqV2GtixeAnu6puCVag,Tipo esse daqui que eu tenho aqui em casa aquela alegria outro passa que é outro bravo que é azul ou verde água porque eu tenho a minha vó me deu ela ganhou era ganhou da era Canhotinho uma professora do meu amigo,0.0,2026-03-19T23:59:24Z,2026-03-19T23:59:24Z,0.0,pt,Tipo esse daqui que eu tenho aqui em casa aquela alegria outro passa que é outro bravo que é azul ou verde água porque eu tenho a minha vó me deu ela ganhou era ganhou da era Canhotinho uma professora do meu amigo,Neutro
dEeWvlXbazg,UgyxCcIDu4E6kIe5XqJ4AaABAg,@Kauane_111,UCDJBOajTph62roTP56VSy_g,Mano eu amo o felca ❤❤❤❤,0.0,2025-08-27T23:33:55Z,2025-08-27T23:33:55Z,0.0,pt,Mano eu amo o felca ❤❤❤❤,Positivo
gGpYGKTZqL4,Ugz7dUBqbl-dsHY68Y14AaABAg,@Conde_yz,UCBGs9YKiT0e9NiRez3MoxTA,"Pessoal, vamos denunciar todos os canais que estiverem apoiando essa Lei lixo; vamos atacar fogo com fogo.",0.0,2026-03-21T23:11:33Z,2026-03-21T23:11:33Z,0.0,pt,"Pessoal, vamos denunciar todos os canais que estiverem apoiando essa Lei lixo; vamos atacar fogo com fogo.",Negativo
6h3ltmRDjXs,UgyfDC457EtONWfOa0d4AaABAg,@rivaldomariano9317,UC2jeYz9oUuvRhkkBSAmW-Kw,"Primeiro a taxa das ''BLUSINHAS""""! agora o linux que eu uso para trabalhar! o linux é muito complexo para um menor usar, lei sem sentido, para mim é mais uma forma para monitorar os usuários por questões políticas. governinho ''lixo''! agora ferrou tudo..... onde vamos parar? FELCA DOS INFERNOS!!!",1.0,2026-03-18T16:56:30Z,2026-03-18T16:56:30Z,0.0,pt,"Primeiro a taxa das ''BLUSINHAS""""! agora o linux que eu uso para trabalhar! o linux é muito complexo para um menor usar, lei sem sentido, para mim é mais uma forma para monitorar os usuários por questões políticas. governinho ''lixo''! agora ferrou tudo..... onde vamos parar? FELCA DOS INFERNOS!!!",Negativo
AproxQpFrPY,UgzQcw5lzo8i6thJCGZ4AaABAg,@Juhandrello,UCRfF4qQseiiA0x40xzBYgAg,É só o começo.,0.0,2025-08-31T16:05:30Z,2025-08-31T16:05:30Z,0.0,pt,É só o começo.,Neutro
dEeWvlXbazg,UgwHw9gFcdUWqgiRQbV4AaABAg,@schullerengenharia,UC3gQUgS0y6tZIdWV7bpac7w,Felca pq se tirou o canal do João Caetano do ar,0.0,2025-08-27T14:35:22Z,2025-08-27T14:35:22Z,0.0,pt,Felca pq se tirou o canal do João Caetano do ar,Neutro
8P0Ws4Mhusg,UgwJq9UuQcQNng5MU-l4AaABAg,@MarceldeOliveira-cq5fe,UCZCfKmSV4utVNm46V7CCeNQ,"Pessoal, se ta ruim, vai pra somalia, pro iemen, la nao tem estado",0.0,2026-03-18T22:08:32Z,2026-03-18T22:08:32Z,1.0,pt,"Pessoal, se ta ruim, vai pra somalia, pro iemen, la nao tem estado",Neutro
5s9lXcnoYvI,Ugxf9fIbcZYebsTONqN4AaABAg,@ADRiANO-x7j,UCaeMjWYo11AyhvevO_beR3g,Essas crianças são burra em vez de atacar Roblox estão atacando nem os dois sem motivo nenhum sério e salvaram vocês arte estão ocupando eles meu Deus😑,0.0,2026-01-17T04:55:59Z,2026-01-17T04:55:59Z,0.0,pt,Essas crianças são burra em vez de atacar Roblox estão atacando nem os dois sem motivo nenhum sério e salvaram vocês arte estão ocupando eles meu Deus😑,Neutro
MvMZtknyhIQ,UgxjJN421ZXdcLBsZYp4AaABAg,@AdrianoMazzaferro,UCHFIoT4WB9XKu8iaaeTGsBQ,Dahora o vídeo,0.0,2025-08-07T17:20:20Z,2025-08-07T17:20:20Z,0.0,pt,Dahora o vídeo,Positivo
T3N1eIRM-L0,UgxeUAGBUInzmMySyxF4AaABAg,@Hey_ShinobuOFC,UC3noqQymChRa6aChDs0EcPw,"Roblox é banido do Brasil :
Eu :
QUE!? ROBLOX FOI BANIDO DO BRASIL? Ah, eu me esqueci, eu não preciso mais me preocupar afinal eu já tô morando aqui na lua né mesmo?",0.0,2025-12-29T20:39:29Z,2025-12-29T20:39:29Z,0.0,pt,"Roblox é banido do Brasil : Eu : QUE!? ROBLOX FOI BANIDO DO BRASIL? Ah, eu me esqueci, eu não preciso mais me preocupar afinal eu já tô morando aqui na lua né mesmo?",Neutro
zwLzldX68hU,UgwFobveBK-ThoBhA9R4AaABAg,@erika_hunter,UCBNYClysPDOTuIVlC1hWcCQ,23:50 Não pa$$ou de$percebido $$$$$$$$$$$$$$$$ 🙄🤑🤢🤮💰,0.0,2026-03-19T19:28:39Z,2026-03-19T19:28:39Z,0.0,pt,23:50 Não pa$$ou de$percebido $$$$$$$$$$$$$$$$ 🙄🤑🤢🤮💰,Neutro
AviM8-dKOD0,UgxfHPmKiuEwL-o7ZYd4AaABAg,@Marshallphany,UC9xFqkBSO49bPuhyrSG3U9A,Cara incrível!,0.0,2026-01-14T16:17:15Z,2026-01-14T16:17:15Z,0.0,pt,Cara incrível!,Positivo
u_clKlNKs2A,UgxIB5stwci29JlAH9l4AaABAg,@talitaaraujooliveira4146,UCUFoN3EOS7IgXygmYZJTO9g,"não concordo com a frase ""se ele não é bom da cabesa é hipocrisia ele falar sobre saúde mental"", justamente por passar por problemas como depressão e fobia social, ele tem propriedade pra falar do assunto proque sentiu/sente na pele isso todos os dias. E além disso, ele tem acompanhamento psicológico, então não é pura e simplesmente por passar por isso que ele pode falar sobre isso, mas por procurar ajuda. O assunto que ele aborda é extremamente importante. Não estou colocando em pauta aqui o que ele já fez de errado na vida ou não. Mas o asunto que ele aborda é extremamente importante, só não enxerga isso quem é um frustrado com a vida que não faz nada de relevante pra ninguém e só sabe criticar quem faz algo. Sendo especialista ou não, o assunto pode e deve ser abordado. Ele não fala como um especialista, mas como uma pessoa que passa pelo problema.",0.0,2026-03-26T13:02:40Z,2026-03-26T13:02:40Z,0.0,pt,"não concordo com a frase ""se ele não é bom da cabesa é hipocrisia ele falar sobre saúde mental"", justamente por passar por problemas como depressão e fobia social, ele tem propriedade pra falar do assunto proque sentiu/sente na pele isso todos os dias. E além disso, ele tem acompanhamento psicológico, então não é pura e simplesmente por passar por isso que ele pode falar sobre isso, mas por procurar ajuda. O assunto que ele aborda é extremamente importante. Não estou colocando em pauta aqui o que ele já fez de errado na vida ou não. Mas o asunto que ele aborda é extremamente importante, só não enxerga isso quem é um frustrado com a vida que não faz nada de relevante pra ninguém e só sabe criticar quem faz algo. Sendo especialista ou não, o assunto pode e deve ser abordado. Ele não fala como um especialista, mas como uma pessoa que passa pelo problema.",Positivo
YTjRH_VcyYQ,UgwffrhplgfP_or4iPp4AaABAg,@paulo-goncalvespower92,UCijlos5WpD5kAQ7gGWvi5zw,Querem apostar que esse felca é na verdade um depravado pedofi?,0.0,2026-03-21T18:00:37Z,2026-03-21T18:00:37Z,0.0,pt,Querem apostar que esse felca é na verdade um depravado pedofi?,Negativo
P8gPkH9pmHM,Ugz58AR4Ep7fXjlAy394AaABAg,@CanalMeuLouvorr,UCcPRymtMwL0GB8iJIYTPFXg,Meu filho de 10 anos burla o Roblox duma maneira que eu fico impressionado e as vezes ate com medo da revolução que ele faz la kkkk,16.0,2026-01-15T13:18:00Z,2026-01-15T13:18:00Z,0.0,pt,Meu filho de 10 anos burla o Roblox duma maneira que eu fico impressionado e as vezes ate com medo da revolução que ele faz la kkkk,Neutro
VMeeF420fPQ,UgxZWB0piv65BHPlA454AaABAg,@kimitrizz,UC62NTVD2PHAx5Pd7CULwrLg,Engraçado que já abriu celular mas a Van q ele detonou ninguém sabe né,0.0,2026-02-27T12:14:29Z,2026-02-27T12:14:29Z,0.0,pt,Engraçado que já abriu celular mas a Van q ele detonou ninguém sabe né,Neutro
cVRTbLicBGA,Ugyoo9Pr2r-ZUD7z7S14AaABAg,@sovi57sovi55,UCLZNt9Nmdw7bRo98DJyZz_A,jgn tanya akhlak kemereka om ded ...yg mereka tau fyp dan cuan ..mereka bahkan ga tau apa itu akhlaq... buat vidi kami tunggu lagu berikutnya dengan suara emasmu lope sekebon buat vidi dan keluarga 💞,0.0,2025-10-25T11:25:03Z,2025-10-25T11:25:03Z,0.0,pt,jgn tanya akhlak kemereka om ded ...yg mereka tau fyp dan cuan ..mereka bahkan ga tau apa itu akhlaq... buat vidi kami tunggu lagu berikutnya dengan suara emasmu lope sekebon buat vidi dan keluarga 💞,Neutro
Mfhl_DNdRYM,UgyvQd9CqMTzqPJ5wk54AaABAg,@matheusalbuquerque4265,UCgJmNHQHZ_E5tnmysiNGzwA,Melhor decisão possível. adeus kids.,0.0,2026-03-18T00:12:06Z,2026-03-18T00:12:06Z,1.0,pt,Melhor decisão possível. adeus kids.,Positivo
mzttmSexaC8,UgwPf-kpY4PWVvGnGlJ4AaABAg,@Eve__sz1,UCpP1vQ2lIYX_CMyw9B1fxyA,"51:01 aí entra um problema que se falar isso, eles influenciados pelos outros dá um jeito de arrumar um celular. Eu posso dizer que eu tive uma infância muito boa e tem horas que penso ah se eu pudesse voltar no tempo, ser adulto hj e difícil",6.0,2025-08-13T14:04:57Z,2025-08-13T14:04:57Z,0.0,pt,"51:01 aí entra um problema que se falar isso, eles influenciados pelos outros dá um jeito de arrumar um celular. Eu posso dizer que eu tive uma infância muito boa e tem horas que penso ah se eu pudesse voltar no tempo, ser adulto hj e difícil",Neutro
T4qpYqCw25I,UgyZy92ZU5BV9eBeqg14AaABAg,@pedroaugustoos,UCXpKzj9noBF806vDgWebrOQ,você nunca me Nota,0.0,2025-11-25T23:31:22Z,2025-11-25T23:31:22Z,0.0,pt,você nunca me Nota,Neutro
W7OUKVAzcbQ,Ugw3IGPZPUdjpoUX1P94AaABAg,@HelenaLima-z1y,UCIWWLscSGBr-h198Yx0S03g,Nem é o vini,0.0,2026-03-11T16:49:08Z,2026-03-11T16:49:08Z,0.0,pt,Nem é o vini,Neutro
8aZtZiDszWE,UgzJAGfhVLsKwQi6RfZ4AaABAg,@fagnerlago9395,UCtd_Xd1D1fzL3umeA9jfP_A,"Dois pontos:
1- O cara que se diz fã de alguém acho bizarro. 
2- Nunca confie em quem diz ser o bastião da moralidade.",1.0,2025-12-15T12:15:55Z,2025-12-21T17:11:36Z,2.0,pt,Dois pontos: 1- O cara que se diz fã de alguém acho bizarro. 2- Nunca confie em quem diz ser o bastião da moralidade.,Neutro
vxUwLMvnes0,Ugw91NVhoOad8_fEKoR4AaABAg,@brunofelipe9607,UCNCpLQqJjO75-jB_5Zxo10Q,"kkkkkkkkk eles ganham muito bem pra isso estão cagando e andando pra isso , mais o povo vai pagar as viagens do ladrão e da dona esbanja",1.0,2026-02-28T03:53:25Z,2026-02-28T03:53:25Z,0.0,pt,"kkkkkkkkk eles ganham muito bem pra isso estão cagando e andando pra isso , mais o povo vai pagar as viagens do ladrão e da dona esbanja",Negativo
fehc4TGdiqo,UgzlbSEuhZBtcQCFEWN4AaABAg,@AnnaYsla-q9r,UCXbz9rpCuOwRsSBWf5Ux81g,Porra e só um jogo,0.0,2026-01-16T15:56:43Z,2026-01-16T15:56:43Z,0.0,pt,Porra e só um jogo,Neutro
qR9LDN3IDyg,UgxAyFa-bDpexEosjQl4AaABAg,@LeonardoDePaula-ze3qo,UC1myHS5R-oHf9oargugCv4A,"A Biblia Diz Que ""O Mundo Jas No Maligno""O Mal Predomina,A Ponto Que,Todos Que Se Pocisona,Sofre Ameças Explicitas..",0.0,2025-08-14T14:48:29Z,2025-08-14T14:48:29Z,0.0,pt,"A Biblia Diz Que ""O Mundo Jas No Maligno""O Mal Predomina,A Ponto Que,Todos Que Se Pocisona,Sofre Ameças Explicitas..",Neutro
AFXz7jLvttI,UgxSHb1e_DmPOSgkr154AaABAg,@janainademelooliveiracorre46,UCiA9w3qb_P22AN2BjBbFH-A,Igualzinho o celta,0.0,2026-02-01T18:38:16Z,2026-02-01T18:38:16Z,0.0,pt,Igualzinho o celta,Neutro
Ca1eM4VTCXs,UgyZXFEDMvka5TtnNo54AaABAg,@bolsonarocapitaogay1506,UCQZTKKmqap9hl_RYU67wAfw,No Bostil o vitimismo é o segredo do sucesso. Esse maluco aí é exemplo disso.,1.0,2025-08-26T09:51:50Z,2025-08-26T09:51:50Z,0.0,pt,No Bostil o vitimismo é o segredo do sucesso. Esse maluco aí é exemplo disso.,Negativo
Q0d9PKzl2h8,UgzrJtw3nGw93yXiqbJ4AaABAg,@gumballgordasso67,UCjTUE71jhqHIPMJgBOAYCGg,"Mn tao colocando placa assim ""Feuca pio que ritle""",1.0,2026-01-17T14:57:01Z,2026-01-17T14:57:01Z,3.0,pt,"Mn tao colocando placa assim ""Feuca pio que ritle""",Neutro
n6SCzc_72lQ,UgxxUf4bU2QzQU5y6k94AaABAg,@hell3047,UCvNiOEkBkaGACttVNcjYOWw,"7:22 ok fey entendo seu ponto, mas vc prefere o cara que mandou seu familiares pra cova e desdenhou da morte deles continue em um cargo tão importante como a presidência do país? po vamo la odeio pl e odeio pt mas entre o  o diabo e judas eu fico com judas né caralho",1.0,2025-10-22T17:39:08Z,2025-10-22T17:39:08Z,0.0,pt,"7:22 ok fey entendo seu ponto, mas vc prefere o cara que mandou seu familiares pra cova e desdenhou da morte deles continue em um cargo tão importante como a presidência do país? po vamo la odeio pl e odeio pt mas entre o o diabo e judas eu fico com judas né caralho",Negativo
IQLBmrKvfWM,UgzKeC33Zw3zybdXxxh4AaABAg,@MillyVictoria-y7k,UCK_D6o4W0URfVBORGbXEAlA,A minha casa e 5 andared,1.0,2025-11-15T15:49:47Z,2025-11-15T15:49:47Z,0.0,pt,A minha casa e 5 andared,Neutro
AproxQpFrPY,UgxQyS89IGTumlZxrs14AaABAg,@AdrianaMartins-c2w,UCeH9bLhu9PH44pB3RU6BJBA,"Peter, eu estive lendo em outro canal, a tal Bel e a mãe ERAM A favor da regulamentação das mídias e queriam vários canais banidos. Não conheço nem acompanho essa tal Bel, mas gostei do fim da história.",0.0,2025-08-31T11:46:40Z,2025-08-31T11:46:40Z,0.0,pt,"Peter, eu estive lendo em outro canal, a tal Bel e a mãe ERAM A favor da regulamentação das mídias e queriam vários canais banidos. Não conheço nem acompanho essa tal Bel, mas gostei do fim da história.",Neutro
lYz5rFGiouc,UgwApu_T6QOs8oOFbV94AaABAg,@edits_onepieceofc,UCA6M3NrzG-lOxTI2Px-S1iA,"O na moral podia bani o chat só no brookravem, e jogos de Rp e web namoro pq tô precisando de ajuda mais não consigo pedi pq o chat tá banido só regresso😢😢",1.0,2026-01-17T04:03:46Z,2026-01-17T04:03:46Z,0.0,pt,"O na moral podia bani o chat só no brookravem, e jogos de Rp e web namoro pq tô precisando de ajuda mais não consigo pedi pq o chat tá banido só regresso😢😢",Neutro
Zg2MnCPFSAM,Ugxo-Ay4OCgV2GpCJvB4AaABAg,@noob-q8n,UC4nbLWeYSMecLCUUoNSsEVQ,Brawl stars mencionado🗣🗣🔥🔥🗣🔥,0.0,2026-03-25T02:18:08Z,2026-03-25T02:18:08Z,0.0,pt,Brawl stars mencionado🗣🗣🔥🔥🗣🔥,Neutro
Y0t-5Nw0x-U,UgzT158aqkTErOlipVN4AaABAg,@thiago_reis14,UCzejNnY0gInjbykm-a4Npfg,Cadê o Yuri22 Jack da Lapa?,0.0,2026-02-06T02:54:43Z,2026-02-06T02:54:43Z,0.0,pt,Cadê o Yuri22 Jack da Lapa?,Neutro
D8BeGV_pmdE,UgypbgwbVJFIsmIWeqx4AaABAg,@med6283-e9q,UCvGn8qfS3CXud8VGu4kXgoQ,O que faz deixar de ser saudável e o óleo acho que se fizer na Airfryer fica saudável,0.0,2025-12-24T00:33:46Z,2025-12-24T00:33:46Z,1.0,pt,O que faz deixar de ser saudável e o óleo acho que se fizer na Airfryer fica saudável,Neutro
NnJ2htPmaAM,UgxS35bVE4w0bdh8v454AaABAg,@CharllothkeensBarboza,UCpLGadOSFIDaf3I1V_yhd1A,Que. Mardit5 miodo,0.0,2025-12-08T22:10:19Z,2025-12-08T22:10:19Z,0.0,pt,Que. Mardit5 miodo,Neutro
_eL_wYX9jKA,UgyHHjYiSWOFz36wHql4AaABAg,@maurobrand,UCd4O1iqd1l2KlEp5qcVMhBw,"Lavagem cerebral das bravas , qi de ameba! Esse maluco usou todos vcs, agora a esquerda vai censurar e aprovar tudo! Parabens vcs se superaram 👎🏻",0.0,2025-08-13T01:48:15Z,2025-08-13T01:48:15Z,0.0,pt,"Lavagem cerebral das bravas , qi de ameba! Esse maluco usou todos vcs, agora a esquerda vai censurar e aprovar tudo! Parabens vcs se superaram 👎🏻",Negativo
wOFwc0YrFVY,UgySIZGirnN7eEVIhhB4AaABAg,@carlosteixeira8460,UC8AFC-3tHAXjpQ0PZRv2vsQ,O cara é um genio !,9.0,2026-02-24T21:23:23Z,2026-02-24T21:23:23Z,0.0,pt,O cara é um genio !,Positivo
Mp1_F8PWDdM,UgzsxZPJV-8HuWoGzIx4AaABAg,@JoséSilvanioDeoliveira,UC7hE-4xVT774XE4T6FPWebA,"Enaldinho faz um show aqui na minha 
Cidade Janaúba 🎉❤",0.0,2026-01-25T19:07:32Z,2026-01-25T19:07:32Z,0.0,pt,Enaldinho faz um show aqui na minha Cidade Janaúba 🎉❤,Neutro
DILUbk2BwDE,UgxWqSy8NgAOBAZNbHd4AaABAg,@lhayrabevilaqua9281,UCsiTg7CPN0ePteSR_0ygNcw,Depois que ela mostrou até o colo do útero agora fala no escuro e com voz de robozinho. Palhaçada né Brasil 😂😂,0.0,2025-08-19T17:34:35Z,2025-08-19T17:34:35Z,0.0,pt,Depois que ela mostrou até o colo do útero agora fala no escuro e com voz de robozinho. Palhaçada né Brasil 😂😂,Negativo
MOZv3V4fNv0,UgyMQkYxi2MUIXPqBn54AaABAg,@Glitch_Candy,UCvbdxkDKs_DN79cqYWLz0Gw,"Sentaria no douma,se não tivesse ele sentaria no muichiro ou na shinobu😂",0.0,2025-09-17T22:43:01Z,2025-09-17T22:43:01Z,0.0,pt,"Sentaria no douma,se não tivesse ele sentaria no muichiro ou na shinobu😂",Neutro
FpsCzFGL1LE,UgzFR3imNqtYYjXIqcZ4AaABAg,@beamax1,UCB1k8flktWnQ7nfj-3lEcIw,Pessoal ele eh jew? 😂,4.0,2026-03-23T12:42:34Z,2026-03-23T12:42:34Z,2.0,pt,Pessoal ele eh jew? 😂,Neutro
HHI-l-iiZlQ,Ugz3ifXF4OCzV04zM454AaABAg,@amarovaz666,UCKrI1s-qwXvhsZbf4k3Xe_Q,"Parabéns Ratinho, muitos da esquerda estão também contra essas atitudes.
Porque que não exige um banheiro separado para eles,querem que as mulheres de verdade sejam obrigadas a aceitarem o que querem.",1.0,2026-03-16T22:17:27Z,2026-03-16T22:20:18Z,0.0,pt,"Parabéns Ratinho, muitos da esquerda estão também contra essas atitudes. Porque que não exige um banheiro separado para eles,querem que as mulheres de verdade sejam obrigadas a aceitarem o que querem.",Negativo
YFqhzf5LDnY,UgxAqhNTodk6Cc4o00J4AaABAg,@lorenvideosgames3236,UCSrH004rJXIEUFfCeKJTctg,Mano eu ia ver sim,0.0,2026-03-07T16:49:48Z,2026-03-07T16:49:48Z,0.0,pt,Mano eu ia ver sim,Neutro
AiS0cVoZBT4,Ugy_z2pgKyj4mTfNilF4AaABAg,@rihannaguimel8631,UCyrWlIRBhB_DvEG38webyUw,Desenha a melzinhamel games,0.0,2025-11-03T12:41:48Z,2025-11-03T12:41:48Z,0.0,pt,Desenha a melzinhamel games,Neutro
umUtvdhz-oY,Ugz1HiX-IqUxf0TF1pF4AaABAg,@ESPUMANTEX,UCbDE8OsNccTmvWTlSTSpSdQ,"Não KyllnaVoz , eu Não lhe perdôo por você está doente, melhore agora! 😡",1.0,2026-03-20T13:34:35Z,2026-03-20T13:34:35Z,0.0,pt,"Não KyllnaVoz , eu Não lhe perdôo por você está doente, melhore agora! 😡",Neutro
GWQyz554TWs,UgwKd7J23-spvJv4_ep4AaABAg,@GoblinSlayerytv,UCzlCGPCbyReg9rKr6bhzr0g,Felca deu a bunda pra entrar na Globo nossa cara não tá na cara dinheiro na mão calcinha no chão,0.0,2025-10-26T22:08:48Z,2025-10-26T22:08:48Z,0.0,pt,Felca deu a bunda pra entrar na Globo nossa cara não tá na cara dinheiro na mão calcinha no chão,Negativo
bBMa-iysrsk,UgxOnGFEiTRlUAHh59p4AaABAg,@dvzk0011,UCdV_j4SBZj1bqg7eKsRyyXg,O fd é que em todo lugar tem essas coisas de ped*fili@ mas o Roblox é o único alvo disso,0.0,2026-01-03T03:04:08Z,2026-01-03T03:04:08Z,0.0,pt,O fd é que em todo lugar tem essas coisas de ped*fili@ mas o Roblox é o único alvo disso,Negativo
x-RNGpeQEEI,UgwYscahbbSfoYoN-xx4AaABAg,@protótipomaluco,UCVRq267Sa6CFXd-N75f8rzQ,cheguei com 619 likes,1.0,2026-03-11T21:32:46Z,2026-03-11T21:32:46Z,0.0,pt,cheguei com 619 likes,Neutro
p228zjTN8SY,UgySUahLdhNHuPPDK6Z4AaABAg,@wanderlicardoso4491,UCZ4-H0pJgGqIsqvfsWN4OVg,Papo guey da porra...Aooba...😅,0.0,2025-08-20T10:15:32Z,2025-08-20T10:15:32Z,0.0,pt,Papo guey da porra...Aooba...😅,Negativo
gnrx2QJCzFc,UgxS9vsw5KKERnCfLP14AaABAg,@isaaaccount,UCoLcSq4EIANERkL_cMxA73Q,Tava com muito sonominha mãe trouxe minha comida na cama mas aí fui dormir sem comer pq n queria mastigarar ai ela me deu na boca enqunto eu cochilava e mastigava  😅,0.0,2026-01-11T12:08:43Z,2026-01-11T12:08:43Z,0.0,pt,Tava com muito sonominha mãe trouxe minha comida na cama mas aí fui dormir sem comer pq n queria mastigarar ai ela me deu na boca enqunto eu cochilava e mastigava 😅,Neutro
w9LnBmC_oXs,UgxQVGaX9P2IumieEbB4AaABAg,@abdicante,UCy9c40_W_7xEVezMb6VEsbw,"Até o Mano Brow se vendeu pra Globe sendo que pagava de vida loka, o que mais se esperar de gente que já é meio ""no avesso""?",0.0,2025-10-21T22:02:37Z,2025-10-21T22:02:37Z,0.0,pt,"Até o Mano Brow se vendeu pra Globe sendo que pagava de vida loka, o que mais se esperar de gente que já é meio ""no avesso""?",Negativo
_eQbD3NZv18,UgykB9iEPOm9d9FbM0t4AaABAg,@jeancarloscutrim3309,UC8rnvJW_5gIxDldjJTCpgZg,Nada aver e um YouTube mostrou o vídeo do SBT,0.0,2026-01-30T11:29:07Z,2026-01-30T11:29:07Z,0.0,pt,Nada aver e um YouTube mostrou o vídeo do SBT,Neutro
ujZbcAyJeq4,UgyvXFI2fEHGPNkAeUN4AaABAg,@m7_moreira214,UCOSwFB9cHL558HgDDd6QKvg,“queremos injustiça”,0.0,2026-03-20T15:50:46Z,2026-03-20T15:50:46Z,0.0,pt,“queremos injustiça”,Neutro
CbAkMzYs6dc,UgxeWUawacKsUfc4ni54AaABAg,@luanaluciane,UCH1ZqN8ODd3SY_719gfdlLA,AAAAAAAAAAAAAAAAA DEVOLVE O CHAT PELO AMOR DE DEUS AAAAAAAAAAAAAAAAA COMO EU VOU FALAR NO ROBLOX MEU NOME MEU DEUS EU QUERO INJUSTIÇA AGORA NÃO AGUENTO MAIS ISSO 😭😭😭😭😭😭😭😭😭😭😭😭😭😭😭😭😭😭😭🥺🥺🥺🥺🥺🥺🥺🥺🥺🥺🥺🥺🥺😈😈😈😈😈😈😈🤬🤬🤬🤬🤬🤬🤬🤬🤬🤬😡😡😡😡😡❤️😡🙄😤😤🙄😤🙄😤🙄😤🙄😤😐😐😐😐😐😐😐😢😢😢😢😢😢😒😒😒😒😒😒😒😒😒😒😒,0.0,2026-01-20T20:52:19Z,2026-01-20T20:52:19Z,0.0,pt,AAAAAAAAAAAAAAAAA DEVOLVE O CHAT PELO AMOR DE DEUS AAAAAAAAAAAAAAAAA COMO EU VOU FALAR NO ROBLOX MEU NOME MEU DEUS EU QUERO INJUSTIÇA AGORA NÃO AGUENTO MAIS ISSO 😭😭😭😭😭😭😭😭😭😭😭😭😭😭😭😭😭😭😭🥺🥺🥺🥺🥺🥺🥺🥺🥺🥺🥺🥺🥺😈😈😈😈😈😈😈🤬🤬🤬🤬🤬🤬🤬🤬🤬🤬😡😡😡😡😡❤️😡🙄😤😤🙄😤🙄😤🙄😤🙄😤😐😐😐😐😐😐😐😢😢😢😢😢😢😒😒😒😒😒😒😒😒😒😒😒,Negativo
2o8hRHMimEY,UgyeOa6gwYqjmzKfUkJ4AaABAg,@Jackson-eb8bt,UCOEbNElMtp1bNpt29laqpew,O melhor é o vira lata mesmo 😂kkkkkkkkk  multifuncional,0.0,2025-12-24T13:30:26Z,2025-12-24T13:30:26Z,0.0,pt,O melhor é o vira lata mesmo 😂kkkkkkkkk multifuncional,Neutro
rxDVOOfji6c,Ugwn-HIJFgur55EcgG54AaABAg,@tica44,UCiEMFYZU6Xfmp1d8oj6QBeQ,A mão Porã,0.0,2026-03-07T23:22:03Z,2026-03-07T23:22:03Z,0.0,pt,A mão Porã,Neutro
vgP1Z9vLJsI,UgxNezZi6HLmsRTakpJ4AaABAg,@Sea-of-thunder,UC_VouGskNRitVlQ_277gfVg,Obrigado felca agora prepara o culo afinal é ruim sempre ser comido,0.0,2026-03-24T14:47:28Z,2026-03-24T14:47:28Z,0.0,pt,Obrigado felca agora prepara o culo afinal é ruim sempre ser comido,Negativo
W6fF3ebBlmY,UgyZGIZiRa5ZPlJ549N4AaABAg,@lucas-vy9xw,UCJlrYB9W9ZI2ZiMVt3y1ziQ,meu consagrado ademilson sendo processado pelo feuca golart em 3...2...1 📝✍️ Ho hell no 😭,0.0,2025-08-14T15:27:22Z,2025-08-14T15:29:50Z,0.0,pt,meu consagrado ademilson sendo processado pelo feuca golart em 3...2...1 📝✍️ Ho hell no 😭,Neutro
u97bp4i8Etc,Ugzs2TG-bo_HxH5Cn_B4AaABAg,@gabrielinacio5907,UCK0JM0uXc0dK4PcdOUCp9CQ,Amor,0.0,2026-01-22T20:20:06Z,2026-01-22T20:20:06Z,0.0,pt,Amor,Neutro
-9JkDOSzAOE,Ugw7WhdaQWMZZnHp1EJ4AaABAg,@Inathyvax15,UCqN8wvuiAYCjxZTfKnQWZDg,"Oxi mas não precisa ter pais rigidos pra ter consciência de não fazer merda, eu tenho 16, tenho celular e posso dormir fora, mas não é só por causa dessa liberdade que vou sair pra festas com as pessoas que ando, a criação não tem nada haver, quem tem que ter noção é a gente, os pais acha que prendendo o filho que nem um cachorro sem vontades próprias vai fazer a pessoa ser descente, lamento mas não é assim que funciona não, minha mãe é liberal demais, mas da mesma forma nunca dei desgosto pra ela, é um negócio que vem da nossa própria consciência até por que mesmo sendo menor de idade a gente pensa e sente coisas, filho não é um boneco que se prende e molda da forma que quiser, eu tenho um conhecido que tem 16 também e a mãe dele obriga ele ir pra igreja mesmo quando ele não quer, e o mlk não sabe de nada útil, a maioria das coisa que o cara sabe é por que eu falei já que ela olha o celular dele toda hora, o mlk não tem privacidade pra nada, ai eu pergunto, quem tá mais preparado pra vida?, eu que sei dos imposto, que trabalho e tenho liberdade pra procurar saber das coisas a hora que eu quiser, ou o cara que não pode nem mecher no celular sem supervisão, e esse cara é meu primo, eu tenho dó do cara mano",0.0,2026-01-03T02:41:00Z,2026-01-03T02:41:00Z,0.0,pt,"Oxi mas não precisa ter pais rigidos pra ter consciência de não fazer merda, eu tenho 16, tenho celular e posso dormir fora, mas não é só por causa dessa liberdade que vou sair pra festas com as pessoas que ando, a criação não tem nada haver, quem tem que ter noção é a gente, os pais acha que prendendo o filho que nem um cachorro sem vontades próprias vai fazer a pessoa ser descente, lamento mas não é assim que funciona não, minha mãe é liberal demais, mas da mesma forma nunca dei desgosto pra ela, é um negócio que vem da nossa própria consciência até por que mesmo sendo menor de idade a gente pensa e sente coisas, filho não é um boneco que se prende e molda da forma que quiser, eu tenho um conhecido que tem 16 também e a mãe dele obriga ele ir pra igreja mesmo quando ele não quer, e o mlk não sabe de nada útil, a maioria das coisa que o cara sabe é por que eu falei já que ela olha o celular dele toda hora, o mlk não tem privacidade pra nada, ai eu pergunto, quem tá mais preparado pra vida?, eu que sei dos imposto, que trabalho e tenho liberdade pra procurar saber das coisas a hora que eu quiser, ou o cara que não pode nem mecher no celular sem supervisão, e esse cara é meu primo, eu tenho dó do cara mano",Neutro
sL0CHC0qn0w,UgxtxdnlwasGFMZkPMN4AaABAg,@pilot182br,UCXusWTeNSGuqF8BJtkGp-wA,O vídeo começa no 8o minuto,55.0,2026-02-13T01:21:01Z,2026-02-13T01:21:01Z,5.0,pt,O vídeo começa no 8o minuto,Neutro
RgABq9XFpIQ,UgxSZRsqOuQietNy2894AaABAg,@Cascovóis,UCZV0rlekEhzxkc92anNkPiw,"Uma pessoa que eu gostaria que vc chamasse, é o balestrin 👍",1.0,2025-08-24T00:00:16Z,2025-08-24T00:00:16Z,0.0,pt,"Uma pessoa que eu gostaria que vc chamasse, é o balestrin 👍",Neutro
NawkcJIAXMk,UgycNIU4f7Wu6yyJxnN4AaABAg,@mayconwiner,UC3xMsnZsSlXoWUlR2VJTjYQ,OTAN não quer lutar no estreito de Ormuz,0.0,2026-03-18T00:54:01Z,2026-03-18T00:54:01Z,0.0,pt,OTAN não quer lutar no estreito de Ormuz,Neutro
keyH8cS7I64,Ugw4FAzFUO8JKSEiJu14AaABAg,@valdicleia_leal24,UCbM0Uq-ymNo6_sAHRxrzRHQ,Até hoje eu tô tentando descobri como tu botou aquele áudio no YouTube??😂😂😂,1.0,2025-12-17T07:09:45Z,2025-12-17T07:09:45Z,3.0,pt,Até hoje eu tô tentando descobri como tu botou aquele áudio no YouTube??😂😂😂,Neutro
uqbJmMAJR-o,UgzHsh6xuOiwmypsw_F4AaABAg,@EdinaldoLima-vm3kk,UCPAYvtLrpuWMmtD7bU7KQlg,Executa covarde quatro monstros esses desse rapaz 16 anos rapaz formado sabe o que faz sabe o certo ou errado isso é porque é quatro covarde quatro monstro e os pai deles tio dele que está apoiando que me assou o porteiro que filmou que filmou pra mostrar que que ele estava fazendo de maldade pros cachorro em indefesa tadinho que te aventurei o outra vez ele é a pessoa boa esse rapaz que o porteiro é pessoa boa filmou queria usar tem todos cachorro já os quatro monstro não presta pra nada e o pai desseapoiando sendo o porteiro pra não fazer nada pra não falar pros outro pra não mostrar que o COVID e o tio deles também ameaçando então esse covarde também o tio deles pai dele 32 pai é covarde também por causa deles cadeia pros covarde deixa traz grade o resto eu preciso apodrecer na cadeia com corda Brasil era porque a lei não pode tirar isso de cachorro nenhum né,0.0,2026-02-05T06:15:42Z,2026-02-05T06:15:42Z,0.0,pt,Executa covarde quatro monstros esses desse rapaz 16 anos rapaz formado sabe o que faz sabe o certo ou errado isso é porque é quatro covarde quatro monstro e os pai deles tio dele que está apoiando que me assou o porteiro que filmou que filmou pra mostrar que que ele estava fazendo de maldade pros cachorro em indefesa tadinho que te aventurei o outra vez ele é a pessoa boa esse rapaz que o porteiro é pessoa boa filmou queria usar tem todos cachorro já os quatro monstro não presta pra nada e o pai desseapoiando sendo o porteiro pra não fazer nada pra não falar pros outro pra não mostrar que o COVID e o tio deles também ameaçando então esse covarde também o tio deles pai dele 32 pai é covarde também por causa deles cadeia pros covarde deixa traz grade o resto eu preciso apodrecer na cadeia com corda Brasil era porque a lei não pode tirar isso de cachorro nenhum né,Negativo
sEW2w0b2YtI,UgwO3KHUzki0Vwxlih54AaABAg,@LindauraSilva-h6k6j,UC_V28JwctecfuUovs03zhpg,É padre Ezequiel,0.0,2025-09-25T16:38:54Z,2025-09-25T16:38:54Z,0.0,pt,É padre Ezequiel,Neutro
VZLVafv8mhc,UgzHC-8QJLgYqVHvX_p4AaABAg,@mariadaprece1949,UCo14Qn-t3YUORzlRTZSlnYw,Vo burlar sim tu que é corno o Royale inutil,0.0,2026-01-26T19:58:33Z,2026-01-26T19:58:33Z,0.0,pt,Vo burlar sim tu que é corno o Royale inutil,Negativo
15R03hXO_5I,UgyJi6Bc_a2h-elbPWZ4AaABAg,@MariaSouza-n1g,UCgOfeIUKJG9rKo1PBASrLQQ,incrivel AEEEEEEEEEEE (nao me jugem mas eu nao gosto dela o jazz e milhoer pra nos fans do jaz),0.0,2025-11-21T21:16:17Z,2025-11-21T21:16:17Z,0.0,pt,incrivel AEEEEEEEEEEE (nao me jugem mas eu nao gosto dela o jazz e milhoer pra nos fans do jaz),Neutro
0DQ82ua1GqQ,UgwIoYffLC0bB4g8ezN4AaABAg,@arthurmaeda7515,UCmOQZPYKXrkvmj1ASqzR_oQ,NÃO 👎,0.0,2026-02-25T14:36:14Z,2026-02-25T14:36:14Z,0.0,pt,NÃO 👎,Neutro
p3URn9M2LKo,Ugz30jzh7858f7qCqEF4AaABAg,@Jonas_C._Schneider,UCwdgnYkv-rtUUGqyz3qceVg,Quero injustiça logo,0.0,2026-03-18T21:17:58Z,2026-03-18T21:17:58Z,0.0,pt,Quero injustiça logo,Neutro
5WSNmzAsgzE,UgyWLbYF3TDze_VDWIV4AaABAg,@sei_la_Y,UCQ6nqWq-wmxIo_RarTn1lqw,"se eu tivesse la e esse homem nao calasse a boca eu ja taria socando ele, PELO AMOR DE DEUS ESSE CARA NAO CALA A BOCAAA QUE ODIOOOO",0.0,2026-02-27T00:02:39Z,2026-02-27T00:02:39Z,0.0,pt,"se eu tivesse la e esse homem nao calasse a boca eu ja taria socando ele, PELO AMOR DE DEUS ESSE CARA NAO CALA A BOCAAA QUE ODIOOOO",Negativo
is2R_m-wLVs,Ugwb9z_VxaWwBAq_UIN4AaABAg,@eloah6004,UC7ZdnbzQpg1Cc0_pKDA0D7Q,PRA CIMA DELES XANDÃO 👏🏻👏🏻👏🏻👏🏻👏🏻👏🏻👏🏻👏🏻👏🏻👏🏻,5.0,2026-03-20T18:55:07Z,2026-03-20T18:55:07Z,0.0,pt,PRA CIMA DELES XANDÃO 👏🏻👏🏻👏🏻👏🏻👏🏻👏🏻👏🏻👏🏻👏🏻👏🏻,Positivo
V4d4OBZxGPw,UgxPFL8odVoGVGI9EkF4AaABAg,@Jefferson-ey5td,UCUJGf-nsWJn93DJ3nlXOQZA,Ajuda ajudaaaa...😂,0.0,2025-09-16T10:04:10Z,2025-09-16T10:04:10Z,0.0,pt,Ajuda ajudaaaa...😂,Neutro
6v_sXgu8geE,Ugz_ZR5akK-_vEmrDNB4AaABAg,@ferlatto,UCtPmb5AkoHFKF3lKHiU5M2Q,ngm falando q a fantasia da camila viseu ficou incrivel,0.0,2025-10-21T18:32:55Z,2025-10-21T18:32:55Z,0.0,pt,ngm falando q a fantasia da camila viseu ficou incrivel,Positivo
utjwVu0Zjnc,UgxGgj_RiOkLbMMtXPx4AaABAg,@Palopita-02,UCr8JDqPbOJsolamIBZicb6g,"Se criança era pra tar no colégio, adulto era pra estar trabalhando!!",1.0,2026-01-30T14:39:09Z,2026-01-30T14:39:09Z,1.0,pt,"Se criança era pra tar no colégio, adulto era pra estar trabalhando!!",Neutro
IHLT0zkr80g,UgwRgwyyi7B6WvSdSDx4AaABAg,@VaniadosSantos,UC11UCwmimSNX628veO47cvQ,Bianquinha já tinha cantado a bola. Kim Paim também falou sobre o FELCA. É... Deu nisso!,2.0,2025-11-08T03:14:44Z,2025-11-08T03:14:44Z,1.0,pt,Bianquinha já tinha cantado a bola. Kim Paim também falou sobre o FELCA. É... Deu nisso!,Neutro
5PlTkOhKs6k,UgxB2NkZfanzXcUOdk54AaABAg,@brunoaugusto4,UCsdS2hz20DQveC4E-YNWlfQ,"Uma ideia boa também são os pais olharem pra porra da criança, e largarem mão de serem omissos kk, dá sim pra bloquear conteudos na internet, na busca, na pesquisa. Uma boa seria uma conscientização nesse sentido, mas eles só dão o celular na mão do infeliz, e tá cagando pro que o seu filho tá vendo, essa que é a verdade",6.0,2026-03-21T16:45:35Z,2026-03-21T16:45:35Z,4.0,pt,"Uma ideia boa também são os pais olharem pra porra da criança, e largarem mão de serem omissos kk, dá sim pra bloquear conteudos na internet, na busca, na pesquisa. Uma boa seria uma conscientização nesse sentido, mas eles só dão o celular na mão do infeliz, e tá cagando pro que o seu filho tá vendo, essa que é a verdade",Negativo
OvPMWx7yk4k,UgzROmWv_iONpibgD494AaABAg,@LeticiaEmanuelly.,UCqPeMdMUGSxKRY-rqfIkF6w,"O jornalista falando da mãe: ""na verdade uma mãe nunca colocaria sua filha nessa situação""
É nítido a revolta dele 😢😮",0.0,2025-08-15T11:25:08Z,2025-08-15T11:25:08Z,0.0,pt,"O jornalista falando da mãe: ""na verdade uma mãe nunca colocaria sua filha nessa situação"" É nítido a revolta dele 😢😮",Neutro
-5KUYr9B3ic,UgycL7D958rb5hlQiHd4AaABAg,@Andrea-h7q4m,UCrZhH3Yw4cl1O5Yzj4nhPog,Gustavo amo seus videos vc não  é  dez e mil,0.0,2025-10-27T13:38:21Z,2025-10-27T13:38:21Z,0.0,pt,Gustavo amo seus videos vc não é dez e mil,Positivo
g_nsBcI7hs4,UgyYz8YOjHfi1hoTzx14AaABAg,@gkgedvinaersilvat6273,UCi1LhT3CiWZ5VNwxvter1CA,Kkkkkkk. Rez a lenda que ele tá com a base da Virgínia na cara até hoje,34.0,2026-02-02T11:59:44Z,2026-02-02T11:59:44Z,2.0,pt,Kkkkkkk. Rez a lenda que ele tá com a base da Virgínia na cara até hoje,Neutro
OvqC1MZ-HaY,Ugx0G3TIyqK3GQ15K-94AaABAg,@KauanFoxSfx,UCzB9uPGln6oGtlecaYjy7XA,Riot games vai se lascar com isso kkkkk,0.0,2025-09-01T15:31:57Z,2025-09-01T15:31:57Z,0.0,pt,Riot games vai se lascar com isso kkkkk,Negativo
9hLk_mt30AY,UgzNTW3QMs91B6uipvh4AaABAg,@flaviopereira9663,UCx8IeCoWCbGxh20RIHz0PSA,Supermercado pirrola é sua cara kkkkkkkkkkk parabéns pelo video,0.0,2026-03-19T16:39:28Z,2026-03-19T16:39:28Z,0.0,pt,Supermercado pirrola é sua cara kkkkkkkkkkk parabéns pelo video,Positivo
CivNK456qCg,Ugwc2HmC5VyoG9Z-dvJ4AaABAg,@Elika-m1g,UCXyxpqsbyS7AAny3NUSIpJA,O ferro devolve o chat devolve chat do Roblox tá,0.0,2026-02-12T17:03:55Z,2026-02-12T17:03:55Z,0.0,pt,O ferro devolve o chat devolve chat do Roblox tá,Neutro
zROJwxrhHuo,Ugxq6hWQGOjKqXktIa54AaABAg,@virgosbey,UCy_tgIyQHYVgEhtvwqAXe6w,QUERO INJUSTIÇA,0.0,2026-01-19T21:50:15Z,2026-01-19T21:50:15Z,0.0,pt,QUERO INJUSTIÇA,Negativo
3ugPbp0tIA0,UgzX2_93hPy-Y3kx44t4AaABAg,@Zorosola-hq7cq,UCa4EyZJ93UtKFAaYTmBfRkA,Mano roubar conteúdo da muie do dover,0.0,2026-03-05T01:01:01Z,2026-03-05T01:01:01Z,0.0,pt,Mano roubar conteúdo da muie do dover,Neutro
JT_srf-Xr2s,UgxGvRSUkMclHZa7ovl4AaABAg,@gameshdplay9374,UCFzMxxTVTm5Dm4dULj16pxw,A Lei FELCA é esquisita igual o próprio FELCA 😂😂,0.0,2026-03-20T22:01:21Z,2026-03-20T22:01:36Z,0.0,pt,A Lei FELCA é esquisita igual o próprio FELCA 😂😂,Negativo
9fnGOjqlAko,UgyEn7e-WypEcvs6sqt4AaABAg,@bragaosincero,UCk-n-l_v_nMJzU0VwwsKTjg,"O empata que eu conhecia, era o empata fod*.",0.0,2025-09-03T23:04:00Z,2025-09-03T23:04:00Z,0.0,pt,"O empata que eu conhecia, era o empata fod*.",Neutro
j1HZZ44GhDI,Ugzo7pVNrN19DDCnPCt4AaABAg,@pedrogomesduarteneto1989,UCL3CkfCw4SzrpKSjSTrcsKg,50 mil por mes e ele é pobre eu sou oque?,0.0,2025-12-26T23:40:13Z,2025-12-26T23:40:13Z,0.0,pt,50 mil por mes e ele é pobre eu sou oque?,Neutro
VkZDzsFJd5w,UgzeZoHB7iZHCqayIqR4AaABAg,@VictorDamião-k5l,UCCYwl0kpephdWD2Ew5LG41A,Vocês dois são irmãos,0.0,2026-02-19T00:24:26Z,2026-02-19T00:24:26Z,0.0,pt,Vocês dois são irmãos,Neutro
ujZbcAyJeq4,UgzIg3qHgHmMsWksDUZ4AaABAg,@Roberto_R0drigu3z,UClioADe7TTTkcu8wNDf5PAQ,"O alanzoka tem que se fuder mesmo.
Fez o L esse bosta 🤡💩",1.0,2026-03-21T13:06:24Z,2026-03-21T13:06:24Z,0.0,pt,O alanzoka tem que se fuder mesmo. Fez o L esse bosta 🤡💩,Negativo
NY7w5HAudt4,UgxftqBB_Pm3uo7tSuR4AaABAg,@vinnillopes,UCe_ALIypSwuYEafVp5CWMSA,Lixo de ser humano,0.0,2026-03-13T15:37:44Z,2026-03-13T15:37:44Z,0.0,pt,Lixo de ser humano,Negativo
p3URn9M2LKo,UgzD7k7ZFpcxzRnN_M94AaABAg,@JazzMinnie-z2m,UCy91Kg3GU-QSxCze7_lMjng,"Esse cara era escroto, parecia ser bom, mas se contradizia, os YouTubes vai se foder, quem não se encaixa na panelinha do amor que persegue os outros vai se foder. Graças a um cara que fala de ""adultização"", sendo que ele dava moral pra beiçola, e-girl, ceita de felquinhas. Só do cara falar que tem uma ceita, ele é suspeito.",0.0,2026-03-18T22:33:29Z,2026-03-18T22:33:29Z,0.0,pt,"Esse cara era escroto, parecia ser bom, mas se contradizia, os YouTubes vai se foder, quem não se encaixa na panelinha do amor que persegue os outros vai se foder. Graças a um cara que fala de ""adultização"", sendo que ele dava moral pra beiçola, e-girl, ceita de felquinhas. Só do cara falar que tem uma ceita, ele é suspeito.",Negativo
EnskSrMV23I,Ugyt_LdE44-WcoWKPDN4AaABAg,@edersonfabiano9403,UComo4igIkx7brQ1onEJ4VTw,E eu tenho 10 anos e não posso,0.0,2026-01-15T12:18:13Z,2026-01-15T12:18:13Z,0.0,pt,E eu tenho 10 anos e não posso,Neutro
dIH_yHLarb0,UgwDkpKTS59sxUUuKN14AaABAg,@VarlaFamília,UCqXmRVp2lCtqmxqadmS6k6w,Se 5irar as luck block os jogos vao ficar uma merda blox fruts jogos de brainrots,0.0,2026-01-17T20:19:53Z,2026-01-17T20:19:53Z,0.0,pt,Se 5irar as luck block os jogos vao ficar uma merda blox fruts jogos de brainrots,Negativo
pFlLNvfjyug,UgxAKnG2MseKtaYlc0R4AaABAg,@luiz7edu,UCADnYohKWQqUoyS6cwOChCQ,"40:17 eu acho que é um pouco mais, tem uma penca de pessoas no meio evangélico que é mas muitas vezes não conseguem tornar sua defesa na vida pessoal lei na vida pública.",0.0,2026-03-18T12:02:04Z,2026-03-18T12:02:04Z,0.0,pt,"40:17 eu acho que é um pouco mais, tem uma penca de pessoas no meio evangélico que é mas muitas vezes não conseguem tornar sua defesa na vida pessoal lei na vida pública.",Neutro
XGLdLykIWzM,Ugy_ejz3Jd5AmGfZBM94AaABAg,@roselipimentel1754,UC1KZdpKdplK7isge6Y-dJSA,Você é louco não compensa,0.0,2026-02-15T01:30:16Z,2026-02-15T01:30:16Z,0.0,pt,Você é louco não compensa,Negativo
1lwKn503WVw,UgxdV2sJxnGgFZ5MhWV4AaABAg,@lunauchihaharuno3148,UC71l24psGyOOEMI_lEAY_cA,Esses daí é aquela  virginia  uma vergonhaaa  c filhos,0.0,2025-12-11T23:14:21Z,2025-12-11T23:14:21Z,0.0,pt,Esses daí é aquela virginia uma vergonhaaa c filhos,Negativo
xCY4E3Tzo8Y,Ugzff66DV5O7N9hNZ2x4AaABAg,@Emanuel-j5n7b,UCSnPt3qpUoMweEASAgRaJFA,O meu foi bloqueado também??,0.0,2026-01-28T21:31:08Z,2026-01-28T21:31:08Z,0.0,pt,O meu foi bloqueado também??,Neutro
vqwBsYmVgoc,UgxjmRQjQmUJBmEbS014AaABAg,@valdemirsouza7318,UCoTgYolk6rFo_hoc4mYWLyw,"Se pensarmos bem, no brasil já tem uma legalização de morte de pobre, humanidade para bandido e desumanização para a população.
 Vida de escarvo não vale nada, no maximo 2 anos e os bandido estão soltos...
 Eles so querem aumenta a posse dos escravso, como sempre...",2.0,2026-03-23T20:49:06Z,2026-03-23T20:49:06Z,0.0,pt,"Se pensarmos bem, no brasil já tem uma legalização de morte de pobre, humanidade para bandido e desumanização para a população. Vida de escarvo não vale nada, no maximo 2 anos e os bandido estão soltos... Eles so querem aumenta a posse dos escravso, como sempre...",Negativo
6MqcS6-9Qvc,Ugy3IYTVrRulLkAgxdV4AaABAg,@Sou_angolanu,UCGVFh7panbmSGL-HulLIoLQ,"Tem 3 coisas que são proibidas no macaquil:

1- falar mal de evangélico 
2- questionar holocausto 
3- questionar a ""investigação"" do Felca",2.0,2026-03-21T23:35:32Z,2026-03-21T23:35:32Z,0.0,pt,"Tem 3 coisas que são proibidas no macaquil: 1- falar mal de evangélico 2- questionar holocausto 3- questionar a ""investigação"" do Felca",Negativo
26-saQw-9yI,Ugxndmg-_-cklFLkA9N4AaABAg,@ZakaVentura,UCoQ-eHmXk6TqWYb8fH4aFzg,34 MESES DO GOVERNO DO #LULADRÃO E ESSE LAMBE SACO DE VAGABUNDO NÃO FEZ NENHUMA PIADA?!?!,0.0,2025-10-07T00:42:53Z,2025-10-07T00:42:53Z,0.0,pt,34 MESES DO GOVERNO DO #LULADRÃO E ESSE LAMBE SACO DE VAGABUNDO NÃO FEZ NENHUMA PIADA?!?!,Negativo
zO6zV-2mFp0,Ugyqb0oiOQuZTW07udJ4AaABAg,@bkpd2277,UCPMGcwK6Q4JbDNmMoALIqcg,SOMOS TODOS GOT,0.0,2026-03-20T16:56:03Z,2026-03-20T16:56:03Z,0.0,pt,SOMOS TODOS GOT,Neutro
1LXzIxiFIOk,Ugy8WbsUVDCKL_ztjL54AaABAg,@carloscavichiollii,UCfULnnSpejh_vl_uT-30dOA,"Bostil, ahh meu Bostil...",0.0,2026-03-16T03:09:59Z,2026-03-16T03:09:59Z,0.0,pt,"Bostil, ahh meu Bostil...",Negativo
3lINX7FwSxs,UgxjyrSyXFtR_s8tX3t4AaABAg,@sergio2_ssa_ba,UCeuje-LtQJXIyptA4cFVkOQ,"Felca lançou o feitiço, deixo o PT fazendo suas bruxarias e depois se muda muda pra Europa..😮😮😮",0.0,2026-03-25T15:49:07Z,2026-03-25T15:49:07Z,0.0,pt,"Felca lançou o feitiço, deixo o PT fazendo suas bruxarias e depois se muda muda pra Europa..😮😮😮",Negativo
3I4K7QGTr_E,Ugy3upDWROFeAdQlEBZ4AaABAg,@JeaneSoares-ku7yi,UCJ0NGXfWmvGzSWNWJXeNWMA,Pronto agora vai começar a faltar de educação pqr essa cariucha mal educada todo mundo fala ao mesmo tempo gente isso é uma zona odeio,0.0,2025-08-16T21:17:59Z,2025-08-16T21:17:59Z,0.0,pt,Pronto agora vai começar a faltar de educação pqr essa cariucha mal educada todo mundo fala ao mesmo tempo gente isso é uma zona odeio,Negativo
P5gT0alRR5o,UgzQQULpnFgUAP9bNIt4AaABAg,@praycegomes25,UCxNiTvOyZ-y1u_GXea4bEbw,É só fazer o serviço deles que caçam todas essas ratazanas doentes!,0.0,2025-08-30T17:24:46Z,2025-08-30T17:24:46Z,0.0,pt,É só fazer o serviço deles que caçam todas essas ratazanas doentes!,Negativo
lB55QLK_fI4,Ugxll6kQHbxlDpNADal4AaABAg,@canalisabelahrangel,UCwISdWQ9-6ac0zYc2B8Tpag,Felca fazendo matérias melhor que o fantástico!,2.0,2025-08-09T03:37:00Z,2025-08-09T03:37:00Z,0.0,pt,Felca fazendo matérias melhor que o fantástico!,Positivo
BDraLVSpCIY,UgxFe0ygk1PbY3Y266R4AaABAg,@vitorsilva8525,UCELEmp8PKPpvY02i4BLCkpg,Aquela cara de sonso do Felcatrua nunca me enganou,0.0,2025-10-20T13:33:41Z,2025-10-20T13:33:41Z,0.0,pt,Aquela cara de sonso do Felcatrua nunca me enganou,Negativo
Pr5SPN0lsPo,Ugz-3Y-uxbymGLZzEfN4AaABAg,@EsthefanyGabriellySoeirocresce,UCYlc56bggkzhqG3DcorTOwQ,Oxi,0.0,2026-03-20T03:08:29Z,2026-03-20T03:08:29Z,0.0,pt,Oxi,Neutro
ciSYr_QKZmc,UgwYO8cUvwqnweqaDPx4AaABAg,@migeheitorgamer9605,UCnG7Mu6_Vlssf2VzUzQTDqA,O caminhão que tava chat chat chat era meu tava brincando e rindo dessas placas,0.0,2026-01-18T21:34:53Z,2026-01-18T21:34:53Z,0.0,pt,O caminhão que tava chat chat chat era meu tava brincando e rindo dessas placas,Neutro
xT12elUDazQ,UgwT5OnTgZAmAMy9jHt4AaABAg,@geilmacavalcantebarbosa1442,UC30DLyZY3j0KESPzw_iRktg,Pq tudo tem que ter escolhas políticas? Vamos parar com isso. Voce ser esqueda ou direita te faz ser inimigo. Que porra é essa?,2.0,2026-01-27T11:39:49Z,2026-01-27T11:39:49Z,0.0,pt,Pq tudo tem que ter escolhas políticas? Vamos parar com isso. Voce ser esqueda ou direita te faz ser inimigo. Que porra é essa?,Negativo
W_JJLQDg7nY,Ugx6XQlvl81AhfHUGT14AaABAg,@domborracho597,UCgqmaX0pvfIkG3otNo5zn7Q,"""Me desmoralizando"" Ansia de vômito ver essa mulher que mandou os pobres chorarem, esse cara é a prova que todos tem um preço",31.0,2025-10-16T13:36:13Z,2025-10-16T13:37:15Z,0.0,pt,"""Me desmoralizando"" Ansia de vômito ver essa mulher que mandou os pobres chorarem, esse cara é a prova que todos tem um preço",Negativo
KO32zN3fkNQ,Ugx264ZYa4uayQzfMip4AaABAg,@matheusdeandrade5772,UCisGAR9Zki1cEhbTdedHqoQ,"O estagiário tá na Austrália, lá já é sexta-feira e ele soltou o vídeo",2.0,2025-10-23T11:02:20Z,2025-10-23T11:02:20Z,0.0,pt,"O estagiário tá na Austrália, lá já é sexta-feira e ele soltou o vídeo",Neutro
63RFfTacx_g,UgwfjuMbAwJk0x9WEZ54AaABAg,@SoninhaSilva-c5o,UCkH2EzTcylUIyrZ0cohLyTg,Alguém já leu na bliblia Jesus pedindo dinheiro  pra alguém? Porque a senhora não dá as mil cesta do seu dinheiro. Eu sou assalariada e todo mês  eu dou uma cesta básica ! Quanto a esse Tiago que vive vendendo a palavra de Deus um hora ele vai da conta disso.,0.0,2026-02-18T21:52:04Z,2026-02-18T21:52:04Z,0.0,pt,Alguém já leu na bliblia Jesus pedindo dinheiro pra alguém? Porque a senhora não dá as mil cesta do seu dinheiro. Eu sou assalariada e todo mês eu dou uma cesta básica ! Quanto a esse Tiago que vive vendendo a palavra de Deus um hora ele vai da conta disso.,Neutro
v5r4VqENmy0,UgwTCNZ8SqFGYwuH6Cl4AaABAg,@yarayara4367,UCqCvDDWUuYLxPAvR9JLL7fw,Roblox já era proibido namorar agora baniu chat,0.0,2026-01-23T01:02:36Z,2026-01-23T01:02:36Z,0.0,pt,Roblox já era proibido namorar agora baniu chat,Neutro
pFlLNvfjyug,UgyivE_1ni0ntUwAXZd4AaABAg,@CERNUNN0S,UCv4V64C7hoX3BNTyJq9hbtA,"Descordo muito do Pedro Deyrot, celular na mão de criança pra ela n ser um alienigena dentro do convivio social com ooutras crianças? O pai e a mãe podem assistir as coisas com o filho no proprio celular tirando um tempo pra passar com o mesmo. A criança pode assitir junto algo com um amiguinho no celular dele se fosse o caso o que aumentaria suas habilidades sociais ao invez de diminuir por n ter telefone, pois ela puxaria assunto ao invés de se isolar em um joguinho. Jogos? Tem videogame que é muito mais foda que telefone, eu cansei de ir na casa de amigos jogar e receber amigos em casa pra jogar, por free fire  que é um unico jogo na mão de criancinha só faz com que ela se isole em uma partida online, ao invés de visitar os amigos e passar tempo com eles. Dormir na casa de amiguinho faz parte da evolução do cognitivo social do menor. A unica vantagem real de um celular, é aprender desde cedo a mexer em um. Mas mesmo isso pode ser feito sob a tutela dos pais.",10.0,2026-03-18T06:48:31Z,2026-03-18T06:48:31Z,2.0,pt,"Descordo muito do Pedro Deyrot, celular na mão de criança pra ela n ser um alienigena dentro do convivio social com ooutras crianças? O pai e a mãe podem assistir as coisas com o filho no proprio celular tirando um tempo pra passar com o mesmo. A criança pode assitir junto algo com um amiguinho no celular dele se fosse o caso o que aumentaria suas habilidades sociais ao invez de diminuir por n ter telefone, pois ela puxaria assunto ao invés de se isolar em um joguinho. Jogos? Tem videogame que é muito mais foda que telefone, eu cansei de ir na casa de amigos jogar e receber amigos em casa pra jogar, por free fire que é um unico jogo na mão de criancinha só faz com que ela se isole em uma partida online, ao invés de visitar os amigos e passar tempo com eles. Dormir na casa de amiguinho faz parte da evolução do cognitivo social do menor. A unica vantagem real de um celular, é aprender desde cedo a mexer em um. Mas mesmo isso pode ser feito sob a tutela dos pais.",Negativo
HnGjeD18gG4,UgziuFs_j-WZ8Eul0pR4AaABAg,@sranancisilveira,UCRPULM4KxETSB74Yd-LEl8A,Muito bom menino❤❤❤❤❤,0.0,2026-03-11T00:52:04Z,2026-03-11T00:52:04Z,0.0,pt,Muito bom menino❤❤❤❤❤,Positivo
CImZ-tYr3nw,UgzZZIsCIgRpQG_ifQJ4AaABAg,@robertovitor7466,UCUg_N_jEjJaM_jAfxCoJbTQ,O pavoz também bani o rabo somou o abrir em cada mista. Mista. O imenso juntos com alma conforca. O o assassinato,0.0,2026-03-21T17:01:53Z,2026-03-21T17:01:53Z,0.0,pt,O pavoz também bani o rabo somou o abrir em cada mista. Mista. O imenso juntos com alma conforca. O o assassinato,Neutro
u4y-4rBIPUQ,UgzJKcBmEgOcUI2_rQZ4AaABAg,@mborgesedits196,UC1Q1NFydMDWSA-rJlNqCWjg,"Estragou o vídeo com o Felca vendido da ""Globe""!",1.0,2026-01-09T20:20:47Z,2026-01-09T20:20:47Z,0.0,pt,"Estragou o vídeo com o Felca vendido da ""Globe""!",Negativo
rdQ6hDCiZOw,UgysqZ0AG1YenrWiE0B4AaABAg,@raquelbenjamindasilva4055,UCPaIGCypS6AR74u1pZSO0gA,"Eu sou contra qualquer jogo desse tipo ,as vezes jogo na loteria nada viciada ,nem bingo eu gosto meu gosto agora os artistas jogadores apoiarem ,Ratinho  absurdo total 🤦🏻‍♀️",0.0,2025-10-24T18:51:56Z,2025-10-24T18:51:56Z,0.0,pt,"Eu sou contra qualquer jogo desse tipo ,as vezes jogo na loteria nada viciada ,nem bingo eu gosto meu gosto agora os artistas jogadores apoiarem ,Ratinho absurdo total 🤦🏻‍♀️",Neutro
_fdkSEqOmIw,UgzTjSaXlj1prPbRr254AaABAg,@DionyAlmeida-u2e,UCkL13yhjQWBOXgcnxwwbmlA,O Dudu Biano e Rafinha e tia Simone quem derrubou a plataforma do Roblox foi o próprio Roblox ele que pediram para ficar falar isso,0.0,2026-01-27T08:24:28Z,2026-01-27T08:24:28Z,0.0,pt,O Dudu Biano e Rafinha e tia Simone quem derrubou a plataforma do Roblox foi o próprio Roblox ele que pediram para ficar falar isso,Neutro
F-U5TrrdDhs,UgyDl9QzyK95oQdygoh4AaABAg,@anaLunalon6607,UCX4kcaqV-d3Vo0JVAj79qwA,Eu faço tratamento no caps des 2018,2.0,2025-09-28T16:30:43Z,2025-09-28T16:30:43Z,0.0,pt,Eu faço tratamento no caps des 2018,Neutro
HZ03cqgDYOI,UgzhyH2lXK5SFISC5xt4AaABAg,@juliocesaroffroad7381,UCE9IFlU-CaiZY5fSJtgFpyw,Junte toda energia de todos os robloxianos e crie uma garota e jogue no Negra,0.0,2026-01-25T01:59:35Z,2026-01-25T01:59:35Z,0.0,pt,Junte toda energia de todos os robloxianos e crie uma garota e jogue no Negra,Neutro
02swnB5uHA4,UgzZ23LORjrchcp5K2N4AaABAg,@ErickFernandoPires,UC9tcWblob5_Xn954OPearkQ,Falou o cara que come feijão enlatado com molho de tomate e chá no café da manhã kkkkk ele fala como se a culinária inglesa fosse q melhor do mundo kkkk,2.0,2026-02-14T23:20:29Z,2026-02-14T23:20:29Z,4.0,pt,Falou o cara que come feijão enlatado com molho de tomate e chá no café da manhã kkkkk ele fala como se a culinária inglesa fosse q melhor do mundo kkkk,Negativo
Jr_05JQo9ls,UgxiY0FFm4i6Xbes9Cd4AaABAg,@eucaiozin,UCW7SEJ3_wrGf9AB2F4D1glA,"Felca é a cara da lacração, beta",0.0,2025-10-23T15:13:21Z,2025-10-23T15:13:21Z,0.0,pt,"Felca é a cara da lacração, beta",Negativo
DRLsqgReeeE,Ugy9mSu_EiOU8iQZPEF4AaABAg,@VITOR_SCZ1,UCB_02ybJjRq4e86WU1cwe6w,Vai ser brutalmente molestado,0.0,2025-08-17T01:26:02Z,2025-08-17T01:26:02Z,0.0,pt,Vai ser brutalmente molestado,Negativo
c4LqNNgXp1s,Ugwgu0P8Ck-pAIITxIh4AaABAg,@hater-v8n,UC8_rJN6C2zW1TyFyNhJ8YMQ,"Ate agora nenhumpronuciamento ne felca. Nenhum shorts explicando oq vc fez com o taspio, com o ytalo ate que vai agora como taspio, nao da na",1.0,2025-08-27T15:58:51Z,2025-08-27T15:58:51Z,0.0,pt,"Ate agora nenhumpronuciamento ne felca. Nenhum shorts explicando oq vc fez com o taspio, com o ytalo ate que vai agora como taspio, nao da na",Negativo
NwJ7cQEdaGg,UgyBkEhFQnhLXRwQLeN4AaABAg,@AndréRoberto-t5w,UCYOyxD5aY-5EM9nvnwbBRUg,"Eu de direita, eu gostaria que esse tipo de conteúdo, ou fosse banido (dificilmente) ou realmente restrito. O problema... É que Lula é Lula...",1.0,2026-01-12T21:08:13Z,2026-01-12T21:08:13Z,0.0,pt,"Eu de direita, eu gostaria que esse tipo de conteúdo, ou fosse banido (dificilmente) ou realmente restrito. O problema... É que Lula é Lula...",Negativo
1V6_0a5FaYw,UgzkblYD_Pi8T4sVIu14AaABAg,@pablosilva5026,UCTbsHsoSfw7eUuvpOJ-Ie2g,Parabéns felca,7.0,2025-08-09T21:02:14Z,2025-08-09T21:02:14Z,0.0,pt,Parabéns felca,Positivo
PiiFLYbJaKY,Ugw_iC50KS5h8qeh1Nx4AaABAg,@Sanemi3463,UCGni6MZS_Gpv9sehGAoDqlw,Feliz aniversário otario kkkkkk,0.0,2025-08-14T09:19:32Z,2025-08-14T09:19:32Z,0.0,pt,Feliz aniversário otario kkkkkk,Neutro
wRL9EKgip1E,Ugy0LiQI5zCKDAspci94AaABAg,@P4rd0xd,UCdKjG3c-imJabyEdVMsmxWw,Tomara que ele vá pra Copa,3.0,2026-01-13T16:30:23Z,2026-01-13T16:30:23Z,0.0,pt,Tomara que ele vá pra Copa,Neutro
I7605V1aPzk,UgxqFuxX491KjZD7all4AaABAg,@2A2008,UCvp_XTkYz_116THYQVO4D2Q,Aconteceu  muita coisa nesse ano  de 3025,0.0,2025-12-27T01:50:52Z,2025-12-27T01:50:52Z,0.0,pt,Aconteceu muita coisa nesse ano de 3025,Neutro
YT4P98cD6pM,UgwjDbdJNYW5McmLVlN4AaABAg,@JucyOliveira-e1f,UCYOXJmwhIBJmT5MAo9YUNMA,Nesse começo eu ri viu 😂😂😂😂😂,0.0,2025-12-05T12:33:33Z,2025-12-05T12:33:33Z,0.0,pt,Nesse começo eu ri viu 😂😂😂😂😂,Positivo
YZt7BC6953o,UgxWe0ElLFH2Mm9wz8Z4AaABAg,@italaleomagna1959,UCOsfzW4guogyurmMWR8HOIg,O felca foi uma cortina de fumaça  !! Pra desviar os rombos q está acontecendo  no Brasil!!aonde que a globo se importa com  com sexo infantil? Se a própria globo  ensetiva o sexo de multi formas !!! Porque não prenderam a Claudia Rais qdo ela disse q sava um vibrador pra filha de 12 anos????felca mas uma maionese da lei HOANET!!!,4.0,2025-10-21T21:08:57Z,2025-10-21T21:08:57Z,0.0,pt,O felca foi uma cortina de fumaça !! Pra desviar os rombos q está acontecendo no Brasil!!aonde que a globo se importa com com sexo infantil? Se a própria globo ensetiva o sexo de multi formas !!! Porque não prenderam a Claudia Rais qdo ela disse q sava um vibrador pra filha de 12 anos????felca mas uma maionese da lei HOANET!!!,Negativo
fKoSHn6XIOc,UgxXEph--Onma6opRaV4AaABAg,@leandrobonfim-lq9jp,UC_8bO2ZbTZ9Ozc6NTAFopMQ,Por que você tirou o chat do Roblox por isso,0.0,2026-02-15T20:09:41Z,2026-02-15T20:09:41Z,0.0,pt,Por que você tirou o chat do Roblox por isso,Neutro
I0g6jBeVX6w,UgyO2RGf-weBV9rSREF4AaABAg,@BernardoSousa-tw7nh,UCcipxfAeGGKr9ipE4NlxShA,Cara para com isso para de fazer esses vídeos o felca não é um vilão ele é um herói tinha muito palavrão no chat do rovlox,0.0,2026-02-18T21:36:43Z,2026-02-18T21:36:43Z,0.0,pt,Cara para com isso para de fazer esses vídeos o felca não é um vilão ele é um herói tinha muito palavrão no chat do rovlox,Positivo
vMsApohLlbg,UgyVNn7uVLvIDu7Abi54AaABAg,@jedersonfelipe557,UCfqm9-uUYb9gTT05fceYXtA,"Ele falar q tá ""trabalhando"" e safadeza de mais hahahahahha😂😂😂😂",0.0,2026-02-28T09:35:16Z,2026-02-28T09:35:16Z,0.0,pt,"Ele falar q tá ""trabalhando"" e safadeza de mais hahahahahha😂😂😂😂",Negativo
EnskSrMV23I,UgxpA8fphWqdHmhVfxF4AaABAg,@MiguelOliveira-o8x,UCq-tOkET28AZ8GXFiFmkY6A,Eu falando dboa kakka,3.0,2026-01-15T16:45:15Z,2026-01-15T16:45:15Z,0.0,pt,Eu falando dboa kakka,Neutro
lYz5rFGiouc,UgwHmv4e1wqYvaXxK154AaABAg,@Megumi-fushigurp762,UCrJhWYJw0tV7hR4sAepenOg,AS CRIANÇAS PROTESTANDO ATÉ PARAR NO JORNAL KKKKKKKKKKKK,0.0,2026-01-16T14:10:59Z,2026-01-16T14:10:59Z,0.0,pt,AS CRIANÇAS PROTESTANDO ATÉ PARAR NO JORNAL KKKKKKKKKKKK,Neutro
IMeq1_wPius,UgwO9CIt42lca_HUfU94AaABAg,@xleandrobs1984,UCEexqztLJ1DDkYrEihjeTWw,Será que ele vai aguentar os memes?!..,0.0,2025-10-09T09:18:37Z,2025-10-09T09:18:37Z,0.0,pt,Será que ele vai aguentar os memes?!..,Neutro
MvMZtknyhIQ,UgyvVsJMJVABiv-9ZxF4AaABAg,@ilquias4264,UCmpJkBEfbO-gRwnyfXk3k_A,"Felca mandou um "" Mumm´Ra dos cavaleiros ""  kkkkk",0.0,2025-08-15T16:00:42Z,2025-08-15T16:00:42Z,0.0,pt,"Felca mandou um "" Mumm´Ra dos cavaleiros "" kkkkk",Neutro
maLDzftxqEI,UgzF2zmycSfPmKdz_Ip4AaABAg,@DanielEliasvalim,UCJLhSzoq9-8i0LPsGuMnJ5g,Mano eu não consigo nem fazer mal a um rato,0.0,2026-01-29T07:45:04Z,2026-01-29T07:45:04Z,0.0,pt,Mano eu não consigo nem fazer mal a um rato,Neutro
7kAOy3E9CWw,UgynU1XnWzoPmub0otF4AaABAg,@Mr010385,UCH_1031xGimmJFodh21JDMA,"Nada a ver, ela não foi humilhada não , e apresentou sim argumentos corretos junto com um biólogo especializado em zoológico que o elefante Sandro não vive em boas condições não no zoológico de Sorocaba!",0.0,2025-10-14T01:41:18Z,2025-10-14T01:41:18Z,0.0,pt,"Nada a ver, ela não foi humilhada não , e apresentou sim argumentos corretos junto com um biólogo especializado em zoológico que o elefante Sandro não vive em boas condições não no zoológico de Sorocaba!",Neutro
nDMKTF88gmo,UgzgNuGBO7wUkbz-sK14AaABAg,@emersonmelo1446,UCWgKk_ouj2JTQoDZ4ZqK1Yw,00:00 MN se tem irmão gêmeo ou e clone ou edit kkkk,0.0,2025-12-04T01:51:40Z,2025-12-04T01:51:40Z,0.0,pt,00:00 MN se tem irmão gêmeo ou e clone ou edit kkkk,Neutro
p-4ILAhkRuE,UgzxI3vywboK7Zxuy8Z4AaABAg,@Ana_a_divonica,UCYK3HjPxKfExT75rmtDDS7w,"gente é só colocar a cara de algum familiar que é mais velho na verificação, simples🤷‍♀️",1.0,2026-03-26T01:38:53Z,2026-03-26T01:38:53Z,0.0,pt,"gente é só colocar a cara de algum familiar que é mais velho na verificação, simples🤷‍♀️",Neutro
RZbka0W7ifk,UgyHIf7g8Ga-ldMBhr94AaABAg,@mendes5519,UChPedaMDnV5pDUpXQpqDOnA,"Um ped, foi pego no pulo, inventou que estava investigando outros peds. O mesmo foi utilizado como desculpa para ""proteger"" os menores.",0.0,2026-03-19T03:37:08Z,2026-03-19T03:37:08Z,0.0,pt,"Um ped, foi pego no pulo, inventou que estava investigando outros peds. O mesmo foi utilizado como desculpa para ""proteger"" os menores.",Negativo
ymVKHCZmscw,Ugx0S1zdClySm0eLUBt4AaABAg,@shadoxkan,UCM1fpILhFqd6F09dk2qCDSg,Ser mulher de preso é o caminho mais rápido para ser vítima de feminicídio. Eu sugiro fazer um bom plano funerário.,0.0,2025-09-27T01:00:09Z,2025-09-27T01:00:59Z,0.0,pt,Ser mulher de preso é o caminho mais rápido para ser vítima de feminicídio. Eu sugiro fazer um bom plano funerário.,Negativo
bk-RJHGfEIs,Ugz1nC7VYyA1UBHixvp4AaABAg,@ScoutEvony,UCEFcFLhTIGnfcMg4owbEuYQ,Vocês são muito louco voc ele fez isso por causa que pessoas ficavam pedindo os endereçosês não sabem porque o felca fez isso,0.0,2026-01-21T16:48:54Z,2026-01-21T16:48:54Z,0.0,pt,Vocês são muito louco voc ele fez isso por causa que pessoas ficavam pedindo os endereçosês não sabem porque o felca fez isso,Neutro
a5rcpKsSeTk,Ugz7ZvBwDe_sSGthedZ4AaABAg,@GabriellyMonteiro-u9i,UCnWFkrzDJDIOa14Wey7WLlw,Don Juan slk😍😍 uma das melhores parte,1.0,2026-02-23T19:12:10Z,2026-02-23T19:12:10Z,0.0,pt,Don Juan slk😍😍 uma das melhores parte,Neutro
lYz5rFGiouc,UgwPA4qRT2n5rWqj22p4AaABAg,@Hello_kitty17-x9l,UCz0Dc_6K_4YhC4k6cYsUlrA,Oloko mano q isso,0.0,2026-01-23T17:38:09Z,2026-01-23T17:38:09Z,0.0,pt,Oloko mano q isso,Neutro
ZLlr_fuUIGY,Ugz0F_5F0S3xMNZeiEZ4AaABAg,@LucasrochadLima,UC04VuL0R3BNN6gkpYQJ4VAg,"Eu já passei fome, ver esses mlks que ódio que me deu",0.0,2025-08-09T09:18:20Z,2025-08-09T09:18:20Z,0.0,pt,"Eu já passei fome, ver esses mlks que ódio que me deu",Negativo
BwPK9ehh9Dg,UgxIAvQyGAnpI_N8z-B4AaABAg,@FelipeAlves-r5q,UC6heccqgQzWF0TN5cI_J-wQ,"Cariri falou projetinho, na vdd cariri so faz projetin pra quem ta hypado",1.0,2025-12-10T18:26:29Z,2025-12-10T18:26:29Z,0.0,pt,"Cariri falou projetinho, na vdd cariri so faz projetin pra quem ta hypado",Negativo
lX1U83qGbDE,Ugyu9w8CRg83y8AKUSF4AaABAg,@JoaoPedroOliveira-jn2dc,UCqLpqMY_hL9svrC7q3MZ-Ug,Ótimo vídeo,0.0,2025-08-11T00:16:55Z,2025-08-11T00:16:55Z,0.0,pt,Ótimo vídeo,Positivo
QouENGXGhGQ,UgzMGKz45USFISugKsN4AaABAg,@EmoButGlowing,UC-uW3VKegdiJproz-pR88HA,Ninguém percebeu que foi um marketing do Canva? Gente do céu... Vocês precisam começar a pensar...,0.0,2025-11-28T09:38:17Z,2025-11-28T09:38:17Z,0.0,pt,Ninguém percebeu que foi um marketing do Canva? Gente do céu... Vocês precisam começar a pensar...,Negativo
ZNFJLaau2-A,UgxDLKowKl7oCkjrUr94AaABAg,@Gabriel-hb6io,UCytJHRlS1oeksEpFGiyjvLg,"A lei ja esta sendo utilizada para ""punir"" quem o viewer não gosta kk.
Reforço, que não apoio a lei de forma alguma, visto que foi feita com a bunda, pune e atrapalha todo mundo menos o publico alvo ( os pedo ).
Mas o que estou vendo, é que tão ruim quanto a lei ou até pior que ela, é essa onda de ""ditadores de internet"" que foi criada, onde a galera ta caçando report em massa nos vídeos, e que sabemos que não sera restrito apenas ao pessoal que ""fez o L"" 😢",0.0,2026-03-19T20:59:02Z,2026-03-19T20:59:02Z,0.0,pt,"A lei ja esta sendo utilizada para ""punir"" quem o viewer não gosta kk. Reforço, que não apoio a lei de forma alguma, visto que foi feita com a bunda, pune e atrapalha todo mundo menos o publico alvo ( os pedo ). Mas o que estou vendo, é que tão ruim quanto a lei ou até pior que ela, é essa onda de ""ditadores de internet"" que foi criada, onde a galera ta caçando report em massa nos vídeos, e que sabemos que não sera restrito apenas ao pessoal que ""fez o L"" 😢",Negativo
oSXInnENjB4,UgzghPO2bmdWecEHxTJ4AaABAg,@SocorroPeixoto-r5b,UCpjqCK-yGx1zhzpruoHka3w,É tão lindo!,0.0,2026-01-06T12:37:49Z,2026-01-06T12:37:49Z,0.0,pt,É tão lindo!,Positivo
IHHXZzGOv4E,Ugz6om_q7Qa33DIaAAt4AaABAg,@PeuLucca,UCg5Q7n6iLfiqOtAGwTEVu2g,Pelo amor de Deus não bota fé que nem vídeo não que então boa manda tudo t**********,0.0,2026-01-25T03:43:36Z,2026-01-25T03:43:36Z,0.0,pt,Pelo amor de Deus não bota fé que nem vídeo não que então boa manda tudo t**********,Negativo
UaEk4ABT55I,Ugy3-FLDSVKPw6MyU194AaABAg,@TheBbarross,UCEFk5W6DNdLaUKeAGagYJlw,"Uma vez bolsobosta sempre um bolsobosta , ta com medo do que ?",0.0,2026-03-21T10:37:13Z,2026-03-21T10:37:13Z,0.0,pt,"Uma vez bolsobosta sempre um bolsobosta , ta com medo do que ?",Negativo
HZ03cqgDYOI,Ugyo2nwc_z-qD1g6mph4AaABAg,@EleilsonOliveiraconceicao,UCFd0FK0wfBW8fEvKZCO81Ag,Que viagem é essa véi,0.0,2026-02-10T20:02:35Z,2026-02-10T20:02:35Z,0.0,pt,Que viagem é essa véi,Neutro
qc0XOtLtuZA,UgyYBRZe2-2IL8f9jl14AaABAg,@tiagoorevoltado2273,UCq0odDa64JU3CKxLSvX8LsA,"6:37 Ou seja empresas privadas terão que obedecer ao estado para nós tirar privacidade porque eles não gostam de ouvir certas verdades. E por causa disso, eles irão criar leis e regras para tirar nossa liberdade de expressão, pois órgão publicos não gostam de serem criticados. Parece que estamos nomf37dalismo",1.0,2026-03-16T11:19:36Z,2026-03-16T11:19:36Z,0.0,pt,"6:37 Ou seja empresas privadas terão que obedecer ao estado para nós tirar privacidade porque eles não gostam de ouvir certas verdades. E por causa disso, eles irão criar leis e regras para tirar nossa liberdade de expressão, pois órgão publicos não gostam de serem criticados. Parece que estamos nomf37dalismo",Negativo
fzDxrK6CVYE,Ugy5zLME40dU5-Ajfap4AaABAg,@Midas609,UCBI1ALAlolBxKD8QDF-6DMg,"As pessoas acham que toda mãe é boazinha, toda família é boazinha. Galera acha que a vida é um morango",0.0,2026-01-25T15:58:16Z,2026-01-25T15:58:16Z,0.0,pt,"As pessoas acham que toda mãe é boazinha, toda família é boazinha. Galera acha que a vida é um morango",Neutro
gCJ7KbWFjmQ,Ugy9BF92qqlFdDGZBK54AaABAg,@marilima740,UCzOgRryPg67Nve0YNr7RwJA,"A minha comprou uma caixa desses perfumes... Gente, horríveis!",0.0,2025-08-19T22:47:57Z,2025-08-19T22:47:57Z,0.0,pt,"A minha comprou uma caixa desses perfumes... Gente, horríveis!",Negativo
-xopNuKtjuI,UgySc1tXqzF_3QzxNmt4AaABAg,@Gleisoom_,UCv0rnLJlUKicuupgyQXw1vA,E PRA QUEM TEM DUAS OU MAIS CONTA?,0.0,2026-03-05T16:28:57Z,2026-03-05T16:28:57Z,0.0,pt,E PRA QUEM TEM DUAS OU MAIS CONTA?,Neutro
aYx_muC0nXs,UgwmLlyCH4-xjVpdmHh4AaABAg,@Claudia_Oliveirajgij,UCETfq3vjKIBFbpm7udLPisQ,Deus colocou um casal de cada espécie e voa la eis todos os animais ai! Esses cientistas são malucos mesmos! Deus faz todos de bobos!😂😂😂😂,0.0,2025-12-25T12:24:28Z,2025-12-25T12:25:36Z,1.0,pt,Deus colocou um casal de cada espécie e voa la eis todos os animais ai! Esses cientistas são malucos mesmos! Deus faz todos de bobos!😂😂😂😂,Negativo
xLtcSYRRvz4,UgydZ-P4GFtozoqZgl14AaABAg,@caioaliceeannyta,UCKWGbM2NL1EDR35oZeoD9NQ,Eu também fiz isso,0.0,2026-01-27T18:20:29Z,2026-01-27T18:20:29Z,0.0,pt,Eu também fiz isso,Neutro
MgebQfTiQqU,Ugxtykq47rxDl3FxMEh4AaABAg,@joaobatistaleitefranca137,UCs4KP1mD7khXf6U0WnREyAA,"A direita que rouba? Ou o Lula com a quadrilha. Petrolão, INSS, Correios etc...",4.0,2026-03-13T21:52:28Z,2026-03-13T21:52:28Z,2.0,pt,"A direita que rouba? Ou o Lula com a quadrilha. Petrolão, INSS, Correios etc...",Negativo
-HS7gjJ_8ks,Ugyy0qgi1ibLMNJ2zz94AaABAg,@jenniferbatista7944,UC8BAl6za5YjDTvQt35xeV3A,"A fantasia da Virgínia tava bonita sim, só pq não sambou a fantasia paga o pato tbm af. uma coisa é  uma coisa outra coisa é outra.",4.0,2026-02-22T21:59:12Z,2026-02-22T21:59:12Z,0.0,pt,"A fantasia da Virgínia tava bonita sim, só pq não sambou a fantasia paga o pato tbm af. uma coisa é uma coisa outra coisa é outra.",Positivo
u_clKlNKs2A,UgwFetf0KhWdqQ3g7g14AaABAg,@the_mebo10,UCtAK9YDkMmr9UzYoJAcA3vQ,"Eu não gosto msm da sociedade KKK
Eu na vida 😂",0.0,2026-03-25T17:15:46Z,2026-03-25T17:15:46Z,0.0,pt,Eu não gosto msm da sociedade KKK Eu na vida 😂,Negativo
OTWpkKF9VNM,UgyXuC-_ISMRccvRq6B4AaABAg,@ChupaCúdeGoianinha-j8p,UC6RPmYLj2lNLM0g6KbrmHog,"Lembrem-se quando forem votar esse ano galera, não podemos deixar isso continuar.",0.0,2026-03-23T19:56:59Z,2026-03-23T19:56:59Z,1.0,pt,"Lembrem-se quando forem votar esse ano galera, não podemos deixar isso continuar.",Neutro
mmPEaPDSR2Q,UgxsZlW4Mzb6dwRmOpp4AaABAg,@l.lasmroficial5795,UCIeB5vltlMFq7u1EvM_-WMw,Escola kid adverties o cheesea,0.0,2026-02-27T00:05:13Z,2026-02-27T00:05:13Z,0.0,pt,Escola kid adverties o cheesea,Neutro
O_ZA5_h6XH8,UgxcwNN7JSZp_9Duhzd4AaABAg,@TiagoMousinho,UCEdPi7ECzdxNQKsbJ8N5z_Q,sou de Portugal e cá não a essa leia então mudem a vossa localização para portugal,1.0,2026-03-17T21:28:04Z,2026-03-17T21:28:04Z,1.0,pt,sou de Portugal e cá não a essa leia então mudem a vossa localização para portugal,Neutro
Xztb36_Nt-Y,UgwXG_aDKJIuAClL_3d4AaABAg,@DarkusObscurius,UCwKZwaqv09T5q48KWrguQDw,"Essa lei é tão merda que se tentarem implementar inteira a internet BR colapsa, vai ser revogada em 2 anos max.",0.0,2025-08-31T02:18:30Z,2025-08-31T02:18:30Z,0.0,pt,"Essa lei é tão merda que se tentarem implementar inteira a internet BR colapsa, vai ser revogada em 2 anos max.",Negativo
h6Q2x0G3XRo,UgwfDlxRvnveXqq0Ocx4AaABAg,@CarlosQueiroz-e5p,UCF9wgpzZori8i_cxViM_4PQ,"A bíblia é linda, mas ela não serve de nada se não for lida",0.0,2025-10-01T21:35:04Z,2025-10-01T21:35:04Z,0.0,pt,"A bíblia é linda, mas ela não serve de nada se não for lida",Neutro
mowvEK-EmwQ,UgzUw_KucgWAspa-7W14AaABAg,@kingBalian3897,UCX3_jcCgG7kUnzGGrOvMBYQ,"Vamos concordar aqui, ninguém ligava pra esse bando de merda e Bonhart salvou muito fazendo a boa de eliminar esse grupinho da malhação. E sim, eu só vi essa temporada por causa do Bonhart.",0.0,2026-02-10T17:24:58Z,2026-02-10T17:24:58Z,0.0,pt,"Vamos concordar aqui, ninguém ligava pra esse bando de merda e Bonhart salvou muito fazendo a boa de eliminar esse grupinho da malhação. E sim, eu só vi essa temporada por causa do Bonhart.",Negativo
1V6_0a5FaYw,UgyBzo0bt_w1xPpCw414AaABAg,@davyznk,UCLwg7JqfwoTNzthDfWYuBxg,"A lenda magnata , felca Salvador da pátria 👌🥋🤌",1.0,2025-08-12T01:39:19Z,2025-08-12T01:39:19Z,0.0,pt,"A lenda magnata , felca Salvador da pátria 👌🥋🤌",Positivo
cJgxOAwXfx8,Ugxv1Mt2pjS03hGqydF4AaABAg,@joserobertosilva6699,UCP3AmPQKx5EfN1CD5ciSgHg,"Um colega foi à palestra da Herica rilto. 
O que vc achou? 
Achei um saco.  😊",9.0,2025-08-10T16:38:14Z,2025-08-10T16:38:14Z,0.0,pt,Um colega foi à palestra da Herica rilto. O que vc achou? Achei um saco. 😊,Negativo
p9DBXIm_VSo,UgwIzxBrLiLxx6oIlYh4AaABAg,@BLACKCR72,UCL9dChEyX925xMA5-ID9GbA,Ja foi o roblox agora o free fire mano pelo amor de Deus espero que isso nao aconteça,0.0,2025-12-23T21:28:02Z,2025-12-23T21:28:02Z,0.0,pt,Ja foi o roblox agora o free fire mano pelo amor de Deus espero que isso nao aconteça,Neutro
R3guBxkBhfI,Ugz503sq8N6HD9zVza54AaABAg,@CaioCesar-vi5ez,UC7sO_KDn9d-xiLnMy4Iv0tQ,"Projeto de piriguete , marmita e rodada já antes da vida adulta 🤦‍♂️",19.0,2025-08-10T01:52:55Z,2025-08-10T01:52:55Z,5.0,pt,"Projeto de piriguete , marmita e rodada já antes da vida adulta 🤦‍♂️",Negativo
AXWwp1BCXfo,Ugz8RIQVIKkwpuezKJ94AaABAg,@biagalves,UCCt7F-kuXFe0QEKskiziBlA,Eu sou assim sem remédio...eu sofro por 10 minutos e depois aperto o f*** kkkkkk devo me preocupar?,0.0,2025-08-19T20:30:40Z,2025-08-19T20:30:40Z,0.0,pt,Eu sou assim sem remédio...eu sofro por 10 minutos e depois aperto o f*** kkkkkk devo me preocupar?,Neutro
zK49AmxPfxE,Ugz7zXvmgVZv-lL_QON4AaABAg,@Erico.F,UCnzFO1nKfGcd6JHwNDqCYWQ,Felca precisa cair 😂😂,0.0,2026-03-20T16:06:25Z,2026-03-20T16:06:25Z,0.0,pt,Felca precisa cair 😂😂,Negativo
l8dQ6INgKGs,UgySG05djLBbUmUAJjZ4AaABAg,@JohnWedge123,UC7Kq3t7qE1BWsdZxprL-P2Q,Felca virou um pleidiano,0.0,2025-09-05T23:11:28Z,2025-09-05T23:11:28Z,0.0,pt,Felca virou um pleidiano,Negativo
CixYH5RWtfs,UgxfOxR49QBPwZS7aZl4AaABAg,@danielgaiba,UCs7PSt-IpQTRybBPqTnIPqw,Felca hj está no lugar que mais fez adultização de crianças na história do planeta 😂,0.0,2025-10-25T16:34:34Z,2025-10-25T16:34:34Z,0.0,pt,Felca hj está no lugar que mais fez adultização de crianças na história do planeta 😂,Negativo
_x_ikmGZpxo,UgykvZp6WoXimfYszkZ4AaABAg,@canalkadettefi,UCC6ZQ4AXWFB1AISmJVt0tkA,Felca apoia a desmonetização dos youtubers,0.0,2026-01-17T17:07:20Z,2026-01-17T17:07:20Z,0.0,pt,Felca apoia a desmonetização dos youtubers,Negativo
RtvU-D9UQ80,UgxbUTIqsBEcFHfXOe54AaABAg,@pedrocalistenia2,UC6ugpAS67hsv0vje8NWiAew,Felca vc vai ser presidente isso e verdade 🎉🎉🎉,0.0,2026-02-24T12:52:08Z,2026-02-24T12:52:08Z,0.0,pt,Felca vc vai ser presidente isso e verdade 🎉🎉🎉,Positivo
UjpXOHCQamg,Ugxd2QgY50XTV23o2-54AaABAg,@LuziaOliveira-o4m,UCThy0-42_pGhe-gwIO39HPg,Felca não tem culpa,0.0,2026-01-19T21:06:24Z,2026-01-19T21:06:24Z,0.0,pt,Felca não tem culpa,Positivo
rVdqe3cRP8Y,UgyWLMxA9uvngB-7jdh4AaABAg,@ManuelavitóriaDuettDarri,UCXNIebYkIpPA6tcvjvOeVpA,Apagou um choque no 𝑅𝑜𝑏𝑙𝑜𝑥,0.0,2026-01-30T01:25:56Z,2026-01-30T01:25:56Z,0.0,pt,Apagou um choque no 𝑅𝑜𝑏𝑙𝑜𝑥,Neutro
22MFh55fY4M,UgwAmA5nIy2Mul_DBQB4AaABAg,@FernandoGarcia-sq2jf,UCECBnMtTa2jy4hTMG5kd0Xg,"Eu realmente queria voltar a jogar Overwatch, mas ai você vai no showcase pra tentar achar algum motivo e ai vê os devs com os pronomes do lado dos nome 🤦🏻",0.0,2026-02-12T21:42:47Z,2026-02-12T21:42:47Z,0.0,pt,"Eu realmente queria voltar a jogar Overwatch, mas ai você vai no showcase pra tentar achar algum motivo e ai vê os devs com os pronomes do lado dos nome 🤦🏻",Negativo
kBlMoNtYLHM,UgyL2uI4sZIs7rJnsFx4AaABAg,@Emilyn453,UC8LdnE1bKK_pBzAPYUry9yw,já era para eu estar na recompensa 400 mas em 2025 na gravidade 0 meu celular acabou descarregando e estragou aí não consegui coletar as recompensas😕,0.0,2026-02-26T14:48:40Z,2026-02-26T14:48:40Z,0.0,pt,já era para eu estar na recompensa 400 mas em 2025 na gravidade 0 meu celular acabou descarregando e estragou aí não consegui coletar as recompensas😕,Neutro
YZbBqikdpcI,Ugzrhj1bJTM8-nw6_jF4AaABAg,@GeraldovieiraVieira-k1c,UCWC4bZ6nlbTpHgCPrzbeQ4Q,E o roblox vai ser banido,0.0,2026-02-28T22:12:44Z,2026-02-28T22:12:44Z,0.0,pt,E o roblox vai ser banido,Neutro
ciSYr_QKZmc,UgxIAjn46urDsnnCxAZ4AaABAg,@lkg4mes,UCgSvQNdvkeRjuoeUZqo4acw,"É triste, tenho 20 anos mas não consigo passar naquela etapa da foto pois diz que sou menor de idade, ser humilhado pelo Roblox já é demais né kk",1.0,2026-01-21T20:19:33Z,2026-01-21T20:19:33Z,0.0,pt,"É triste, tenho 20 anos mas não consigo passar naquela etapa da foto pois diz que sou menor de idade, ser humilhado pelo Roblox já é demais né kk",Neutro
bBMa-iysrsk,Ugw0GAFHKWe9wHIsWNJ4AaABAg,@Shamu-o7x,UCKgQKCXYTpOu2bSj1aCjcaA,Enquanto isso eu pistola com usser de hakari no jjs,0.0,2026-01-29T09:00:18Z,2026-01-29T09:00:18Z,0.0,pt,Enquanto isso eu pistola com usser de hakari no jjs,Neutro
p3URn9M2LKo,UgyQEaLg3kWDpxWJp9t4AaABAg,@Estefanideoliveira5586,UC9R9IcPBa2n6uXXvn1eqEUQ,"Era melhor ter deixado as crianças do jeito que era, agora todo mundo vai se ferrar",1.0,2026-03-18T22:10:07Z,2026-03-18T22:10:07Z,0.0,pt,"Era melhor ter deixado as crianças do jeito que era, agora todo mundo vai se ferrar",Negativo
sk96pfgDK68,Ugyo-xP30XjWGcSfOld4AaABAg,@vicentecielo7791,UCNpd2R8P4zPUGhZu-xd52tA,Depois de acabar com a lava jato. Que. Moral tem o Fakim prá criar um código de ética?,1.0,2026-03-18T17:30:21Z,2026-03-18T17:30:21Z,0.0,pt,Depois de acabar com a lava jato. Que. Moral tem o Fakim prá criar um código de ética?,Negativo
Pw23em_ZVcg,UgydDgt7Cndp7WCU5H54AaABAg,@AndersonSilva-ku8or,UCp_xAzTdwuM7f9IHFhLbx5g,"Se eu crítico o carnaval ? Hahaha meu amor eu detesto o carnaval é diferente 😂
é dinheiro público indo pra gente que não tem a menor consciência na hora de votar ...se fizer uma pesquisa lá no meio eu aposto que um partido das trevas aí tira mais de 90% ...",0.0,2026-02-17T13:31:29Z,2026-02-17T13:31:29Z,0.0,pt,Se eu crítico o carnaval ? Hahaha meu amor eu detesto o carnaval é diferente 😂 é dinheiro público indo pra gente que não tem a menor consciência na hora de votar ...se fizer uma pesquisa lá no meio eu aposto que um partido das trevas aí tira mais de 90% ...,Negativo
praCfvP9dD4,Ugy0fS4Hq2Hs80fv_Nt4AaABAg,@AndréGuloso-g6o,UCJqZgVGYPLkHusQeXd_ME0Q,Não é culpa deleeeee aaaaaaaa 😭,0.0,2026-01-21T21:06:39Z,2026-01-21T21:06:39Z,0.0,pt,Não é culpa deleeeee aaaaaaaa 😭,Positivo
vd4bWner3O8,Ugzs7F6YoAC2LsHE2cx4AaABAg,@elienecardoso676,UCv8QqtUQmwrS8Yu48Zegjzw,"Miami, Maldivas, Madagascar, minas gerais, Maceió, marrocos",0.0,2026-01-08T23:09:02Z,2026-01-08T23:09:11Z,0.0,pt,"Miami, Maldivas, Madagascar, minas gerais, Maceió, marrocos",Neutro
1m5fIvealEk,Ugxk0i47AncHZyWq-A94AaABAg,@noob-q8n,UC4nbLWeYSMecLCUUoNSsEVQ,Felca tem que liberar,0.0,2026-03-25T02:56:38Z,2026-03-25T02:56:38Z,0.0,pt,Felca tem que liberar,Neutro
BR3TK1t01GU,Ugy0lwQ7q_9oH5ry7W54AaABAg,@marciozomb13,UCVIQeDW7IuP1PhhlnqkUSeg,"Papai Estado nunca para de surpreender, negativamente.",0.0,2026-03-22T01:21:10Z,2026-03-22T01:21:10Z,0.0,pt,"Papai Estado nunca para de surpreender, negativamente.",Negativo
Cr-IIXhyVpE,UgzSJBe8Rlq79Kyr0lB4AaABAg,@Delgado-w1z,UCQXHQ57hA35mymdqwBVA1Vg,"na minha humilde opinião, se ajuntou-se com a Globo boa coisa não é !!!",0.0,2025-10-24T15:17:28Z,2025-10-24T15:17:28Z,0.0,pt,"na minha humilde opinião, se ajuntou-se com a Globo boa coisa não é !!!",Negativo
duLkceigKmk,UgynPX1Yw7_rS-MjtZV4AaABAg,@vitoriaalmeida5946,UCea0c2Zt9gKRYWyzf2NOfsQ,"o cara não pode mais trabalhar kkkkkkkkk galera fala tanto que tem que dar visibilidade a influencers com opiniões e pautas relevantes, ai ganha, ai a internet pega pra cristokkkkkk O CARA SÓ TÁ TRABALHANDO MANO.
É uma opiniões sem sentido, sabe? “ a mas a globo no passado fez isso e aquilo” MEU BROTHER CRIE SUA PRÓPRIA MARCA E CANAL DE TV, E FAÇA A JUSTIÇA DO MUNDO ( kkkkk com essa auto estima ai que vcs tem de redentor) Ou então simplesmente, não assista, agora tornar o cara um vilão por aceitar uma oportunidade dentro da carreira que ele escolheu? aaaah amigo, pelo amor de deus😅 “assim é fácil é só se vender” então faça também poh.",1.0,2025-10-22T13:23:41Z,2025-10-22T13:26:34Z,0.0,pt,"o cara não pode mais trabalhar kkkkkkkkk galera fala tanto que tem que dar visibilidade a influencers com opiniões e pautas relevantes, ai ganha, ai a internet pega pra cristokkkkkk O CARA SÓ TÁ TRABALHANDO MANO. É uma opiniões sem sentido, sabe? “ a mas a globo no passado fez isso e aquilo” MEU BROTHER CRIE SUA PRÓPRIA MARCA E CANAL DE TV, E FAÇA A JUSTIÇA DO MUNDO ( kkkkk com essa auto estima ai que vcs tem de redentor) Ou então simplesmente, não assista, agora tornar o cara um vilão por aceitar uma oportunidade dentro da carreira que ele escolheu? aaaah amigo, pelo amor de deus😅 “assim é fácil é só se vender” então faça também poh.",Positivo
6S1DBrorLCM,Ugz8QPqs8ejPrcA_F-N4AaABAg,@alcileneferreira6299,UC04forFAYrxpVFFl01jwLSg,É verdade todos os meus amigos lá do Roblox está assim também todo mundo com raiva,0.0,2026-01-18T00:10:27Z,2026-01-18T00:10:27Z,0.0,pt,É verdade todos os meus amigos lá do Roblox está assim também todo mundo com raiva,Negativo
NY7w5HAudt4,Ugy99jMrUXOJEmRjejl4AaABAg,@stheffanorenne9065,UCp1aHnNKY56tUeGYVIRmAEg,Vai ter gente assistindo esse vídeo de ouvido tampado para não correr risco de entender e concordar com ele!!😂,2.0,2026-03-16T14:28:21Z,2026-03-16T14:28:21Z,0.0,pt,Vai ter gente assistindo esse vídeo de ouvido tampado para não correr risco de entender e concordar com ele!!😂,Negativo
H7TwQXY1K_o,Ugzbl0gjr7klBUfI0354AaABAg,@trani123,UCxxYjApGWTbdSiTHdWhhl9g,Confio mais nesse brother do que no Pablo,3.0,2025-09-08T22:39:54Z,2025-09-08T22:39:54Z,0.0,pt,Confio mais nesse brother do que no Pablo,Positivo
gk_88lsgoqw,UgwBxIMOOo6bSk7bb0h4AaABAg,@LucasMauroDdeOliveira,UCFc-5KgIqdiYKq_4y3EcCgw,Colé do Coringa vai morrer é o foco é mais forte que tu velho chama pelo menos o Saitama,0.0,2026-02-16T02:52:18Z,2026-02-16T02:52:18Z,0.0,pt,Colé do Coringa vai morrer é o foco é mais forte que tu velho chama pelo menos o Saitama,Neutro
2_Bq3k0BEu0,UgzkDqcjYsw0GzwGwvB4AaABAg,@2.0-nw,UC50pskctVZi-M2L_7YXF9WA,Que fique de lição galera não confio que diabo dá,0.0,2026-03-25T17:48:57Z,2026-03-25T17:48:57Z,0.0,pt,Que fique de lição galera não confio que diabo dá,Neutro
S-ehAIiisLQ,Ugyb6DkgE9M-Fvl3bIB4AaABAg,@AntônioPaulo-q8q5z,UCVAYt8LAX04w1z94AISP0HQ,O jogo não joga sozinho,1.0,2025-11-19T19:01:32Z,2025-11-19T19:01:32Z,0.0,pt,O jogo não joga sozinho,Neutro
p0VBAGovUtc,UgxiMGaZFdfc2f6NiO54AaABAg,@Camilee__534,UCkKdcAVKtfPpBIqeyYyiegA,Quero injustiça,0.0,2026-03-15T23:58:06Z,2026-03-15T23:58:06Z,0.0,pt,Quero injustiça,Neutro
XWRfAXkF2Wg,Ugwxo25PkQQOZF5IDIZ4AaABAg,@SarahSouza-i2o,UCNurAXMwaGr_G3naCdTBfUg,Kkk o felca lá atrás 😂😂,1.0,2026-01-27T22:41:35Z,2026-01-27T22:41:35Z,0.0,pt,Kkk o felca lá atrás 😂😂,Neutro
6etl5rawJls,UgzBnYZomSuzrFTIpMR4AaABAg,@andrearollemberg1866,UCBPFjJPPWgmceZNs2bfWw6Q,Consul.... corre atras do Felca agoraaa.,1.0,2025-09-13T15:47:28Z,2025-09-13T15:47:28Z,1.0,pt,Consul.... corre atras do Felca agoraaa.,Negativo
yqO3m2-A0lI,UgycH1OPYb4BJrzGUPt4AaABAg,@AndreiaAmaral-ud1ko,UC4UYrDkvreRDn_0VcygbPkg,Como se fazer um robô como matar você colocar aplicativo Bob ruim de facão no mato,0.0,2026-02-06T14:28:45Z,2026-02-06T14:28:45Z,0.0,pt,Como se fazer um robô como matar você colocar aplicativo Bob ruim de facão no mato,Negativo
3JMFyOqUmuU,UgzzJ2SgUoDLaEMPOrx4AaABAg,@mikeias.barros,UCg6UlC_aehKvnzUG3Y6KEvw,"O governo tá é salvando as crianças de jogarem essa merda kkkkkkkkkkkkk brincadeiras a parte, tem tanta coisa útil pra essas pragas focarem, querem proibir joguinhos, plmds",0.0,2026-03-20T18:36:24Z,2026-03-20T18:36:24Z,0.0,pt,"O governo tá é salvando as crianças de jogarem essa merda kkkkkkkkkkkkk brincadeiras a parte, tem tanta coisa útil pra essas pragas focarem, querem proibir joguinhos, plmds",Negativo
coAxoLWvfFU,Ugy799rmLuGKn9svXxp4AaABAg,@kc_zulosoldier,UCuR_UJiPPmFQOISG5htkPdg,Miss merda isso sim😂😂😂,0.0,2025-10-11T03:15:45Z,2025-10-11T03:15:45Z,0.0,pt,Miss merda isso sim😂😂😂,Negativo
YT4P98cD6pM,Ugxb9E6MA73YbXHHL2h4AaABAg,@lilianebrasil219,UCLoZPpJfu8VN_sLxwJHjFVg,Acho ela tão autêntica até quando era mat,0.0,2025-12-05T01:12:06Z,2025-12-05T01:12:06Z,0.0,pt,Acho ela tão autêntica até quando era mat,Positivo
n8Uhb7lboj0,UgyZphpmTvb-PUC9iz94AaABAg,@danieldiniz2669,UCuo7iG_ZGxGnyE1_RYzmNzw,"0:20 esse é o foda, ele é a capa pq esses políticos gostam de se esconder atrás dos outros",10.0,2026-03-18T16:14:34Z,2026-03-18T16:14:34Z,0.0,pt,"0:20 esse é o foda, ele é a capa pq esses políticos gostam de se esconder atrás dos outros",Neutro
QFH5KS7uHh4,UgwWuJF4XM4Ti9DcBVV4AaABAg,@Eu_kamilly,UCa4Yb-qg0iY8xM__tB4X7ew,"Como diria o papai Noel em seu auge;
-agora deu Caraí memo",0.0,2026-03-17T20:49:15Z,2026-03-17T20:49:15Z,0.0,pt,Como diria o papai Noel em seu auge; -agora deu Caraí memo,Neutro
_eQbD3NZv18,UgzIk1HWLr89jSJrBA14AaABAg,@zapzap2,UCKRFkUnFgZCkCp4uaa-aMSA,Milhares de pessoas morrendo agora. SBT:,0.0,2026-01-19T21:27:04Z,2026-01-19T21:27:04Z,0.0,pt,Milhares de pessoas morrendo agora. SBT:,Negativo
6S1DBrorLCM,UgxuGi38dtbJROmG62x4AaABAg,@DanielMadani-d4i,UCCYaBPY4MEMQsBfalgLlFyw,Eu sou de Angola e vou conseguir jogar eba,1.0,2026-01-16T09:09:26Z,2026-01-16T09:09:26Z,0.0,pt,Eu sou de Angola e vou conseguir jogar eba,Positivo
XGLdLykIWzM,Ugw2aOWmGbutfUTZ9tt4AaABAg,@kaiquefernandes4234,UC0DdtmROHkLlUuugYhvjuJg,"Por favor Gru, ganha essa guerra!",0.0,2026-02-14T21:52:50Z,2026-02-14T21:52:50Z,0.0,pt,"Por favor Gru, ganha essa guerra!",Positivo
XiSzkal1kLs,UgzrYMaWssueIaBNvvR4AaABAg,@MariasthefinyCaeyano,UCIZe6DkayOnqX08PBwcNTag,Pelo amor de Deus devolve esse chato aí ô,0.0,2026-02-22T10:26:52Z,2026-02-22T10:26:52Z,0.0,pt,Pelo amor de Deus devolve esse chato aí ô,Neutro
o_9sk0K_9h4,Ugzh3K4t_DeCHgQx5WJ4AaABAg,@shermans5489,UCzOcyfnRuUKca9DAmUh9MPw,Os bostileiro Idolatra qualquer um só pra depois se venderem,0.0,2025-10-15T21:50:12Z,2025-10-15T21:50:12Z,0.0,pt,Os bostileiro Idolatra qualquer um só pra depois se venderem,Negativo
rHL6Pu0OZaY,UgygObMc8UKwX--XcFh4AaABAg,@princepedosgames9624,UCP97Yh6GOEgxAmZ-TQnmUWw,No ao vivo eu realmente pensei que fosse ele 😂,13.0,2026-01-18T14:02:50Z,2026-01-18T14:02:50Z,0.0,pt,No ao vivo eu realmente pensei que fosse ele 😂,Neutro
YRxdMjsNSrY,UgwtiS9hJi3cDb6RSal4AaABAg,@gabe8326,UC_3SS8oY-atmDTxupR9wrBg,"Vi ontem um vídeo gringo apontando que tudo isso se dá também por conta da Meta fazer lobying para empurrar projetos de leis como esse. Quem diria que a empresa gigante que ama coletar dados de seus usuários estaria por trás de projetos de leis que tiram a privacidade das pessoas na internet? A esse ritmo eu já imagino um futuro em que nós vamos que ficar explicando aonde que a gente vai sempre que a gente sai de casa, como se as empresas e o governo fosse nosso papai e mamãe, porque é praticamente isso que está acontecendo na internet. Pensando bem, de certa forma isso provavelmente já acontece através dos nossos celulares. E outra coisa, eu vi um outro vídeo gringo explicando que mesmo tendo sua conta no discord sem a idade verificada você consegue achar conteúdo adulto em servers de condomínio do roblox. Em outras palavras, forçar a verificação de idade não adianta de nada, apenas remove a privacidade dos usuários. Quem é mal e doente vai continuar sendo mal e doente, e quem não cuida e educa os filhos, vai continuar pondo eles em risco.",0.0,2026-03-19T13:39:30Z,2026-03-19T13:39:30Z,0.0,pt,"Vi ontem um vídeo gringo apontando que tudo isso se dá também por conta da Meta fazer lobying para empurrar projetos de leis como esse. Quem diria que a empresa gigante que ama coletar dados de seus usuários estaria por trás de projetos de leis que tiram a privacidade das pessoas na internet? A esse ritmo eu já imagino um futuro em que nós vamos que ficar explicando aonde que a gente vai sempre que a gente sai de casa, como se as empresas e o governo fosse nosso papai e mamãe, porque é praticamente isso que está acontecendo na internet. Pensando bem, de certa forma isso provavelmente já acontece através dos nossos celulares. E outra coisa, eu vi um outro vídeo gringo explicando que mesmo tendo sua conta no discord sem a idade verificada você consegue achar conteúdo adulto em servers de condomínio do roblox. Em outras palavras, forçar a verificação de idade não adianta de nada, apenas remove a privacidade dos usuários. Quem é mal e doente vai continuar sendo mal e doente, e quem não cuida e educa os filhos, vai continuar pondo eles em risco.",Neutro
8EO9QFNTS7A,UgyHxkWkl8Ev9QML52Z4AaABAg,@escuros-z1y,UCwBenzi-op8fPx2mQuLmh7w,Eu não aguento......eu não aguento mais ver o Felca em todo lugar!!!😫,0.0,2025-11-10T06:58:41Z,2025-11-10T06:58:41Z,0.0,pt,Eu não aguento......eu não aguento mais ver o Felca em todo lugar!!!😫,Negativo
_Q-GmD-8KiY,Ugy3NuO0attF7PP6OmV4AaABAg,@joãogcruzhealthbars,UCPf3cE4c5YhfXthD00Z0DSw,"Reconhecimento facial em sites pornos, não
Banir quem tem menos de 18 no LOL, sim",0.0,2026-03-17T22:58:14Z,2026-03-17T22:58:14Z,0.0,pt,"Reconhecimento facial em sites pornos, não Banir quem tem menos de 18 no LOL, sim",Neutro
f4Z9UwgLPfo,Ugw898uNPhL2PzggvCN4AaABAg,@EVM-buster,UCLlfv_QPoJgQMk3KwqR8zJQ,Galera é hoje que a lei entrou em vigor e foi aprovada agora é só esperar eles começarem a agir😮‍💨 #justiçaporredessociais,2.0,2026-03-17T09:34:44Z,2026-03-17T09:34:44Z,1.0,pt,Galera é hoje que a lei entrou em vigor e foi aprovada agora é só esperar eles começarem a agir😮‍💨 #justiçaporredessociais,Neutro
ESNbYOO-gnE,UgyqbsY9Laq_0dH6O9x4AaABAg,@CaboFelipeVieira,UCtygy0r1gTOGZkATuAfsZ1w,Trouxa é quem acreditou nele😅,0.0,2025-11-02T04:13:49Z,2025-11-02T04:13:49Z,0.0,pt,Trouxa é quem acreditou nele😅,Negativo
xZWU278Osyo,UgwHZl6ZnOWOerM_iAp4AaABAg,@vanildadias9,UCdFMTZbWE4ERSR17iga_PEA,"O diabo não consegui ouvir nossos pensamentos, ele pega a gente pelas falas e pelas expressões. Temos que vigiar",0.0,2026-02-28T02:50:01Z,2026-02-28T02:50:01Z,0.0,pt,"O diabo não consegui ouvir nossos pensamentos, ele pega a gente pelas falas e pelas expressões. Temos que vigiar",Neutro