arquivo,duracao_segundos,frequencia_amostragem,amplitude_media,amplitude_maxima,amplitude_ratio (mean/max),snr_estimado_db,zero_crossing_rate,regioes_silencio,silencio/tempo,duracao_categoria
-89_5bDU5ko.mp3,54.56689583333333,48000,0.08739453,0.8488655,0.1029545068740844,28.500414,0.0689358446540265,3,0.05497838852998098,45-60s
LPDJollYuAc.mp3,12.968354166666666,48000,0.29096717,1.1350255,0.2563529908657074,48.810177,0.0228528474506578,0,0.0,10-25s
zu1dIUoGd1g.mp3,706.88,48000,0.044158928,0.54402757,0.0811703875660896,31.31522,0.0758952896181021,19,0.026878678134902672,>60s
0DQ82ua1GqQ.mp3,53.48716666666667,48000,0.103145145,0.9848571,0.1047310754656791,37.22979,0.0350580095650548,0,0.0,45-60s
q2LIyyDKeOU.mp3,60.00097916666667,48000,0.1310332,1.0446736,0.1254297941923141,51.049328,0.0424083461551279,0,0.0,>60s
4yuFON4u9ns.mp3,1020.0061875,48000,0.10814391,1.1138752,0.0970880016684532,26.78012,0.0478949801423645,43,0.04215660701568048,>60s
dAtGvjK8q2Q.mp3,37.3376875,48000,0.07718047,0.9262835,0.0833227261900901,25.938128,0.0357849766138246,2,0.05356518129303,35-45s
QinBWzZ3txo.mp3,102.72,48000,0.02817971,0.24493015,0.1150520294904708,28.452297,0.0741875194683833,4,0.03894080996884735,>60s
T3W9ov8-ofY.mp3,162.47004166666667,48000,0.02777417,0.3897569,0.0712602436542511,28.480171,0.0540791359268316,4,0.024619923519233415,>60s
0kKGkXgTxk0.mp3,63.20472916666667,48000,0.050613184,0.27421755,0.1845730990171432,58.52446,0.0474557300455619,0,0.0,>60s
tXpEQZApx64.mp3,180.1288125,48000,0.098456495,0.9088297,0.1083332747220993,25.522367,0.0817182099068125,0,0.0,>60s
KKIOPyCfj4c.mp3,174.567625,48000,0.35350338,1.4571716,0.2425955832004547,51.099495,0.0585150151705517,0,0.0,>60s
sKoAWrS1qZs.mp3,19.23775,48000,0.032301936,0.57148796,0.0565225146710872,23.296467,0.0389255430640243,1,0.051981130849501636,10-25s
TMZqrxZmt2g.mp3,37.593125,48000,0.045289744,0.7322228,0.0618524104356765,31.02052,0.0308976063829787,0,0.0,35-45s
EB43sgI9cSg.mp3,175.46160416666666,48000,0.01614264,0.34599555,0.0466556288301944,24.730598,0.0439363779920212,4,0.022797010314578557,>60s
NA7_0e0cEJs.mp3,127.25333333333332,48000,0.09585118,1.1259216,0.0851313099265098,28.197205,0.0504631775940826,0,0.0,>60s
4McSTEYaK5I.mp3,85.33333333333333,48000,0.08693065,0.75556946,0.115053154528141,30.00266,0.0907082049314148,2,0.0234375,>60s
YpwokkEY-DQ.mp3,574.1133958333334,48000,0.03358742,0.5218335,0.0643642470240593,25.890768,0.0397780573750789,21,0.036578139706212945,>60s
bkPR2pbsZWQ.mp3,35.5033125,48000,0.09938686,0.7192451,0.1381821930408477,52.743225,0.0847412182712526,0,0.0,35-45s
Onj69ZetL-A.mp3,58.53752083333333,48000,0.09164627,0.99597573,0.0920165702700614,25.640915,0.0339052072419369,0,0.0,45-60s
5BOXA0WEUww.mp3,52.12897916666667,48000,0.08031925,0.9384928,0.0855832323431968,24.32573,0.0572855398424713,0,0.0,45-60s
AtlkiwJ4rbs.mp3,145.51945833333335,48000,0.053186603,0.4252983,0.1250571757555008,72.48429,0.0713802908886425,0,0.0,>60s
zBwEH4gllkM.mp3,198.3680833333333,48000,0.12667935,0.7706127,0.164387822151184,37.13301,0.0782263423822454,0,0.0,>60s
ucEH-PF0GkE.mp3,456.5739791666667,48000,0.111712314,1.050917,0.106299839913845,34.437477,0.0780785149496834,26,0.05694586460545756,>60s
_qx4ml-zkK8.mp3,30.08,48000,0.035058714,0.26866832,0.1304906904697418,43.659725,0.0502794678859447,0,0.0,25-35s
xdMLyNwqdHQ.mp3,102.307125,48000,0.11733036,1.3093971,0.0896063968539238,23.850971,0.0432923025046914,5,0.04887245145438306,>60s
GBExw3_SOpg.mp3,45.8478125,48000,0.037600912,1.0104833,0.0372108221054077,22.290024,0.0594543471228774,1,0.021811291432933685,45-60s
YQZzWHl9Yfw.mp3,99.47429166666667,48000,0.11370091,0.9728984,0.1168682277202606,41.099297,0.0230456603179283,0,0.0,>60s
nOav5gI_k-Q.mp3,47.5776875,48000,0.032682832,0.5549282,0.058895606547594,27.239464,0.0483619537729769,0,0.0,45-60s
Dr7dEUoqfDc.mp3,249.30133333333333,48000,0.06324791,0.99990016,0.0632542297244072,29.906574,0.0586838103460723,4,0.016044839979462606,>60s
m4vqtKal2WA.mp3,678.5335208333333,48000,0.08782714,0.75530523,0.1162803247570991,28.599411,0.050183135596301,2,0.0029475330821441548,>60s
6pPTdmwlFHE.mp3,54.97325,48000,0.06207769,0.9413241,0.0659471973776817,25.962002,0.0545058866596332,0,0.0,45-60s
pJy4eHfipJ8.mp3,27.05125,48000,0.07595454,0.722913,0.1050673276185989,30.034304,0.0274145767638943,1,0.036966868444156926,25-35s
1UdrvDEMCQo.mp3,33.401916666666665,48000,0.18571082,1.0784311,0.1722046136856079,40.462532,0.0381726183349297,0,0.0,25-35s
GXAdEK9ZAuA.mp3,32.10160416666667,48000,0.08585772,0.7448236,0.1152725592255592,45.00029,0.0513512899709302,0,0.0,25-35s
LLjhsVHomPg.mp3,67.721,48000,0.09996291,1.1044027,0.090513102710247,24.893015,0.0512054678886438,2,0.02953293660755157,>60s
HahsN-lrK6s.mp3,18.0303125,48000,0.085305035,1.0145527,0.0840814188122749,24.306213,0.0655024532451212,0,0.0,10-25s
XaWX0PQEkXs.mp3,145.0550625,48000,0.1879849,1.1424203,0.1645496785640716,26.074482,0.0373711632633833,0,0.0,>60s
-HC2fND2ZoM.mp3,1715.0506666666668,48000,0.08460647,1.1876943,0.0712358951568603,25.156193,0.0400135623186653,13,0.007579950990757901,>60s
Ou1RzASAKzU.mp3,20.3406875,48000,0.073406436,0.98021233,0.0748883038759231,24.432728,0.037869065859334,0,0.0,10-25s
EynhnYNmP54.mp3,13.815875,48000,0.058367003,0.65217096,0.0894964784383773,34.20217,0.0380019199701003,0,0.0,10-25s
DQWjCM80PrU.mp3,1414.582875,48000,0.09086711,1.1979725,0.0758507475256919,22.085426,0.0643489982447235,7,0.004948455211576062,>60s
LDsNgfhl6Vs.mp3,14.933333333333334,48000,0.13811876,1.0382018,0.1330365240573883,33.2531,0.041850687009279,0,0.0,10-25s
BO6_wo7ov-I.mp3,13.606895833333333,48000,0.040591925,0.29343706,0.138332650065422,39.39248,0.0472718241820141,0,0.0,10-25s
gYC_g7u7J0Y.mp3,59.946666666666665,48000,0.09813226,1.08131,0.0907531231641769,25.130968,0.0368199330635118,3,0.05004448398576512,45-60s
0zExQK2Lyiw.mp3,35.59620833333334,48000,0.01779027,0.38817832,0.0458301454782485,23.519608,0.0387870555441132,1,0.028092879742575575,35-45s
8oLbsUN68VM.mp3,44.059875,48000,0.059390683,1.1159174,0.0532213933765888,30.155363,0.0384255240483539,0,0.0,35-45s
u4y-4rBIPUQ.mp3,31.5559375,48000,0.09602285,0.6329863,0.1516981571912765,42.301735,0.045792002418469,0,0.0,25-35s
J_Usd7Qa9fk.mp3,73.856,48000,0.04052113,0.97683567,0.0414820350706577,25.495193,0.0421655714124548,4,0.05415944540727903,>60s
iB3mTo1S0rg.mp3,10.727625,48000,0.11497979,0.9292847,0.1237293481826782,45.989,0.0318504014972664,0,0.0,10-25s
CR9ElUe4ZsA.mp3,482.2784583333333,48000,0.055342514,1.0232193,0.0540866553783416,23.427929,0.0553561301878289,10,0.02073490911154975,>60s
0B8Z1KLRVjY.mp3,977.931625,48000,0.11241703,1.2540252,0.0896449461579322,24.205482,0.0451202455822162,2,0.0020451327565973744,>60s
LhbgeONAbZo.mp3,29.094604166666667,48000,0.085237026,0.9979315,0.085413709282875,38.414207,0.0256773649422653,0,0.0,25-35s
l9CZNZ1q3SA.mp3,81.536,48000,0.06341957,0.84766716,0.0748165994882583,23.188143,0.0300501502207325,1,0.012264521193092622,>60s
nNq742Ay7M8.mp3,487.8744791666667,48000,0.08579992,1.0816752,0.0793213322758674,24.016836,0.0499348310693554,17,0.034845028231518735,>60s
y7dOI_F8yVg.mp3,74.304,48000,0.08170174,0.651531,0.1253996193408966,28.422852,0.0431007898844552,3,0.04037467700258398,>60s
16fyo62PASo.mp3,308.361,48000,0.14940257,1.2260877,0.1218530908226966,32.245373,0.040260511027059,1,0.0032429522540139643,>60s
tU3_0gCnrrs.mp3,69.09097916666667,48000,0.10655236,0.9870819,0.1079468354582786,27.566156,0.0391570206371565,1,0.014473669530543513,>60s
Nr2KgW2-ywk.mp3,175.25333333333333,48000,0.1327281,1.0897276,0.1217993348836898,24.231665,0.0576762353268973,2,0.011412051125989045,>60s
QpUhTUkdFkY.mp3,225.64266666666663,48000,0.09431389,0.9669136,0.0975411757826805,28.360474,0.0611238570225715,0,0.0,>60s
p0R6PZq3VFU.mp3,75.38358333333333,48000,0.023314705,0.410778,0.0567574352025985,26.313602,0.0309195051641199,4,0.053061950933171786,>60s
vrcPk9mfAV8.mp3,109.08735416666669,48000,0.102181,1.0305843,0.0991486087441444,28.280434,0.0591050440164515,3,0.02750089616635597,>60s
ZRYEKTm3i6o.mp3,32.17125,48000,0.10788132,0.996803,0.108227327466011,32.049606,0.0476149475886642,0,0.0,25-35s
VsAvkG0lp60.mp3,58.21866666666666,48000,0.045973144,0.46218628,0.0994688645005226,37.529198,0.0336473992203242,0,0.0,45-60s
ABEp_NzisxE.mp3,23.75402083333333,48000,0.056067865,0.9926621,0.0564823299646377,27.950245,0.04931640625,1,0.042098136017323394,10-25s
uxLsLWvT_Ec.mp3,88.4448125,48000,0.022634866,0.38426727,0.0589039660990238,25.394241,0.067876334588308,0,0.0,>60s
3PTxBY-qcgM.mp3,42.144979166666666,48000,0.060601737,1.0043781,0.0603375732898712,21.385534,0.0334420764011892,0,0.0,35-45s
Wrl7xs-hSqA.mp3,56.7611875,48000,0.22885053,1.3002403,0.176006332039833,36.79125,0.0528587848788049,0,0.0,45-60s
AXY329DrfeU.mp3,21.01333333333333,48000,0.100617275,0.5621254,0.1789943575859069,54.31627,0.0487087178145611,0,0.0,10-25s
vi3giqGFOd8.mp3,643.7546666666667,48000,0.040468533,0.87482864,0.0462588109076023,20.438255,0.0437328418326346,19,0.02951434915164369,>60s
R39qiqP8Scw.mp3,38.784,48000,0.1124588,1.0963628,0.1025744378566742,28.936651,0.0834940799422601,0,0.0,35-45s
mGYspANmnCw.mp3,44.67520833333333,48000,0.11531762,1.0633738,0.1084450483322143,88.44123,0.0730032339162091,0,0.0,35-45s
Up4b63lFv4I.mp3,121.92,48000,0.107492544,1.1018014,0.0975607261061668,28.286583,0.0563611372720015,0,0.0,>60s
zLyQej907Fk.mp3,111.89697916666668,48000,0.047959376,0.86579335,0.055393561720848,23.452553,0.0431537113656944,4,0.03574716699047021,>60s
oa5VIGYx3jg.mp3,51.2580625,48000,0.1503715,1.0521044,0.1429245173931121,30.752666,0.0603368713912297,0,0.0,45-60s
fbLVXvMYo2E.mp3,21.53652083333333,48000,0.07201536,0.81244624,0.0886401534080505,43.261818,0.0386409344059405,0,0.0,10-25s
bU99w9MXfEQ.mp3,41.12254166666666,48000,0.08232027,1.0002962,0.0822958946228027,24.224909,0.0448082888274766,0,0.0,35-45s
fKiN0Kce-N0.mp3,72.15602083333333,48000,0.05783633,0.4721181,0.1225039437413215,30.495026,0.0475959095528455,2,0.02771771470906938,>60s
NjlR6s_fIcE.mp3,45.9306875,48000,0.061311346,0.8527163,0.071901224553585,26.098953,0.0358514300847457,0,0.0,45-60s
ST96RF6hgJw.mp3,411.0280416666666,48000,0.037945878,0.26605517,0.142624095082283,37.52069,0.0518574353574116,14,0.03406093643448699,>60s
RIEd8dK5xRE.mp3,49.795208333333335,48000,0.10496644,0.99788576,0.1051888316869735,28.281977,0.0386936484324801,0,0.0,45-60s
atqo1VI4B_A.mp3,36.608,48000,0.020164592,0.24211507,0.0832851603627204,30.351555,0.0508264796642877,0,0.0,35-45s
S_WPv-1xD9M.mp3,1676.9915833333334,48000,0.11125273,1.1476045,0.0969434455037117,28.022568,0.053427813385514,42,0.02504484841630342,>60s
OESmtz9AcRI.mp3,16.81125,48000,0.06852363,0.6198576,0.1105473712086677,37.409275,0.0543716808021559,0,0.0,10-25s
wubg7Y6w9So.mp3,33.854708333333335,48000,0.06285012,0.9463024,0.0664165243506431,26.682602,0.0572392079690453,1,0.029537988930638647,25-35s
-hetnZQbxkA.mp3,139.2616875,48000,0.05756031,0.9843744,0.0584740005433559,25.302336,0.0584197698854932,0,0.0,>60s
uN6zo62r858.mp3,174.01035416666667,48000,0.061776876,0.40095955,0.1540725827217102,40.36902,0.0501349971650116,1,0.005746784464573887,>60s
EdA1dfOmc8w.mp3,2085.894979166667,48000,0.04946668,0.5820446,0.0849877819418907,25.15342,0.0505610910948694,0,0.0,>60s
fxhqNOfvxqI.mp3,34.602666666666664,48000,0.06630593,1.0673095,0.0621243678033351,24.615889,0.0764197021860554,0,0.0,25-35s
3R5kit8HEiQ.mp3,94.098875,48000,0.02565854,0.40193033,0.0638382807374,29.747852,0.0554398472037236,2,0.02125423922443281,>60s
mMSLH_aYhPM.mp3,60.801458333333336,48000,0.095908,0.6873003,0.1395430713891983,36.534283,0.0526726225388089,0,0.0,>60s
7SOAhwtGLtw.mp3,370.1260833333333,48000,0.10938059,1.0806118,0.1012209802865982,24.449167,0.0564342382249639,0,0.0,>60s
7KAXkaLzeVA.mp3,4615.2910833333335,48000,0.078189395,1.142189,0.0684557408094406,18.973076,0.0320760654264284,13,0.00281672374835585,>60s
pFbmzvD5LWY.mp3,24.369354166666668,48000,0.09561735,1.0062201,0.0950262770056724,28.578495,0.0567171259573304,0,0.0,10-25s
8qThIkCPjpo.mp3,45.47629166666667,48000,0.27690488,1.2633114,0.2191897332668304,79.23854,0.0484863052225023,0,0.0,45-60s
EGIP1styF0A.mp3,28.723104166666666,48000,0.19340697,1.0815952,0.17881640791893,60.693165,0.0428797243432046,0,0.0,25-35s
lX1U83qGbDE.mp3,519.743875,48000,0.12540866,0.9166304,0.1368148624897003,27.512568,0.0382800735394091,0,0.0,>60s
8MY5EU1xsC4.mp3,173.56916666666666,48000,0.11601119,1.0458667,0.1109234914183616,31.441868,0.0440932401447182,0,0.0,>60s
tAIjTGi9D68.mp3,30.037354166666667,48000,0.041299433,0.26722798,0.1545475572347641,34.446857,0.0328188440162406,0,0.0,25-35s
S1Q5sseqWoA.mp3,61.3006875,48000,0.02702382,0.352459,0.0766722336411476,24.56667,0.0472812071787454,3,0.04893909224101279,>60s
Ay5Y3t47i0M.mp3,51.977875,48000,0.08307297,0.82088846,0.1011988520622253,27.784588,0.051395384164016,0,0.0,45-60s
ZcnUhFxb59s.mp3,20.7354375,48000,0.07346853,1.0008354,0.0734072029590606,179.11548,0.0255541389371141,0,0.0,10-25s
X8AizooD1vE.mp3,1099.4346666666668,48000,0.049923424,1.0330806,0.0483248122036457,26.322796,0.0670091866019714,64,0.058211735485873946,>60s
FobEptIIzFI.mp3,29.47775,48000,0.25141424,1.2070092,0.2082952111959457,30.478111,0.0594042544772069,0,0.0,25-35s
EMuSkcDEgqU.mp3,12.010666666666667,48000,0.08164127,0.79360235,0.1028742790222168,42.23784,0.0462528421694764,0,0.0,10-25s
0fxx_awZ0JI.mp3,35.015708333333336,48000,0.036035288,0.8377749,0.0430130921304225,22.549637,0.0438486378693268,2,0.0571172223894752,35-45s
Ywa4azYBec4.mp3,24.856979166666665,48000,0.06355464,0.52680725,0.1206411570310592,53.464027,0.0467897445436507,0,0.0,10-25s
ZnzJzMd0t00.mp3,1552.128,48000,0.016193861,0.26277342,0.0616267099976539,26.61864,0.048165802974863,39,0.025126793666501734,>60s
_-C9NdsJEH4.mp3,490.8698541666666,48000,0.083022825,1.1087856,0.0748772546648979,26.329376,0.0581016809097946,20,0.040743997273887056,>60s
ZGmeS2zsNeU.mp3,59.768166666666666,48000,0.036288932,0.4766694,0.0761301890015602,21.449625,0.0489711067150695,0,0.0,45-60s
fpr7h6QUuG8.mp3,932.2579791666668,48000,0.06379115,1.1346924,0.0562188886106014,25.429401,0.0766606925772311,44,0.0471972361548796,>60s
X_i8y6QHsD0.mp3,160.5195625,48000,0.061418984,0.9948292,0.0617382228374481,25.301302,0.0666030355526114,4,0.02491908112445796,>60s
ATRcLRgIW8U.mp3,534.6618541666667,48000,0.059773196,0.87802726,0.0680766999721527,26.897402,0.0570441669264339,6,0.011222046146066854,>60s
YDAhohNeKQI.mp3,68.01066666666667,48000,0.030276343,0.99923,0.0302996728569269,17.13404,0.0717650926915085,3,0.04411072772898369,>60s
jG6b_cqJW-g.mp3,15.893333333333333,48000,0.19014983,1.0554588,0.1801584661006927,35.479546,0.0664959810949027,0,0.0,10-25s
mgGl-R1G06c.mp3,2258.3263541666665,48000,0.26683322,1.7244265,0.1547373682260513,27.233599,0.0418050474995749,0,0.0,>60s
eSpgguJspZ4.mp3,38.185229166666666,48000,0.09396305,0.8393154,0.1119520142674446,33.579872,0.0445144738564944,0,0.0,35-45s
qpyLckxirXM.mp3,23.881729166666663,48000,0.44614473,1.4711459,0.3032634258270263,38.87016,0.0091547827573693,0,0.0,10-25s
ZShSH96yXxI.mp3,19.71375,48000,0.19705452,0.9997745,0.197098970413208,36.00617,0.0380941239352352,0,0.0,10-25s
88o6jdVMG-U.mp3,166.44097916666666,48000,0.07402754,1.01831,0.0726964697241783,26.35392,0.0343225044459753,7,0.042056950367916957,>60s
GA9JL7rDOhQ.mp3,28.2703125,48000,0.11601209,0.74413955,0.1559009850025177,43.5007,0.0261494777913994,0,0.0,25-35s
p0er_U50nSI.mp3,60.010666666666665,48000,0.08251333,0.543114,0.1519263535737991,31.870007,0.0437859941465256,2,0.0333274084607181,>60s
Iz9BWN5hHSY.mp3,121.56808333333332,48000,0.08738092,0.7826958,0.1116409823298454,29.793282,0.0738256146226311,0,0.0,>60s
u9qLXh7y2hI.mp3,73.23575,48000,0.06952738,1.0254931,0.0677989721298217,23.274364,0.0437619759048208,0,0.0,>60s
meErrDiPlnk.mp3,58.41066666666666,48000,0.046469867,0.28217643,0.1646837294101715,57.437103,0.0738154298658024,0,0.0,45-60s
TyZ-0LCVyQo.mp3,172.5939375,48000,0.19778895,1.227711,0.1611038446426391,36.599285,0.0879945820425962,0,0.0,>60s
CFhyZj_U97Q.mp3,52.83702083333333,48000,0.06640384,0.9171979,0.0723986029624939,29.8666,0.0590537436604259,0,0.0,45-60s
qDne5JXHE20.mp3,180.09397916666666,48000,0.06697838,0.8621901,0.077684000134468,23.268845,0.0324715128783167,0,0.0,>60s
YZYqS7tQUoA.mp3,318.04372916666665,48000,0.0567049,1.0171528,0.0557486563920974,20.936258,0.0374370738326709,7,0.022009552014565083,>60s
i2JqK5z6vEQ.mp3,56.517375,48000,0.06514701,0.83291674,0.078215517103672,29.80148,0.0770355587433949,2,0.03538734769617308,45-60s
Fshaz9CgRnE.mp3,76.544,48000,0.032701846,0.44777593,0.0730317160487175,26.57331,0.0573936952460986,2,0.02612876254180602,>60s
bjk-JP8Fk2c.mp3,63.2279375,48000,0.088816814,0.61552703,0.1442939341068267,36.135124,0.0561333989646592,0,0.0,>60s
b1uAZPOxVjk.mp3,35.456,48000,0.07738696,0.99747515,0.0775828436017036,26.332502,0.0551032366071428,0,0.0,35-45s
kdwi7J87Ve0.mp3,25.984,48000,0.09999335,0.94507474,0.1058046966791153,41.650826,0.0666548987612843,0,0.0,25-35s
Mts6T4k3IB0.mp3,1163.8421875,48000,0.07872626,1.0928671,0.0720364451408386,24.192446,0.0515022715901123,34,0.029213582704914625,>60s
IKem9Qmh0jA.mp3,60.03520833333334,48000,0.050016396,0.7049177,0.0709535256028175,24.698896,0.061620503891677,2,0.03331378461944206,>60s
OMJ2e6f4gzM.mp3,386.7733333333333,48000,0.08026247,1.1118948,0.0721853002905845,23.156311,0.0951424249925884,1,0.0025854936569222283,>60s
xPTnmxv6EjE.mp3,58.73489583333333,48000,0.18768594,1.2090796,0.1552304178476333,33.631226,0.0287778267999818,2,0.034051307517003485,45-60s
4q-_1JD2vGc.mp3,15.018666666666666,48000,0.042743072,0.46227166,0.0924631059169769,81.210526,0.0138323251197657,0,0.0,10-25s
MlhuR3BppXU.mp3,11.8421875,48000,0.077120006,0.9334058,0.0826221629977226,58.587452,0.0404530687443744,0,0.0,10-25s
zpg_vgx6bkA.mp3,40.077645833333335,48000,0.0977562,0.92289245,0.1059237197041511,27.602911,0.0482323906915247,0,0.0,35-45s
7PS4m-niwoY.mp3,14.805333333333332,48000,0.06468482,0.8787012,0.073614127933979,46.98702,0.0489255000224982,0,0.0,10-25s
GPL9cM0CAqA.mp3,33.43675,48000,0.08212758,1.0606656,0.0774302259087562,25.362188,0.0499482904704944,0,0.0,25-35s
_BFSj1XdOow.mp3,53.81225,48000,0.03704788,0.9825424,0.0377061404287815,26.118073,0.0482280568632309,3,0.05574938791817848,45-60s
gO5yLbFrMcE.mp3,70.530625,48000,0.020511515,0.3167746,0.0647511333227157,57.992447,0.0442537278608422,0,0.0,>60s
sqIlgBg4L5o.mp3,191.72716666666668,48000,0.11612538,1.0081352,0.1151883006095886,46.05149,0.0223913149773991,3,0.015647234829353863,>60s
x_Imetp5n88.mp3,11.904,48000,0.12653695,0.760232,0.166445180773735,44.99992,0.0526976555505819,0,0.0,10-25s
Cvm2sRxxgYE.mp3,1115.2544375,48000,0.09558103,1.1254188,0.0849293023347854,22.82028,0.0545842126094509,5,0.004483281869927552,>60s
GqlSeyk5OJ8.mp3,217.92,48000,0.038578644,0.51126933,0.0754565969109535,27.737797,0.0697566800679726,3,0.013766519823788547,>60s
F49zaoQ8mz8.mp3,36.885333333333335,48000,0.05299645,0.85839933,0.0617386884987354,24.18847,0.0332051012756577,0,0.0,35-45s
qRNLdZNP3g8.mp3,49.59783333333333,48000,0.08472474,1.0400355,0.0814633145928382,24.359127,0.0351182375672043,0,0.0,45-60s
vcsNGlznRgM.mp3,58.81614583333333,48000,0.19376323,1.0104634,0.1917567998170852,63.922432,0.0663819908771532,0,0.0,45-60s
dKKSd6oFsCo.mp3,621.2615,48000,0.15765682,1.1703659,0.1347072869539261,29.627073,0.0526333721069981,24,0.03863107564206055,>60s
b8PM35W4K3M.mp3,546.0266666666666,48000,0.18680602,1.2179438,0.1533782035112381,86.82624,0.0688179440722002,0,0.0,>60s
B1XQ4cfdwgU.mp3,338.2450833333333,48000,0.037691157,0.361216,0.1043452024459838,173.39658,0.0677016250029563,0,0.0,>60s
_wAA49mOOHc.mp3,33.1000625,48000,0.044386797,0.68649507,0.0646571218967437,36.77048,0.0307175154538498,0,0.0,25-35s
cLqsH8CBE8I.mp3,48.97089583333333,48000,0.12885255,1.0645831,0.1210356876254081,34.241596,0.0577070389059777,2,0.0408405843096431,45-60s
qcTFuJR2DBs.mp3,6248.118291666667,48000,0.0794771,1.1041958,0.071977362036705,23.269028,0.0394823699261069,177,0.028328528964643815,>60s
wKgFXj5T37o.mp3,17.867770833333335,48000,0.050317917,0.9425349,0.0533857308328151,25.104944,0.0438541239372016,0,0.0,10-25s
L_Lau5PI6y8.mp3,60.17452083333333,48000,0.16104104,1.0965884,0.1468564122915268,41.40654,0.0359866396834012,0,0.0,>60s
ig5rQo2vXbA.mp3,19.029333333333334,48000,0.10103661,0.8067983,0.1252315640449524,29.072256,0.0575285582983193,0,0.0,10-25s
C1ykP5OOJ8c.mp3,26.773333333333333,48000,0.042024545,0.45015022,0.0933567136526107,35.28665,0.0323533483920748,0,0.0,25-35s
tC_w_udvwWE.mp3,407.8933333333333,48000,0.07204361,0.9153186,0.0787087827920913,23.345669,0.0654080959204453,0,0.0,>60s
0GfXTO4kWag.mp3,748.8087083333334,48000,0.12122956,0.8674383,0.139755830168724,29.307579,0.0508917585753764,29,0.038728182080770626,>60s
PgcyBM-gBu4.mp3,82.15297916666667,48000,0.063373245,0.8237115,0.0769362151622772,25.153637,0.0617937609549467,0,0.0,>60s
QFH5KS7uHh4.mp3,519.25625,48000,0.10302558,1.1770211,0.0875307768583297,21.41134,0.0604753394548181,0,0.0,>60s
5HSLIOtSZzA.mp3,53.75420833333333,48000,0.08976737,1.0384288,0.0864453762769699,26.538343,0.0672452411954365,0,0.0,45-60s
HB5lAvY51nA.mp3,149.6061875,48000,0.077790864,1.0565037,0.0736304745078086,25.799866,0.0332642558908455,6,0.04010529310493926,>60s
EZtvP7K3pII.mp3,75.94666666666667,48000,0.076102115,0.93420345,0.0814620330929756,24.936163,0.0773402941124842,2,0.026334269662921347,>60s
w1ujX_5c_-Q.mp3,170.55058333333332,48000,0.017897377,0.39862284,0.0448980219662189,22.592052,0.053100448522514,0,0.0,>60s
QdhgFG906S8.mp3,55.2635,48000,0.08202579,1.0802729,0.075930617749691,24.131264,0.0556409725740687,2,0.036190252155581894,45-60s
g1xBrUIqtRA.mp3,21.083729166666668,48000,0.07066311,0.45283195,0.1560470908880233,45.491043,0.0383632970567779,0,0.0,10-25s
rpHvfjxaS7I.mp3,60.1396875,48000,0.092509694,0.9155341,0.10104451328516,29.153555,0.0258153491587604,2,0.03325590941921672,>60s
bof9r6Tekeg.mp3,104.25760416666668,48000,0.10990855,1.0757606,0.1021682247519493,28.430117,0.0515621503356777,1,0.00959162651005672,>60s
Xztb36_Nt-Y.mp3,531.4346666666667,48000,0.0595375,0.7332556,0.0811961069703102,28.970722,0.0486654495194237,18,0.033870579262173336,>60s
gLpaeyrmIps.mp3,37.4421875,48000,0.17461757,1.0897361,0.1602384001016616,30.27149,0.0642128088507547,0,0.0,35-45s
bhlN13chuhU.mp3,117.70195833333334,48000,0.035306748,0.4658242,0.0757941529154777,24.610262,0.0406072563859311,1,0.00849603536049917,>60s
xE4AtSa8IUo.mp3,209.81552083333327,48000,0.05168852,0.5203401,0.09933602809906,30.791433,0.0816937399518961,9,0.04289482476917968,>60s
ed5SnEyNHOQ.mp3,13.7694375,48000,0.034744482,0.90687305,0.0383123978972435,17.628822,0.0356577689291247,0,0.0,10-25s
pjXBdYA6YEA.mp3,215.2257708333333,48000,0.08949447,0.61004895,0.1467004716396331,45.93701,0.0716493326580929,0,0.0,>60s
ukLA6dKg39M.mp3,39.531979166666666,48000,0.15801379,1.0705079,0.1476063728332519,31.226538,0.0653020520720933,0,0.0,35-45s
5Hmn3fCCpbk.mp3,168.19375,48000,0.1126173,1.1573039,0.0973100438714027,24.68058,0.0319815703476758,5,0.02972762067556018,>60s
SEdosmxc1-U.mp3,14.7330625,48000,0.005588171,0.20173392,0.0277007017284631,19.595655,0.042618261577424,0,0.0,10-25s
EE3rnQITnPQ.mp3,51.31610416666667,48000,0.07176399,0.9992276,0.071819469332695,21.799238,0.0407889918610995,0,0.0,45-60s
nDDlfHNaEI4.mp3,24.82214583333333,48000,0.16000529,1.0864288,0.147276371717453,27.597254,0.0400818500322164,0,0.0,10-25s
XfwukDVkt24.mp3,23.835291666666667,48000,0.12206868,1.0170773,0.1200190782546997,24.514887,0.0429523647231543,0,0.0,10-25s
GfV1UqjSbAo.mp3,60.023583333333335,48000,0.20375638,1.0371444,0.196459025144577,46.28788,0.0396028368203624,0,0.0,>60s
d1l9aSvf5D8.mp3,88.66541666666667,48000,0.06355627,0.9658427,0.0658039525151252,26.826307,0.0486046891916275,5,0.056391772440400945,>60s
IW0n3Pf8Fwk.mp3,24.369354166666668,48000,0.11183889,0.95620406,0.1169613227248191,30.654915,0.0759863922319474,1,0.041035145747433804,10-25s
pZCgSAScUic.mp3,59.8610625,48000,0.02163207,0.33992264,0.0636382177472114,21.86328,0.0502829629866803,1,0.016705349992743614,45-60s
uAlJNLd-K3g.mp3,32.0,48000,0.08572546,0.9625128,0.0890642255544662,39.330627,0.0691136808563812,1,0.03125,25-35s
Iypgwl4Plpc.mp3,178.60266666666666,48000,0.033639755,0.51817703,0.064919427037239,35.92704,0.0514369377985965,1,0.005599020544672719,>60s
8GykAmqMpOA.mp3,47.57333333333333,48000,0.12145339,1.1125691,0.1091648042201995,24.876396,0.0494603403104685,0,0.0,45-60s
nyysE7CFF4A.mp3,65.410625,48000,0.040101655,0.4900784,0.0818270221352577,29.711517,0.0770490774804337,1,0.01528803615620551,>60s
MGvSgArbTkc.mp3,36.43297916666667,48000,0.053390004,0.69194186,0.0771596655249595,29.042986,0.0322382835370316,0,0.0,35-45s
nFp7Y5Gj418.mp3,359.552,48000,0.05153163,1.0330762,0.0498817339539527,24.590057,0.0500967958297487,0,0.0,>60s
GxPuEpBTJSc.mp3,96.87466666666668,48000,0.037388153,0.87455904,0.0427508614957332,20.80666,0.0554193574190796,2,0.020645232327681125,>60s
3PGS2Xf4I20.mp3,58.874208333333335,48000,0.096267,1.067468,0.0901825577020645,30.866892,0.0406944385473279,3,0.050956099197370666,45-60s
G7vq7Ib55Iw.mp3,1207.55375,48000,0.050954737,1.0287083,0.0495327338576316,22.520151,0.0497363637511704,16,0.013249927798245005,>60s
CN23owcVjS4.mp3,17.043458333333334,48000,0.055685285,0.44797015,0.1243057921528816,43.510727,0.0413459329044117,0,0.0,10-25s
xX1Pj_v0oyM.mp3,400.0333958333333,48000,0.097731024,1.0590779,0.0922793596982956,27.565376,0.0481641203063339,9,0.022498121641198396,>60s
-fnhnLcoA6w.mp3,31.857791666666667,48000,0.10467284,0.7557694,0.1384983956813812,48.91662,0.068001541837546,0,0.0,25-35s
tSOMyEKIkjE.mp3,56.0878125,48000,0.0851108,0.83029664,0.1025064960122108,26.422813,0.0509868127852253,0,0.0,45-60s
2Z4GqHVCc9s.mp3,42.260333333333335,48000,0.15266335,1.1848271,0.1288486272096634,27.965706,0.0407897240582407,0,0.0,35-45s
UgU3kgp73PM.mp3,36.5714375,48000,0.072579525,0.72978014,0.0994539633393287,58.653217,0.0454124346110382,0,0.0,35-45s
oGTCNtKw79Q.mp3,69.98497916666666,48000,0.037568573,0.44422856,0.0845703706145286,23.113096,0.0559276986579929,0,0.0,>60s
X8WW5wttb_o.mp3,89.64097916666667,48000,0.100560874,1.0646027,0.0944585874676704,32.029716,0.0693220513483162,4,0.044622448763783865,>60s
DQc_W4w2W_c.mp3,31.463041666666665,48000,0.07376321,0.97611535,0.0755681246519088,28.896944,0.074228515625,0,0.0,25-35s
BwItauYDlaA.mp3,27.75945833333333,48000,0.060520593,0.61371624,0.0986133143305778,28.492199,0.0417327587759316,0,0.0,25-35s
fdHXsREZYvo.mp3,78.57697916666666,48000,0.08209112,0.9425899,0.0870910286903381,24.318388,0.0464573064425817,0,0.0,>60s
0LX9A9fYKhA.mp3,143.38322916666667,48000,0.09136549,0.81390774,0.1122553348541259,29.79249,0.0534529035790002,2,0.013948632707073628,>60s
emmiYECTtwM.mp3,155.37066666666666,48000,0.045829054,0.34619018,0.1323811411857605,30.296736,0.0483754416553683,3,0.01930866401208293,>60s
vfrgNecfSgo.mp3,676.5866666666667,48000,0.0659871,1.0133802,0.0651158392429351,24.141632,0.0527737879053617,24,0.035472174050134,>60s
PhU9nYY1W60.mp3,180.00110416666666,48000,0.06985679,0.98292005,0.0710706785321235,25.563663,0.0706105436807448,9,0.049999693288918484,>60s
w3Bsv9g5FdI.mp3,54.5436875,48000,0.11427086,1.0327091,0.1106515452265739,29.47593,0.0315385385094837,2,0.03666785455237144,45-60s
OmJ59Ap_zUw.mp3,18.645333333333333,48000,0.018076638,0.2327428,0.0776678696274757,26.821888,0.0626610853523442,0,0.0,10-25s
Tpp_u4QmSZE.mp3,43.514208333333336,48000,0.031421714,0.80900735,0.0388398356735706,31.348236,0.0839694154028799,1,0.0229809995011208,35-45s
GT0nyH7b4AQ.mp3,25.425854166666667,48000,0.040168986,0.8239136,0.0487538836896419,26.894299,0.0530715020710989,1,0.03933004545078377,25-35s
vRLvD8TbR4M.mp3,23.80045833333333,48000,0.1238311,1.2855153,0.0963279828429222,25.60295,0.0547730367243503,0,0.0,10-25s
f6mvRjZNwqU.mp3,92.369,48000,0.09986173,1.0109898,0.0987762063741684,28.127998,0.0654216810407044,1,0.010826142970044063,>60s
1slbJpgoC8w.mp3,41.74933333333333,48000,0.1362349,0.95467055,0.1427035629749298,29.043512,0.0368746507822477,0,0.0,35-45s
Lsy9CG59DzY.mp3,95.31733333333334,48000,0.07051439,1.1787646,0.0598205849528312,16.919176,0.0384660396210976,0,0.0,>60s
C17a8qQfBig.mp3,68.91683333333333,48000,0.10880704,0.91996026,0.1182736307382583,33.221313,0.0259352086074137,0,0.0,>60s
Z5k0XQUGGzY.mp3,15.9985625,48000,0.11684075,0.7000351,0.1669069826602935,29.261303,0.0548717447916666,0,0.0,10-25s
6jHeW6hGqTM.mp3,45.68527083333333,48000,0.034371205,0.61276793,0.0560917146503925,29.373203,0.0259064953376721,1,0.02188889289171884,45-60s
JW8S7_VECkI.mp3,68.90522916666667,48000,0.024320608,0.45005572,0.0540391057729721,22.6035,0.0566685915731424,1,0.014512686658094102,>60s
gj2Q08hEMy0.mp3,77.03220833333333,48000,0.08753307,0.8817841,0.0992681458592414,27.380001,0.0429820692199183,0,0.0,>60s
ky5hHtd9_D0.mp3,99.0795625,48000,0.013941815,0.17054117,0.0817504376173019,34.118877,0.0611172110493594,1,0.010092898825628142,>60s
9A9Nu69C6cc.mp3,29.048166666666667,48000,0.088403404,1.026109,0.0861540138721466,21.690327,0.0452368199912812,0,0.0,25-35s
94AiPBsTQgY.mp3,37.767270833333335,48000,0.03883496,0.53252614,0.0729259252548217,26.143744,0.0464232605549279,0,0.0,35-45s
KC1WlFlNdo0.mp3,295.4275,48000,0.079934224,0.77606964,0.1029987782239914,24.272814,0.0531915403744087,10,0.03384925235463861,>60s
fLv9fHVhiOM.mp3,60.00097916666667,48000,0.12530957,0.9397078,0.1333495080471038,42.136337,0.0662922945642996,0,0.0,>60s
zyzADchyt-w.mp3,48.52970833333333,48000,0.02645272,0.4862505,0.0544014275074005,24.80492,0.0565702266483516,0,0.0,45-60s
nH3fPpwB4Ho.mp3,59.454708333333336,48000,0.12479096,1.0197111,0.1223787367343902,43.57735,0.0422128513802924,0,0.0,45-60s
Nnusm3rbpBo.mp3,113.44110416666666,48000,0.11417585,1.026432,0.1112356632947921,28.380892,0.0699158518239939,1,0.008815146920033578,>60s
3AVEJ0LvZ8Y.mp3,40.44916666666666,48000,0.18222119,1.108198,0.164430171251297,27.92657,0.0543763542627867,0,0.0,35-45s
SzwJ-zsyCo4.mp3,53.533625,48000,0.060531896,0.5782509,0.104681022465229,27.60574,0.0444140391512253,1,0.018679848413030126,45-60s
URMkpphW2Lw.mp3,76.30079166666667,48000,0.10902072,1.0537884,0.1034559831023216,27.12363,0.0341693130591277,2,0.026212047821696914,>60s
wQ2ZB9NZkqI.mp3,70.89066666666666,48000,0.11134091,1.0036681,0.1109339967370033,49.34172,0.0541933420387016,0,0.0,>60s
EIzxVZk-Ot8.mp3,39.7641875,48000,0.044474944,0.70014477,0.06352249532938,19.266394,0.0508496198531384,0,0.0,35-45s
ywr_HyGR4LI.mp3,65.9446875,48000,0.14876202,0.98263705,0.1513906121253967,32.502457,0.0460669628416626,0,0.0,>60s
c1MLGPtn2MA.mp3,22.20989583333333,48000,0.20617951,1.0571797,0.1950278878211975,44.15405,0.044199181243999,0,0.0,10-25s
uTMHCDtqq84.mp3,145.74933333333334,48000,0.056430034,0.8371713,0.0674055963754654,21.361818,0.0744141696967618,4,0.027444379391100702,>60s
sYAmL--4hkM.mp3,23.521833333333333,48000,0.17717245,1.0627487,0.1667115241289138,44.40589,0.0255207743087035,0,0.0,10-25s
fUX804Xzfcs.mp3,104.35047916666667,48000,0.092200704,1.037643,0.0888559073209762,28.061375,0.0508296638620566,2,0.019166179359901517,>60s
tbSO4mW2dp8.mp3,77.64754166666667,48000,0.111874335,1.037889,0.1077902689576149,30.032358,0.0613149789663461,0,0.0,>60s
p_SkqW0yFCA.mp3,958.1653333333334,48000,0.20011364,1.214398,0.1647842228412628,33.74517,0.0453334588756832,30,0.03130983657656855,>60s
E7a99GiGdyU.mp3,25.867041666666665,48000,0.07956942,0.7032421,0.1131465509533882,44.43641,0.0547174892441261,0,0.0,25-35s
IKxvJWpizNs.mp3,55.936875,48000,0.021324676,0.40607384,0.0525142811238765,21.994839,0.0454897521448999,0,0.0,45-60s
PZGtlnpNFL4.mp3,79.7025,48000,0.07647822,0.9052923,0.0844790413975715,47.6154,0.0716299380896226,0,0.0,>60s
VNjWTKwhRgo.mp3,74.69860416666667,48000,0.2129378,1.1101784,0.1918050348758697,29.087336,0.0403998174889333,0,0.0,>60s
Cm-W4i1IhBA.mp3,3816.5014166666665,48000,0.01879622,0.45479757,0.0413287617266178,26.56783,0.0444900725671328,208,0.05450017628492518,>60s
KVm1LxKW6GQ.mp3,28.970666666666663,48000,0.09980745,0.75456977,0.1322706639766693,31.875805,0.0643983124194884,0,0.0,25-35s
nQaOpR8ZYFU.mp3,71.84254166666666,48000,0.014877291,0.2946559,0.0504903905093669,25.249626,0.0451097646971496,0,0.0,>60s
w9wGY4jIhEY.mp3,35.967729166666665,48000,0.098824196,0.57718134,0.1712186187505722,35.249153,0.0360964665350682,0,0.0,35-45s
MOnf_XrerUw.mp3,32.28735416666667,48000,0.08531222,0.99579346,0.0856726020574569,24.12369,0.0812858427795672,0,0.0,25-35s
RKkwg1bOiVA.mp3,72.23729166666666,48000,0.062080566,0.94008166,0.0660374164581298,23.612242,0.0334134903753875,0,0.0,>60s
SX4p54uFHVo.mp3,791.8352916666666,48000,0.18427956,1.3050137,0.1412089169025421,29.550453,0.0689558036240486,4,0.005051555597605078,>60s
R4ZK4r_8Z6M.mp3,45.077333333333335,48000,0.09081751,0.64376765,0.1410718709230423,28.132208,0.0466477822997989,0,0.0,45-60s
VLno1jwi4-8.mp3,20.24533333333333,48000,0.12027726,0.767991,0.1566128581762313,45.212395,0.065444086525803,0,0.0,10-25s
qCoImQjHCm4.mp3,27.074479166666663,48000,0.1383214,0.95555615,0.1447548568248748,26.12415,0.0271445143265064,0,0.0,25-35s
blRxU_CnnC0.mp3,15.000979166666667,48000,0.09770708,0.64774466,0.1508419662714004,26.463346,0.0489787391169154,0,0.0,10-25s
loSmSgLSB0I.mp3,1296.9389583333334,48000,0.07834474,1.0397888,0.0753467753529548,27.549526,0.0597650925004009,19,0.014649879917568723,>60s
3T3jrTUQqgU.mp3,52.964729166666665,48000,0.08642361,0.9183964,0.0941027328372001,27.737148,0.0804250151026983,0,0.0,45-60s
IMaFRXUehhk.mp3,116.42497916666666,48000,0.06726346,0.9907508,0.0678914040327072,21.610126,0.0397670744102153,6,0.051535332391262685,>60s
YjOsLgeNFLs.mp3,77.60110416666667,48000,0.04586634,0.6247097,0.0734202414751052,34.57214,0.0514065667519928,3,0.038659243733913794,>60s
pkhTGn7KVeM.mp3,64.01741666666666,48000,0.05933811,0.54800475,0.1082802861928939,31.28807,0.0223468804669276,0,0.0,>60s
LB_oUNz4I8g.mp3,61.077354166666666,48000,0.05499366,0.60798204,0.0904527679085731,25.581596,0.0452681138958005,0,0.0,>60s
pcnx-bpXBo4.mp3,68.7426875,48000,0.14880039,1.0903614,0.1364688724279403,62.427475,0.0340258921644685,0,0.0,>60s
BJbtm8PYqPU.mp3,290.24,48000,0.031023586,0.4023547,0.0771050676703453,24.918367,0.0784059891622413,0,0.0,>60s
T9PfyS8pwZc.mp3,74.687,48000,0.18922892,1.2150697,0.155735045671463,31.154179,0.0682353172531062,0,0.0,>60s
GG1yUwZEIjM.mp3,45.48266666666667,48000,0.10675975,1.0048796,0.106241337954998,28.066809,0.0540921746776084,0,0.0,45-60s
gXZMzAhsQMM.mp3,99.0679375,48000,0.15052591,1.1236955,0.1339561343193054,31.036318,0.0574917526310831,0,0.0,>60s
X6tHDR1g6m8.mp3,61.26585416666666,48000,0.06722063,1.078711,0.0623156949877738,30.955067,0.0264889177837743,0,0.0,>60s
7S74emdG8RA.mp3,60.00097916666667,48000,0.052859634,0.91353494,0.0578627400100231,21.317905,0.0356719569298791,0,0.0,>60s
u5FklixlUWw.mp3,57.10933333333333,48000,0.051172927,0.4175864,0.122544527053833,31.399317,0.0476000816993464,0,0.0,45-60s
EvItBlTtD6I.mp3,395.7609791666667,48000,0.1351915,1.0464698,0.1291881501674652,28.725689,0.0549735623003867,0,0.0,>60s
RqtNqoLspMY.mp3,46.25416666666667,48000,0.20502068,1.1521764,0.1779420971870422,36.697113,0.0341704555280147,0,0.0,45-60s
DmIorrjfcCI.mp3,485.6917916666667,48000,0.18199173,1.3181328,0.138067826628685,29.158792,0.0572629063927504,0,0.0,>60s
Id7t59yP0rs.mp3,57.70160416666667,48000,0.053770043,0.83284044,0.0645622387528419,48.536835,0.0449351425311922,0,0.0,45-60s
rsKMknV4YNY.mp3,13.2934375,48000,0.10183265,1.0116144,0.1006634980440139,58.356255,0.0498802594977947,0,0.0,10-25s
y7a8AtX53Sk.mp3,625.6500833333333,48000,0.08658082,1.0695679,0.0809493437409401,32.932453,0.0657601087663029,17,0.027171737769821017,>60s
IHcbUbWgJHA.mp3,15.146666666666668,48000,0.11111423,1.0347028,0.1073875799775123,39.587795,0.0608887749604152,0,0.0,10-25s
sjDdbf452H4.mp3,32.71691666666667,48000,0.07398342,0.89766073,0.0824180245399475,41.820713,0.0445510486269556,0,0.0,25-35s
OwBxGug9ZEc.mp3,20.712979166666667,48000,0.18344872,1.0688791,0.1716271787881851,36.945778,0.057687839936277,0,0.0,10-25s
UU6eDtjvPuQ.mp3,14.0713125,48000,0.13258518,1.0613532,0.1249208822846412,64.74731,0.0220558860085227,0,0.0,10-25s
7NAC-bbswFc.mp3,78.66920833333333,48000,0.071314335,0.95233995,0.0748832747340202,23.7276,0.0680222914689533,0,0.0,>60s
97dTg1iT3-A.mp3,51.98947916666667,48000,0.20208572,1.1011038,0.1835301220417022,30.911768,0.0491029647435897,0,0.0,45-60s
X3uzi_thtC8.mp3,43.8160625,48000,0.112058505,1.081016,0.1036603599786758,24.292442,0.045745819894109,0,0.0,35-45s
v9tqSJu4Rzk.mp3,21.223041666666667,48000,0.0293781,0.48024258,0.0611734576523304,33.387848,0.0487736534233668,0,0.0,10-25s
6ueuLBpobMw.mp3,14.721458333333333,48000,0.17784359,0.7547645,0.2356279194355011,34.81851,0.0627375995655322,0,0.0,10-25s
LKordmcle8U.mp3,617.6043541666667,48000,0.1123068,1.0992138,0.1021701171994209,26.576942,0.0593347609227388,13,0.02104907439899917,>60s
bNkj32Onztw.mp3,146.00708333333333,48000,0.16881296,1.0922592,0.154553934931755,43.50781,0.0483997686897326,0,0.0,>60s
gN_rk0SAbyc.mp3,175.5893125,48000,0.063628644,1.0068957,0.0631928890943527,21.067713,0.035971811976066,8,0.04556085951985261,>60s
5WSNmzAsgzE.mp3,3176.706875,48000,0.09687218,1.0577474,0.0915834754705429,28.63489,0.0584441867431384,68,0.021405815102156694,>60s
R3guBxkBhfI.mp3,19.969166666666663,48000,0.11247311,1.0347402,0.1086969524621963,26.135506,0.0645104778430325,0,0.0,10-25s
OUw10VftKSI.mp3,49.5146875,48000,0.07576725,0.7294022,0.1038758158683776,32.545715,0.0673435859425479,2,0.04039205538760595,45-60s
WdosslqkWJQ.mp3,18.715291666666666,48000,0.04295135,0.46391317,0.0925848856568336,28.924742,0.0284405048076923,0,0.0,10-25s
GW5N0At5Fu0.mp3,19.609270833333333,48000,0.17748965,0.6846311,0.2592485845088959,33.016605,0.0263286878908374,1,0.05099628683286498,10-25s
7eE5fHK5rns.mp3,60.128083333333336,48000,0.14083564,0.7811135,0.1803011298179626,34.68151,0.0207445916659276,0,0.0,>60s
H1KPdofIUFo.mp3,92.1251875,48000,0.16242833,1.0414225,0.1559677571058273,47.11168,0.0543092897924626,0,0.0,>60s
zHyYSuTn1x8.mp3,28.223875,48000,0.08316975,0.83006173,0.1001970693469047,31.091251,0.0484040621456916,0,0.0,25-35s
EVPEMXL5VOE.mp3,733.6344791666667,48000,0.07131605,0.9947201,0.0716945901513099,30.406616,0.0310291201597689,24,0.0327138386778952,>60s
4_WE4TsU1ys.mp3,10.517333333333331,48000,0.27378953,1.2409687,0.2206256538629531,38.900284,0.0505665447695035,0,0.0,10-25s
m4R6ZAOGzKw.mp3,24.798916666666667,48000,0.056166146,0.66049963,0.0850358456373214,44.740864,0.0488079637096774,0,0.0,10-25s
Ca1eM4VTCXs.mp3,58.073125,48000,0.10982602,0.90401864,0.1214864552021026,49.711388,0.024975339330808,1,0.017219669167106127,45-60s
2d5K3RN36a0.mp3,52.40745833333333,48000,0.2225129,1.0810516,0.2058300524950027,31.374271,0.0373362260569291,0,0.0,45-60s
zIQSdBjm9F0.mp3,112.05952083333334,48000,0.03640389,0.5028809,0.0723906829953193,31.2375,0.0990981343993908,2,0.017847657968969987,>60s
remRTXYFVYE.mp3,61.277479166666666,48000,0.13295263,1.0380658,0.1280772686004638,32.006504,0.0452375367167101,0,0.0,>60s
uppuaWwl4ps.mp3,111.25333333333332,48000,0.030633755,0.33063817,0.0926503911614418,29.709034,0.0490788425127025,2,0.017976989453499525,>60s
lK6r3JId-c4.mp3,166.67285416666667,48000,0.0364261,0.6379728,0.0570966377854347,29.945374,0.0548721131847561,2,0.011999554516538573,>60s
jcgQktcdxz0.mp3,128.91720833333332,48000,0.05959705,0.9673404,0.0616091787815094,21.42183,0.0601000043309407,0,0.0,>60s
IYzYW9LaO8M.mp3,641.04,48000,0.033925045,0.41703779,0.0813476517796516,30.94215,0.0500655813603406,36,0.056158742044178214,>60s
vl6fALJmcBw.mp3,17.4381875,48000,0.045527663,1.0164335,0.0447915829718112,22.462181,0.03652015242737,0,0.0,10-25s
oHPQQ7kFxNo.mp3,1271.68,48000,0.093073666,1.04907,0.0887201651930809,33.166016,0.0536069543707169,26,0.02044539506794162,>60s
eUHs96bq7q8.mp3,508.0758333333333,48000,0.18911546,1.3483436,0.1402576118707656,26.8443,0.0533315720915646,2,0.0039364202522261275,>60s
WzIpaYJTVxo.mp3,60.672,48000,0.20282596,1.2273687,0.1652526706457138,32.29159,0.0618387732905607,0,0.0,>60s
kuNV12b3mqI.mp3,53.359458333333336,48000,0.03985128,0.5288126,0.075359933078289,101.24466,0.0315531384294423,0,0.0,45-60s
APw_bgoPlfU.mp3,51.42060416666666,48000,0.12221643,1.0477136,0.1166506111621856,28.942245,0.0623233639286455,0,0.0,45-60s
VpZaFgFdhxA.mp3,18.192979166666667,48000,0.069792554,0.9953991,0.0701151490211486,23.054163,0.0507984228458382,0,0.0,10-25s
w9LnBmC_oXs.mp3,767.048,48000,0.067527466,1.1139268,0.0606211014091968,23.21743,0.0505911753656429,38,0.04954057633942074,>60s
h8gtvfMaT10.mp3,10.716020833333332,48000,0.09834095,0.84933794,0.1157854199409484,50.149025,0.061172166511194,0,0.0,10-25s
6etl5rawJls.mp3,17.426583333333333,48000,0.03020589,0.95738095,0.031550545245409,20.575844,0.0232262302057833,0,0.0,10-25s
71ERWt7oM0Q.mp3,15.000979166666667,48000,0.17456286,1.0413041,0.1676386892795562,39.74974,0.0492764969793887,0,0.0,10-25s
aoavp4m8jVs.mp3,481.7908541666667,48000,0.085514784,1.1042193,0.0774436593055725,22.32626,0.0499787122866299,2,0.004151178841821967,>60s
fxzjKhB6QA8.mp3,36.3856875,48000,0.15300362,1.0414991,0.1469071060419082,36.039406,0.0346922969482708,0,0.0,35-45s
TMxnQD64pPk.mp3,57.84097916666666,48000,0.13927765,1.0584588,0.1315853297710418,40.264977,0.0335610298439516,0,0.0,45-60s
MUV6xJX2Dxo.mp3,74.71020833333333,48000,0.2741036,1.1939764,0.229572057723999,49.014122,0.041811303867773,0,0.0,>60s
jBt9zFmrkIs.mp3,54.381145833333335,48000,0.057619166,0.7729466,0.0745448246598243,29.737076,0.0587905372070504,1,0.018388726178458756,45-60s
D4X2y2yzVeg.mp3,49.77197916666667,48000,0.09852377,1.1286398,0.0872942581772804,49.70833,0.0328524246035997,0,0.0,45-60s
p0VBAGovUtc.mp3,37.709208333333336,48000,0.10183709,0.9858239,0.103301502764225,27.483665,0.0404407622048218,0,0.0,35-45s
r9uUJfXjBnM.mp3,14.373166666666666,48000,0.06876091,0.5248515,0.1310102194547653,32.579887,0.0523710618740727,0,0.0,10-25s
w22lrhGXy_I.mp3,26.27339583333333,48000,0.14842215,1.1298223,0.1313676983118057,28.604752,0.0448180359679383,0,0.0,25-35s
NXZ3G4J4Zzs.mp3,77.11347916666666,48000,0.15914835,0.6821642,0.2332991808652877,32.39056,0.0414744607970262,0,0.0,>60s
9v2f_-WM3vc.mp3,49.74877083333333,48000,0.06728256,0.71085095,0.0946507230401039,27.318104,0.0505292575109884,0,0.0,45-60s
8fYwlIhtXpQ.mp3,52.373333333333335,48000,0.04625421,1.0038817,0.0460753589868545,19.805265,0.035077106877418,3,0.05728105906313646,45-60s
UYV3vV4HPBM.mp3,58.28210416666667,48000,0.027606742,0.19818139,0.1393003761768341,27.701447,0.054784369852672,0,0.0,45-60s
8fHgmtOXwRA.mp3,37.17516666666667,48000,0.18222815,1.0575478,0.1723119765520095,57.57305,0.0445034882834911,0,0.0,35-45s
5tRxmLrr-Z8.mp3,170.4576875,48000,0.16964981,1.1741359,0.1444890648126602,29.852047,0.045363928258557,6,0.035199351158626976,>60s
B94mxR-pvmc.mp3,736.8746666666667,48000,0.1922604,1.4697212,0.1308141946792602,30.838093,0.0947042628409847,11,0.014927911757042354,>60s
_4mJgWFHY9o.mp3,26.1456875,48000,0.049586065,0.3126994,0.1585742235183715,45.873905,0.059817041891823,0,0.0,25-35s
1wZ-QiFR9Y4.mp3,12.16,48000,0.11585364,0.83761585,0.1383135765790939,41.280746,0.0435152312938212,0,0.0,10-25s
SavYdsVi92A.mp3,50.90977083333333,48000,0.12865353,1.1245081,0.1144087091088295,31.703304,0.0571513101037083,0,0.0,45-60s
H3F7gB3f9b8.mp3,435.211625,48000,0.034226798,0.93422717,0.0366364829242229,18.498066,0.0390799480187858,7,0.01608412918657676,>60s
vkuxy6Ji97M.mp3,90.139875,48000,0.057642672,0.82853216,0.0695720389485359,24.555088,0.0535969994305407,0,0.0,>60s
qdkqA3JwKN0.mp3,57.237208333333335,48000,0.09406484,1.0103701,0.0930993854999542,28.842638,0.0415684219798266,0,0.0,45-60s
u3a90ZFFGJc.mp3,25.99475,48000,0.070588574,0.6182128,0.11418167501688,32.36298,0.0491724053399302,0,0.0,25-35s
ZaeYO7GpFpM.mp3,150.05895833333332,48000,0.17330198,1.0495487,0.165120467543602,32.986805,0.0711924404941715,2,0.013328094651685518,>60s
akJ_BVvX1Ww.mp3,159.99710416666667,48000,0.031027637,0.43392247,0.0715050250291824,28.493126,0.0676191080729166,5,0.031250565602684736,>60s
SdU4GXJ7wc4.mp3,21.504,48000,0.01849918,0.24561465,0.0753179043531417,34.545135,0.034094232229177,0,0.0,10-25s
Z-aw_5ldRfU.mp3,59.94233333333333,48000,0.06942967,1.010818,0.068686619400978,24.424515,0.0590564008285142,0,0.0,45-60s
oL6y3bIJIyQ.mp3,36.455333333333336,48000,0.06722165,0.9410635,0.0714315772056579,23.938526,0.0302071523917495,0,0.0,35-45s
XsYvEOO6ydE.mp3,32.983958333333334,48000,0.121366546,1.0995903,0.1103743314743042,26.8505,0.0501319448654219,0,0.0,25-35s
rHMDsk-DgRw.mp3,37.1519375,48000,0.041141402,0.63871855,0.0644124150276184,28.52152,0.0584926731176428,0,0.0,35-45s
8bjy5XMGWWU.mp3,56.19229166666667,48000,0.043942686,0.6601238,0.066567339003086,35.03209,0.0637002692636173,2,0.03559207038331918,45-60s
js6bztDDoZE.mp3,940.7786666666668,48000,0.08432697,1.0564517,0.0798209384083747,22.88282,0.0558507851385786,2,0.0021258985464523003,>60s
LzJVsqFXUK8.mp3,41.737875,48000,0.142073,0.7795656,0.1822463870048523,33.65164,0.0684288798955405,0,0.0,35-45s
FsivcAXU0sI.mp3,13.973333333333333,48000,0.17865677,0.9767102,0.1829168647527694,32.299084,0.0380743915665522,0,0.0,10-25s
-bzogo1I4zM.mp3,29.768,48000,0.04216437,0.79675245,0.052920289337635,20.052471,0.0392124308603547,1,0.03359312012899758,25-35s
_pUCXhXcWAs.mp3,51.6411875,48000,0.03863541,0.5512383,0.0700884014368057,35.181156,0.0307501218182052,1,0.019364388164001843,45-60s
Kni9aI6QFlk.mp3,700.3733333333333,48000,0.09140172,0.698323,0.1308874487876892,29.553154,0.0514882802981412,13,0.01856152908924764,>60s
j76wxPkyuX4.mp3,124.87691666666667,48000,0.21761157,1.0819519,0.2011286914348602,37.663807,0.0646118122357576,2,0.01601577019505206,>60s
3lINX7FwSxs.mp3,1399.803375,48000,0.09473796,1.1673214,0.0811584144830703,24.639051,0.0640449849491263,5,0.0035719302362733625,>60s
fnUnjsHzacU.mp3,177.00572916666667,48000,0.07915317,1.0535603,0.0751292333006858,27.384779,0.0487691016684242,10,0.05649534649007948,>60s
TK1t5dRov9E.mp3,646.5480416666667,48000,0.09234368,1.129465,0.0817587822675705,25.379732,0.0521360625097955,15,0.023200132137641487,>60s
xkl7tAGRQ4I.mp3,75.91764583333334,48000,0.053890582,1.0577103,0.0509502291679382,25.855167,0.0848983074380092,2,0.026344336393026763,>60s
_Oa7f8RV21c.mp3,57.37652083333333,48000,0.17185925,1.1009907,0.1560951024293899,52.967354,0.040634166618262,1,0.017428731918144508,45-60s
yQRcOSR8-ks.mp3,39.38135416666667,48000,0.017902002,0.19323368,0.0926443114876747,29.06621,0.0570629294442187,0,0.0,35-45s
NyGChFqBOWI.mp3,63.378875,48000,0.13870345,1.0668364,0.1300138086080551,30.707014,0.0482155136370329,0,0.0,>60s
LXqZ75CNc_g.mp3,73.11964583333334,48000,0.07266679,0.89407265,0.0812761560082435,27.300049,0.0348124943016046,0,0.0,>60s
JMooxIHj_pI.mp3,63.2279375,48000,0.05360859,0.93282497,0.0574690774083137,26.450844,0.0840214408843623,0,0.0,>60s
DG2aramdjgs.mp3,69.05614583333333,48000,0.14362672,1.1902713,0.1206672191619873,27.209793,0.055612557311776,0,0.0,>60s
gc0ltzXqkHE.mp3,60.1396875,48000,0.08658777,0.9367757,0.0924317017197609,24.445887,0.0546822180074038,0,0.0,>60s
n8SeuvA_ccQ.mp3,50.15510416666667,48000,0.1400844,1.1058629,0.1266742944717407,184.70549,0.0408535567390495,0,0.0,45-60s
o3ZBJsShDlw.mp3,21.768979166666668,48000,0.057467207,0.83795595,0.068580225110054,20.92361,0.0257724461048505,1,0.04593692668562203,10-25s
q4CMFIeqP3M.mp3,107.4735625,48000,0.036081266,0.78350943,0.04605083912611,23.985859,0.0404154500018608,3,0.027913841601742755,>60s
_IdPS2l8QRE.mp3,63.30920833333333,48000,0.04798242,0.5143797,0.0932821109890937,45.30694,0.1044631505590886,0,0.0,>60s
wjOXrXPc1fU.mp3,257.4293333333333,48000,0.08470862,1.1114895,0.0762118026614189,24.961838,0.0430683079876217,0,0.0,>60s
P_ItMhJ-mdk.mp3,22.61625,48000,0.16646402,1.1465055,0.1451925188302993,42.19712,0.0693799081359028,0,0.0,10-25s
lgRkYmN_PlE.mp3,42.24870833333333,48000,0.12503098,1.0562975,0.1183671951293945,58.80175,0.040019338945342,0,0.0,35-45s
HoLivGAxzw0.mp3,217.408,48000,0.053710625,1.0404174,0.0516241118311882,18.27229,0.0531224032435117,11,0.05059611421842803,>60s
GAIRHO5S9yA.mp3,33.785041666666665,48000,0.100505754,0.6007297,0.1673061102628708,42.217903,0.0350790312795928,0,0.0,25-35s
eyO0fddN9F0.mp3,138.57697916666666,48000,0.11265462,0.58083254,0.1939536929130554,36.06987,0.0405884540726985,1,0.00721620579416224,>60s
gIDdKoiSZRw.mp3,28.955291666666668,48000,0.08280674,0.97246605,0.0851512923836708,35.571983,0.0636947154120626,0,0.0,25-35s
VjSc1mYy78c.mp3,23.12708333333333,48000,0.0639001,1.0411683,0.0613734535872936,24.756947,0.0485636111831489,0,0.0,10-25s
o7y5X_zV0C0.mp3,10.9714375,48000,0.10104266,1.0583433,0.095472477376461,40.99096,0.0683769322461127,0,0.0,10-25s
hX6t3x2YDVU.mp3,1004.48,48000,0.05829667,0.5459639,0.1067775189876556,29.068338,0.0607265576882745,8,0.00796431984708506,>60s
TJ89rozsN3I.mp3,97.51297916666668,48000,0.016321454,0.24982372,0.0653318837285041,28.730347,0.0622987482224896,4,0.04102018043324574,>60s
S_xPvNNmW34.mp3,74.002,48000,0.04831879,0.68200934,0.0708476901054382,55.600376,0.057385433369667,0,0.0,>60s
2yeDNf1ts4o.mp3,35.84,48000,0.10062911,0.55827355,0.1802505403757095,34.760597,0.0694828141271199,0,0.0,35-45s
SCQxWScnL-E.mp3,380.6098958333333,48000,0.09407066,0.9430759,0.0997487679123878,36.5801,0.0774373996151879,14,0.03678306884099123,>60s
vVWqGo-uf3o.mp3,20.619333333333334,48000,0.33177745,1.1898928,0.2788296937942505,59.912422,0.0609803697808945,0,0.0,10-25s
nu8AljnOUoQ.mp3,35.59620833333334,48000,0.08191123,0.84648156,0.0967667028307914,33.230328,0.0542729436601258,0,0.0,35-45s
z0t8iJlKs5c.mp3,190.22933333333333,48000,0.028656619,0.4935542,0.0580617450177669,21.140461,0.0605322553090832,1,0.005256812829426937,>60s
GDM26cZ5uM4.mp3,1275.9253333333334,48000,0.049392845,0.9209412,0.0536330081522464,27.109581,0.0534111943114701,41,0.0321335417746493,>60s
eXcQz6LhnbA.mp3,22.762666666666668,48000,0.017648552,0.20614584,0.0856119692325592,42.298016,0.0470017015515222,0,0.0,10-25s
jMXxXBu-mbk.mp3,42.3764375,48000,0.060831174,0.9106201,0.0668019205331802,177.53381,0.0452040531399446,0,0.0,35-45s
sIUon1pkvlE.mp3,34.330708333333334,48000,0.098727494,0.92950845,0.106214739382267,65.9088,0.0382209391503572,0,0.0,25-35s
cW7QT5IXows.mp3,1041.728,48000,0.05117755,1.0340557,0.049492061138153,22.785912,0.0671807314678409,23,0.022078700006143637,>60s
KJA6XvSvG_8.mp3,559.0784583333333,48000,0.18877833,1.1034347,0.171082466840744,29.797184,0.0507721297774688,1,0.0017886577189561127,>60s
aNpciQ4E3jg.mp3,12.821333333333332,48000,0.013555561,0.17073902,0.0793934538960456,69.07155,0.0048844360453034,0,0.0,10-25s
BxL0bwa8JDE.mp3,57.12110416666667,48000,0.041579958,0.30493903,0.1363549828529358,31.282326,0.1006760087985436,0,0.0,45-60s
LEpTeHhEkpc.mp3,26.27339583333333,48000,0.09935512,0.9156889,0.1085031405091285,38.364567,0.0634618982092126,1,0.038061315192887614,25-35s
t-XueGt8lhI.mp3,10.176,48000,0.05478754,0.90640974,0.0604445599019527,59.06017,0.0259724721858638,0,0.0,10-25s
nqV1SKJo9-4.mp3,113.68491666666668,48000,0.053325623,0.9357152,0.0569891594350338,21.968689,0.0480559827418371,1,0.008796241659147101,>60s
RZbka0W7ifk.mp3,75.36097916666667,48000,0.08363494,1.0331272,0.0809531882405281,23.280869,0.0630105323910274,0,0.0,>60s
kBDcYTeIIPA.mp3,77.9261875,48000,0.078608006,0.90957975,0.0864223316311836,28.49041,0.0514636140244319,3,0.038497969633122374,>60s
-RHrS3C7UNU.mp3,128.22060416666667,48000,0.09708115,0.93948233,0.1033347249031066,29.04048,0.0414302639651443,0,0.0,>60s
AH0wKYf_pVA.mp3,105.84816666666669,48000,0.048492946,0.63413846,0.076470598578453,29.119844,0.0667812189042976,0,0.0,>60s
mdk_BbfKj1g.mp3,484.7397916666667,48000,0.054904897,0.97903746,0.0560804866254329,25.478668,0.0699266670219496,13,0.026818512165676513,>60s
UMl2iXKwXkI.mp3,44.501333333333335,48000,0.02911213,0.28140557,0.1034525707364082,33.111607,0.0580501231877546,1,0.0224712368168744,35-45s
VDkmHfHLWco.mp3,71.37814583333333,48000,0.062202074,0.74369717,0.0836389809846878,26.40905,0.0611089967498505,0,0.0,>60s
kkoVCxcRVfs.mp3,113.56897916666668,48000,0.163599,1.0495346,0.1558776646852493,44.95451,0.0389590474737039,0,0.0,>60s
U33PfB8mkSs.mp3,44.443,48000,0.28668875,1.2122537,0.2364923655986786,33.31505,0.0621358103851691,0,0.0,35-45s
p9CewPX219U.mp3,111.59510416666669,48000,0.080496185,0.9598438,0.0838638395071029,30.514744,0.0547022469057631,0,0.0,>60s
pj7iWqLxtFs.mp3,86.34341666666667,48000,0.07350184,1.0285625,0.0714607387781143,25.01462,0.0411719715101914,0,0.0,>60s
DZjkA07DKZg.mp3,17.7284375,48000,0.074444786,0.9958056,0.0747583508491516,28.420828,0.0345719567423331,0,0.0,10-25s
2WUN0CScV4s.mp3,13.630125,48000,0.057968292,0.9602306,0.06036913767457,30.781647,0.0564025974422926,0,0.0,10-25s
-M_p1NWabjQ.mp3,62.25066666666667,48000,0.0605075,0.80100465,0.075539506971836,24.847155,0.035739895413954,1,0.016064084989718987,>60s
4mdtz-9WTZ4.mp3,30.9754375,48000,0.028453313,0.23136005,0.1229828298091888,170.65732,0.0411790579803719,0,0.0,25-35s
sDsF62Swpwg.mp3,39.9499375,48000,0.07213211,0.8927245,0.0807999670505523,31.899755,0.0488998160537907,0,0.0,35-45s
Tv5cq8V64Xk.mp3,60.181333333333335,48000,0.08819259,0.91982925,0.0958793088793754,22.675982,0.0540791169646021,0,0.0,>60s
u_DZnR-epf0.mp3,42.32997916666667,48000,0.123879634,0.9474194,0.1307547986507415,30.220001,0.0289965740347064,0,0.0,35-45s
WdE-vi0NoN0.mp3,50.10866666666666,48000,0.05135196,0.9502421,0.0540409237146377,26.039488,0.0604373287170072,0,0.0,45-60s
iPw5tmfaj6k.mp3,78.08870833333333,48000,0.06022892,0.7118341,0.0846109017729759,27.174793,0.0430773977470632,1,0.012805948790077952,>60s
KOqJDdlkyFw.mp3,22.02414583333333,48000,0.15945636,1.0622044,0.1501183360815048,30.702084,0.024145212242736,1,0.04540471206318067,10-25s
D-GbtI_UgQY.mp3,175.04,48000,0.039332263,0.4568001,0.0861038863658905,30.01237,0.0333009240657942,2,0.011425959780621572,>60s
FuwidnO8zNM.mp3,20.503229166666667,48000,0.11956288,1.0855117,0.1101442575454711,183.35162,0.054791605726729,0,0.0,10-25s
Mp1_F8PWDdM.mp3,771.6906666666666,48000,0.16240855,1.4161606,0.1146822944283485,26.55587,0.057635180752139,0,0.0,>60s
E5Tabukj9iU.mp3,59.65208333333333,48000,0.03573019,0.6913656,0.051680602133274,35.11034,0.0565161320512247,0,0.0,45-60s
F06SKi-4UWQ.mp3,26.325333333333333,48000,0.17864434,1.0491326,0.1702781319618225,42.05255,0.0314056408844673,0,0.0,25-35s
mlyAl9Qzf3w.mp3,220.171625,48000,0.034932893,0.96021414,0.0363803133368492,22.45483,0.0707447431586692,0,0.0,>60s
nk_4DZIEfYY.mp3,13.815875,48000,0.26889747,1.1108203,0.2420710921287536,41.469326,0.0369974772135416,0,0.0,10-25s
d96ApTpokXA.mp3,43.42133333333334,48000,0.066235825,0.576694,0.1148543655872345,28.538054,0.0484444326102309,0,0.0,35-45s
gOQChfBY1EA.mp3,49.504958333333335,48000,0.04517451,0.6149767,0.073457270860672,24.509537,0.046830715983143,0,0.0,45-60s
xsvjBI3xzJ8.mp3,40.30985416666667,48000,0.03296241,0.51202023,0.0643771663308143,26.144112,0.059584392567791,0,0.0,35-45s
6iFojANMgvM.mp3,15.168,48000,0.1689443,1.0827117,0.1560381203889846,38.981407,0.048995231794624,0,0.0,10-25s
lyDRORLR4EM.mp3,15.522541666666667,48000,0.25499445,1.0428796,0.2445099651813507,39.42451,0.0366257887620192,0,0.0,10-25s
RVXYoJ2ySqg.mp3,117.26079166666666,48000,0.015314588,0.20412596,0.0750251859426498,29.458132,0.08297414712002,1,0.008527999732789343,>60s
V-KoXlZmN8c.mp3,359.4453541666667,48000,0.0885469,0.77586085,0.1141273006796836,34.639477,0.0589131128010104,17,0.047295088955628804,>60s
Z_WQkj9ekSA.mp3,89.81479166666666,48000,0.042089526,0.81220984,0.0518210008740425,27.272572,0.0623996880937537,2,0.02226804697630077,>60s
XJjhFiM4AEA.mp3,931.84,48000,0.045580354,0.62044173,0.0734643563628196,26.53559,0.0541120769708451,10,0.010731456043956044,>60s
xmc7Ilb7KjM.mp3,64.3425,48000,0.100031294,1.0191977,0.0981470942497253,26.452759,0.0187079785140063,3,0.04662548082527101,>60s
ANpbbS6m3Qg.mp3,103.31720833333334,48000,0.088804305,0.961282,0.0923811122775077,24.223108,0.0527384582935422,0,0.0,>60s
O08aLjy5eDY.mp3,67.41914583333333,48000,0.22577295,1.1324258,0.1993710696697235,43.095417,0.0905325656788878,0,0.0,>60s
Xm1Laykqmo8.mp3,36.11864583333333,48000,0.059633773,0.77223164,0.0772226527333259,28.599636,0.0671081813275022,1,0.02768653079117146,35-45s
wEi8E5_vQHE.mp3,29.5241875,48000,0.1610684,1.0289359,0.1565387994050979,30.407413,0.0440800837698699,0,0.0,25-35s
QON6N0B0L6s.mp3,27.17895833333333,48000,0.04541507,0.3444602,0.1318441778421402,56.924343,0.0359040922910945,0,0.0,25-35s
OsC4o9N_tsQ.mp3,380.4473541666667,48000,0.13142039,1.1061845,0.1188051253557205,27.27245,0.0615614135615555,0,0.0,>60s
4PdvaABm-XY.mp3,47.2061875,48000,0.07008548,1.0192592,0.0687611922621727,34.36253,0.0463668609495029,0,0.0,45-60s
5m-hwR4LCMg.mp3,13.1425,48000,0.050528847,0.65313953,0.077363021671772,30.25204,0.0391310098590835,0,0.0,10-25s
xzmogxyvxQ8.mp3,32.11320833333333,48000,0.121434025,0.6173698,0.1966957747936248,37.01435,0.0621466407028395,0,0.0,25-35s
fxikllMoHoA.mp3,29.500958333333333,48000,0.07446728,0.6059815,0.1228870451450347,26.380243,0.0450865772437635,0,0.0,25-35s
2nMU-c6otaY.mp3,634.4852708333333,48000,0.020727366,0.5966827,0.0347376689314842,55.71568,0.0706284713174352,2,0.003152161432168786,>60s
6v_sXgu8geE.mp3,117.8180625,48000,0.09884949,1.0809872,0.0914437174797058,24.70478,0.0483214989447537,0,0.0,>60s
0w3h5VaBw6c.mp3,21.362375,48000,0.084753945,0.6803863,0.1245673894882202,81.28075,0.0824549308849226,0,0.0,10-25s
mXoiLy_NzSI.mp3,111.7228125,48000,0.05051249,0.99441576,0.0507961474359035,22.715866,0.0254093171986873,0,0.0,>60s
MYrg8u7-tis.mp3,487.5029583333333,48000,0.09580149,1.1568112,0.0828151404857635,22.592247,0.0500039465056395,0,0.0,>60s
8bXCSF5HtkU.mp3,115.91402083333334,48000,0.1788851,1.2240007,0.1461478769779205,49.80782,0.0574394795452976,5,0.043135420236946456,>60s
oMbu5wJIqcQ.mp3,82.53533333333333,48000,0.041799977,0.6115303,0.0683530792593956,41.9152,0.0348600504410054,0,0.0,>60s
mGUDWqu64AM.mp3,41.4011875,48000,0.2485218,1.1917957,0.2085271924734115,36.29373,0.0509218729875064,0,0.0,35-45s
buiW3D5VW-M.mp3,92.33066666666669,48000,0.04820836,0.7586726,0.0635430365800857,20.23837,0.0469687982810153,0,0.0,>60s
4hwnuiol_6U.mp3,63.1815,48000,0.08164946,1.0076561,0.0810290947556495,23.615993,0.042340677224004,0,0.0,>60s
nbbGzqip1Ec.mp3,31.28889583333333,48000,0.08993883,0.99640274,0.0902635306119918,50.11619,0.0452453987730061,0,0.0,25-35s
ns9dtIC0FP0.mp3,52.0359375,48000,0.09327753,1.0547467,0.08843594789505,26.459663,0.0528293491558208,0,0.0,45-60s
GNLompasp94.mp3,40.9135625,48000,0.12411585,0.90397525,0.137300044298172,32.0144,0.0558990383048748,0,0.0,35-45s
I7pKazmlhnM.mp3,11.5055,48000,0.21090859,1.188451,0.1774651110172271,30.08503,0.0653400863067655,0,0.0,10-25s
55vwCo2fEuc.mp3,49.7139375,48000,0.07582611,0.66866434,0.113399364054203,34.262848,0.0534411833230529,0,0.0,45-60s
_qI5EEfqTJk.mp3,289.9626666666667,48000,0.022715038,0.23650062,0.0960464179515838,26.170116,0.0858056452030071,0,0.0,>60s
z-Md2w9VWZQ.mp3,33.053625,48000,0.05704088,0.6459254,0.0883087739348411,26.08279,0.04053411886899,0,0.0,25-35s
XrUDiEEzyno.mp3,30.023416666666662,48000,0.06153567,1.0514462,0.0585247948765754,177.51385,0.0430114204040852,0,0.0,25-35s
5I6zr0eg-XI.mp3,51.4554375,48000,0.077022664,0.98454094,0.0782320573925972,27.839758,0.0358392769226782,0,0.0,45-60s
N5Gq1IXHyOw.mp3,10.936604166666667,48000,0.1726875,0.8040747,0.2147654891014099,42.00888,0.0108492667214912,0,0.0,10-25s
ErkrUvuJJ0g.mp3,32.833020833333336,48000,0.18317299,1.047573,0.1748546361923217,37.452843,0.040769026317392,0,0.0,25-35s
OLIXcKrhUhI.mp3,149.41866666666667,48000,0.04074618,0.5866616,0.0694543123245239,49.8711,0.0586308703891248,0,0.0,>60s
3aYS7rjSF3g.mp3,45.18604166666667,48000,0.16834912,1.0151181,0.1658418923616409,31.157446,0.0560984103950318,0,0.0,45-60s
sMElajK9uJU.mp3,32.98133333333333,48000,0.065143354,0.82871306,0.0786078497767448,45.03633,0.029207680397268,1,0.030320181112548514,25-35s
6f38C1R1xdk.mp3,160.64,48000,0.047721244,0.94029963,0.0507511049509048,23.386591,0.0618763966639831,5,0.03112549800796813,>60s
QUT0iuhYr9A.mp3,108.30933333333331,48000,0.05439538,0.659263,0.0825093761086463,25.99427,0.0800586514494091,4,0.03693125861729368,>60s
yn9CORP1jBo.mp3,60.290625,48000,0.1777455,1.0317743,0.1722716987133026,41.236015,0.0421517232277109,0,0.0,>60s
iidJss1_yYA.mp3,303.168,48000,0.06500077,0.84119,0.0772724077105522,28.053215,0.0630916993664901,3,0.009895503483217227,>60s
CIgr4ju14PU.mp3,719.0826666666667,48000,0.18081686,1.2259578,0.1474902927875518,34.840523,0.0504454393959059,9,0.012515946242620228,>60s
ymqI5FLpImI.mp3,45.37179166666667,48000,0.0642485,0.89916176,0.0714537724852562,26.21498,0.0441384900608251,2,0.0440802517717047,45-60s
GAfRmmGEvgc.mp3,1092.3943958333334,48000,0.0536118,0.77734244,0.0689680576324462,29.93723,0.057031809741229,40,0.03661681179670094,>60s
6SDxpIbIYIs.mp3,99.7065,48000,0.04286341,0.48966956,0.0875353813171386,29.77293,0.091620690505322,0,0.0,>60s
dHhKrpG98EM.mp3,10.170354166666666,48000,0.10772543,0.79905164,0.1348166018724441,35.693085,0.073693105509696,0,0.0,10-25s
xWQEZTYMJPs.mp3,13.6765625,48000,0.15815154,1.0231903,0.1545670926570892,185.82849,0.0405878556118472,0,0.0,10-25s
qZFpmZWhMtA.mp3,487.29397916666665,48000,0.0429393,0.4850936,0.0885175615549087,21.800114,0.0456734929420037,2,0.004104298607219094,>60s
WzvOA-RTqDY.mp3,608.03775,48000,0.010141902,0.15116951,0.0670896023511886,29.769558,0.0464412139663444,20,0.032892694573651064,>60s
TeVDeLrxlNA.mp3,54.683,48000,0.08019682,0.98289514,0.0815924480557441,26.853067,0.0334607416922664,2,0.0365744381251943,45-60s
uvDBQznaX1c.mp3,58.45625,48000,0.09001235,0.7594544,0.1185223832726478,29.836544,0.0443582268575533,0,0.0,45-60s
jWuYA-qbGA4.mp3,68.87039583333333,48000,0.033580974,0.8388898,0.0400302559137344,19.398243,0.0577078564203577,0,0.0,>60s
pdoT9YuhZ-U.mp3,42.144979166666666,48000,0.055294923,0.9934703,0.0556583553552627,45.906693,0.0338575849648912,0,0.0,35-45s
2ffj4xLesGU.mp3,49.446895833333336,48000,0.103557445,0.9802579,0.105643056333065,55.016342,0.0349510791900345,0,0.0,45-60s
n5Rh3x82ZIE.mp3,82.70933333333333,48000,0.081059836,0.8177633,0.0991238355636596,31.52952,0.0341963728038362,0,0.0,>60s
_w2aDQl8sN4.mp3,16.4861875,48000,0.021014243,0.368501,0.0570262856781482,42.343864,0.0637731317715071,0,0.0,10-25s
_p0j_1bN2II.mp3,18.053520833333334,48000,0.2207199,1.145298,0.1927183121442794,34.675045,0.0580630722090962,0,0.0,10-25s
5IQQ7nFZZ08.mp3,124.87691666666667,48000,0.10388961,0.8613805,0.1206082627177238,27.229671,0.0595097986552997,0,0.0,>60s
o8JTumOEPJ4.mp3,42.02666666666666,48000,0.072737835,0.57258725,0.1270336210727691,30.522749,0.0359784358348135,1,0.023794416243654828,35-45s
HFOA6sU8yvk.mp3,53.162104166666666,48000,0.0613558,0.6055298,0.1013258174061775,26.368492,0.0598480567503511,0,0.0,45-60s
ZT9heVNg_2s.mp3,83.9053125,48000,0.10522291,0.48659292,0.2162442356348037,40.143322,0.0528912183607156,1,0.011918196478917828,>60s
UUZ516bWiZs.mp3,18.645625,48000,0.09980337,0.76608807,0.1302766352891922,52.961357,0.0570493406946826,0,0.0,10-25s
shcXiR3xzLE.mp3,57.99185416666667,48000,0.07106149,0.9398657,0.0756081342697143,33.09745,0.0476101609918153,0,0.0,45-60s
uQQS3zkhu3M.mp3,83.456,48000,0.055707473,0.6452321,0.086337111890316,33.429466,0.076124263678115,2,0.02396472392638037,>60s
6Kw2J40JSDw.mp3,60.30222916666666,48000,0.076488525,0.6755509,0.1132239326834678,28.883034,0.0262509465091085,0,0.0,>60s
MktTrDVEneY.mp3,10.922666666666666,48000,0.1119122,0.3108392,0.3600324392318725,53.852028,0.0812819169207317,0,0.0,10-25s
hKicZW32LRw.mp3,61.9740625,48000,0.21041976,1.0889177,0.1932375133037567,32.672638,0.0602179930842367,1,0.016135782610668777,>60s
tx7Nz71N_No.mp3,14.605354166666666,48000,0.11196116,0.83025974,0.1348507702350616,25.473694,0.057318872604927,0,0.0,10-25s
Y2FXCcqM38g.mp3,82.77914583333333,48000,0.04686773,0.8127717,0.0576640777289867,21.87416,0.0668981803045677,3,0.036241011788647456,>60s
2d7Nq5zpunE.mp3,76.09179166666667,48000,0.028898224,0.57798016,0.0499986447393894,23.117233,0.0725949102668559,1,0.013142021998649658,>60s
TLf0F38J2aM.mp3,35.81679166666667,48000,0.27852055,1.1550696,0.2411288022994995,49.924984,0.0271218568530375,0,0.0,35-45s
ExMfBqUDWXE.mp3,140.87547916666668,48000,0.050073106,0.75736517,0.0661148801445961,23.33453,0.0556640625,3,0.021295402278282697,>60s
cPkJrWxi1rc.mp3,27.5853125,48000,0.07047912,0.6807252,0.1035353392362594,32.0845,0.0787907007996714,0,0.0,25-35s
kNJ9kzAzO5Y.mp3,59.129625,48000,0.053519834,1.1274605,0.0474693663418293,19.847198,0.0330984052297528,0,0.0,45-60s
x-RNGpeQEEI.mp3,60.17452083333333,48000,0.06801446,0.74212116,0.0916487276554107,36.90886,0.0718458000542804,0,0.0,>60s
PJajqgRb7L0.mp3,575.8506666666667,48000,0.18305928,1.4147844,0.1293902248144149,24.730413,0.0616366736725971,3,0.0052096839921461115,>60s
U9OHEEnpOTQ.mp3,56.45933333333333,48000,0.057796847,0.81558096,0.0708658620715141,21.311054,0.0382890344611824,3,0.053135590218328234,45-60s
K7ppGrNxoio.mp3,31.872,48000,0.13200708,0.9416971,0.1401799768209457,29.71083,0.0380189601455336,0,0.0,25-35s
1i8oxo-OIJM.mp3,45.128,48000,0.033459466,0.37874842,0.0883421972393989,32.673637,0.0542100668798747,0,0.0,45-60s
fw5tZJTUK0U.mp3,64.70241666666666,48000,0.09421396,0.5511122,0.1709524244070053,34.105434,0.0538366703243488,0,0.0,>60s
l_KrNTv0VxM.mp3,357.0,48000,0.14387637,1.242284,0.1158160045742988,36.511013,0.0643729289370387,3,0.008403361344537815,>60s
1NCBpkt6rU4.mp3,129.05652083333334,48000,0.15225549,1.3524853,0.1125745996832847,23.363209,0.0502582241089876,1,0.00774854299141865,>60s
VuD8Oi2sOPQ.mp3,40.948395833333336,48000,0.23554678,1.2376785,0.190313383936882,44.8778,0.0659435338792654,0,0.0,35-45s
6poWLr0o13s.mp3,61.02204166666667,48000,0.3080317,1.1889933,0.2590693235397339,44.436344,0.0410446436374759,0,0.0,>60s
sKEtrOIUVEk.mp3,113.0811875,48000,0.04490145,0.77451676,0.0579735040664672,20.968796,0.0488507382893557,6,0.05305922348931824,>60s
WQS7P33k_Tg.mp3,48.193020833333335,48000,0.281789,1.1069812,0.254556268453598,36.149616,0.0333411057825293,0,0.0,45-60s
FyLHwF4af_Q.mp3,27.144979166666666,48000,0.08525621,0.74321187,0.1147131994366645,45.265305,0.047335845407662,0,0.0,25-35s
vXYC5nGihs0.mp3,1029.1083958333334,48000,0.045284405,0.96142656,0.0471012629568576,19.841005,0.0376723466457078,50,0.0485857468488651,>60s
Bi6u1erIgs4.mp3,152.21333333333334,48000,0.015758686,0.22656588,0.0695545375347137,24.188366,0.0548296972444117,2,0.013139453398738612,>60s
meNkwrgv-XM.mp3,63.90133333333333,48000,0.096808344,1.0161207,0.0952724888920784,39.770874,0.0325924270520363,0,0.0,>60s
FAc0sSq4EvM.mp3,76.04535416666667,48000,0.09294469,0.9415958,0.0987097546458244,42.27203,0.0567401302813814,0,0.0,>60s
lp3aYnHrdeI.mp3,17.298875,48000,0.07942116,0.5330245,0.1490009576082229,28.630774,0.0556797163995067,0,0.0,10-25s
lLbgkvVln7c.mp3,29.290666666666667,48000,0.10311175,0.56253403,0.1832986921072006,31.86443,0.0398202513537495,0,0.0,25-35s
TbLBhigl5Ew.mp3,42.3764375,48000,0.057712745,0.9077077,0.0635807588696479,20.748262,0.0447403518672917,0,0.0,35-45s
SkyqA_sKDQk.mp3,16.5790625,48000,0.10783526,1.048733,0.1028243228793144,36.403843,0.0550128114951768,0,0.0,10-25s
bn5IIwSBiow.mp3,32.35702083333333,48000,0.18091644,1.0487928,0.1724996864795684,186.69495,0.0344124016356295,0,0.0,25-35s
xuRxRUJ7ugw.mp3,51.339333333333336,48000,0.05433508,0.7744609,0.0701585859060287,26.81162,0.0476087404575197,1,0.019478242802789283,45-60s
a_mgpdfzFBc.mp3,632.5812291666666,48000,0.07168832,1.0535554,0.0680441856384277,22.418064,0.0429167808363544,32,0.05058638879018798,>60s
YPuWl62tus0.mp3,75.90604166666667,48000,0.066543356,0.8998021,0.0739533230662345,21.14691,0.0407138881814669,1,0.013174181897027301,>60s
kiIFkBYTBf0.mp3,13.839104166666669,48000,0.03894785,0.39776617,0.0979164466261863,62.187317,0.0451675203437981,0,0.0,10-25s
XzhYRVUT1u4.mp3,42.24870833333333,48000,0.03285569,0.54198146,0.0606214255094528,28.05177,0.0476270837935496,0,0.0,35-45s
7MkiKDLAzNA.mp3,70.98341666666667,48000,0.059917748,0.6930553,0.0864545032382011,26.595818,0.039685856498873,0,0.0,>60s
aaUyUkPsHDE.mp3,25.01952083333333,48000,0.21222483,1.0390292,0.2042529881000518,187.85211,0.0306607739903026,0,0.0,25-35s
BD_H6fRoSsM.mp3,76.324,48000,0.08331411,0.86848634,0.0959302484989166,33.78069,0.0507884145516,0,0.0,>60s
wysNAyRwlAA.mp3,1199.68,48000,0.07964399,1.0925962,0.0728942602872848,25.644188,0.0533919099492869,17,0.014170445452120565,>60s
naE51yD_qlw.mp3,585.9555625,48000,0.025630668,0.41940176,0.0611124448478221,23.404839,0.0504179144945525,2,0.003413228114887978,>60s
vw1Acx_dw9M.mp3,33.81333333333333,48000,0.0914017,0.72746015,0.1256449669599533,60.737244,0.0699852853496531,0,0.0,25-35s
4qe6HeqV16s.mp3,172.62877083333333,48000,0.081598595,0.98253393,0.0830491334199905,27.250896,0.0471127746250154,3,0.017378331465363838,>60s
WVHL3pxl4G8.mp3,30.61552083333333,48000,0.039385207,0.5054882,0.07791518419981,40.38849,0.0323842207092476,1,0.03266317125368737,25-35s
nzL_Fa-2KhU.mp3,59.001916666666666,48000,0.06565093,0.89023536,0.0737455934286117,25.373741,0.0444930842710592,1,0.016948601952196468,45-60s
7II1WJlauFA.mp3,150.09379166666668,48000,0.11588065,1.1690071,0.0991274192929267,25.613317,0.061147129217151,5,0.03331250376500693,>60s
FLkZw6PLoLo.mp3,22.732354166666667,48000,0.078699246,0.75882053,0.1037125959992408,49.59206,0.0385648287259615,0,0.0,10-25s
Hn1PilMRwCA.mp3,1740.0105416666668,48000,0.018198421,0.43768704,0.0415786169469356,23.741066,0.0596151457979567,49,0.028160748930328557,>60s
GAFpLG9Or80.mp3,33.99402083333333,48000,0.087617174,1.0231591,0.0856339633464813,30.397293,0.0578736615547536,2,0.05883387581026811,25-35s
0LBfvQbqLok.mp3,54.381145833333335,48000,0.10260591,1.0549588,0.0972605794668197,27.498037,0.0296481234065503,1,0.018388726178458756,45-60s
GO0ziRWD0wU.mp3,50.03902083333333,48000,0.08447425,1.0745605,0.0786128342151641,22.957573,0.0361042982070545,0,0.0,45-60s
f2SOPaGgRZ4.mp3,154.192125,48000,0.066906504,0.56313974,0.118809774518013,26.529701,0.0702447094307726,0,0.0,>60s
jhAk2t9J9HY.mp3,79.9463125,48000,0.104949825,0.61370003,0.171011596918106,48.09828,0.0233506582513342,0,0.0,>60s
XCfwmsCAh0A.mp3,32.68266666666667,48000,0.019059971,0.21131404,0.0901973694562912,28.914213,0.0568964748164763,0,0.0,25-35s
6b-QZZnAXF8.mp3,27.608541666666667,48000,0.23841311,0.85146505,0.2800033986568451,29.05878,0.0523609501738122,0,0.0,25-35s
8vKoEAQTMYc.mp3,73.6653125,48000,0.0480314,0.71173966,0.0674845054745674,32.029556,0.0333763245167945,0,0.0,>60s
PPVbJL3Vjcs.mp3,1043.1680833333332,48000,0.068138815,1.0520617,0.0647669434547424,31.257608,0.0553542022683234,57,0.05464124229899992,>60s
MDy_fuzY5BQ.mp3,61.12,48000,0.11486138,0.85544837,0.1342703849077224,30.053064,0.0429464275977141,3,0.04908376963350786,>60s
zr8oHI1cnG4.mp3,168.81066666666666,48000,0.075353175,0.99819124,0.0754897147417068,23.68993,0.0561537320520313,0,0.0,>60s
0r4jHtvhviQ.mp3,293.7092083333333,48000,0.09537674,0.6012346,0.1586348116397857,33.240826,0.1216337036629321,2,0.006809456235128254,>60s
V5nyMs_Yy88.mp3,49.73714583333334,48000,0.049764197,0.9817886,0.0506872832775116,24.391766,0.0500146390132425,0,0.0,45-60s
XOyCoLx9Xtk.mp3,90.90133333333333,48000,0.08697884,1.0511725,0.0827445909380912,23.820068,0.0626555418976592,0,0.0,>60s
rnfO2ZJlOs8.mp3,10.274833333333332,48000,0.34253752,1.1038213,0.310319721698761,56.316063,0.0423847372601141,0,0.0,10-25s
eQXpzkyvoYk.mp3,30.847729166666667,48000,0.07604189,1.0587062,0.0718253031373024,24.312042,0.029552496650242,1,0.032417297059278406,25-35s
bkswvQHam0k.mp3,18.5063125,48000,0.0920042,1.0248774,0.0897709354758262,181.03137,0.0423327179394812,0,0.0,10-25s
tzok1PbWdLs.mp3,802.9866666666667,48000,0.07902286,1.1684047,0.0676331222057342,22.212927,0.0420746130539246,5,0.006226753453772583,>60s
_R-Bl0HV1sU.mp3,89.00210416666667,48000,0.061758604,0.42692962,0.1446575820446014,31.86757,0.0724369096618827,3,0.03370706825517468,>60s
g8nOoW7K7_U.mp3,26.644916666666667,48000,0.16931449,0.96266955,0.1758801788091659,28.482637,0.0467796111889511,0,0.0,25-35s
AjLEf9ppKJQ.mp3,62.206270833333335,48000,0.028834287,0.6369021,0.0452727153897285,24.62215,0.0624504350994513,1,0.016075549725191825,>60s
kLnOd31bSus.mp3,34.57452083333333,48000,0.038117353,0.55989623,0.0680793151259422,36.674774,0.0238747240804287,0,0.0,25-35s
YgfwpTQvLpg.mp3,31.521104166666667,48000,0.2631447,1.0719175,0.2454896867275238,40.211685,0.0365229749873139,0,0.0,25-35s
Ec5OZt3u66w.mp3,31.67202083333333,48000,0.09277601,1.0252603,0.0904901921749115,24.448143,0.0794795283564814,0,0.0,25-35s
Mhikxu7aAeE.mp3,197.950125,48000,0.094189845,1.1805189,0.0797868221998214,25.280245,0.0622529651548523,0,0.0,>60s
E5SPHy_jUGg.mp3,1228.864,48000,0.070446745,1.0268843,0.0686024129390716,21.761044,0.0392375203912848,18,0.014647674600281236,>60s
XZWmHPr-Oj4.mp3,37.14033333333333,48000,0.085674405,1.0160921,0.0843175649642944,26.770512,0.0813237890849368,0,0.0,35-45s
vuXBCIJPq7A.mp3,47.49697916666667,48000,0.11530369,1.0505302,0.1097576171159744,26.219795,0.0491692529965753,0,0.0,45-60s
JCrgaoFy0-4.mp3,14.805333333333332,48000,0.081958495,0.86239344,0.095036081969738,37.74339,0.075666720099892,0,0.0,10-25s
ua18IVP886Q.mp3,615.085,48000,0.04592929,0.88380855,0.0519674643874168,25.120642,0.0899100170434839,7,0.011380540900851102,>60s
Tt20KJIRE2k.mp3,81.33952083333334,48000,0.049182054,1.02298,0.0480772405862808,22.651808,0.0427287071982363,0,0.0,>60s
sxkmlGRMtEI.mp3,127.75620833333332,48000,0.05351128,0.47555387,0.1125241219997406,26.375296,0.0483504833731633,0,0.0,>60s
oZq5O_zf4_Y.mp3,31.613979166666667,48000,0.080290355,0.78914446,0.1017435416579246,25.297016,0.079366295282979,0,0.0,25-35s
PY-_lZCtzwA.mp3,37.604729166666665,48000,0.022507181,0.35015014,0.0642786622047424,34.39696,0.0295635879005955,0,0.0,35-45s
ExqDKTmAIRc.mp3,1404.1803333333332,48000,0.038049623,0.44435242,0.0856293812394142,27.144411,0.0471333726721904,8,0.005697273925642505,>60s
mmPEaPDSR2Q.mp3,48.959291666666665,48000,0.097144,1.0767022,0.0902236476540565,46.111633,0.0629603034790305,0,0.0,45-60s
TEORVjzXufc.mp3,29.675104166666667,48000,0.02890225,0.40946683,0.0705850794911384,25.131903,0.0279730941766978,0,0.0,25-35s
ExDFV4xCS1Y.mp3,10.15875,48000,0.08998455,0.48647815,0.1849714070558548,50.79298,0.0144532274724554,0,0.0,10-25s
1lwKn503WVw.mp3,275.516375,48000,0.038942464,0.26972425,0.1443787962198257,173.564,0.0560079009690766,0,0.0,>60s
zPFbJpY8TB4.mp3,717.4826666666667,48000,0.082949355,0.91780317,0.0903781503438949,25.353893,0.0772328386907195,1,0.001393761893434824,>60s
1Kkv4AY9Wgk.mp3,87.6586875,48000,0.074707925,0.88991827,0.0839492008090019,25.61226,0.0746677025984,5,0.05703941209477954,>60s
nAaSL4GO0lg.mp3,27.562104166666668,48000,0.10833411,0.8230149,0.1316307932138443,32.285748,0.0181903661958204,0,0.0,25-35s
Z9cW-LELLjI.mp3,307.977875,48000,0.07262932,0.8295956,0.0875478535890579,43.510376,0.0392167652846084,1,0.0032469864921303195,>60s
3ubAzCh4wR0.mp3,310.880375,48000,0.021863885,0.1289699,0.1695270538330078,31.739416,0.0711059695959565,2,0.006433342728694277,>60s
HthZGPocHIk.mp3,29.26877083333333,48000,0.21065795,1.0681949,0.1972092986106872,188.1167,0.0563594718021137,0,0.0,25-35s
IGk57dFp6m0.mp3,31.9146875,48000,0.06076656,0.7283422,0.0834313333034515,28.739023,0.0657510754259939,1,0.03133353569575137,25-35s
IkqI6CPS90s.mp3,136.52172916666666,48000,0.1963367,1.1050439,0.1776732206344604,29.967558,0.0700961516158489,0,0.0,>60s
KRyaxwPHM3M.mp3,11.4590625,48000,0.19058833,1.0349517,0.1841519027948379,31.290922,0.0203129542151162,0,0.0,10-25s
VDLpCeFmurk.mp3,43.35166666666667,48000,0.081464015,0.9902419,0.0822667852044105,36.68965,0.0368018719249692,0,0.0,35-45s
y-fqSWR08Ts.mp3,48.13497916666667,48000,0.065173745,0.9271818,0.0702923089265823,21.615719,0.0495107233616773,0,0.0,45-60s
S955JCkL3Ho.mp3,85.08954166666666,48000,0.06650003,0.5257719,0.126480758190155,29.299269,0.0567965102273439,1,0.0117523256138509,>60s
DO6O5gokkl0.mp3,432.9825,48000,0.05025675,0.7725442,0.0650535598397255,22.29713,0.0654231559128113,17,0.03926255680079449,>60s
qcZvWP0XnXo.mp3,59.05995833333333,48000,0.012465687,0.16547862,0.0753310993313789,27.635216,0.0585573295274968,1,0.01693194557226096,45-60s
LSyeeQYPeSY.mp3,72.53914583333334,48000,0.02238335,0.42288184,0.0529305078089237,27.276924,0.0503275741848625,4,0.05514263993665489,>60s
UMk-wnS8wXM.mp3,16.323645833333334,48000,0.37779105,1.1252881,0.3357282876968384,49.27712,0.0202934917945787,0,0.0,10-25s
GYivMkoS03o.mp3,60.09325,48000,0.055317484,0.6877647,0.0804308280348777,29.848362,0.0331892582978345,2,0.033281608167306645,>60s
O5ot5C8YROc.mp3,18.346666666666668,48000,0.08552092,0.58180004,0.1469936668872833,27.189789,0.0288352633824811,0,0.0,10-25s
-eIkc4W4nyg.mp3,60.032,48000,0.021143341,0.6574544,0.0321594066917896,18.174889,0.0512337060312666,3,0.04997334754797442,>60s
Z72IEwpwCwM.mp3,11.2616875,48000,0.03486412,0.37093598,0.0939895883202552,32.24939,0.0265512177438446,0,0.0,10-25s
JnuXh8klMvY.mp3,1536.704,48000,0.035795417,0.31753662,0.1127284690737724,29.86929,0.0692801535863088,58,0.03774311773770355,>60s
qy07zxsSoWc.mp3,22.9065,48000,0.09860508,1.1142225,0.0884967595338821,24.874313,0.0475901456296554,0,0.0,10-25s
uoQ7FF2cmYo.mp3,19.072020833333333,48000,0.012457375,0.19311157,0.0645086988806724,35.00495,0.0618184805582727,0,0.0,10-25s
J4D4CuDk-zk.mp3,30.18595833333333,48000,0.086140595,0.9180453,0.0938304439187049,26.677036,0.0672189018330388,1,0.03312798583226473,25-35s
aJjTu6NruA0.mp3,51.85016666666667,48000,0.05750529,1.012789,0.0567791424691677,22.105064,0.0524320243391277,3,0.05785902327539931,45-60s
Cy5cBKy00HM.mp3,739.1376041666666,48000,0.1818826,1.2547688,0.1449530720710754,38.37382,0.0517129902612923,12,0.016235136640800844,>60s
LmucOA-qz3U.mp3,41.30133333333333,48000,0.37526777,1.225131,0.3063082695007324,37.72759,0.0419212083252646,0,0.0,35-45s
mowvEK-EmwQ.mp3,178.340875,48000,0.06451671,0.9837613,0.0655816718935966,25.208893,0.0552799498635616,8,0.044857916055419146,>60s
NoloaZlWDVo.mp3,45.4530625,48000,0.1262377,0.87915725,0.1435894519090652,31.347733,0.060273405421457,0,0.0,45-60s
MuA0T0CAZNw.mp3,40.286625,48000,0.01788271,0.27656102,0.0646609961986541,27.173613,0.041483092566852,0,0.0,35-45s
7RJfmNz8Ma0.mp3,212.60191666666665,48000,0.087381996,1.0341938,0.0844928696751594,25.909348,0.0515970363689669,2,0.009407252913602613,>60s
8wlRn0nxomc.mp3,54.27664583333333,48000,0.036117423,0.5254437,0.0687370002269744,32.10614,0.0620872301164275,0,0.0,45-60s
UAUWlO8B2-k.mp3,77.85697916666666,48000,0.020478854,0.66460484,0.0308135785162448,23.647362,0.0773755886130137,2,0.02568812740240853,>60s
31V2pVvNd58.mp3,716.707125,48000,0.05755929,1.0008454,0.0575106665492057,19.038876,0.033939296623854,4,0.005581080277386666,>60s
byen8T3fNqs.mp3,175.47320833333333,48000,0.0861284,0.9707347,0.0887249633669853,27.72252,0.0646863578771807,5,0.028494378415318388,>60s
_BBvFAvxHsM.mp3,109.04091666666666,48000,0.058392774,0.59114826,0.098778560757637,31.039558,0.0468053615315954,0,0.0,>60s
tJO7Y-UlJXA.mp3,18.709333333333333,48000,0.116814576,1.0682731,0.1093489825725555,44.711044,0.0614708533653846,0,0.0,10-25s
mrLEcISVIhU.mp3,64.47020833333333,48000,0.059228636,1.0709807,0.0553031787276268,21.442478,0.063921144799421,0,0.0,>60s
zbu0JP93kAE.mp3,69.20708333333333,48000,0.063490085,1.0007793,0.0634406507015228,25.310833,0.0571205537736939,1,0.01444938800821207,>60s
X3YS7fkq26o.mp3,23.936,48000,0.0824887,0.50214386,0.1642730385065078,32.403873,0.0388162931514476,0,0.0,10-25s
m8XtyJ0D9TM.mp3,58.31691666666666,48000,0.18001993,1.16324,0.1547573506832122,67.941696,0.0550318329370885,0,0.0,45-60s
Uiz9wEh4aIs.mp3,47.07845833333333,48000,0.17407699,1.1868474,0.1466717422008514,27.685526,0.0416063413287267,2,0.042482274713399534,45-60s
1aelf5KBpu0.mp3,26.752,48000,0.15885463,1.1673415,0.1360824108123779,31.689518,0.0689737647593662,0,0.0,25-35s
6Djxmc-mrNM.mp3,31.914666666666665,48000,0.06533216,0.942633,0.0693081617355346,31.344328,0.0363272766663882,0,0.0,25-35s
fBWuAqDfE3M.mp3,47.1016875,48000,0.16879927,0.78570473,0.2148380428552627,33.481743,0.0409539264181385,0,0.0,45-60s
H-9xuqrM_-o.mp3,60.16291666666667,48000,0.08331373,0.9432273,0.0883283764123916,24.143208,0.047614563020741,1,0.016621534583180393,>60s
PFuO-ivUGHk.mp3,180.01270833333334,48000,0.05130048,0.9324537,0.0550166517496109,23.250916,0.0381152164373111,0,0.0,>60s
fZunwKCDklI.mp3,73.65370833333333,48000,0.08719776,1.1877644,0.0734133422374725,21.830383,0.0439830683916159,1,0.013577048903964443,>60s
MOZv3V4fNv0.mp3,50.13189583333333,48000,0.09559328,0.9403037,0.1016621366143226,25.982685,0.0892217627992021,0,0.0,45-60s
SfihUfJeoXo.mp3,3223.7424166666665,48000,0.16511537,1.1260439,0.1466331481933593,32.73315,0.0485258108791103,19,0.005893771134371804,>60s
wTdU0Twa6Yw.mp3,23.616,48000,0.06881234,0.81016004,0.08493672311306,43.22682,0.0485219296698645,0,0.0,10-25s
n3eZ-8JuNlQ.mp3,110.07420833333332,48000,0.12803191,0.9821336,0.1303609907627105,33.69424,0.0507975733557412,0,0.0,>60s
XTwqhPp7aV8.mp3,678.4174166666667,48000,0.039210293,0.9812031,0.0399614460766315,23.47268,0.070752353871537,17,0.025058318938107057,>60s
9eAnv3Sodxc.mp3,205.97333333333333,48000,0.04278233,0.29539177,0.144832506775856,37.103836,0.0727778259881026,9,0.04369497669601243,>60s
LMHlT_tUzfM.mp3,71.0530625,48000,0.06754947,1.0012333,0.0674662590026855,28.28888,0.0649487355992945,1,0.014073988717938794,>60s
yvNNydemYQk.mp3,19.539604166666667,48000,0.18804194,1.0483779,0.1793646663427353,29.489399,0.0479288559293122,0,0.0,10-25s
7mzeDQPTUYk.mp3,29.593833333333333,48000,0.07353938,0.68758726,0.1069528013467788,29.450043,0.0488471283783783,0,0.0,25-35s
4vPYqFOzOWE.mp3,99.0795625,48000,0.013941408,0.17054117,0.0817480534315109,34.120594,0.0611161071731348,1,0.010092898825628142,>60s
b_HhdN1VErA.mp3,61.02204166666667,48000,0.090359226,0.71833056,0.1257905960083007,30.389534,0.0546534457754326,0,0.0,>60s
Xlxt_FVjq6Q.mp3,26.1340625,48000,0.09412592,1.048025,0.0898126661777496,29.842997,0.0613401577162382,1,0.03826423848186634,25-35s
SnKBSSVuX6M.mp3,12.770979166666669,48000,0.23994555,1.1611681,0.2066415250301361,35.586426,0.084519120409015,0,0.0,10-25s
mpEb88kyJOM.mp3,13.212166666666668,48000,0.03240644,0.7057742,0.0459161549806594,24.1245,0.0716725150070621,0,0.0,10-25s
iklzYqbDjmw.mp3,95.25333333333332,48000,0.07949866,0.6346755,0.1252587586641311,30.977535,0.0668651173755738,0,0.0,>60s
-swyIbASKeo.mp3,42.49252083333333,48000,0.19675916,1.1700857,0.1681579202413559,28.379036,0.0376200848315135,0,0.0,35-45s
CA0oFC2K51I.mp3,55.77433333333333,48000,0.09796929,1.1572872,0.0846542567014694,25.241518,0.0374862545419774,0,0.0,45-60s
ujZbcAyJeq4.mp3,814.6953333333333,48000,0.09889194,0.95181704,0.1038980633020401,26.976738,0.0423507236929318,14,0.017184338030658497,>60s
iDv72TdLcIk.mp3,14.954666666666666,48000,0.017042229,0.08839093,0.1928051710128784,62.44525,0.0852410988729508,0,0.0,10-25s
PeeF3_cJwzc.mp3,161.20454166666667,48000,0.06229595,0.9956025,0.062571108341217,24.030046,0.0468144535127042,2,0.012406598345941969,>60s
p02qVoZxsOw.mp3,20.038833333333333,48000,0.08045268,0.9713889,0.0828223228454589,34.19989,0.0500611715839542,0,0.0,10-25s
W_nR3T5QySk.mp3,50.94458333333333,48000,0.02807965,0.3217176,0.0872804298996925,33.885113,0.0690710983292338,3,0.05888751666434934,45-60s
1txMWdj70gQ.mp3,46.89270833333333,48000,0.10103857,0.99405825,0.1016425043344497,22.98874,0.0471230828547873,0,0.0,45-60s
5XAX7HN-nkM.mp3,108.14695833333332,48000,0.07984504,0.97676575,0.0817443057894706,25.928246,0.0606811415080382,0,0.0,>60s
GtQ9ReUi3_8.mp3,112.38458333333334,48000,0.075676516,0.9610572,0.0787429884076118,32.49036,0.0587088114352994,4,0.03559207038331918,>60s
F8UbGGA1Vu0.mp3,56.43610416666667,48000,0.14289118,1.5513744,0.0921061858534812,24.051273,0.0454252910307597,0,0.0,45-60s
3s0G1aBP0UA.mp3,28.56533333333333,48000,0.1445119,1.1365191,0.127153068780899,29.135487,0.0766226101740388,0,0.0,25-35s
ENMTaNLIctM.mp3,148.99085416666668,48000,0.039941404,0.7625514,0.0523786358535289,18.117668,0.0311436953550078,4,0.026847285508716207,>60s
fRSbKFIn0FI.mp3,157.84533333333334,48000,0.095605545,0.81160724,0.1177977994084358,34.26495,0.0602127756731873,0,0.0,>60s
jlSO3XCj97g.mp3,24.746666666666663,48000,0.054358404,0.66189444,0.0821254849433898,26.965868,0.0489537191000646,0,0.0,10-25s
_zVzgBHY-3k.mp3,575.6923541666666,48000,0.12898593,1.0555024,0.122203342616558,27.843834,0.0714738009407655,25,0.043425971908534915,>60s
ipANodWTucg.mp3,105.9410625,48000,0.058639694,0.9323123,0.0628970488905906,24.652576,0.0418476007947795,0,0.0,>60s
oMNXI5Avcc4.mp3,60.07004166666667,48000,0.20092995,1.1519378,0.1744277775287628,30.572035,0.0430545806884765,0,0.0,>60s
POocBIneQFA.mp3,39.10241666666667,48000,0.13013828,1.2906201,0.1008339151740074,28.923704,0.0645366362776186,0,0.0,35-45s
_IgK86nJtDc.mp3,29.40808333333333,48000,0.088127,0.78837246,0.1117834597826004,37.55569,0.0550661923835206,0,0.0,25-35s
ePD3JXwJR2U.mp3,687.6,48000,0.06670799,1.031173,0.0646913647651672,23.613462,0.0518122890020244,35,0.05090168702734148,>60s
KZaVnTc8qqw.mp3,57.70160416666667,48000,0.029798985,0.46445632,0.0641588494181633,24.542637,0.0545385787315157,0,0.0,45-60s
uIcUAM9FBBE.mp3,13.653333333333334,48000,0.03919155,0.2720914,0.1440381854772567,36.831383,0.0165428620218579,0,0.0,10-25s
jQKn9jGx6kY.mp3,375.9310833333333,48000,0.051175617,0.71534395,0.0715398713946342,26.253468,0.0639192353663034,4,0.010640248112852246,>60s
H0ZDI4FQXjk.mp3,46.2309375,48000,0.051055387,0.6905066,0.0739390328526496,22.84853,0.0436450223471741,0,0.0,45-60s
545AN7joZWY.mp3,62.5,48000,0.075315446,0.75084186,0.1003080010414123,28.409369,0.0494850549274744,3,0.048,>60s
cAokEXa1I6M.mp3,1043.3770625,48000,0.045288697,0.94062674,0.0481473617255687,22.349945,0.0440329532363367,53,0.0507965930102091,>60s
pEiYIGOZVnE.mp3,88.05464583333334,48000,0.055029724,0.82053363,0.0670657753944397,29.981901,0.0346663127573885,4,0.04542633681783305,>60s
_FvQwvab_oU.mp3,1422.4544375,48000,0.024914637,0.2648289,0.094078242778778,27.881907,0.0666820405179557,69,0.04850770483817342,>60s
u_rjWoupK2Q.mp3,68.2550625,48000,0.08046813,0.76644707,0.104988507926464,49.841095,0.029087873227262,1,0.014650927907362185,>60s
0KHZjj0lK_Q.mp3,53.952,48000,0.10780078,0.84793943,0.1271326392889022,57.781902,0.0648249098141925,0,0.0,45-60s
FrG_NKHeSRw.mp3,137.1835,48000,0.027486423,0.27805537,0.0988523364067077,27.0052,0.0776793546137547,5,0.03644753195537364,>60s
LSTwvi1sYJ0.mp3,53.60327083333333,48000,0.05653568,0.7977953,0.0708648934960365,22.577274,0.0555969311144548,0,0.0,45-60s
1GJa-j4zTgo.mp3,41.37797916666667,48000,0.039988983,0.60626423,0.0659596621990203,26.821049,0.0526498067010309,0,0.0,35-45s
1aqSFcfTtck.mp3,58.85097916666667,48000,0.08293394,0.8310584,0.0997931584715843,30.321743,0.0625590220358372,0,0.0,45-60s
sweOddUh-zo.mp3,58.839375,48000,0.13643195,0.9760552,0.1397789269685745,33.18857,0.0711253285299981,2,0.03399084371647388,45-60s
QBJV90a12Lk.mp3,61.84635416666666,48000,0.16079997,1.0378458,0.1549362689256668,44.303013,0.0370133017276685,0,0.0,>60s
9Vmp4T6QOeQ.mp3,168.81066666666666,48000,0.068926476,0.90335226,0.0763007700443267,23.935303,0.0681334211316105,7,0.041466573992164794,>60s
i5IvdliHmAM.mp3,18.68045833333333,48000,0.08026344,0.9991183,0.0803342685103416,27.978676,0.0698448425014269,0,0.0,10-25s
awb4SkMgqVg.mp3,23.51020833333333,48000,0.02447521,0.400408,0.0611256770789623,21.974651,0.0182891776502267,0,0.0,10-25s
s_SUmC_Goy8.mp3,17.647166666666667,48000,0.015487661,0.3497151,0.0442865081131458,22.409946,0.0375079659176737,1,0.05666632037248661,10-25s
YNifsM8LkvU.mp3,56.58704166666666,48000,0.09312359,0.97975034,0.0950482860207557,29.138393,0.0745222463366943,0,0.0,45-60s
DkxamO1daSE.mp3,60.63891666666667,48000,0.08798211,1.0401855,0.0845831036567688,24.919151,0.0583544621262093,0,0.0,>60s
QQ7OL0xbDPs.mp3,18.97070833333333,48000,0.086883046,0.8157495,0.1065070107579231,28.84966,0.0313263025224845,0,0.0,10-25s
EnskSrMV23I.mp3,62.208,48000,0.13949826,1.2397455,0.112521693110466,31.328127,0.0470106104277387,0,0.0,>60s
Rhv51GkTQAs.mp3,61.567729166666666,48000,0.05943184,1.0151231,0.0585464350879192,31.019232,0.0305229075981029,2,0.032484550381676545,>60s
YsZ70Y2OeNM.mp3,33.471583333333335,48000,0.10771748,0.7251323,0.1485487222671508,37.999138,0.0415633464786488,0,0.0,25-35s
cBJY-bsKQrM.mp3,66.87347916666667,48000,0.07752965,0.75117946,0.1032105535268783,27.212788,0.0591866963217703,1,0.014953611094582524,>60s
Gk5BHXvPCZQ.mp3,84.927,48000,0.07466575,0.99605787,0.0749612525105476,23.227312,0.042747668122802,0,0.0,>60s
zlYaEc24AKs.mp3,18.239291666666663,48000,0.03936425,0.9849133,0.0399672240018844,33.928226,0.0586739880299707,0,0.0,10-25s
Qf_ABPyvtno.mp3,59.81460416666667,48000,0.03601204,0.46962577,0.0766824185848236,22.16635,0.0524871869706223,0,0.0,45-60s
RNuafKgk7ns.mp3,41.408,48000,0.032858722,0.32161832,0.102166824042797,26.838306,0.0507554715667653,0,0.0,35-45s
JSWUkkuo6Yc.mp3,11.447458333333334,48000,0.099349394,1.0124552,0.0981272011995315,24.710468,0.0997698622264897,0,0.0,10-25s
ZnQSKE0EiOA.mp3,57.68535416666667,48000,0.031715505,0.57358557,0.0552934147417545,25.970419,0.0505609863190978,3,0.05200626819993665,45-60s
i2KivehAkK8.mp3,17.229208333333332,48000,0.17600034,1.0947869,0.1607621908187866,53.120007,0.0532906409537438,0,0.0,10-25s
BL1VseqPSO4.mp3,71.38133333333333,48000,0.085183136,0.6353028,0.1340827345848083,28.35093,0.044834549039108,1,0.014009264793783623,>60s
Wk-n7Z1wpbw.mp3,15.058145833333333,48000,0.031591073,0.37574142,0.0840766280889511,21.731844,0.0326142135490439,0,0.0,10-25s
aee8XJanPW0.mp3,54.009625,48000,0.06170625,0.39285788,0.1570701599121093,50.565094,0.0429242994359695,0,0.0,45-60s
GRqrruTXm44.mp3,19.110041666666667,48000,0.12663887,1.0282301,0.1231620013713836,32.707005,0.0461842673165457,0,0.0,10-25s
a2sTV61fFaw.mp3,42.956916666666665,48000,0.05664106,0.5322401,0.1064201295375824,34.0002,0.0768042889228525,0,0.0,35-45s
rIsuIFagqNw.mp3,15.04,48000,0.09568641,0.5324958,0.1796942204236984,47.298313,0.0625789001594613,0,0.0,10-25s
MVUm4GNqxBc.mp3,22.442104166666667,48000,0.11676579,1.0769163,0.1084260568022728,26.342758,0.0620449051657557,0,0.0,10-25s
6bDY7VRI7sY.mp3,33.36708333333333,48000,0.095457606,0.62910354,0.1517359167337417,39.42967,0.0450654412352189,0,0.0,25-35s
4NzeIM0mtEA.mp3,11.853791666666666,48000,0.250786,1.1100771,0.225917637348175,47.588127,0.0342530175078687,0,0.0,10-25s
lfm6ohRITlc.mp3,70.1010625,48000,0.1402464,1.079414,0.1299282759428024,26.222353,0.0451928369170343,0,0.0,>60s
UQeeGh1XdJU.mp3,61.080979166666665,48000,0.07822884,1.0361993,0.0754959359765052,34.469067,0.0426214879900034,0,0.0,>60s
6KUPWXmzAhE.mp3,17.078291666666665,48000,0.17415443,1.0268086,0.1696074903011322,49.18773,0.0325682374570848,0,0.0,10-25s
yjsk7Cjqg_w.mp3,44.73325,48000,0.041805297,1.0610999,0.0393980778753757,23.206251,0.0381541618234382,2,0.044709472260566804,35-45s
WFF788BOEMs.mp3,153.6,48000,0.07419025,0.78120756,0.0949686840176582,28.18511,0.0668172932326748,4,0.026041666666666668,>60s
s62QO_GWtIc.mp3,60.186125,48000,0.06927932,0.6424358,0.1078385114669799,25.249702,0.0740514035641502,0,0.0,>60s
HHDWq8F9HNM.mp3,117.771625,48000,0.023424227,0.27378017,0.0855585262179374,27.647243,0.0435802291817605,0,0.0,>60s
dz-_x96l3Go.mp3,233.6508125,48000,0.11581453,1.0721959,0.108016200363636,34.77439,0.0491384806194362,0,0.0,>60s
KGLN4qHbwGE.mp3,23.010979166666665,48000,0.17040156,1.1867027,0.1435924619436264,29.039679,0.0598235037505792,0,0.0,10-25s
QEN67bg_bkU.mp3,64.88816666666666,48000,0.033952385,0.66480684,0.0510710515081882,22.72483,0.055094561554898,0,0.0,>60s
S8JiiQIIR1A.mp3,128.09289583333333,48000,0.10126955,0.95995677,0.1054938659071922,30.174894,0.044618066398118,2,0.015613668400488643,>60s
SoYT7mWJlT4.mp3,15.000979166666667,48000,0.050050605,0.5510016,0.0908356755971908,42.271507,0.0287648670708955,0,0.0,10-25s
bd58JK4eubs.mp3,30.37170833333333,48000,0.3098787,1.2971843,0.2388856410980224,191.25378,0.037200927734375,0,0.0,25-35s
aTw6JFIci20.mp3,151.41733333333335,48000,0.1198084,1.0558261,0.1134736090898513,25.751995,0.0460003175410326,0,0.0,>60s
efva6DNizeU.mp3,109.9465,48000,0.107684426,0.8544829,0.126022920012474,24.60506,0.0718511922626843,0,0.0,>60s
Xi7W21EUaeY.mp3,279.75402083333336,48000,0.050084334,1.0107427,0.0495520122349262,19.14824,0.0494745247025965,3,0.010723706458493708,>60s
UbaiiFsK1MI.mp3,302.7417708333333,48000,0.08124985,1.0629467,0.076438307762146,21.669964,0.0642833112305341,5,0.016515725551306964,>60s
W49Muvt33Bk.mp3,31.381354166666668,48000,0.083485655,0.8094981,0.1031326204538345,30.986156,0.0504902390205572,1,0.03186605634317087,25-35s
5VFBiTDNGRg.mp3,68.38277083333334,48000,0.09686148,0.6313194,0.1534270644187927,30.295643,0.0389519112657931,0,0.0,>60s
NYoWfPuoryo.mp3,51.28127083333333,48000,0.09130459,0.92945886,0.0982341393828392,30.017738,0.0733089097922733,0,0.0,45-60s
qACFSOCd0D0.mp3,10.077479166666668,48000,0.257004,1.0936146,0.2350041717290878,72.484116,0.0247917700066137,0,0.0,10-25s
-GTkMkyjrhk.mp3,26.772625,48000,0.10641961,0.6776692,0.1570376902818679,31.69409,0.0560348449950199,0,0.0,25-35s
5hSQ-p5WoLA.mp3,10.321270833333331,48000,0.39906752,1.1387033,0.3504578471183777,47.232285,0.0398615056818181,0,0.0,10-25s
oc7L8ZLBJxs.mp3,14.338333333333331,48000,0.35116106,1.2306021,0.2853570878505707,50.450584,0.0290394836198884,0,0.0,10-25s
8E2ucmP0Unw.mp3,44.64097916666667,48000,0.108303405,1.0110757,0.1071170046925544,26.2656,0.0283637049092212,0,0.0,35-45s
xwCv1V8pAYU.mp3,39.82933333333333,48000,0.010301302,0.16846773,0.0611470341682434,29.895424,0.0418141315261044,0,0.0,35-45s
BSp9gKR3Umk.mp3,80.80545833333333,48000,0.046218194,0.8846038,0.0522473379969596,25.996906,0.0465941867203999,0,0.0,>60s
02yw3wlhL-E.mp3,30.046625,48000,0.075723305,0.9395902,0.0805918425321579,27.315022,0.0605007682152999,0,0.0,25-35s
rOhAzE1FAsU.mp3,248.37225,48000,0.045302853,0.65468085,0.069198377430439,27.266397,0.0582615887373845,2,0.008052429367612525,>60s
pWQwxEbTl1o.mp3,43.189125,48000,0.052109465,0.9890903,0.0526842325925827,22.301823,0.0411768579047295,2,0.04630795368046933,35-45s
sHfJIOFtyLE.mp3,38.2665,48000,0.023904156,0.3543602,0.067457228899002,24.98661,0.0346789918216973,0,0.0,35-45s
Os6OsZkhXoE.mp3,445.1033125,48000,0.06575126,0.8276217,0.0794460326433181,30.511559,0.0443830911768494,1,0.002246669417900591,>60s
c7u9nHLk0B4.mp3,60.00097916666667,48000,0.034429662,0.66297626,0.0519319660961627,22.499924,0.0348214136931212,1,0.016666394680364592,>60s
2DTo6pLYqmk.mp3,838.7976458333334,48000,0.10893596,1.3688078,0.0795845538377761,25.08027,0.0542396718686417,26,0.030996748893077037,>60s
HfZvUS6jVKs.mp3,52.24491666666667,48000,0.21180615,1.1499155,0.184192806482315,65.62769,0.0559780857620457,0,0.0,45-60s
OCmDithGWKc.mp3,55.4028125,48000,0.22449365,1.0881339,0.2063106745481491,31.274765,0.0507329388233878,0,0.0,45-60s
Lhkc5URm9yU.mp3,56.29679166666666,48000,0.09514473,0.87651217,0.1085492372512817,27.49872,0.0439553963681792,0,0.0,45-60s
dV8KMrKiqus.mp3,52.91829166666667,48000,0.110769756,0.9294293,0.1191804036498069,31.03113,0.0236019332867291,0,0.0,45-60s
PeO-01gRTDI.mp3,24.5435,48000,0.08638474,1.0686412,0.0808360576629638,26.993952,0.0703606702928074,0,0.0,10-25s
iHMtY0kq_lc.mp3,13.952,48000,0.116923496,1.0960208,0.1066799983382225,41.982533,0.079401469394576,0,0.0,10-25s
B7cdGUBiISs.mp3,1325.2789166666666,48000,0.0035790093,0.12484355,0.0286679547280073,25.649288,0.0652227736780152,2,0.0015091162885397646,>60s
pG7wfQ3qaaM.mp3,38.88183333333333,48000,0.07292499,0.5237028,0.1392488032579422,39.330894,0.0285767739903318,0,0.0,35-45s
9tB69Hckpqo.mp3,172.03664583333332,48000,0.09727561,0.60178435,0.1616452932357788,33.86338,0.0881312387624775,0,0.0,>60s
kuV7xVIvyw0.mp3,26.401104166666663,48000,0.044366725,0.2780599,0.1595581620931625,34.53652,0.0657077475010096,0,0.0,25-35s
sFnfWpmpRNE.mp3,141.824,48000,0.017850902,0.20028418,0.0891278684139251,32.91486,0.077933756204407,0,0.0,>60s
_HP_gzqFL80.mp3,16.938958333333332,48000,0.23088206,1.1584208,0.1993075907230377,79.60088,0.0638268712633731,0,0.0,10-25s
JRTtu4ziZXo.mp3,54.52045833333333,48000,0.098194815,1.0679274,0.091948963701725,25.761417,0.0594575073051154,0,0.0,45-60s
cJgxOAwXfx8.mp3,916.0736666666668,48000,0.087731056,1.3170842,0.0666100606322288,23.028584,0.0695739832797472,10,0.010916152667489258,>60s
vozAZt_vqx8.mp3,138.89016666666666,48000,0.035488006,0.62270695,0.0569898970425128,23.902107,0.0791717991009715,0,0.0,>60s
M9ntt46Mwv8.mp3,12.5155625,48000,0.09909273,0.94469655,0.1048937141895294,26.360966,0.0482853592152896,0,0.0,10-25s
MuDg8htp9pU.mp3,14.767895833333334,48000,0.1161559,0.83884305,0.1384715586900711,55.967278,0.0416086134927797,0,0.0,10-25s
3LrEBXmXHoA.mp3,15.061333333333334,48000,0.121447176,0.94734967,0.1281967759132385,42.790245,0.0189600335058386,0,0.0,10-25s
rq5xPNMieDQ.mp3,137.34604166666668,48000,0.06391673,0.7156379,0.0893143415451049,32.371574,0.056395782875961,0,0.0,>60s
mXYmAkb8YfA.mp3,40.61170833333333,48000,0.033821307,0.402639,0.0839990824460983,39.93911,0.0675970766724658,1,0.024623440900150922,35-45s
MqSJwGA-rlM.mp3,52.05914583333333,48000,0.058964297,0.6415187,0.091913603246212,28.409872,0.0473380718922864,0,0.0,45-60s
2wzzWoXC9cA.mp3,55.44927083333334,48000,0.09712272,0.96793187,0.1003404557704925,27.030357,0.0320136497102808,0,0.0,45-60s
iVKxyuwnDBk.mp3,147.8530625,48000,0.036240138,0.46246502,0.0783629789948463,23.7214,0.0729466896348831,8,0.05410777338480899,>60s
YZt7BC6953o.mp3,636.7027708333334,48000,0.10695951,1.1401346,0.0938130542635917,30.245861,0.0669374443095483,7,0.010994140940894941,>60s
7izhZVh_GRU.mp3,111.85054166666669,48000,0.05493741,0.8001936,0.0686551481485366,24.659824,0.0458479144067089,2,0.01788100415249069,>60s
kYEtupAzZ_Q.mp3,84.93860416666666,48000,0.06740388,0.99360865,0.0678374543786048,28.071287,0.0644848267965904,0,0.0,>60s
iIibtyK_kZU.mp3,36.4205,48000,0.1952022,1.1355805,0.1718963980674743,38.76365,0.0567738836017569,0,0.0,35-45s
r9YgOx--P5Q.mp3,116.030125,48000,0.02596053,0.21959275,0.1182212457060813,32.21379,0.0577076797779922,5,0.04309225729094061,>60s
qUzmwhwy7pk.mp3,32.8,48000,0.03320665,0.516722,0.0642640516161918,60.177414,0.0158027877113133,1,0.030487804878048783,25-35s
LpYxJwDBkOQ.mp3,102.93333333333334,48000,0.13986081,1.2064129,0.1159311309456825,28.666328,0.0549249369398248,0,0.0,>60s
79a1PkMpCyI.mp3,58.18920833333333,48000,0.063590534,0.97529984,0.0652010068297386,27.11829,0.0784676739197672,0,0.0,45-60s
Rtwmj3e_d1E.mp3,48.23945833333333,48000,0.023892185,0.38006002,0.0628642439842224,22.617916,0.0322109089998341,0,0.0,45-60s
Z-xfjfgp4cU.mp3,132.1173333333333,48000,0.06638429,0.7707181,0.0861330404877662,52.52628,0.0441521431869096,1,0.007569029549491363,>60s
Z6IWY41NHq8.mp3,79.33097916666667,48000,0.111695364,1.0475318,0.1066271811723709,40.571815,0.0522669694474321,0,0.0,>60s
eBNpb_0wWYk.mp3,55.58858333333333,48000,0.19455026,1.0704818,0.1817408502101898,32.828983,0.0749886454935725,0,0.0,45-60s
Glw0HgRuqZ0.mp3,32.06677083333334,48000,0.11682309,0.9454248,0.1235667765140533,30.902815,0.0485056352884935,0,0.0,25-35s
K8y18trlUP8.mp3,30.011791666666667,48000,0.0,0.0,,-inf,0.0,0,0.0,25-35s
yaLOuDgym3A.mp3,13.978416666666666,48000,0.057617735,0.63134485,0.0912619084119796,26.742373,0.0536141006388253,0,0.0,10-25s
Zg2MnCPFSAM.mp3,29.837645833333333,48000,0.1104961,1.1314604,0.0976579412817955,25.160257,0.0567990808166547,0,0.0,25-35s
EwgFLpZgyU4.mp3,104.1879375,48000,0.007176005,0.09323887,0.0769636631011962,21.49297,0.0581605553529381,1,0.00959804008021562,>60s
ZKvVTtZk6uQ.mp3,113.02314583333332,48000,0.22532892,1.146461,0.1965430378913879,69.67378,0.068811159576727,0,0.0,>60s
XmOVHQkkUNY.mp3,539.3415,48000,0.10815047,1.1479743,0.0942098349332809,25.65737,0.0414185796713076,2,0.0037082256789065927,>60s
ZXAI1eu5mQc.mp3,60.789854166666665,48000,0.049800854,0.8720787,0.0571059174835681,24.248749,0.0388372909813596,0,0.0,>60s
lXtxJX4wUBw.mp3,39.104,48000,0.2677863,1.1882017,0.2253710776567459,37.433445,0.0436157526162394,0,0.0,35-45s
oN1wHpqvgsY.mp3,1071.1132916666666,48000,0.09442901,1.0954329,0.0862024575471878,30.702066,0.053484756650704,62,0.057883699588422786,>60s
10OX9kJuCCo.mp3,48.128,48000,0.053154413,0.7740408,0.0686713308095932,25.760996,0.0394877039247728,0,0.0,45-60s
bMYLqV_ILik.mp3,41.66822916666667,48000,0.07385244,0.9697814,0.0761537030339241,29.088219,0.0477320854395955,1,0.023999100033748732,35-45s
UVgk7jxarYs.mp3,37.45379166666667,48000,0.017501708,0.31469667,0.0556145310401916,26.224878,0.0353069609552961,0,0.0,35-45s
GFKVf3x3yb4.mp3,36.51339583333333,48000,0.25012785,1.1028506,0.2268012166023254,31.861656,0.0541391818322868,0,0.0,35-45s
JT_5jY7-N_4.mp3,1594.4678541666667,48000,0.044951968,0.5004505,0.0898230075836181,26.9932,0.0457277700032445,12,0.007526021906707981,>60s
-LxiVG57cUc.mp3,56.308395833333336,48000,0.08756244,1.0861589,0.080616608262062,36.840694,0.0710989852185546,2,0.03551868190171462,45-60s
flc8sOLKl6s.mp3,70.17070833333334,48000,0.08972145,0.78122956,0.1148464605212211,32.033104,0.0553935373204514,0,0.0,>60s
bhLGBYg3R9M.mp3,30.058666666666667,48000,0.12162128,1.0226736,0.1189248263835907,31.265545,0.0683569500487761,0,0.0,25-35s
JXcWoRrSYbQ.mp3,28.177416666666662,48000,0.1894372,1.1788741,0.1606933176517486,32.896027,0.0694043190528009,0,0.0,25-35s
lLF8sh4dZa0.mp3,5590.677333333333,48000,0.03776789,0.39980528,0.0944657102227211,30.998735,0.0589500632942373,194,0.03470062542213132,>60s
LfW8_0h1Tok.mp3,158.18666666666667,48000,0.05133185,0.61028546,0.084111213684082,40.48473,0.039484704756928,2,0.012643290627107215,>60s
T-KGZJEPV9E.mp3,118.29333333333334,48000,0.04517143,0.52218336,0.0865049213171005,29.759384,0.08780156242956,3,0.02536068530207394,>60s
5jK4ccLczAA.mp3,15.116208333333333,48000,0.064531945,0.9805405,0.0658126249909401,34.973267,0.0261843402900211,0,0.0,10-25s
7CPQ0HHoN3E.mp3,41.83075,48000,0.13861682,1.0436518,0.1328190267086029,47.249046,0.0616387226701937,0,0.0,35-45s
d4HDRnPB4Xw.mp3,64.04064583333333,48000,0.13967168,1.0704161,0.1304835379123687,37.200333,0.0696837687635326,0,0.0,>60s
fyB3_H9zjdA.mp3,64.512,48000,0.1662655,1.2621098,0.1317361742258072,31.367376,0.0530897895054967,0,0.0,>60s
guTkrv94FmA.mp3,37.97625,48000,0.0622579,0.68938345,0.0903095379471778,32.413113,0.0531971520903538,1,0.026332247128139297,35-45s
LuH5NoBMUVU.mp3,25.716104166666668,48000,0.054913227,0.41309512,0.132931187748909,47.634834,0.0366931916865408,0,0.0,25-35s
is2R_m-wLVs.mp3,54.508854166666666,48000,0.06319754,0.65234387,0.0968776494264602,26.614313,0.0560882395201526,0,0.0,45-60s
ZR2t0iPGcXI.mp3,53.046,48000,0.18257184,0.9876138,0.1848615705966949,52.27169,0.03456283219617,0,0.0,45-60s
hFH8DPa-zf0.mp3,48.40533333333333,48000,0.042116698,0.2844991,0.1480380594730377,45.922874,0.0450933489617757,0,0.0,45-60s
SJyWzpgfjBU.mp3,60.83629166666667,48000,0.07486145,1.0698463,0.0699740275740623,36.963623,0.0482329252224316,0,0.0,>60s
yC4SN7EvLxI.mp3,52.105583333333335,48000,0.10818137,1.1064792,0.0977708175778389,29.817696,0.0497238237269703,1,0.019191801262500658,45-60s
2-9i32Cssuw.mp3,50.5846875,48000,0.06551734,0.70854986,0.0924668088555336,61.97781,0.0579810049019607,0,0.0,45-60s
imLhwiNcNXI.mp3,30.000979166666667,48000,0.077572465,1.0601878,0.0731686055660247,23.446676,0.0523899917792392,0,0.0,25-35s
Jsb4h2Y4CNg.mp3,144.34133333333332,48000,0.057330575,1.0313803,0.0555862598121166,28.724262,0.0391105956850846,2,0.013856044930535029,>60s
jZDNKQFl7wA.mp3,36.11864583333333,48000,0.01609671,0.27366215,0.0588196404278278,32.370228,0.0542880233706082,0,0.0,35-45s
jEdS8uayujA.mp3,35.370666666666665,48000,0.1381639,0.86270154,0.1601525992155075,29.755665,0.0413029704929152,0,0.0,35-45s
AsuhGc4deSA.mp3,54.784,48000,0.07665755,0.8372333,0.0915605574846267,26.840302,0.0611782092539419,0,0.0,45-60s
gSVvtLz5owA.mp3,85.39139583333333,48000,0.08706504,1.0688412,0.0814574137330055,45.25405,0.0742158225081189,0,0.0,>60s
lDw3wJyTGVY.mp3,266.7740625,48000,0.1303321,0.783973,0.1662456542253494,29.42315,0.0653861324454739,1,0.003748490354080056,>60s
0kiWV3FJik0.mp3,130.50777083333332,48000,0.04237137,1.0027188,0.0422564819455146,20.008636,0.0404184022811784,6,0.04597427388183942,>60s
REjM8DSQaH0.mp3,58.839375,48000,0.014876795,0.17489488,0.0850613489747047,27.136795,0.0490277034337049,1,0.01699542185823694,45-60s
v3Znhotw_Bc.mp3,69.6134375,48000,0.094820894,1.0810878,0.0877087786793708,25.487062,0.0399219109085337,0,0.0,>60s
ymDcYbn2J5M.mp3,130.17108333333334,48000,0.08779888,0.82800525,0.1060366183519363,33.03498,0.0370595626305924,0,0.0,>60s
Mk_KK1RyIY8.mp3,117.67875,48000,0.09914419,0.8335154,0.1189470440149307,38.921364,0.0333312031235837,0,0.0,>60s
EwCldLCLtbk.mp3,210.09066666666664,48000,0.043323316,0.27703303,0.156383216381073,28.584724,0.0465264578679494,3,0.014279549147034934,>60s
u2zL3IgeG_4.mp3,31.764916666666668,48000,0.06054004,0.83844835,0.0722048506140708,37.642914,0.0256696897036601,0,0.0,25-35s
lGzAiznE_Mk.mp3,26.308229166666667,48000,0.1221796,0.86705244,0.1409137398004531,34.819233,0.0369514307610458,0,0.0,25-35s
hKJBRWYm_Ec.mp3,12.501333333333331,48000,0.2062095,1.185671,0.1739179790019989,36.84942,0.023515758205456,0,0.0,10-25s
fLVmjs426fM.mp3,31.19602083333333,48000,0.18507543,1.1087977,0.1669154167175293,36.643513,0.0446778178418803,0,0.0,25-35s
WcV7Tgb_hms.mp3,22.848,48000,0.039234392,0.7778934,0.050436720252037,55.69542,0.0467510499300046,0,0.0,10-25s
l0k_6E4cegw.mp3,15.069770833333331,48000,0.1757424,1.1042546,0.1591502577066421,45.85965,0.0657831989782378,0,0.0,10-25s
KzNpDLBu81w.mp3,57.748041666666666,48000,0.098358,0.7293259,0.1348615139722824,44.14682,0.0547277241295714,0,0.0,45-60s
YWiKTEiwHFY.mp3,36.4785625,48000,0.07310359,0.53917587,0.1355839520692825,32.24427,0.0616502192982456,0,0.0,35-45s
W4P2ICehFKs.mp3,2020.4379166666668,48000,0.061046693,1.0318033,0.0591650530695915,22.744621,0.0578590609401149,74,0.03662572326007707,>60s
GFYgg7uWOEw.mp3,16.64870833333333,48000,0.054710448,0.5797428,0.0943702086806297,39.23114,0.051311446488629,0,0.0,10-25s
9nsRs7ryxdw.mp3,43.58497916666666,48000,0.066483565,0.8477986,0.0784190595149993,26.782185,0.0344683313708098,0,0.0,35-45s
5TidVBdjXMU.mp3,692.3946666666667,48000,0.071647584,0.9150902,0.0782956555485725,30.50741,0.0508525593871797,19,0.02744099704214937,>60s
Y_5x-si4chU.mp3,42.64533333333333,48000,0.13491146,1.1469187,0.1176294982433319,30.745167,0.0669420284758689,0,0.0,35-45s
Ar5l91pycYM.mp3,82.00127083333334,48000,0.042299375,0.65931123,0.0641569122672081,21.059536,0.028580966278616,0,0.0,>60s
6vfGMn49Z90.mp3,69.659875,48000,0.062320057,0.64059436,0.0972847416996955,28.06356,0.0337724500220104,0,0.0,>60s
0kIZl2OfDkQ.mp3,15.267125,48000,0.13069753,1.0120653,0.1291394233703613,44.875626,0.0412294185361382,0,0.0,10-25s
2O0a6gIz-do.mp3,141.9668125,48000,0.019969804,0.300572,0.0664393380284309,30.232216,0.0530807942219196,5,0.03521949892338394,>60s
Gi7zaQwgox8.mp3,43.114666666666665,48000,0.1010705,0.48108307,0.2100895047187805,44.73346,0.0248233588532649,0,0.0,35-45s
Im2NYD03l0U.mp3,59.001916666666666,48000,0.031792164,0.52336115,0.0607461296021938,20.228184,0.0901845406555043,1,0.016948601952196468,45-60s
yWS06301V4c.mp3,133.61066666666667,48000,0.04781535,0.8108012,0.0589729622006416,29.926264,0.0754259081633671,0,0.0,>60s
gJTJPN8tfLI.mp3,606.9115833333333,48000,0.061899737,0.75909424,0.081544205546379,24.120386,0.0781209923486985,8,0.01318149170273155,>60s
jPd6nozbczU.mp3,24.079104166666667,48000,0.29134777,1.9773563,0.1473420709371566,190.93764,0.0618125570886846,0,0.0,10-25s
-2N4tdfHZvY.mp3,73.4795625,48000,0.06681133,1.0419405,0.0641220211982727,24.194164,0.0803079127503991,3,0.040827679125062834,>60s
MDog6UkjzFU.mp3,74.98666666666666,48000,0.046067048,0.8026218,0.0573957115411758,27.492216,0.0472250818918006,2,0.02667140825035562,>60s
dEnGq2aGURM.mp3,58.491083333333336,48000,0.3002072,1.3895847,0.2160409539937973,33.53079,0.0682963365016411,0,0.0,45-60s
LJ8xrO3dKoM.mp3,88.00364583333334,48000,0.011757177,0.20006424,0.0587670095264911,29.950024,0.0308320819067385,0,0.0,>60s
Wt45hL3HMio.mp3,90.139875,48000,0.057642672,0.82853216,0.0695720389485359,24.555088,0.0535969994305407,0,0.0,>60s
01wrRm8ICgs.mp3,120.83664583333334,48000,0.06652051,0.9629284,0.0690814703702926,28.199764,0.0510891572513019,7,0.05792944641689995,>60s
sUFP-sX_aJw.mp3,91.5330625,48000,0.10855078,1.1821059,0.0918283015489578,65.52593,0.0566183786741144,0,0.0,>60s
EC108cwDMUc.mp3,21.908041666666666,48000,0.077251025,0.9809884,0.0787481516599655,24.053345,0.0495348728852239,0,0.0,10-25s
5s9lXcnoYvI.mp3,82.25670833333334,48000,0.22437423,1.1870358,0.1890206187963485,37.014442,0.0656120331950207,0,0.0,>60s
K7vA-jkty0s.mp3,32.48472916666667,48000,0.0652133,1.0103188,0.0645472556352615,18.379105,0.0386048365171536,0,0.0,25-35s
IVSlaTQ7K8A.mp3,27.654979166666667,48000,0.058496073,1.0403838,0.0562254749238491,19.208141,0.0273471395343231,0,0.0,25-35s
IGMBvMTr2Ak.mp3,34.474666666666664,48000,0.06237489,0.4835795,0.1289858072996139,34.0843,0.0822683677118775,1,0.02900680693069307,25-35s
moNW7JCwzPk.mp3,96.8504375,48000,0.090863265,0.98864174,0.0919071733951568,26.775417,0.0376468608032764,0,0.0,>60s
bE9VFn64KX8.mp3,16.242375,48000,0.0984474,1.0213938,0.0963853523135185,27.136862,0.0404443070830597,0,0.0,10-25s
YOI_IfJ-164.mp3,13.978416666666666,48000,0.11077291,1.0094689,0.1097338497638702,90.18097,0.030563948083524,0,0.0,10-25s
AVzGwnbObq0.mp3,74.76827083333333,48000,0.048459563,0.6278111,0.0771881341934204,26.534206,0.045780999242154,1,0.013374657309236287,>60s
buGiHKV6RfE.mp3,34.888,48000,0.082852766,1.0275308,0.0806328803300857,35.548126,0.0597012274056099,0,0.0,25-35s
X4nZlCkd-Rg.mp3,43.247166666666665,48000,0.04228654,0.73140484,0.0578155070543289,21.458263,0.0400210003082614,1,0.023122902078363514,35-45s
4BCaS3zQS-A.mp3,93.97333333333331,48000,0.17792661,1.0486939,0.1696649640798568,29.60866,0.0683494553150891,3,0.0319239500567537,>60s
x3diyoBHpOM.mp3,62.8448125,48000,0.07808573,0.97438467,0.0801385045051574,26.531124,0.0535013544583757,0,0.0,>60s
CWlLbUFj7Sc.mp3,74.88435416666667,48000,0.06237744,0.96164656,0.0648652464151382,24.199066,0.0343874208846674,0,0.0,>60s
TMwAj4HtUv8.mp3,42.21389583333333,48000,0.041264366,0.44290343,0.0931678637862205,28.900982,0.038628869733767,0,0.0,35-45s
8SoNE8t66us.mp3,41.134166666666665,48000,0.074490935,0.94899774,0.0784943252801895,23.572079,0.0488785102573243,2,0.04862138125240575,35-45s
C77rYdMP2SI.mp3,22.941333333333333,48000,0.0325043,0.31145614,0.1043623685836792,26.678236,0.0323480085570664,0,0.0,10-25s
7qtlJzQ4ToE.mp3,1149.7173333333333,48000,0.09628392,0.8266679,0.1164723113179206,27.210632,0.0613008440909502,0,0.0,>60s
kuJSmTinAHw.mp3,302.528,48000,0.10639111,1.0416331,0.1021387502551078,29.630352,0.0585673587453284,6,0.019832874973556167,>60s
l5UMchhjvRg.mp3,56.64508333333333,48000,0.25226447,1.3481232,0.1871227174997329,28.36905,0.0445675470132743,0,0.0,45-60s
eOkw3zsx2n0.mp3,17.043458333333334,48000,0.12654392,1.0339992,0.1223829984664917,30.09097,0.0480055635951189,0,0.0,10-25s
9jn-ZvK9jWc.mp3,24.241645833333333,48000,0.020110058,0.41560012,0.0483879968523979,33.799538,0.0894852188049934,0,0.0,10-25s
DapE9LYjWwM.mp3,669.7099375,48000,0.055147376,0.8933351,0.0617320165038108,23.087574,0.0770250956622495,31,0.046288696440315254,>60s
4XCQLA9-uiI.mp3,685.2673125,48000,0.08835644,1.159224,0.0762203335762023,23.729208,0.0781990812736403,5,0.00729642273722198,>60s
I-MWtAKVvec.mp3,33.309041666666666,48000,0.08899211,0.9578126,0.0929118171334266,30.645496,0.0341452904859109,1,0.030021878443916006,25-35s
0i-8SrHiNKc.mp3,24.43902083333333,48000,0.076370835,1.0437576,0.0731691345572471,25.311773,0.051597821566863,0,0.0,10-25s
9j7-V4zmZv4.mp3,31.126354166666665,48000,0.17434305,0.9752742,0.1787631064653396,33.085846,0.0534983285692874,0,0.0,25-35s
eKq8DGAx22g.mp3,61.184583333333336,48000,0.03141858,0.72091234,0.0435816943645477,20.484562,0.039083522393019,0,0.0,>60s
11NhWZZ3v5w.mp3,157.31520833333337,48000,0.1752365,1.1174166,0.1568228751420974,41.175217,0.0633564868274967,0,0.0,>60s
31kGqNzVPy8.mp3,78.32091666666666,48000,0.016385246,0.43142295,0.0379795432090759,22.844675,0.0635538310295519,3,0.0383039439230261,>60s
gsH03k_6S5E.mp3,11.958291666666666,48000,0.16158155,1.0007385,0.1614623069763183,185.95676,0.0253040225323083,0,0.0,10-25s
05Q84fvdLfw.mp3,521.6595208333333,48000,0.09523974,1.1142732,0.0854725241661071,22.617447,0.0520879958971036,0,0.0,>60s
_yqhhKAreJU.mp3,61.8811875,48000,0.084489,1.0917104,0.0773914009332656,30.52904,0.0421456064449758,0,0.0,>60s
rxZqQGC_TFQ.mp3,148.1433125,48000,0.10852361,1.066698,0.1017378941178321,25.444454,0.0768920450198898,0,0.0,>60s
sQkHOmLkQ4k.mp3,25.925083333333333,48000,0.01949075,0.23507684,0.0829122513532638,33.5308,0.0728655822578157,0,0.0,25-35s
XjfeJeBPQjo.mp3,413.50095833333336,48000,0.057273183,0.5565133,0.102914310991764,35.40135,0.1275705741863037,0,0.0,>60s
alPfmxZI5Ts.mp3,33.92435416666667,48000,0.067139275,0.75916266,0.0884385928511619,25.627773,0.029679241738054,0,0.0,25-35s
6h5ZvzzfFmM.mp3,38.86933333333333,48000,0.0701839,0.8209424,0.0854918733239173,38.111855,0.0624066304441015,0,0.0,35-45s
406VINXudvo.mp3,109.71429166666668,48000,0.08219481,0.99490845,0.0826154500246048,28.406971,0.073688599795839,6,0.05468749703301339,>60s
pL1fZV0y4Lo.mp3,72.98033333333333,48000,0.09441835,1.0358927,0.0911468416452407,26.501348,0.0484180600975591,0,0.0,>60s
ybTAyNKd7fA.mp3,50.526625,48000,0.05650115,1.0404134,0.0543064437806606,29.690802,0.0821749409568292,1,0.019791545546531158,45-60s
_LFmE0C6YBM.mp3,89.728,48000,0.21310432,1.0973924,0.1941915303468704,33.37297,0.0497767127510994,0,0.0,>60s
JBIYMWmbsfc.mp3,29.338416666666667,48000,0.18167262,1.0204551,0.1780309677124023,186.65617,0.0586347507156488,0,0.0,25-35s
ycxmpUgiY4E.mp3,57.5855,48000,0.10815721,0.9403374,0.1150195747613906,43.00774,0.0374837932950546,0,0.0,45-60s
bYsITte-xPo.mp3,120.08,48000,0.03861797,0.6565915,0.0588158257305622,26.30517,0.0202999741850239,1,0.008327781479013991,>60s
l-V2JmdwQ5Y.mp3,75.7899375,48000,0.09977954,0.98702466,0.1010912284255027,33.30151,0.0726170967976006,1,0.013194363697687441,>60s
lAqahaxHevA.mp3,23.31733333333333,48000,0.11638837,1.1309618,0.1029109731316566,26.638796,0.0346518936471193,0,0.0,10-25s
ICsXeY8llyA.mp3,42.06295833333333,48000,0.03568998,0.41344893,0.086322583258152,33.804916,0.047907645513755,0,0.0,35-45s
rD1xc46zT7U.mp3,100.58885416666666,48000,0.04167376,0.6733857,0.0618869140744209,26.376846,0.0678717668129042,0,0.0,>60s
pVFeGA8bD3c.mp3,81.536875,48000,0.025170838,0.43939263,0.0572855286300182,25.581596,0.0577750086862328,0,0.0,>60s
U3tbzYv9L3Y.mp3,40.01960416666667,48000,0.058878623,0.7078449,0.0831801146268844,43.332615,0.0836398972631263,0,0.0,35-45s
X3Lrupiykmg.mp3,30.08145833333333,48000,0.07725215,0.8368913,0.0923084616661071,41.526775,0.0717958641660758,0,0.0,25-35s
MVb9NLfDjYA.mp3,21.65333333333333,48000,0.0906568,1.0066788,0.090055339038372,31.125422,0.0799853251169374,0,0.0,10-25s
0m3O4_dpCz0.mp3,40.32,48000,0.09147382,1.0840784,0.0843793377280235,25.133938,0.0418596890703517,0,0.0,35-45s
3EdY96fjR8s.mp3,19.9575625,48000,0.085503876,0.9840752,0.0868875458836555,29.428154,0.1165471525273771,0,0.0,10-25s
1InHLEwwR5Q.mp3,423.808,48000,0.114837185,0.6156201,0.1865390539169311,38.364693,0.0490991233672262,0,0.0,>60s
lf1iiLfAOXA.mp3,131.136,48000,0.08265028,0.82397085,0.100307285785675,30.542759,0.0701327950259251,6,0.04575402635431918,>60s
Yx2NfSdge7k.mp3,64.05225,48000,0.048891593,0.5318234,0.0919320061802864,32.850063,0.0676825301831806,1,0.01561225405821029,>60s
mBHxVp4Ef-k.mp3,21.696,48000,0.079140775,0.9036033,0.0875835344195365,33.223877,0.0569688651719901,0,0.0,10-25s
yflHO8Rii4o.mp3,994.304,48000,0.022657858,1.0252967,0.0220988318324089,21.779697,0.0652376687259298,14,0.014080200823892894,>60s
x0ZiJl3F3Nc.mp3,28.827583333333333,48000,0.22153518,1.1136342,0.1989299207925796,48.726295,0.0391797380803736,0,0.0,25-35s
2oyHubgdE6Y.mp3,75.2094375,48000,0.08321978,0.9619185,0.0865143835544586,23.987825,0.0456934577098993,0,0.0,>60s
h0zDMZQPkIo.mp3,60.00097916666667,48000,0.052855693,0.9124801,0.057925309985876,21.286743,0.0356801152017419,0,0.0,>60s
on31bcDTk_M.mp3,194.00272916666663,48000,0.05883713,0.37449735,0.1571096032857895,33.946274,0.0471794106605316,0,0.0,>60s
aKJjf00qfH8.mp3,16.021770833333335,48000,0.115734264,0.8484673,0.1364039182662964,99.61948,0.0404561969810379,0,0.0,10-25s
38TUSjhwNvs.mp3,21.034666666666663,48000,0.20899849,1.2094159,0.172809436917305,35.48218,0.0421676519735174,0,0.0,10-25s
ezqwk8HW9pY.mp3,60.1396875,48000,0.06676351,0.571509,0.1168197020888328,48.015327,0.0367237029504344,0,0.0,>60s
yw09bSsvWrs.mp3,34.748666666666665,48000,0.124680154,1.0433567,0.119499072432518,26.720741,0.0462254570480356,0,0.0,25-35s
iOAGNnlzB8s.mp3,21.71066666666667,48000,0.078221045,0.8899986,0.0878889486193656,28.693573,0.0638247866527504,0,0.0,10-25s
Eqp0G9z5YCI.mp3,36.778666666666666,48000,0.055316612,0.5185101,0.1066837683320045,52.968502,0.052168370814004,0,0.0,35-45s
TbaFOabIHn4.mp3,1185.088,48000,0.07886316,1.307068,0.0603359267115592,23.296581,0.0646796312810522,1,0.0008438191931738403,>60s
n_wSot0hbSI.mp3,54.590125,48000,0.04001848,0.4348626,0.0920255705714225,26.337173,0.0428181059801191,0,0.0,45-60s
rwqcBgFlv9w.mp3,95.01697916666669,48000,0.10544154,0.81866634,0.1287967264652252,27.997437,0.05500646144968,2,0.021048869555112405,>60s
AIg453SYE2c.mp3,513.6950625,48000,0.093066625,1.1251495,0.0827149003744125,22.285835,0.0557295499186289,0,0.0,>60s
dV2bZuRtPJg.mp3,42.2719375,48000,0.098537795,0.9323726,0.1056849956512451,30.969822,0.0648140071047817,0,0.0,35-45s
N1dDwPSEIVM.mp3,18.34377083333333,48000,0.32151577,1.1352277,0.2832169830799103,58.99177,0.0430771938590116,0,0.0,10-25s
Mry8Xd0-PXs.mp3,10.472208333333333,48000,0.08159421,0.9255172,0.0881606563925743,29.725975,0.0363287216776985,0,0.0,10-25s
ZaR7Y4oxV-4.mp3,125.52708333333334,48000,0.036419228,0.38374805,0.0949040055274963,27.89073,0.0898464052808225,1,0.007966408311619337,>60s
0q5fMcQPkcQ.mp3,24.415791666666667,48000,0.026956068,0.6640619,0.0405927039682865,21.256428,0.0513633904679991,0,0.0,10-25s
L_b2ftbzucY.mp3,157.96535416666666,48000,0.012183679,0.19398923,0.0628059580922126,27.792356,0.0858744949042032,1,0.006330502060248707,>60s
VDJ25OcZ0Wg.mp3,96.10739583333331,48000,0.035536923,0.6327918,0.0561589486896991,38.50704,0.0383192135827044,0,0.0,>60s
iw-8aqUQMgM.mp3,14.675020833333331,48000,0.22999954,1.1779552,0.1952532231807708,36.06305,0.0330785706985828,0,0.0,10-25s
74IQhMqF350.mp3,33.35547916666667,48000,0.15419184,1.0250242,0.1504275053739547,29.934723,0.0399087188798753,0,0.0,25-35s
mioDiOvKfXA.mp3,52.05914583333333,48000,0.01896223,0.26582828,0.0713326334953308,20.73228,0.0500527795917844,0,0.0,45-60s
n3kNh-pMRj0.mp3,20.27102083333333,48000,0.12583674,1.1920929,0.1055595129728317,41.8083,0.0143969765090741,0,0.0,10-25s
fa9lXPZw2J4.mp3,22.012520833333333,48000,0.12198352,0.64864737,0.1880583018064499,32.43294,0.0513080922208091,0,0.0,10-25s
GdLLx4h_pPY.mp3,62.1714375,48000,0.07957346,1.0089486,0.0788677036762237,26.897287,0.0390265637062532,0,0.0,>60s
Rjchj2O5drU.mp3,12.6665,48000,0.14818929,1.1382923,0.1301856189966201,44.52097,0.0665069477325336,0,0.0,10-25s
WG8W5gvqmD4.mp3,88.5493125,48000,0.084423214,0.6554213,0.1288075447082519,27.891663,0.0357412229357383,0,0.0,>60s
-51adwKMOrU.mp3,13.653333333333334,48000,0.17626497,1.0679045,0.1650568693876266,46.380764,0.0465132678327478,0,0.0,10-25s
RAH8V7eH9ME.mp3,29.768,48000,0.13461824,1.0462856,0.1286629885435104,90.75397,0.0387535409575421,0,0.0,25-35s
-tykQ20pnLU.mp3,14.477645833333334,48000,0.1851461,0.70345974,0.2631935775279999,48.490772,0.0148174302743004,0,0.0,10-25s
lEgV8v6EFVk.mp3,76.231125,48000,0.19058858,1.2081208,0.1577562242746353,27.707071,0.0516417372455225,0,0.0,>60s
0NxywK1ms6s.mp3,32.1706875,48000,0.04568694,0.73237395,0.062381986528635,31.949688,0.0311307214845044,0,0.0,25-35s
l4mPjkpLqUQ.mp3,1112.6537916666666,48000,0.060015935,0.8435488,0.0711469650268554,39.86069,0.0198573731180257,0,0.0,>60s
u6OS6RODnL8.mp3,102.5509375,48000,0.12712593,1.1445975,0.1110660582780838,29.442196,0.0734938186589963,5,0.04875625832284566,>60s
e9C8IbxND38.mp3,49.73714583333334,48000,0.059180558,0.855476,0.0691785141825676,24.935432,0.0397919375268067,2,0.040211394652638476,45-60s
Oc-Lxz91504.mp3,23.695979166666667,48000,0.09154274,0.57766116,0.1584713459014892,32.136143,0.0614748730732448,0,0.0,10-25s
zlJ9AFPxOTU.mp3,56.227125,48000,0.15584017,1.068444,0.1458571255207061,30.45993,0.0706812116191673,0,0.0,45-60s
EocoQ-0INp8.mp3,26.090666666666667,48000,0.09190248,0.7058735,0.1301968097686767,56.915825,0.0784462639201062,0,0.0,25-35s
fV4LVU4Erwc.mp3,41.3083125,48000,0.06641159,0.95214355,0.0697495564818382,49.361572,0.0413927097453524,0,0.0,35-45s
HuZr1Tni-M4.mp3,13.723,48000,0.113681085,0.8961899,0.1268493235111236,28.694698,0.0574540476884226,0,0.0,10-25s
uN6eGIEI0To.mp3,40.41433333333333,48000,0.12557788,1.1524662,0.1089644804596901,37.676453,0.0504327906439693,1,0.024743696543305594,35-45s
kY6gUAxVCxQ.mp3,49.01733333333333,48000,0.07396727,0.93077666,0.0794683322310447,27.69948,0.0481161012973237,0,0.0,45-60s
Nomz0WETJxQ.mp3,93.03075,48000,0.08233237,0.94849265,0.0868033841252327,28.100899,0.0378960441269204,0,0.0,>60s
HCc-oaRlWOE.mp3,67.712,48000,0.06699291,0.8901863,0.0752571746706962,20.655697,0.0395107128091037,0,0.0,>60s
ygJ5UGZkpbk.mp3,60.25579166666667,48000,0.108659774,1.0329624,0.1051923781633377,41.11305,0.0330369935497433,0,0.0,>60s
viJyh7jmu5g.mp3,47.70133333333333,48000,0.06680802,0.7367284,0.0906820222735405,28.761358,0.0490341135353789,0,0.0,45-60s
gXck7m2YfOs.mp3,3189.52,48000,0.07179396,0.47233957,0.1519964933395385,28.00895,0.047370035128529,3,0.0009405804008126615,>60s
uudwHLIJuxM.mp3,19.040375,48000,0.08880461,0.9261273,0.0958881229162216,55.81759,0.0535750608027715,1,0.052519974002612865,10-25s
G8MxnkZ-Z1w.mp3,117.44,48000,0.08237643,1.0381782,0.0793470963835716,23.948362,0.047494941138407,2,0.0170299727520436,>60s
9KV1HobUyIQ.mp3,492.1237291666667,48000,0.0043589473,0.2322158,0.0187711045145988,17.54387,0.0268582944884257,0,0.0,>60s
ZW-8PbuBv-Q.mp3,60.30222916666666,48000,0.018350523,0.3101914,0.0591587126255035,21.121468,0.0413739339682083,1,0.016583134882727873,>60s
60JMxMPtgf4.mp3,64.3889375,48000,0.05961271,0.9978038,0.0597439184784889,33.459095,0.0362720903387444,0,0.0,>60s
5EZhIwnNKB4.mp3,60.010666666666665,48000,0.12904817,0.986519,0.1308116465806961,38.80816,0.0657446796694508,0,0.0,>60s
MDua5VqRFvc.mp3,65.37579166666667,48000,0.05622629,0.8379148,0.0671026334166526,23.356573,0.0777784469836025,0,0.0,>60s
adaVlMHlKc8.mp3,27.248625,48000,0.03655153,0.934356,0.0391194932162761,20.675333,0.048531716303816,0,0.0,25-35s
zc1wCCTT8OE.mp3,28.5025,48000,0.06940037,0.6035081,0.114994928240776,30.612667,0.0516984442223157,0,0.0,25-35s
_qUWO2Oe4es.mp3,66.9083125,48000,0.119614825,1.1805332,0.1013227105140686,50.069294,0.0569795340646421,0,0.0,>60s
hwKc0I64VGU.mp3,1490.05,48000,0.080013596,0.97618455,0.081965647637844,29.380102,0.063516448373621,18,0.012080131539210094,>60s
G9cxSCSowgY.mp3,37.5815,48000,0.046867445,0.6975623,0.0671874731779098,22.665365,0.0309480803508087,0,0.0,35-45s
TEKnyOt5W3w.mp3,31.3005,48000,0.16907595,1.0514218,0.1608069688081741,36.41257,0.0341766929301533,0,0.0,25-35s
M_hsJbooM-U.mp3,835.1225,48000,0.03826726,1.0024345,0.0381743237376213,25.724602,0.0666943492214342,3,0.003592287359040141,>60s
mPcdLYoxy8I.mp3,118.99066666666668,48000,0.23174104,1.4794171,0.1566434800624847,59.68046,0.0741359837895527,0,0.0,>60s
cQoxPz5VY68.mp3,277.1769791666667,48000,0.017422387,0.7230114,0.0240969751030206,14.28218,0.0373938393209324,0,0.0,>60s
V-4b7rG1PJc.mp3,58.2124375,48000,0.024110701,0.27025038,0.0892161577939987,22.336185,0.0462790964810828,0,0.0,45-60s
rIXubkpYQUE.mp3,36.2811875,48000,0.15521663,1.2859113,0.1207055523991584,29.064484,0.0605831875091857,0,0.0,35-45s
L3Yt_3V9n60.mp3,60.032,48000,0.095103085,1.004282,0.0946975871920585,27.974766,0.0361715002664771,0,0.0,>60s
LVExfEtteno.mp3,1462.4426666666666,48000,0.05158199,0.9763598,0.0528309233486652,23.921562,0.0623087154063035,2,0.001367574979577547,>60s
tQhy21wLD5k.mp3,180.07075,48000,0.16635859,1.0859472,0.1531921625137329,39.50302,0.0469447048816787,0,0.0,>60s
j5sx9IigHD4.mp3,81.80391666666667,48000,0.08378544,1.0343459,0.0810033082962036,43.543297,0.0583843683792372,1,0.012224353560903258,>60s
1zp8IeHzVkg.mp3,10.553479166666667,48000,0.4009773,1.2794944,0.3133873045444488,37.252136,0.0241077769886363,0,0.0,10-25s
ugLtDriIOds.mp3,67.63972916666667,48000,0.083089486,0.43661183,0.190305158495903,33.628456,0.0432290588783112,0,0.0,>60s
W43neC_TL2M.mp3,106.30095833333333,48000,0.088578425,1.1695497,0.0757372081279754,27.622683,0.0414562344000852,0,0.0,>60s
ovPy029mo-I.mp3,71.01825,48000,0.0728011,1.0701828,0.0680267885327339,23.907215,0.0515305395060453,0,0.0,>60s
J_XkgfX1oR8.mp3,19.22133333333333,48000,0.15858583,1.099791,0.144196331501007,43.121033,0.0546742300159456,0,0.0,10-25s
oDDk-8FHwnk.mp3,90.1863125,48000,0.040803567,0.4892211,0.0834051668643951,26.942657,0.050302439846984,0,0.0,>60s
Pgk8VB4eF_I.mp3,50.816875,48000,0.047751095,0.59200203,0.0806603580713272,50.776333,0.0501576026364113,0,0.0,45-60s
vhv6nFdp-EQ.mp3,40.12408333333333,48000,0.091430105,1.0064591,0.0908433347940445,27.264278,0.0629087181436071,0,0.0,35-45s
0_WDeRIhSgI.mp3,1088.96,48000,0.069000155,1.1547822,0.0597516633570194,21.354145,0.0312669693888295,20,0.018366147516896855,>60s
SdLMkIqIYKY.mp3,1237.4378333333334,48000,0.10539334,1.0404799,0.1012930124998092,27.453312,0.0511937910457611,49,0.0395979488262508,>60s
tqszpNv34wc.mp3,543.1495833333333,48000,0.10773392,1.1158853,0.0965456962585449,26.634754,0.0430313469639245,0,0.0,>60s
_JFf_ffBMGg.mp3,33.64572916666667,48000,0.12723641,1.1065528,0.1149844899773597,29.027294,0.0510636947801109,0,0.0,25-35s
hmWxFMN0TV0.mp3,22.54658333333333,48000,0.27780947,1.234221,0.2250889241695404,190.54541,0.0418348934927861,0,0.0,10-25s
m5_oqEPdklY.mp3,15.530666666666669,48000,0.27285373,1.1136839,0.2450010478496551,46.08828,0.0427448846087851,0,0.0,10-25s
t50j9cbeuew.mp3,32.74014583333334,48000,0.071057975,0.95569766,0.0743519440293312,38.92859,0.0634479336319218,0,0.0,25-35s
xVQXumGW5hE.mp3,35.08535416666667,48000,0.23387012,1.1970992,0.1953640282154083,30.990635,0.0668201759593465,0,0.0,35-45s
Pqyh-3PvPhU.mp3,12.968354166666666,48000,0.12872134,0.90752566,0.1418376863002777,91.283676,0.0528439973530016,0,0.0,10-25s
w7SZ2nejgGs.mp3,91.010625,48000,0.02331461,0.81279176,0.0286846049129962,20.53961,0.0722746661856908,3,0.03296318424359793,>60s
RqKiH0AfM5U.mp3,572.0746666666666,48000,0.10581417,1.306694,0.0809785351157188,22.499884,0.059916296359634,0,0.0,>60s
bQ5YiUToFU8.mp3,50.1435,48000,0.25932455,1.4290488,0.1814665496349334,41.960747,0.065863126695118,0,0.0,45-60s
JCwQHl3qLOA.mp3,59.9075,48000,0.016036253,0.21877977,0.0732986107468605,30.168295,0.0356821715884813,0,0.0,45-60s
YbA50qrZBvg.mp3,69.7063125,48000,0.05884385,0.68015623,0.0865151956677436,26.30035,0.0389877821346595,0,0.0,>60s
y9DdzV8aslM.mp3,58.3981875,48000,0.13589889,0.844453,0.1609312742948532,34.38064,0.0501401969178082,0,0.0,45-60s
IasqNQVyt1s.mp3,115.4031875,48000,0.16818371,1.0549777,0.1594192236661911,31.124653,0.0303568334103512,3,0.02599581575682214,>60s
4LtAYg9avxw.mp3,156.43297916666666,48000,0.041507807,0.9049535,0.0458673387765884,27.924604,0.0751934147752454,7,0.04474759758006058,>60s
kIanEgiRRFs.mp3,19.136,48000,0.020284325,0.26221457,0.0773577317595481,34.440224,0.0240922593140668,0,0.0,10-25s
9g3YwsBPlT4.mp3,30.731625,48000,0.16157629,1.2263346,0.1317554712295532,32.12881,0.0700988557750694,0,0.0,25-35s
98ODbNVsM7c.mp3,19.911125,48000,0.287203,1.0902951,0.2634176909923553,48.767105,0.0149457999966523,0,0.0,10-25s
ErGpJbCvqbk.mp3,59.52435416666667,48000,0.07451942,0.71368515,0.104414977133274,25.78457,0.0379260934140387,0,0.0,45-60s
lq1OLKrmqas.mp3,57.10933333333333,48000,0.043141853,0.70707566,0.0610144808888435,26.33547,0.0566196530695611,3,0.052530818079940235,45-60s
KlEv2HSXDGk.mp3,32.04354166666667,48000,0.06058097,0.6705469,0.0903456136584281,35.391727,0.0404990705594841,1,0.031207536620093748,25-35s
K4YUY0jYXp8.mp3,128.49066666666667,48000,0.042436488,0.7029119,0.0603724122047424,39.510704,0.0703112029965966,3,0.023347999335879128,>60s
SWHQHPwfoSA.mp3,10.913395833333333,48000,0.027595727,0.29938406,0.092175006866455,27.486729,0.072488784790039,0,0.0,10-25s
PnDPp6KBZd4.mp3,49.98095833333333,48000,0.10143709,1.2293224,0.0825146362185478,20.08833,0.0356589108514724,1,0.02000761956845232,45-60s
aYKajNQpfv8.mp3,33.68533333333333,48000,0.07463922,0.83185494,0.0897262468934059,34.086395,0.0333066857589427,0,0.0,25-35s
yFPcYdItNp0.mp3,11.1688125,48000,0.12938221,0.60936314,0.2123236507177353,45.43418,0.043468679180582,0,0.0,10-25s
bk-RJHGfEIs.mp3,73.2821875,48000,0.111407265,1.1712551,0.0951178446412086,26.050375,0.0481653103851331,2,0.02729176172586278,>60s
wRL9EKgip1E.mp3,128.8359375,48000,0.08356223,0.8542195,0.0978229045867919,59.650158,0.0690931510783177,0,0.0,>60s
-15QLOW1QpI.mp3,100.763,48000,0.062459607,0.83873975,0.0744683966040611,22.920109,0.0587887627189848,0,0.0,>60s
wJVt0Fnz2dU.mp3,10.309666666666669,48000,0.08307358,0.92628163,0.0896850079298019,29.175442,0.0376834968006721,0,0.0,10-25s
49bx5s0SIKs.mp3,52.558375,48000,0.09047227,1.0258763,0.0881902351975441,27.407417,0.0411621688248275,1,0.01902646343232644,45-60s
498uDI6Z8Iw.mp3,56.494166666666665,48000,0.051520355,0.51891255,0.0992852374911308,39.052036,0.0357847381182745,0,0.0,45-60s
VIXMH5t-0vI.mp3,21.269479166666667,48000,0.30307937,1.108264,0.2734721899032593,30.866432,0.019672227443609,0,0.0,10-25s
zo-Lhivjdoc.mp3,26.261770833333333,48000,0.10354323,1.0171313,0.1017992720007896,31.061783,0.0307718293239951,0,0.0,25-35s
ItEB_sAEI6Q.mp3,19.028770833333333,48000,0.08668427,1.0017831,0.0865299776196479,31.587791,0.046942877662556,1,0.05255200184807873,10-25s
4yEJe2UI35c.mp3,77.54304166666667,48000,0.15989585,1.0552819,0.1515195667743683,34.393734,0.0517999242391678,0,0.0,>60s
-4SbBiU73l0.mp3,157.94214583333334,48000,0.055950895,0.722246,0.0774679183959961,24.455404,0.0608378718956813,0,0.0,>60s
PeaW8eX-n78.mp3,41.610166666666665,48000,0.051986318,0.8643599,0.0601442940533161,22.370012,0.0285353515124327,1,0.024032588189585077,35-45s
4RNuCeLeX0Y.mp3,23.082666666666668,48000,0.06867332,0.7072094,0.0971046462655067,31.801083,0.0660471997690531,0,0.0,10-25s
FNuk3Da6gbc.mp3,677.488625,48000,0.24056007,1.449514,0.1659591197967529,31.004782,0.0616609311653743,29,0.04280514672847829,>60s
Mfhl_DNdRYM.mp3,97.83729166666669,48000,0.08377554,1.0347795,0.0809597969055175,25.916805,0.0692401230172789,0,0.0,>60s
MLFXR6LW7UU.mp3,18.3089375,48000,0.088037424,0.7438015,0.1183614507317543,46.56861,0.0631082898041642,0,0.0,10-25s
XDmIJEqYOyY.mp3,171.874125,48000,0.18369694,1.2062812,0.1522836834192276,26.05087,0.0347458137624891,6,0.03490926862900393,>60s
g5WxDLy4PT4.mp3,59.477916666666665,48000,0.13490145,0.90745944,0.1486583799123764,51.101192,0.0342649638022234,0,0.0,45-60s
cyb_N5wqPn4.mp3,817.6,48000,0.04731966,1.0165815,0.0465478263795375,25.322567,0.0570353154537285,44,0.053816046966731895,>60s
txQ6-9o1_tc.mp3,127.25333333333332,48000,0.17992194,1.0673726,0.1685652732849121,32.79117,0.0573946350368787,0,0.0,>60s
FWZ1hDK8vpQ.mp3,25.913479166666665,48000,0.07925734,0.7847159,0.1010013148188591,63.92067,0.0362483523019547,0,0.0,25-35s
mqNQE7z0gcQ.mp3,29.350041666666662,48000,0.09749485,1.0419415,0.0935703665018081,22.671085,0.0462543576262718,0,0.0,25-35s
GzNZPUypMQo.mp3,90.325625,48000,0.06786298,1.0166892,0.0667489916086196,25.71927,0.0367719772110048,0,0.0,>60s
vxklGDgtePM.mp3,560.9708958333333,48000,0.14391536,1.0774013,0.1335763782262802,28.613844,0.0445906752541974,5,0.008913118375905048,>60s
M2ElSOqVQDo.mp3,26.36627083333333,48000,0.13639696,1.0211093,0.1335772275924682,33.993965,0.0659011791439118,0,0.0,25-35s
NUtl_BhizYQ.mp3,194.8386458333333,48000,0.05798895,0.93653965,0.061918307095766,25.898666,0.0498520534810039,4,0.020529808051641025,>60s
gCofOqBaHIs.mp3,103.58497916666668,48000,0.10633638,1.1067615,0.0960788577795028,30.943737,0.0560117718415362,3,0.02896172808195525,>60s
NRCEt_GGnUs.mp3,349.2693333333333,48000,0.028522704,0.6241596,0.0456977747380733,19.206268,0.0522407702989006,1,0.0028631199609088693,>60s
gZC4qvlX7bc.mp3,70.31466666666667,48000,0.04674889,0.673285,0.0694340318441391,23.777462,0.0400976444003109,1,0.014221783980582525,>60s
NGi6L_D4uSY.mp3,1083.234125,48000,0.059980698,0.67240846,0.089202769100666,27.69255,0.0578973792191223,51,0.0470812346315253,>60s
zIJQ6FgVzhk.mp3,1306.3893333333333,48000,0.08985456,0.8081597,0.1111841648817062,28.984516,0.0640142360047969,2,0.0015309371785031925,>60s
6WjyMJSKG5U.mp3,59.10639583333333,48000,0.10265944,1.0699983,0.0959435552358627,29.662636,0.0573384213731504,1,0.016918642828768884,45-60s
gHQ2G7lC-z0.mp3,789.7919375,48000,0.048164032,0.9762075,0.0493379049003124,23.79826,0.0609406957253724,10,0.012661562527029468,>60s
8I-kWFBNIQE.mp3,792.2889791666666,48000,0.1653447,1.2413751,0.1331947892904281,28.346682,0.0576924432116508,6,0.007572994396957066,>60s
-4StZFQ5W64.mp3,55.33316666666666,48000,0.12380868,0.95900154,0.1291016489267349,34.03813,0.0442127001313126,0,0.0,45-60s
NhxcuT2FDLw.mp3,22.140229166666668,48000,0.06836157,0.7894898,0.0865895599126815,31.073818,0.0545804826740125,0,0.0,10-25s
XndLwM7yy30.mp3,135.07047916666667,48000,0.03913191,0.37507346,0.1043313220143318,27.844637,0.0523260665299494,4,0.029614169022561213,>60s
_WbGI8XVMoU.mp3,154.50558333333333,48000,0.17239833,1.1301484,0.1525448560714721,37.77353,0.0531710133866931,0,0.0,>60s
C4RURfB4UCI.mp3,87.21416666666667,48000,0.0264117,0.37254998,0.0708943754434585,24.259356,0.0827494898037177,0,0.0,>60s
fufAGjilJ68.mp3,56.63347916666667,48000,0.025569128,0.6914195,0.0369806289672851,23.747961,0.0800005149482109,0,0.0,45-60s
0rnGDpFvhco.mp3,1289.2647708333334,48000,0.034081172,0.8407544,0.040536418557167,20.466953,0.0295021430743201,75,0.058172690122854094,>60s
HwLv9MV9CAw.mp3,205.7984583333333,48000,0.19429305,1.1171038,0.1739256829023361,38.898243,0.0559606653946822,1,0.004859122891874596,>60s
EWb7kuDoQsE.mp3,47.18295833333333,48000,0.07319223,0.7116265,0.1028520241379737,28.9337,0.0554885726294077,0,0.0,45-60s
m_nT6vswaDE.mp3,15.637333333333334,48000,0.016237443,0.15541384,0.1044787466526031,35.174675,0.0188163024028629,0,0.0,10-25s
Yc4s7FHziu4.mp3,12.062770833333332,48000,0.09193325,0.9284425,0.0990187898278236,25.673862,0.0378191312997347,0,0.0,10-25s
NcEn1B2WJXA.mp3,49.412083333333335,48000,0.084115915,0.92089534,0.0913414508104324,62.21641,0.0320356975434383,1,0.020237964735346448,45-60s
XtS5Z9iOPKc.mp3,59.605625,48000,0.06404094,1.0381143,0.0616896785795688,21.262356,0.0378173784442655,0,0.0,45-60s
mofbMLjZyyA.mp3,31.207625,48000,0.0291079,0.4489578,0.0648343786597251,43.410168,0.0510919744318181,0,0.0,25-35s
w7-ylWOsPzU.mp3,20.928,48000,0.062397525,0.702434,0.0888304412364959,33.522285,0.0244911726311767,1,0.047782874617737,10-25s
ac82lr7JMVE.mp3,52.73252083333333,48000,0.08256177,0.9686493,0.0852339118719101,26.09544,0.0591162030365089,0,0.0,45-60s
uo7CfpH4YhQ.mp3,115.4031875,48000,0.094794326,0.65150535,0.1455004513263702,48.845005,0.0576486414770101,0,0.0,>60s
zLC4agS9TsU.mp3,12.190479166666666,48000,0.06925084,0.8798509,0.0787074640393257,24.466925,0.0336298905019685,0,0.0,10-25s
Y4_bKSfk0Jk.mp3,481.5586458333333,48000,0.089015566,1.1184363,0.0795892998576164,26.92508,0.0713978975104935,1,0.0020765902733809465,>60s
bw6_aqv1pn4.mp3,44.821333333333335,48000,0.1377049,1.1378387,0.1210232079029083,29.285912,0.0670739046142636,0,0.0,35-45s
c1xny6AokYo.mp3,84.61352083333334,48000,0.03301561,0.6171838,0.0534939654171466,26.067286,0.0664196680401487,0,0.0,>60s
dF2Il6lX5Y4.mp3,224.61866666666663,48000,0.055324685,0.86426556,0.0640135258436203,21.579971,0.0623997654283797,0,0.0,>60s
IQ6A8AjfRfw.mp3,151.7419375,48000,0.39646807,1.2622046,0.314107596874237,32.347115,0.0270631581808835,0,0.0,>60s
WmKxdrVx3Ys.mp3,39.520375,48000,0.15976441,1.0262448,0.1556786596775055,39.13483,0.0572601334828656,0,0.0,35-45s
1IxZVmlZobM.mp3,46.43991666666667,48000,0.033730384,0.6192133,0.0544729642570018,23.14955,0.040509849061208,0,0.0,45-60s
IMFyAYRYs6k.mp3,65.03910416666666,48000,0.11733416,0.9803282,0.1196886450052261,27.938442,0.0560761148634798,1,0.015375365525291356,>60s
S4vIApQIGXY.mp3,176.20464583333333,48000,0.08222732,0.8263445,0.0995073094964027,42.578575,0.0372190018254388,0,0.0,>60s
6IRkbKP9LI0.mp3,52.47710416666666,48000,0.10486771,0.8078051,0.1298180818557739,31.10523,0.0264068851626016,2,0.038111859100456905,45-60s
NlOVfdG_NYc.mp3,119.95733333333334,48000,0.03709314,0.52941394,0.0700645297765731,35.31298,0.0509079330877122,2,0.016672594700337898,>60s
CP7csGr7JzE.mp3,93.55320833333332,48000,0.022250116,0.4093719,0.0543518364429473,25.702663,0.048383099311652,1,0.010689104284237538,>60s
6RLTMblb-QU.mp3,715.0004583333333,48000,0.081672125,0.9753662,0.0837348327040672,27.060625,0.0657090550035803,0,0.0,>60s
jzVyyxC3AI0.mp3,65.34095833333333,48000,0.11224041,1.0316851,0.1087932810187339,37.45855,0.0422505158596555,0,0.0,>60s
gMkr_3-375M.mp3,171.97860416666666,48000,0.2048887,1.2776698,0.1603612303733825,49.059673,0.0443976154503659,0,0.0,>60s
zv2HwrvKhaU.mp3,27.225416666666668,48000,0.15064575,1.0438423,0.1443184912204742,39.05021,0.0387079079759106,0,0.0,25-35s
tK7nw9YN2sM.mp3,247.1253333333333,48000,0.0668541,0.88666284,0.0753996819257736,47.810226,0.0299210674149725,0,0.0,>60s
2uwCf5gJGaE.mp3,183.21066666666667,48000,0.12148395,0.89200026,0.1361927390098571,28.66439,0.0455573484437765,3,0.0163745924545878,>60s
D8BeGV_pmdE.mp3,22.36083333333333,48000,0.0934492,0.89763016,0.104106567800045,43.446598,0.0363596059847401,0,0.0,10-25s
LxktaRJm-7c.mp3,14.976979166666666,48000,0.059684474,0.6368741,0.0937147140502929,25.560684,0.0635429409475089,0,0.0,10-25s
c3351nPJSms.mp3,178.94497916666666,48000,0.065984175,1.0118707,0.0652100816369056,25.443207,0.049946046624471,6,0.03352985944585621,>60s
PRqcBuZliNY.mp3,28.038104166666667,48000,0.07523464,0.5582454,0.1347698271274566,31.522175,0.0429275181865728,0,0.0,25-35s
JivOtiK0h00.mp3,60.97560416666666,48000,0.10698783,1.2518246,0.0854655057191848,27.087517,0.048845975407775,2,0.032800003006666946,>60s
a-oJXqz68E0.mp3,1358.3441458333334,48000,0.02686168,0.5583439,0.0481095649302005,27.847965,0.0709107341584377,22,0.01619619009474449,>60s
XSmOouD6wP8.mp3,35.584020833333334,48000,0.04405387,0.7902417,0.0557473376393318,20.96734,0.040300688773599,0,0.0,35-45s
-aRa1Rl0VpU.mp3,11.904,48000,0.12653305,0.760232,0.1664400547742843,44.99965,0.0526941584601611,0,0.0,10-25s
GaVhtW3wFl8.mp3,137.472,48000,0.0274202,0.5590915,0.0490442067384719,21.822037,0.0288098060240321,7,0.05091945996275605,>60s
_E5ArkjPkFM.mp3,95.87520833333332,48000,0.031684734,0.46376726,0.0683203339576721,23.510872,0.0560619011778284,2,0.020860450107670347,>60s
nKm_wYCgi94.mp3,73.70014583333334,48000,0.09599539,0.5369573,0.1787765771150589,30.601414,0.0386397940032561,0,0.0,>60s
IQ3UsBX0PAw.mp3,113.78939583333332,48000,0.0334137,0.4724571,0.0707232430577278,73.8947,0.0491065478387467,0,0.0,>60s
IARZknJBmxg.mp3,484.1360625,48000,0.092163466,1.1135347,0.0827665850520134,22.211567,0.0503881227038259,1,0.002065535037477197,>60s
G1GU0uYLHmg.mp3,26.304,48000,0.06592979,0.6020688,0.1095054149627685,29.003065,0.0489961634196392,0,0.0,25-35s
SdpXZnBD5Xk.mp3,25.42933333333333,48000,0.11921503,0.98707694,0.120775818824768,45.249924,0.0430852414177148,0,0.0,25-35s
ti1Wa2G4xyo.mp3,356.65852083333334,48000,0.1318403,1.0378009,0.1270381510257721,27.833178,0.0645853261590827,0,0.0,>60s
bKIxXP_9Eak.mp3,63.872,48000,0.1715601,1.2873099,0.1332702338695526,28.912218,0.0523446631324094,0,0.0,>60s
j-A10YuIiUo.mp3,1386.5796041666667,48000,0.03122711,0.8993552,0.034721665084362,20.089548,0.0756991596117453,29,0.020914774682142378,>60s
MzvjxU_rFLc.mp3,27.46920833333333,48000,0.10031423,1.0539228,0.0951817631721496,23.327665,0.0532455918211374,0,0.0,25-35s
dBh8miezcGY.mp3,53.243375,48000,0.064941116,0.983165,0.0660531148314476,23.622719,0.067637712527544,0,0.0,45-60s
3I4K7QGTr_E.mp3,1005.3427708333334,48000,0.042590514,0.40239137,0.1058435067534446,27.575966,0.0563615745787843,1,0.0009946856226668794,>60s
F64-gk9guQs.mp3,17.368541666666665,48000,0.05949582,0.8296133,0.071715123951435,27.581491,0.0521528736955187,0,0.0,10-25s
XlqyrwLa9KQ.mp3,103.47972916666669,48000,0.029977497,0.30475494,0.0983659103512764,25.54498,0.074885594626108,0,0.0,>60s
kfMdKr3EYqM.mp3,257.32354166666664,48000,0.096896075,0.79402757,0.1220311224460601,27.010147,0.0697175153821243,0,0.0,>60s
SWUYFOZ8TLM.mp3,33.274208333333334,48000,0.15718558,1.3138721,0.1196353808045387,39.034756,0.051647479717548,0,0.0,25-35s
q1mFnnoU8aE.mp3,255.97679166666663,48000,0.04705332,0.57171965,0.0823013857007026,25.466328,0.0371415025145324,1,0.003906604163170392,>60s
N-_DOb_aVAI.mp3,13.270208333333333,48000,0.109186366,0.9548652,0.1143474131822586,31.680305,0.0697038152610441,0,0.0,10-25s
jLrDR6uKNXg.mp3,161.91275,48000,0.03277523,0.47968465,0.0683266222476959,20.879066,0.0609062667263669,0,0.0,>60s
BKDKbAE2434.mp3,42.30677083333333,48000,0.08162345,1.0036348,0.0813278406858444,32.797935,0.0608330494154902,0,0.0,35-45s
jz89pSbl5BA.mp3,31.370166666666663,48000,0.10913007,1.0677054,0.1022099107503891,34.706547,0.0721254994049643,0,0.0,25-35s
PXLNZSG87Hk.mp3,12.411083333333334,48000,0.17060752,1.0244906,0.16652911901474,42.159508,0.0255634530713058,0,0.0,10-25s
RjgS_tigFq0.mp3,32.240916666666664,48000,0.24483435,1.083051,0.2260598540306091,45.919987,0.0284595445335759,0,0.0,25-35s
VFXmnV3a7v0.mp3,81.16535416666666,48000,0.075660914,1.037248,0.0729438960552215,26.078234,0.0569627238009198,3,0.03696158331102377,>60s
MJEoNQsD-00.mp3,58.75810416666667,48000,0.05624809,0.8719263,0.0645101442933082,22.124088,0.0312190669529406,0,0.0,45-60s
cnPWfcdX9Rk.mp3,29.546666666666667,48000,0.041230194,0.4742755,0.0869330018758773,44.67867,0.0836405869383796,0,0.0,25-35s
Kkrgn6tJuL0.mp3,14.11775,48000,0.17906782,1.1707432,0.1529522538185119,57.09877,0.0582633119335347,0,0.0,10-25s
-SHlCyxYswA.mp3,166.90504166666668,48000,0.096918926,1.0547377,0.0918891280889511,28.560154,0.0486104766284029,1,0.005991430756161,>60s
IHHXZzGOv4E.mp3,38.10395833333333,48000,0.06923841,1.0264533,0.067454032599926,20.551146,0.0638592066365799,0,0.0,35-45s
yeqfHo04Gh4.mp3,25.62322916666667,48000,0.15793353,1.0527548,0.1500193029642105,41.1265,0.060986998673533,0,0.0,25-35s
hlrdpUHII70.mp3,61.93922916666666,48000,0.15558271,1.0401869,0.149571880698204,27.856283,0.0629762571034957,0,0.0,>60s
q2xtGug02rw.mp3,16.776979166666667,48000,0.13795422,0.7765132,0.1776585578918457,33.187874,0.0308607408216783,0,0.0,10-25s
v9RmyEqPjkc.mp3,69.31158333333333,48000,0.21308091,1.0722702,0.1987194269895553,38.072365,0.0459810951446598,0,0.0,>60s
WzAb_XfIYX4.mp3,58.496,48000,0.049747482,0.5769532,0.0862244740128517,28.125422,0.0393328573666818,1,0.01709518599562363,45-60s
59YVgwr9PfM.mp3,125.92183333333334,48000,0.15232927,1.1486082,0.1326207369565963,31.364908,0.0822120290397891,2,0.015882869134423338,>60s
xdQGEvm6VXc.mp3,304.9592916666667,48000,0.08418244,0.72417295,0.1162463203072547,26.130922,0.060772382716859,11,0.03607038808321821,>60s
xnFebQI_pZU.mp3,40.26341666666666,48000,0.09425475,0.99382746,0.0948401540517807,33.98549,0.0578400507036423,0,0.0,35-45s
jH4wh7IJFFQ.mp3,26.552020833333334,48000,0.102853164,0.5759492,0.1785802692174911,46.26758,0.0579409434613453,0,0.0,25-35s
TMFmBqw9FjE.mp3,114.85752083333334,48000,0.032385673,0.2839539,0.1140525713562965,30.941044,0.0593120240527488,1,0.008706439010215736,>60s
AG3qIlESfSU.mp3,111.91466666666666,48000,0.061609387,1.0595646,0.058145947754383,22.517704,0.0479289020060993,0,0.0,>60s
e6Xn1kze2Bc.mp3,15.116208333333333,48000,0.09802818,0.90017223,0.1088993623852729,45.869785,0.0315151456717207,0,0.0,10-25s
VMnqimLltFc.mp3,37.43058333333333,48000,0.09192783,0.93691826,0.0981172323226928,26.827625,0.0429779313568376,0,0.0,35-45s
8mwykk_XYJg.mp3,60.77825,48000,0.18836682,1.0911571,0.1726303398609161,28.430122,0.0493257468355124,0,0.0,>60s
W6fF3ebBlmY.mp3,77.485,48000,0.15326881,1.5847862,0.0967126116156578,28.205889,0.0396315677692704,1,0.01290572368845583,>60s
6G2CTP_ggLk.mp3,15.975333333333332,48000,0.23838824,1.2320414,0.193490445613861,86.54787,0.0310355213200934,0,0.0,10-25s
nNQkCUq0V34.mp3,17.368541666666665,48000,0.22890161,1.518691,0.1507229655981063,35.77028,0.0330067933740024,1,0.05757535774688434,10-25s
J5F0M2Upweo.mp3,11.006270833333334,48000,0.06943402,0.70754826,0.0981332585215568,26.688915,0.0442859738372093,0,0.0,10-25s
-5t883XkcdY.mp3,700.544,48000,0.035556816,0.78709215,0.0451749078929424,22.016132,0.0525764049343758,0,0.0,>60s
3y09NySu2sQ.mp3,102.91085416666668,48000,0.30171123,1.4594567,0.206728458404541,38.89505,0.0581564325993729,1,0.00971714799277125,>60s
i-NaUVW40Yg.mp3,55.232,48000,0.101892665,1.0213505,0.0997626781463623,26.15196,0.0316539940444583,0,0.0,45-60s
kHPkK0r7-ko.mp3,48.71547916666667,48000,0.10461175,1.0690974,0.0978505313396453,28.726957,0.091881747003612,1,0.02052735633737223,45-60s
yOVkX7EH1aM.mp3,19.93433333333333,48000,0.087809235,1.0101438,0.0869274660944938,30.002445,0.0243142639780631,0,0.0,10-25s
hyGSsK4kp80.mp3,340.27683333333334,48000,0.055752102,0.8574728,0.0650190934538841,30.245026,0.0726094927960722,11,0.0323266203351095,>60s
ETx7R8cR5rg.mp3,51.885,48000,0.12006217,0.966401,0.1242363899946212,25.399033,0.0579944638039568,0,0.0,45-60s
GW3vJO5QYOs.mp3,60.0468125,48000,0.046878766,0.61940265,0.0756838321685791,31.996233,0.0555734312555506,0,0.0,>60s
YecaStNVkxE.mp3,47.07845833333333,48000,0.111756474,1.0611712,0.1053142771124839,23.00214,0.0350584610047575,0,0.0,45-60s
it_Y3_RQLik.mp3,66.50195833333333,48000,0.022887979,0.90745616,0.0252221319824457,18.378809,0.0446158279871692,1,0.015037151161588599,>60s
OIxX7UNr0Ik.mp3,279.6379166666667,48000,0.12180796,0.92032075,0.1323538124561309,29.329437,0.063631109466186,2,0.007152105922688714,>60s
GneZP5yD5a0.mp3,100.763,48000,0.096780404,1.1397853,0.0849110856652259,23.14384,0.0406540270720863,4,0.039697111042743864,>60s
PHVuTWKAMMc.mp3,14.976979166666666,48000,0.14365123,1.0585554,0.1357049793004989,29.12177,0.0301396380115658,0,0.0,10-25s
OOJAITOdI80.mp3,112.38458333333334,48000,0.07631787,0.96791434,0.0788477510213851,32.116287,0.0549155375848201,2,0.01779603519165959,>60s
JKQ5t6SCXFY.mp3,558.912,48000,0.03164141,0.6156599,0.051394298672676,27.819414,0.0656834122251855,0,0.0,>60s
yF82DbRQtw8.mp3,19.1796875,48000,0.1768091,1.0998137,0.1607627719640731,29.775064,0.0550821419886047,0,0.0,10-25s
1dQNZ8YUBdk.mp3,167.97316666666666,48000,0.07410267,0.7180459,0.1032004654407501,48.837654,0.0360221523665703,0,0.0,>60s
hQgJKDQH5SA.mp3,20.46839583333333,48000,0.034306526,0.68066573,0.0504014305770397,21.519417,0.0351778778823606,0,0.0,10-25s
IVnBBQ2rldU.mp3,55.96010416666667,48000,0.032503694,0.48938414,0.0664175450801849,26.5398,0.0397094470649895,1,0.01786987381263065,45-60s
nf_NHNUMQ0s.mp3,49.272979166666666,48000,0.04373583,0.5399225,0.0810039043426513,24.387035,0.0361082927489177,0,0.0,45-60s
CzcBr3Cb6E8.mp3,74.752,48000,0.035959575,0.69598365,0.0516672693192958,26.955975,0.0379528775502924,2,0.026755136986301373,>60s
cPAo4Jru9Ts.mp3,54.02122916666666,48000,0.20570722,1.1156416,0.1843846887350082,28.87805,0.07296830654615,0,0.0,45-60s
QrUqmVpL07g.mp3,124.27320833333332,48000,0.1762714,1.073416,0.1642153561115265,29.490337,0.0487358414781992,0,0.0,>60s
9UrWmiyRScY.mp3,12.6084375,48000,0.22464116,0.9485029,0.2368376106023788,38.46109,0.0286273972421808,0,0.0,10-25s
JCtliec8EGU.mp3,266.2980625,48000,0.03653024,0.45928967,0.079536385834217,29.368187,0.0689956700487663,12,0.04506228805175779,>60s
gtjn3QC7Rok.mp3,16.64870833333333,48000,0.120283544,1.0039073,0.1198153868317604,72.8297,0.0377381035794362,0,0.0,10-25s
x-NYM45LBnc.mp3,14.140958333333334,48000,0.064263366,0.44859058,0.1432561725378036,55.52809,0.0464787778092006,0,0.0,10-25s
4IFF84qS07E.mp3,44.25725,48000,0.077081345,1.0403165,0.0740941315889358,25.457478,0.0416332125376506,0,0.0,35-45s
ndv7SDaMBQg.mp3,111.386125,48000,0.24194777,1.4501979,0.1668377518653869,31.702602,0.0467159801272383,0,0.0,>60s
eOg6QsHuCkE.mp3,1933.2586041666664,48000,0.09042439,0.79456913,0.1138030439615249,30.072056,0.0501445982568981,9,0.004655352357208032,>60s
71LH416tCDM.mp3,67.50041666666667,48000,0.033669546,0.5752943,0.0585257746279239,27.239956,0.055987397421591,0,0.0,>60s
tQcxySECRXY.mp3,18.761729166666665,48000,0.2553687,1.2658892,0.2017306983470916,30.279793,0.0732049904064809,0,0.0,10-25s
-8LKdYWDEU0.mp3,22.38404166666667,48000,0.07004757,0.7807369,0.0897198170423507,33.75437,0.0631897350672939,0,0.0,10-25s
4SRmRmMGySQ.mp3,445.952,48000,0.05484439,1.0561762,0.05192731320858,24.494625,0.0664209186419192,17,0.03812069460390356,>60s
sChdWE9c6jY.mp3,12.248541666666666,48000,0.048124105,0.37883645,0.1270313411951065,46.663513,0.0549862482321584,0,0.0,10-25s
8y9xdKaO2A4.mp3,203.30666666666667,48000,0.13485609,1.0067792,0.1339480280876159,26.536846,0.0531807984480746,0,0.0,>60s
CRHIGjgutdE.mp3,69.567,48000,0.043472152,0.66611683,0.0652620494365692,25.439262,0.0585944238011729,0,0.0,>60s
2LazmtmIMNw.mp3,50.27120833333333,48000,0.07869455,0.9492716,0.0828999280929565,24.155664,0.0431801002546149,1,0.01989210192381491,45-60s
aAvYSDgWsAw.mp3,3859.733333333333,48000,0.02337765,0.60985655,0.0383330285549163,22.886066,0.0377692295892335,2,0.0005181705126433606,>60s
GOakWhVbQmQ.mp3,39.0791875,48000,0.11497133,0.8496248,0.1353201270103454,51.355785,0.0367370338939683,0,0.0,35-45s
Ny_cJNLaKnc.mp3,59.187666666666665,48000,0.11572561,1.0404853,0.1112227290868759,30.242474,0.0310177826241214,0,0.0,45-60s
M433rgrAJbg.mp3,64.16835416666666,48000,0.10597415,0.99054694,0.1069854944944381,28.742233,0.0939758787763879,0,0.0,>60s
468xs--r2wA.mp3,205.69397916666668,48000,0.069789685,0.7733911,0.0902385413646698,27.993801,0.0653358242665551,4,0.019446364041404145,>60s
-_XW7o0qngo.mp3,2535.0037291666667,48000,0.054028668,0.9930346,0.054407637566328,29.732027,0.0617374818606752,56,0.02209069728603867,>60s
qz-A27gbTSY.mp3,21.815166666666663,48000,0.07075225,1.0177616,0.069517508149147,25.239769,0.0426105338923509,0,0.0,10-25s
r9QYUnx4bnc.mp3,98.03466666666668,48000,0.08416456,0.996088,0.0844951048493385,29.470802,0.0782452241833043,1,0.01020047330196121,>60s
wX-gWWedmj8.mp3,390.7454166666666,48000,0.08117102,0.97471726,0.083276480436325,24.560125,0.0579175964976933,0,0.0,>60s
9wfUxlQ_Lj8.mp3,49.36666666666667,48000,0.028849242,0.5081779,0.0567699670791626,25.968994,0.0485538689511773,2,0.04051316677920324,45-60s
XGLdLykIWzM.mp3,47.7750625,48000,0.065418966,0.8327417,0.0785585343837738,41.984287,0.0790041024782317,0,0.0,45-60s
bXJCJneckUE.mp3,15.777979166666666,48000,0.20847914,1.0564508,0.1973391771316528,44.004017,0.0357887061866554,0,0.0,10-25s
o5BXZ2BPQGM.mp3,86.29333333333334,48000,0.037416767,0.39875054,0.0938350260257721,48.46623,0.0413454305903164,0,0.0,>60s
O1qBwrtGx4c.mp3,53.4755625,48000,0.114106774,1.0774046,0.1059089303016662,30.401665,0.074104129531063,1,0.018700130550286402,45-60s
8QE5mK57G04.mp3,57.29525,48000,0.09072879,1.5336454,0.0591589100658893,24.358658,0.0638189592737807,0,0.0,45-60s
ehGh7O-nhRw.mp3,26.493979166666666,48000,0.19034185,1.051311,0.1810518950223922,35.241627,0.0413651274406199,0,0.0,25-35s
WNswPdqzGrs.mp3,44.970666666666666,48000,0.07210148,1.0327859,0.0698126107454299,36.143852,0.0457092386471425,0,0.0,35-45s
PWq4ZfMpD-Q.mp3,34.5386875,48000,0.0398958,0.6669664,0.0598168075084686,28.758194,0.0439985274679685,2,0.05790607995743903,25-35s
bmO9Vrbiues.mp3,63.50658333333333,48000,0.058418833,0.6616271,0.0882957056164741,28.021,0.0485658603984716,0,0.0,>60s
cSOMdeL2Iuc.mp3,130.00897916666668,48000,0.05788965,1.1212382,0.0516301095485687,27.026901,0.0666404359207071,3,0.02307532925209813,>60s
epshYsbNFgc.mp3,238.2599583333333,48000,0.063174665,0.44159776,0.1430592983961105,30.604694,0.0621489979840063,0,0.0,>60s
scwHpJ8pE4I.mp3,233.6508125,48000,0.10340551,1.0344186,0.099964864552021,31.10607,0.0537103579376854,11,0.04707880054985899,>60s
qhMHXnei5_I.mp3,41.5405,48000,0.07876626,1.0615518,0.0741991624236106,20.124273,0.053239705351412,0,0.0,35-45s
CfEMzsFzyj4.mp3,33.73860416666667,48000,0.20660394,1.0481443,0.1971140205860138,60.910015,0.0499731082536357,0,0.0,25-35s
OvPMWx7yk4k.mp3,215.0051875,48000,0.069255404,0.5165859,0.1340636759996414,23.813704,0.0489008936101602,0,0.0,>60s
uB5VINOvdLQ.mp3,13.839104166666669,48000,0.42553172,1.4573843,0.2919831871986389,47.229618,0.068115234375,0,0.0,10-25s
ZN35YbsjRMA.mp3,74.489625,48000,0.05103923,0.98657304,0.0517338588833808,23.658028,0.0478399567314576,0,0.0,>60s
2IcxKzVJwSQ.mp3,106.20808333333332,48000,0.051348917,0.98471177,0.0521461404860019,30.929937,0.0735040784576471,2,0.018830958409474484,>60s
f4Z9UwgLPfo.mp3,12.434291666666669,48000,0.12764254,0.80161095,0.1592325270175933,58.329502,0.0472221570808319,0,0.0,10-25s
Rn1XvHR8ukI.mp3,18.133333333333333,48000,0.063763574,0.7469072,0.0853701457381248,55.93197,0.0450852095274838,0,0.0,10-25s
08OSHTGTJoc.mp3,16.439729166666666,48000,0.15980585,1.1663982,0.1370079666376114,61.857563,0.0840850711332684,0,0.0,10-25s
t7vpz_J2t0g.mp3,37.6395625,48000,0.18962811,1.0732809,0.1766807734966278,36.73837,0.0363651231315528,0,0.0,35-45s
QAXvBDirVmM.mp3,135.442,48000,0.12448584,0.75010914,0.165956974029541,47.325264,0.0373560535492794,0,0.0,>60s
sJaAU5JCkPw.mp3,58.363375,48000,0.07636919,1.009407,0.0756574720144271,30.123463,0.0401948627672697,0,0.0,45-60s
JkAqlpeNG0Y.mp3,56.4709375,48000,0.10328129,0.9793853,0.1054552122950553,30.592026,0.0443386117504721,0,0.0,45-60s
dqfZ6w1urMs.mp3,32.2176875,48000,0.07765996,0.8612207,0.0901742801070213,32.32486,0.0607471333478152,0,0.0,25-35s
T9XZG28PhgU.mp3,60.053333333333335,48000,0.06748404,0.54049546,0.1248558908700943,33.433067,0.0356361200830225,0,0.0,>60s
7Iq0wY_BCK8.mp3,133.30577083333333,48000,0.023285946,0.44381678,0.0524674765765666,18.730585,0.0589032135766722,0,0.0,>60s
elVlYLiyG3Y.mp3,74.32708333333333,48000,0.012332985,0.37860715,0.0325746238231658,16.361847,0.0453760347162433,1,0.013454046024049107,>60s
HWb-zaCyWJs.mp3,109.57497916666668,48000,0.04582412,0.47533876,0.0964030846953392,24.991951,0.0694864667240582,2,0.01825234205117158,>60s
5L7XKZedKLg.mp3,26.005333333333333,48000,0.08860184,0.98808277,0.0896704643964767,35.31643,0.0379708240441779,0,0.0,25-35s
jhAhYVqsays.mp3,69.369625,48000,0.13677323,1.1930883,0.114637978374958,26.98766,0.0477845214243158,0,0.0,>60s
T_NpqPwboxg.mp3,42.283541666666665,48000,0.20116484,1.0364071,0.1940982788801193,31.341148,0.030901122123266,0,0.0,35-45s
Ec2WbbsKjO8.mp3,13.7694375,48000,0.025305284,0.432055,0.0585695914924144,33.302254,0.0405742429560418,0,0.0,10-25s
yxwvHFwRrFE.mp3,11.726083333333332,48000,0.064719014,1.0006378,0.0646777674555778,37.417747,0.0438494318181818,0,0.0,10-25s
Abk__cmsJkY.mp3,625.344,48000,0.09358679,0.98051167,0.0954468920826911,27.914446,0.0469845961411764,0,0.0,>60s
PnlJPJhN1rY.mp3,39.880291666666665,48000,0.031649906,0.78961813,0.0400825478136539,20.796116,0.0639137825120353,2,0.050150084576028056,35-45s
n8QNqNY6pEU.mp3,16.985416666666666,48000,0.10227246,1.0712371,0.0954713597893714,28.060463,0.0682395269342435,1,0.058874034097878086,10-25s
ge9QUkygkeg.mp3,11.528708333333332,48000,0.13705422,0.9335549,0.1468089520931244,54.513092,0.0217102220166512,0,0.0,10-25s
nuFlteMWaAw.mp3,12.991583333333333,48000,0.065283746,0.63232005,0.1032447814941406,35.71402,0.033481741969417,0,0.0,10-25s
JtAatJzGBx8.mp3,467.02295833333335,48000,0.10980864,1.0332434,0.1062756702303886,34.966232,0.1632323527323051,11,0.023553445936053644,>60s
-9XrNHBkbnE.mp3,20.70060416666667,48000,0.18498978,1.1057603,0.1672964543104171,39.465473,0.0383339773312725,0,0.0,10-25s
z_o05yZHVo8.mp3,111.80408333333334,48000,0.08094773,1.062621,0.0761774182319641,31.564873,0.0996807864821837,5,0.04472108576833434,>60s
bEa4L6BQXMY.mp3,990.006,48000,0.03616258,1.1228914,0.0322048775851726,17.535646,0.027036863124771,2,0.0020201897766276163,>60s
Q5lCDkzGlvo.mp3,22.549333333333333,48000,0.04002453,0.6821775,0.0586717240512371,19.608967,0.0270350823729314,1,0.04434720908230842,10-25s
13Mq-rp-Db0.mp3,107.91475,48000,0.07335568,1.0246601,0.0715902596712112,24.101074,0.045570616336603,1,0.009266573846485304,>60s
SzQgOkJ7OkU.mp3,41.877208333333336,48000,0.07473647,0.7592824,0.0984303951263427,26.846828,0.0507916971790626,0,0.0,35-45s
jfI_vlQOmX0.mp3,97.09425,48000,0.034456063,0.48844084,0.070542961359024,29.358646,0.0690241841631879,4,0.04119708427636034,>60s
EwhiKb-S1rY.mp3,40.61866666666667,48000,0.07634081,0.64012474,0.1192592680454254,25.324413,0.0787116040955631,0,0.0,35-45s
T3N1eIRM-L0.mp3,26.069333333333333,48000,0.11647625,1.0806551,0.1077830046415329,48.77301,0.0577218334611451,0,0.0,25-35s
tNO_QVyRDWA.mp3,10.0078125,48000,0.22932282,1.2583236,0.1822447180747985,40.76345,0.0841185353434504,0,0.0,10-25s
6SYCX0lUhhg.mp3,26.8190625,48000,0.40237466,1.503174,0.2676833570003509,44.117184,0.0467447269507952,0,0.0,25-35s
CWZ_dp-sCR8.mp3,59.24572916666666,48000,0.05150078,0.49864012,0.1032824590802192,47.95501,0.0243614986498649,0,0.0,45-60s
rmokUQVhHuw.mp3,60.00097916666667,48000,0.11912274,0.875695,0.1360322386026382,27.838062,0.0627359823531372,0,0.0,>60s
JZkhRByOujI.mp3,32.67047916666667,48000,0.0701501,0.4254732,0.1648754775524139,69.846725,0.0655160892099249,0,0.0,25-35s
CG0iH3yzccM.mp3,27.515666666666668,48000,0.031828023,0.44906908,0.0708755627274513,52.116783,0.0579669331395348,0,0.0,25-35s
LXYMW26azgc.mp3,40.40272916666667,48000,0.13885981,1.1252799,0.1234002411365509,54.99029,0.0676678150986668,0,0.0,35-45s
FquvEQIFVWE.mp3,681.25025,48000,0.025535388,0.8461416,0.0301786232739686,19.963367,0.0769532794322861,4,0.005871557478327531,>60s
z9Dg2vjSJvo.mp3,22.45370833333333,48000,0.12262313,0.9737219,0.1259323954582214,35.613407,0.0278382912660256,0,0.0,10-25s
1vBAnAauarw.mp3,1944.5551041666668,48000,0.06532028,1.1079732,0.0589547492563724,24.42326,0.0683035061520175,55,0.028284104617117594,>60s
ZvlB3YmPQco.mp3,70.43775,48000,0.034134805,0.38680774,0.0882474705576896,26.458584,0.0921167273148849,0,0.0,>60s
2355J5587q4.mp3,75.85960416666667,48000,0.12711355,1.0427971,0.1218967288732528,47.259693,0.0302369125246063,0,0.0,>60s
ggxPfSRx3V8.mp3,17.450666666666667,48000,0.11577074,0.9607333,0.1205024793744087,43.266373,0.0408494840981979,0,0.0,10-25s
ZI5oNApyXNs.mp3,28.374791666666667,48000,0.14548774,0.963341,0.1510241329669952,33.983414,0.0376985787180571,0,0.0,25-35s
X4zf_OzxRcQ.mp3,35.7935625,48000,0.24474278,1.2303171,0.1989265829324722,39.00068,0.0572304617662395,0,0.0,35-45s
4pS7_80eaXI.mp3,36.4785625,48000,0.16774127,1.12121,0.1496073603630066,186.25934,0.0402243809393274,0,0.0,35-45s
MAwwocBjxoY.mp3,70.08,48000,0.07220041,0.6298429,0.1146324127912521,29.127468,0.0647129075673413,0,0.0,>60s
R3-QxsUQp-s.mp3,87.632125,48000,0.042715576,0.9150157,0.0466828867793083,24.104292,0.0672585432578201,0,0.0,>60s
ezHKMVmUxmU.mp3,100.2405625,48000,0.056391504,0.89516675,0.0629955306649208,25.72603,0.0403960512708821,3,0.02992800444430866,>60s
eQYSwm4zqhs.mp3,68.6506875,48000,0.04055005,0.32465723,0.1249011158943176,32.379944,0.0524980854095463,0,0.0,>60s
i2pA-oZwpRs.mp3,61.83475,48000,0.0972215,1.0588688,0.0918163806200027,24.479347,0.0364900544907726,0,0.0,>60s
bBMa-iysrsk.mp3,1210.8045416666666,48000,0.035458148,0.9900677,0.0358138605952262,18.896587,0.0438426389281954,6,0.004955382800052128,>60s
No4KU6PL97s.mp3,148.50322916666667,48000,0.041543655,0.53761995,0.077273279428482,30.423765,0.0799479797928787,0,0.0,>60s
SIGP5jbT76I.mp3,39.84545833333333,48000,0.09342849,0.6653514,0.1404197812080383,81.788414,0.0159770957407655,1,0.02509696316288661,35-45s
hkn5bozQNQ8.mp3,27.933625,48000,0.20040366,1.1497486,0.1743021607398986,26.384535,0.0276953721601756,0,0.0,25-35s
IU8E_MPb620.mp3,333.36,48000,0.10231594,1.0226386,0.1000509336590766,26.056004,0.061949115384923,0,0.0,>60s
fJ7xlmLylQc.mp3,22.954666666666668,48000,0.07208496,0.62801605,0.1147820353507995,28.003044,0.0420946970796562,1,0.04356412639405204,10-25s
A5cuMaqgGIw.mp3,31.997104166666663,48000,0.24484447,1.1251888,0.2176029980182647,43.78544,0.0345787760416666,0,0.0,25-35s
AHdoaNLE0Ag.mp3,19.156479166666667,48000,0.12856025,1.0516737,0.1222434788942337,43.485718,0.035577650856069,1,0.05220165936024691,10-25s
L-pW1qqmsiE.mp3,22.2795625,48000,0.1565404,1.0335691,0.1514561474323272,84.93994,0.0314210971158449,0,0.0,10-25s
RALskMt0aQI.mp3,60.1396875,48000,0.09046114,0.9295955,0.0973123759031295,24.414536,0.0378830570302801,0,0.0,>60s
sxLTR0nmBEM.mp3,29.31520833333333,48000,0.022773214,0.42215794,0.0539447702467441,46.13577,0.0435204420925791,0,0.0,25-35s
NVrlxROjyOE.mp3,99.42785416666666,48000,0.13101153,1.133623,0.1155688688158989,26.618973,0.0829579996413055,5,0.05028771908944865,>60s
MPJTd0uvDgk.mp3,56.041375,48000,0.033588473,0.37454295,0.0896785631775856,44.106422,0.0532345519485154,0,0.0,45-60s
kQwoN_wxtUI.mp3,81.25866666666667,48000,0.0806901,0.80542135,0.1001837104558944,24.367132,0.0473805848249442,0,0.0,>60s
D_JdYdcAAyA.mp3,889.1093333333333,48000,0.035508245,0.72881025,0.0487208366394043,26.054363,0.0671980324178213,32,0.03599107421359503,>60s
EFqiAzhDiWE.mp3,27.074479166666663,48000,0.10485874,0.7895384,0.1328101903200149,34.551926,0.0374814995446041,0,0.0,25-35s
o19ddE8h71E.mp3,130.2639583333333,48000,0.058835324,0.9423473,0.0624348632991313,21.900408,0.0352169403248587,0,0.0,>60s
ft3rf3820LU.mp3,45.139604166666665,48000,0.071898185,1.0429118,0.0689398571848869,20.782728,0.039503476119447,2,0.044306990212308946,45-60s
aeQe7vLBrzM.mp3,27.260229166666665,48000,0.17151524,1.1503378,0.1490998864173889,32.10941,0.080677396628032,0,0.0,25-35s
XEUXF_jmbb8.mp3,72.5546875,48000,0.20501299,1.0735945,0.1909594386816024,38.538956,0.0762626696172644,0,0.0,>60s
ZBzZWZ3FS7g.mp3,120.74377083333331,48000,0.040567398,0.74235916,0.0546465925872325,23.696583,0.0481284421240061,1,0.008282000745034985,>60s
6tOnHTWSSNA.mp3,172.14114583333333,48000,0.06176632,0.80928093,0.076322466135025,26.402445,0.0535474408846582,10,0.05809186381088678,>60s
hV11G2CkT2s.mp3,59.43333333333333,48000,0.006478776,0.981823,0.0065987207926809,132.4277,0.0012785397411162,1,0.01682557487380819,45-60s
xgBJMcq2z_k.mp3,92.67085416666669,48000,0.16639048,1.1159474,0.1491024494171142,29.72343,0.0697807185557665,2,0.021581758558122707,>60s
t-zvbcT57y4.mp3,18.007083333333334,48000,0.116622545,0.90873945,0.1283344179391861,62.723125,0.0573546893502072,0,0.0,10-25s
AjFsqARloQQ.mp3,58.76970833333333,48000,0.07768525,0.81618047,0.0951814651489257,35.934837,0.0460820525181488,0,0.0,45-60s
IB2qiMQEhaI.mp3,176.58777083333334,48000,0.083955556,0.9651318,0.0869886949658393,26.30838,0.0440718067184857,0,0.0,>60s
sP6YqcQO8UM.mp3,22.20989583333333,48000,0.046005193,0.36968848,0.1244431361556053,44.04737,0.0262612330472875,0,0.0,10-25s
fcKgcUKyHDY.mp3,43.28535416666666,48000,0.09220028,0.63795257,0.1445252895355224,29.699373,0.0469312985033259,0,0.0,35-45s
HkGWQnu_4Z8.mp3,100.61208333333332,48000,0.19564918,0.9987398,0.1958960443735122,41.710644,0.0337370095343475,0,0.0,>60s
pwgPvk9IEAs.mp3,20.665770833333333,48000,0.12689884,0.61955273,0.2048233151435852,52.7349,0.039259021865325,0,0.0,10-25s
uawhEBX7dtk.mp3,15.3135625,48000,0.027251277,0.24304947,0.1121223494410514,42.914444,0.0462833500174094,0,0.0,10-25s
LIQ2cED5J8s.mp3,43.35166666666667,48000,0.026284114,0.27906707,0.0941856503486633,31.904552,0.0845094124769372,1,0.023067163892199455,35-45s
KtMyHfRozys.mp3,255.6586875,48000,0.04125149,0.28440404,0.1450453847646713,30.121895,0.0706603614303892,2,0.007822929936617155,>60s
cJFUH9wS7_Q.mp3,15.081375,48000,0.10357575,1.0231111,0.1012360751628875,27.14366,0.0626084302068599,0,0.0,10-25s
33H00jgQxHc.mp3,177.93452083333332,48000,0.017901167,0.32859775,0.0544774495065212,26.670809,0.0505234403099148,7,0.039340314443854996,>60s
VDae0PrCoXk.mp3,18.378604166666666,48000,0.1405564,0.9327394,0.1506920307874679,46.955204,0.0481530896329077,0,0.0,10-25s
c422IN6G1qA.mp3,23.405729166666667,48000,0.10053393,0.59307796,0.1695121675729751,29.026701,0.0407184296697038,0,0.0,10-25s
8Wtju3-JW6k.mp3,507.648,48000,0.06648605,1.1488029,0.0578742064535617,22.52878,0.0848689301407244,0,0.0,>60s
23socCn__24.mp3,24.624979166666662,48000,0.069094785,0.90058804,0.0767218545079231,24.231863,0.0330337385637721,0,0.0,10-25s
5mz8dc_bPjE.mp3,16.834479166666668,48000,0.066052,0.9692349,0.068148598074913,21.849308,0.040212852279924,0,0.0,10-25s
xLiazzxoqFQ.mp3,158.26722916666668,48000,0.06994996,0.9672993,0.0723147019743919,22.729298,0.0295358820574706,2,0.012636854834261723,>60s
KO0zlkZ5PHg.mp3,670.627125,48000,0.09911326,1.1041211,0.0897666588425636,25.148947,0.0430051505315362,33,0.04920767259451368,>60s
C45w4qtejXk.mp3,62.508125,48000,0.033415314,0.76935625,0.0434328243136405,18.126957,0.0560701998645708,0,0.0,>60s
YY3MId2TwA0.mp3,59.178666666666665,48000,0.060617514,0.9146616,0.0662731602787971,22.46177,0.0549169895476662,0,0.0,45-60s
H7TwQXY1K_o.mp3,79.24970833333333,48000,0.08350402,0.58961904,0.1416236907243728,26.16533,0.0445859269851951,4,0.05047337187886601,>60s
uS368BC8Mpw.mp3,73.58497916666667,48000,0.10071335,0.67350096,0.149537056684494,29.16435,0.0449686577085447,0,0.0,>60s
ixx7Vgcf-6A.mp3,42.64535416666666,48000,0.06769067,0.73890746,0.0916091352701187,26.51395,0.0700471748796574,0,0.0,35-45s
31ep6KhdpxI.mp3,1141.771625,48000,0.050502114,1.0119698,0.0499047636985778,26.342957,0.0674565961477153,7,0.006130823228331673,>60s
BaVJU7xyZ9c.mp3,61.567729166666666,48000,0.078549914,0.829036,0.0947484970092773,29.455925,0.0495218870463011,1,0.016242275190838273,>60s
jcY1rB3yJSE.mp3,61.24264583333333,48000,0.04355567,0.50576824,0.0861178413033485,28.865276,0.0687224820946534,0,0.0,>60s
IvfRbxHVGxY.mp3,220.07875,48000,0.05411932,0.9010784,0.0600606091320514,22.36387,0.0502056210015509,4,0.018175312246184603,>60s
3Q-2XD6_SsA.mp3,30.464583333333334,48000,0.104407504,0.6189267,0.1686912328004837,36.195206,0.0735940849776863,0,0.0,25-35s
Vrs5X4Py6D0.mp3,21.188229166666662,48000,0.063348606,0.69500333,0.0911486372351646,27.461699,0.0541950412053346,0,0.0,10-25s
8psjNKqNwy0.mp3,968.0515208333334,48000,0.092231445,1.1074526,0.0832825228571891,26.568907,0.0579633665586606,12,0.01239603444832148,>60s
UWOdqouY2Ug.mp3,94.13370833333332,48000,0.11445625,1.1435528,0.1000882983207702,24.359463,0.0636906073851405,0,0.0,>60s
gyYKJzzaZ0c.mp3,563.7108541666666,48000,0.053167958,0.3611887,0.1472027152776718,43.793617,0.0707122867409835,0,0.0,>60s
VIMVatelxfc.mp3,596.149125,48000,0.22486237,1.129981,0.1989965885877609,40.181892,0.0443816545127395,1,0.0016774326390229962,>60s
P10BOgq1vYY.mp3,61.370354166666665,48000,0.12128993,0.97324765,0.124623917043209,183.44695,0.0484624656488964,0,0.0,>60s
iPzAPxqAGT0.mp3,37.26804166666667,48000,0.04853386,0.7525655,0.0644912123680114,24.393036,0.0420711454010446,2,0.05366528292225354,35-45s
LN-_5qGE5FQ.mp3,61.741875,48000,0.14480922,1.0372531,0.1396083682775497,56.226295,0.0613629263203921,0,0.0,>60s
WJSKZQDnVKc.mp3,50.44535416666667,48000,0.02428896,0.52185726,0.0465433001518249,27.559586,0.0315868418010042,2,0.039646862095411,45-60s
oabK1pDG38o.mp3,36.87329166666667,48000,0.09802746,1.0110364,0.0969574004411697,25.512714,0.0565986754682528,1,0.027119900469965274,35-45s
t-_jAW4zK6w.mp3,26.807458333333333,48000,0.09142536,1.0774909,0.0848502367734909,24.231318,0.0397991948214996,0,0.0,25-35s
KU7QVFBjkk8.mp3,49.09860416666667,48000,0.19237237,1.1149786,0.1725345849990844,30.906044,0.0394437476238322,0,0.0,45-60s
E7mF_tM6e3Y.mp3,30.000979166666667,48000,0.07477002,0.7270203,0.1028444692492485,31.090986,0.0559464775706541,0,0.0,25-35s
TVw27xfMjLU.mp3,21.223041666666667,48000,0.07298343,0.9156152,0.0797097161412239,22.972681,0.0501010913944723,0,0.0,10-25s
Yr45FaxZOyI.mp3,57.29525,48000,0.16585888,1.1023309,0.1504619717597961,57.05977,0.0594093396605081,0,0.0,45-60s
-gdGMuKNQ4M.mp3,59.30377083333333,48000,0.04093426,0.46191007,0.0886195451021194,35.170933,0.0714904346054406,1,0.016862334147526453,45-60s
hhG-Qv2Hp4M.mp3,71.52908333333333,48000,0.14431779,1.0901669,0.1323813647031784,40.266384,0.0413473591746197,0,0.0,>60s
RI15H9kXlTU.mp3,81.0144375,48000,0.12656522,0.60176194,0.2103244066238403,32.21867,0.0289652474369734,1,0.012343478901522953,>60s
nalsb0OYL-w.mp3,58.90904166666667,48000,0.052575465,0.6180839,0.0850620195269584,30.816889,0.0233111639677258,1,0.016975322831738478,45-60s
AzR3HcoFV48.mp3,274.2973333333333,48000,0.17949127,1.2147869,0.147755354642868,30.115032,0.0833210484535406,2,0.007291357796648893,>60s
zpTTW_UMQyw.mp3,45.01189583333333,48000,0.15555675,1.0790191,0.144164964556694,29.042292,0.0725642633664099,0,0.0,45-60s
Kw7_5I9K28U.mp3,566.84,48000,0.060802735,0.8158344,0.0745282843708992,24.579098,0.0495868160423958,8,0.01411333004022299,>60s
5p4JFkRRZCA.mp3,659.5396041666667,48000,0.13237865,1.1181393,0.1183919161558151,29.40131,0.0526264638329465,6,0.009097255058065915,>60s
jveJMoc2FxU.mp3,105.18639583333334,48000,0.14377137,1.1408861,0.1260172873735427,35.857643,0.0242678058773575,3,0.02852079849521098,>60s
3Llfu0gsBiM.mp3,10.7740625,48000,0.24186109,0.91064453,0.2655932903289795,36.51799,0.0536877550074183,0,0.0,10-25s
EX8MscRg78s.mp3,172.57070833333333,48000,0.06829151,1.0347879,0.0659956559538841,21.100525,0.0531654954435533,0,0.0,>60s
EpLvp9bhSnE.mp3,1434.9351666666666,48000,0.080281384,1.3109488,0.0612391419708728,27.410412,0.0694807094097981,21,0.01463480754240813,>60s
xLtcSYRRvz4.mp3,13.548854166666668,48000,0.20771335,1.1923163,0.1742099374532699,29.29184,0.0585123057631786,0,0.0,10-25s
1PfVqisC7fg.mp3,533.4186666666667,48000,0.02331051,0.20157327,0.1156428679823875,31.259108,0.0496283618167479,3,0.005624100143976963,>60s
G0pTOuhi0OM.mp3,10.402541666666666,48000,0.08399993,0.70073247,0.119874469935894,30.165186,0.0843075611552254,0,0.0,10-25s
-oadYuYgEHk.mp3,163.271125,48000,0.18974921,1.0703869,0.177271619439125,31.833218,0.0192176807383876,0,0.0,>60s
I5V92qZ6PTg.mp3,390.4899791666666,48000,0.12976336,1.2786862,0.1014817953109741,25.872288,0.0430978192905091,0,0.0,>60s
uOzdOtrUnUY.mp3,59.51275,48000,0.041246396,0.5214467,0.0790999233722686,42.231323,0.0227940713205645,1,0.01680312202007133,45-60s
qzbKx48KhKw.mp3,138.08908333333332,48000,0.18998194,1.0650271,0.1783822476863861,33.74871,0.0442298854979337,0,0.0,>60s
ZZ5EftrTn3E.mp3,1488.0426666666667,48000,0.04505756,1.1207573,0.0402027815580368,18.45139,0.0579191830041933,10,0.00672023741254731,>60s
-JhfS86_Yjs.mp3,78.3093125,48000,0.06707091,0.90582037,0.0740443840622901,34.2949,0.054634096316569,1,0.012769873314875545,>60s
KPv-5afBJyY.mp3,37.5815,48000,0.03178366,0.6221889,0.0510836131870746,25.848083,0.0591032307480845,0,0.0,35-45s
z1oj77TfTYU.mp3,89.00210416666667,48000,0.04881742,1.0147433,0.0481081455945968,20.37801,0.0527665018463866,1,0.01123568941839156,>60s
-Sp5a5p4E5c.mp3,21.072979166666663,48000,0.06493538,0.757956,0.0856716930866241,36.67954,0.0503297875284666,0,0.0,10-25s
05jJUMtZFws.mp3,52.56997916666667,48000,0.09750133,1.178193,0.0827549770474433,24.728735,0.0366011820982958,0,0.0,45-60s
YIGX0ohNMKU.mp3,110.31802083333334,48000,0.14697973,1.1608889,0.1266096532344818,40.006336,0.0908492987406942,4,0.03625880857709671,>60s
0V7Guxe8seA.mp3,202.594125,48000,0.24433812,1.2429197,0.1965840011835098,59.425053,0.0718900952274402,1,0.004935977289568491,>60s
srMuRc4JtW0.mp3,18.78495833333333,48000,0.08055462,0.6618265,0.1217156201601028,46.3188,0.0737218781037173,0,0.0,10-25s
zxYQhwww_eY.mp3,51.5483125,48000,0.09709657,1.0369025,0.0936409756541252,24.538593,0.0515494872491206,0,0.0,45-60s
aCAGghvvPqg.mp3,11.389395833333332,48000,0.036140654,0.8840471,0.0408809147775173,90.47572,0.0757978917954119,0,0.0,10-25s
3yILD15Xm_M.mp3,98.27845833333332,48000,0.043864526,0.59199965,0.0740955248475074,25.935976,0.0462086079098382,1,0.010175169787546696,>60s
CYDdzIXk7Ws.mp3,41.5056875,48000,0.17846324,1.1342052,0.1573465168476104,49.57174,0.0679022072520555,0,0.0,35-45s
MHoxMxBrBuY.mp3,56.807625,48000,0.10316999,1.2217578,0.0844439044594764,23.912647,0.0522040131841438,0,0.0,45-60s
wRMgHlE1-3E.mp3,54.08,48000,0.021855127,0.2142514,0.1020069271326065,31.69371,0.0263947261388286,1,0.01849112426035503,45-60s
KTkd5RCn8bU.mp3,194.0259583333333,48000,0.08216115,0.7268157,0.1130426228046417,40.86752,0.0633071807139912,0,0.0,>60s
mYph-Qf-POw.mp3,47.872,48000,0.112089746,0.7943949,0.1411007791757583,35.37736,0.0517359491604477,0,0.0,45-60s
Wt_qGTR1BWY.mp3,56.64508333333333,48000,0.114393376,0.9667003,0.1183338537812233,25.635807,0.0412959431192336,0,0.0,45-60s
cpX-bggZvAA.mp3,18.819791666666667,48000,0.07552866,0.5246678,0.1439552009105682,33.059772,0.0316785255842776,0,0.0,10-25s
87w_Sbfy--c.mp3,97.152,48000,0.070085764,0.9623736,0.072825938463211,29.986076,0.035024973154984,5,0.05146574440052701,>60s
g55oOguesdg.mp3,46.9043125,48000,0.09208142,0.9516108,0.0967637374997139,25.107897,0.0353197875810027,1,0.021320001225900068,45-60s
PMmdpn-mu00.mp3,37.024229166666665,48000,0.085387915,1.0007497,0.0853239446878433,27.676315,0.0508640834263392,1,0.027009340167446657,35-45s
mqUYQDds53E.mp3,60.84789583333333,48000,0.18873715,1.1366022,0.1660538464784622,30.579178,0.0477167609279141,0,0.0,>60s
niFUitr14AE.mp3,179.30497916666667,48000,0.045282718,0.9638359,0.0469817705452442,23.733519,0.0515397851911064,7,0.039039629755587515,>60s
F5Kx9Sw5f-s.mp3,46.99720833333333,48000,0.07344915,1.009056,0.0727899670600891,179.04706,0.0674611635766568,0,0.0,45-60s
LdyuDROjkig.mp3,34.5513125,48000,0.04154942,0.73785996,0.0563107132911682,22.801418,0.0305135091145833,0,0.0,25-35s
O2o8ydXAYqE.mp3,71.02985416666667,48000,0.13586049,1.0319177,0.1316582560539245,25.480042,0.0745722773554804,0,0.0,>60s
beCWZyLGBbk.mp3,55.70497916666667,48000,0.098631255,0.8352481,0.1180861741304397,43.055557,0.0338171459170974,0,0.0,45-60s
F0AC2m7s5dc.mp3,15.058145833333333,48000,0.2333976,1.0710424,0.2179162949323654,102.23766,0.034032718993449,0,0.0,10-25s
vbCUFbUGml8.mp3,38.93333333333333,48000,0.03569561,0.7948643,0.0449078008532524,28.975357,0.0940135996559161,0,0.0,35-45s
OWGlmMajHyw.mp3,10.581333333333331,48000,0.06464836,1.0095934,0.0640340596437454,45.734783,0.0787086755727593,0,0.0,10-25s
W_bFD8ywTdM.mp3,21.281104166666665,48000,0.08590222,0.7409626,0.1159332692623138,37.881763,0.035517079080035,0,0.0,10-25s
LVwwB3YNneo.mp3,15.168,48000,0.2678961,1.1175579,0.2397156208753585,48.26867,0.0576755204673225,0,0.0,10-25s
l8dQ6INgKGs.mp3,60.30222916666666,48000,0.092566885,1.0947598,0.0845545157790184,23.9349,0.0519225879908029,0,0.0,>60s
qHUclfieYY0.mp3,78.36735416666667,48000,0.09151867,1.049782,0.0871787369251251,22.610228,0.0583480475661834,0,0.0,>60s
iJtUmydCU64.mp3,16.554666666666666,48000,0.06086912,0.65321493,0.0931839048862457,41.380386,0.0618413076505151,0,0.0,10-25s
Doa2Q-MAhFc.mp3,160.566,48000,0.046041753,0.8246642,0.0558309108018875,21.247654,0.0385854413694034,1,0.006227968561214703,>60s
ipVvza5RIc4.mp3,62.984145833333336,48000,0.052867457,0.57166564,0.092479683458805,27.626448,0.0631515102402624,0,0.0,>60s
8LhPkfrGBgw.mp3,87.31864583333333,48000,0.21975835,1.1468465,0.1916196644306183,36.88944,0.0608477044399658,0,0.0,>60s
1_49EHLnrJs.mp3,99.99675,48000,0.031425636,0.84242207,0.0373039096593856,23.841022,0.0835810416666666,5,0.05000162505281421,>60s
gYvSs5ImnSE.mp3,47.40354166666667,48000,0.11459058,0.996887,0.1149484068155288,31.583855,0.0449910802165354,0,0.0,45-60s
OKdovgMeWSU.mp3,169.12254166666668,48000,0.109027795,0.9889581,0.1102451086044311,26.00623,0.0552636078219601,0,0.0,>60s
i99ud9v5N70.mp3,482.4177916666667,48000,0.087953605,1.0669081,0.0824378430843353,23.466938,0.0508718519910672,0,0.0,>60s
yBuEQv7-BXA.mp3,166.97470833333333,48000,0.056330904,0.5030218,0.1119850203394889,42.617462,0.0622375496079276,0,0.0,>60s
-VB5DPHtz_Y.mp3,165.97625,48000,0.033728715,0.2601574,0.1296473443508148,29.192394,0.0699755260045145,7,0.04217470873091783,>60s
B7G5IPOP-RY.mp3,17.408,48000,0.03320709,0.4015515,0.0826969593763351,37.783028,0.0369123282493876,0,0.0,10-25s
uIFp8XLvbrg.mp3,53.6265,48000,0.040423404,0.36501473,0.1107445806264877,50.66219,0.0555372336788981,0,0.0,45-60s
SDdldxTtri4.mp3,26.36627083333333,48000,0.09553214,0.9506425,0.1004921793937683,28.346796,0.0354221183505258,0,0.0,25-35s
9PX4ZaxHGxU.mp3,36.01416666666667,48000,0.045253776,0.5456151,0.0829408466815948,30.993496,0.0486271445624814,0,0.0,35-45s
XWRfAXkF2Wg.mp3,125.31810416666669,48000,0.04238331,0.67496586,0.0627932623028755,24.2675,0.0555840191186483,4,0.03191877204494096,>60s
2YCb5pLK93o.mp3,2594.59775,48000,0.052566305,1.0446101,0.0503214560449123,22.503405,0.063769317665595,111,0.04278119797182434,>60s
tQcR5r4HyrE.mp3,13.084458333333334,48000,0.11380426,0.857647,0.1326935887336731,41.097088,0.0869403270171149,0,0.0,10-25s
2war6OtJLNA.mp3,30.8245,48000,0.060329244,0.7426382,0.0812363922595977,43.77354,0.039961849859429,0,0.0,25-35s
MvsgoWKE1Xk.mp3,99.1724375,48000,0.07827327,0.95282805,0.082148365676403,24.759747,0.0547265709023445,5,0.050417234123140316,>60s
fLbZZ6xUBSM.mp3,59.28533333333333,48000,0.12308494,1.0680807,0.1152393668889999,27.300436,0.0411412307182047,0,0.0,45-60s
ItcIi-WmCSw.mp3,276.9066666666667,48000,0.13771519,0.92159504,0.1494313478469848,30.487185,0.0560908407382708,0,0.0,>60s
aC7PILkuqJ0.mp3,523.8537916666667,48000,0.105470866,1.0949365,0.0963260158896446,29.161833,0.054630471549723,16,0.03054287332558043,>60s
avTZgI-7Edk.mp3,53.568979166666665,48000,0.13659737,1.03724,0.1316931098699569,38.889595,0.0423895782525383,0,0.0,45-60s
SmN3jN_DYS0.mp3,40.192,48000,0.11649232,0.98707694,0.1180174723267555,35.93285,0.0416515954580127,0,0.0,35-45s
scCYhcddG-w.mp3,849.92,48000,0.20146827,1.2337894,0.16329225897789,32.669113,0.0653522240735715,26,0.030591114457831328,>60s
vhLcYQFkBjU.mp3,46.9043125,48000,0.09208142,0.9516108,0.0967637374997139,25.107897,0.0353197875810027,1,0.021320001225900068,45-60s
fD2mQDrYqaY.mp3,465.92,48000,0.046941552,0.8703369,0.053934920579195,28.014326,0.0580655732397953,23,0.0493646978021978,>60s
cUA3OED6gQw.mp3,100.379875,48000,0.040908847,0.63054585,0.0648784637451171,24.974287,0.1058420560879555,0,0.0,>60s
MgdNw9Xfw5s.mp3,10.286458333333334,48000,0.022471685,0.12485048,0.1799887716770172,55.691284,0.050179626781088,0,0.0,10-25s
Hi9MXQI2Up4.mp3,91.80097916666666,48000,0.16627827,1.0731523,0.1549437791109085,30.985546,0.0375690072397467,1,0.010893129997932575,>60s
6yyg74Q8Eeg.mp3,20.5380625,48000,0.19636554,1.1068716,0.1774058789014816,30.907724,0.0575494974201713,0,0.0,10-25s
7anQ9KqUDyY.mp3,51.73333333333333,48000,0.13948083,1.1054261,0.1261783391237259,29.16543,0.0461115258129767,0,0.0,45-60s
uLqz73zJzA0.mp3,60.906666666666666,48000,0.20481308,1.242189,0.1648807674646377,32.692413,0.059679237436526,0,0.0,>60s
NICiZxfOjDk.mp3,673.5412291666667,48000,0.027949633,0.34587604,0.0808082371950149,33.829086,0.0431507003969039,29,0.04305601312020648,>60s
t1CDqh-QuYo.mp3,2855.125625,48000,0.115939,1.0532784,0.110074408352375,34.421608,0.0361425081122814,49,0.01716211699091174,>60s
HRYfcqhOE7k.mp3,16.554666666666666,48000,0.011687233,0.2465576,0.0474016368389129,41.40959,0.0454588900515132,0,0.0,10-25s
gPGgBW9rI-c.mp3,61.60254166666667,48000,0.16170755,1.2867734,0.1256690174341201,28.744535,0.054589776121018,0,0.0,>60s
gA0l5UQTZgA.mp3,21.034666666666663,48000,0.07849745,1.0744421,0.0730587914586067,31.2062,0.0553759938862138,0,0.0,10-25s
MI5AG4I5bKE.mp3,58.7929375,48000,0.06527344,0.6122757,0.1066079214215278,28.607933,0.0550150878197568,0,0.0,45-60s
gdZDVEtUKjg.mp3,30.95220833333333,48000,0.067112,1.0538939,0.0636800304055213,52.430138,0.0465256988714679,0,0.0,25-35s
sAboQI4gjEE.mp3,29.1410625,48000,0.060905125,0.60855174,0.1000820845365524,51.634956,0.05185789943265,0,0.0,25-35s
9hFAy9SjRS0.mp3,14.890666666666666,48000,0.18247704,1.1141872,0.1637759208679199,45.4953,0.0599456983715103,0,0.0,10-25s
6nZBUzL3OFo.mp3,18.090666666666667,48000,0.18080625,1.045209,0.1729857325553894,30.54832,0.0401688296442251,0,0.0,10-25s
o8nbHwxxnOk.mp3,41.85397916666667,48000,0.047202386,0.873123,0.0540615543723106,25.245916,0.0609782896518221,2,0.04778518171559753,35-45s
Gu-0XrS2VBU.mp3,2931.6586041666665,48000,0.027453896,0.22991058,0.1194111853837966,23.788567,0.0401726064261005,7,0.0023877268622107426,>60s
H0JB5KA3VBY.mp3,205.80266666666665,48000,0.1968699,1.1944897,0.1648150533437729,38.652718,0.0559322059633324,1,0.004859023530631285,>60s
qrL_ZwQuhIc.mp3,10.922666666666666,48000,0.13301104,0.3089243,0.4305619597434997,52.99541,0.0527034108231707,0,0.0,10-25s
Mqsn2YDeDkI.mp3,65.23733333333334,48000,0.037679944,0.692567,0.0544062070548534,20.219627,0.0469434886893084,0,0.0,>60s
AIJ3q4Kz61g.mp3,71.80772916666666,48000,0.05686498,0.74574375,0.076252706348896,27.895994,0.0421614032094845,2,0.027852154958945635,>60s
voyPHVVpjgc.mp3,33.216,48000,0.08266324,0.5875895,0.1406819522380828,55.617756,0.0454466793739967,0,0.0,25-35s
k-V8oAiGITE.mp3,2391.018666666667,48000,0.09904411,0.9223956,0.1073770374059677,25.299597,0.0682187364772326,29,0.012128721705225777,>60s
kh1AS2hqiUM.mp3,27.7826875,48000,0.06591245,1.0746926,0.0613314434885978,28.944645,0.0777728002039347,0,0.0,25-35s
aiNwds8I_oU.mp3,2351.8,48000,0.03642399,0.7162685,0.0508524253964424,32.18195,0.0618590724490831,42,0.01785866145080364,>60s
vuOaJ5QE3-A.mp3,60.032,48000,0.020451127,0.2055862,0.0994771420955658,32.297543,0.0412138347452922,3,0.04997334754797442,>60s
OzMhq2ZGgJ4.mp3,59.419875,48000,0.07974207,0.8156711,0.0977625250816345,33.95372,0.0416862119401812,0,0.0,45-60s
xoINk5XK4kU.mp3,63.14666666666667,48000,0.05897894,1.0170966,0.0579875484108924,23.672832,0.0478322654534707,0,0.0,>60s
MxEpn-hpeyk.mp3,38.6960625,48000,0.08964694,0.8633081,0.1038411930203437,40.84456,0.0466809256994211,0,0.0,35-45s
XFjFApX5lYM.mp3,494.3146875,48000,0.04623227,0.4061212,0.1138385981321334,33.782166,0.0856856626472714,23,0.04652906454453672,>60s
Hi8Dl9KZhYw.mp3,224.5601875,48000,0.09888324,0.76266176,0.129655435681343,38.121574,0.0546883581392794,1,0.004453149113976403,>60s
PoG2MPw1y2o.mp3,793.1306666666667,48000,0.10218503,1.1045554,0.0925123691558837,31.460096,0.0540296792942325,0,0.0,>60s
OGF1VYNk67g.mp3,1451.2239583333333,48000,0.083084844,0.90040183,0.0922752916812896,26.856405,0.0567947074451224,61,0.04203348466631974,>60s
Eqzv6BEfzOc.mp3,32.658875,48000,0.05049897,0.4926488,0.1025050058960914,28.766148,0.0399980800436806,0,0.0,25-35s
bo2lwmYiuNs.mp3,479.8635833333333,48000,0.036062207,0.7126597,0.0506022796034812,20.15744,0.0479305549188116,6,0.012503553527278501,>60s
JbHD7qsoXXo.mp3,247.57116666666667,48000,0.030223224,0.5300086,0.0570240244269371,30.133541,0.0736423004295023,4,0.01615697035263261,>60s
ne-svUX5Rvk.mp3,49.87647916666667,48000,0.19990666,1.0906186,0.1832965761423111,37.349022,0.0507038726676112,0,0.0,45-60s
TwbNjNuLtpU.mp3,15.975333333333332,48000,0.11937318,0.5765387,0.20705147087574,85.529396,0.0309038353220961,0,0.0,10-25s
AI92bQbTVIY.mp3,124.50541666666666,48000,0.06818122,0.60644656,0.1124274134635925,23.981815,0.0630007465813201,0,0.0,>60s
VEiWoimhm8s.mp3,90.20954166666668,48000,0.11154311,0.94467926,0.1180751174688339,35.387684,0.0271996556514542,0,0.0,>60s
ceR706RjZhM.mp3,36.455333333333336,48000,0.0713192,0.9788298,0.0728616937994957,33.430183,0.035536817949093,0,0.0,35-45s
BcUqALMQBl0.mp3,51.501875,48000,0.14013745,1.0787967,0.1299016177654266,50.82157,0.0355398778862083,0,0.0,45-60s
K16S9X_Z_-8.mp3,29.570625,48000,0.07684481,0.9441155,0.0813934430480003,29.489742,0.0382326155675261,0,0.0,25-35s
DTotxqCdWw4.mp3,84.17235416666666,48000,0.08273714,0.89643085,0.0922961756587028,29.719078,0.0537687863303028,0,0.0,>60s
Ubp_-8K_GGQ.mp3,815.3222708333333,48000,0.13746284,1.2432381,0.1105683967471122,27.096615,0.0591336145289584,1,0.0012265088735745062,>60s
dbID1iR3V4E.mp3,88.93866666666666,48000,0.060493965,0.8377235,0.0722123309969902,21.000956,0.0372599757165127,0,0.0,>60s
cDNjVsT06Ss.mp3,51.211625,48000,0.12584814,1.0715878,0.1174408122897148,28.870579,0.0533731469309662,0,0.0,45-60s
WSiawBUFMzo.mp3,2021.15775,48000,0.024258869,0.36243135,0.0669336915016174,28.866974,0.0562890585831125,87,0.043044636174489594,>60s
-9cbCjzOXxM.mp3,24.6015625,48000,0.2889434,1.2050287,0.2397813647985458,55.487602,0.0510020030748808,0,0.0,10-25s
mqu81JLlejw.mp3,865.7746666666667,48000,0.059407335,0.9834069,0.0604097209870815,24.491425,0.0452678474145126,1,0.001155034951357628,>60s
XCKlvJT3mdI.mp3,55.90204166666667,48000,0.111316085,1.0233166,0.1087797060608863,28.416155,0.0694301279872638,0,0.0,45-60s
zGUu6TZRdWA.mp3,1211.6,48000,0.19470002,1.4837074,0.1312253475189209,29.961384,0.0617134617336888,9,0.007428194123473094,>60s
A7bC-iET0kg.mp3,45.720979166666666,48000,0.23650165,1.158038,0.2042261511087417,32.47424,0.0583354290587823,1,0.0218717975473513,45-60s
Rrsm6e8oZlw.mp3,627.6121666666667,48000,0.027646208,0.6887189,0.0401414968073368,43.394875,0.0636715131810958,1,0.0015933406857154087,>60s
vnjktlqg_Do.mp3,60.186125,48000,0.062550776,0.82607174,0.0757207572460174,25.693882,0.0404644374113946,0,0.0,>60s
8yLDHVAel3w.mp3,21.8964375,48000,0.062695816,0.9122051,0.0687299594283104,30.917585,0.0301597509741841,0,0.0,10-25s
8R3UHC4LbRo.mp3,58.28210416666667,48000,0.05241737,0.61640996,0.0850365459918975,25.291035,0.0466735750480417,0,0.0,45-60s
jS7FD_Zp4AE.mp3,37.14033333333333,48000,0.045598447,0.84700114,0.0538351684808731,37.400784,0.0441956232499282,2,0.05384981287190027,35-45s
leI9mid4LNk.mp3,79.807,48000,0.09081264,1.0390478,0.0873998627066612,28.070965,0.0447625081445469,1,0.012530229177891664,>60s
Gsb7JdzPPEA.mp3,1171.072,48000,0.02354312,0.5112889,0.0460466109216213,22.119558,0.0699402838911457,6,0.0051235107662039574,>60s
_ZsSKMpDlPA.mp3,44.28097916666667,48000,0.21319403,1.0996234,0.1938791275024414,97.26719,0.0262180688523603,0,0.0,35-45s
wdL_3v2GWns.mp3,13.6765625,48000,0.16670154,1.1711484,0.1423402279615402,34.82772,0.0450223475253312,0,0.0,10-25s
vBV04FI_YOY.mp3,62.86804166666667,48000,0.21211366,1.0973139,0.1933026313781738,30.894863,0.0525803684096114,0,0.0,>60s
VpEHfwTh800.mp3,20.9211875,48000,0.054586753,0.4703548,0.1160544231534004,30.713154,0.040967344387105,0,0.0,10-25s
h4xTQimE-Z0.mp3,106.9046875,48000,0.095722005,1.053061,0.0908988192677497,28.2415,0.0548786618901526,2,0.018708253555298968,>60s
pY-QYmv9d6o.mp3,72.13279166666666,48000,0.10085678,0.9891602,0.1019620299339294,33.713764,0.0275596969493937,0,0.0,>60s
GnWOJ6T3jP4.mp3,19.202916666666667,48000,0.10127521,0.64734447,0.156447172164917,51.53261,0.0371771541851749,0,0.0,10-25s
MV_hrDs0ook.mp3,37.504,48000,0.08557972,0.9334592,0.0916801914572715,27.160633,0.0366445567955644,0,0.0,35-45s
IneIRLZE3Tk.mp3,58.514291666666665,48000,0.063141495,0.48332494,0.130639836192131,45.58938,0.0521471202264856,0,0.0,45-60s
sm_a7-q-aZE.mp3,63.9146875,48000,0.05969956,0.8293054,0.0719874277710914,29.811493,0.0353705299411813,1,0.015645856048345695,>60s
q7tY_J0Miiw.mp3,60.19775,48000,0.00023633725,0.0051300265,0.0460694022476673,38.041935,0.0171488458429305,0,0.0,>60s
slE8eO_DyLY.mp3,18.5991875,48000,0.08747594,0.9641601,0.090727612376213,24.267082,0.0583969256199828,0,0.0,10-25s
4J__U4VASsQ.mp3,572.3835,48000,0.07106904,1.0527662,0.0675069540739059,25.052507,0.050719410686998,13,0.022712045333242486,>60s
N6ecTW7WCeM.mp3,53.638104166666665,48000,0.13010678,1.0984435,0.1184464916586875,27.12303,0.0346890379548618,0,0.0,45-60s
XuHLCnSOIk0.mp3,1872.700958333333,48000,0.20127973,1.7046983,0.1180735155940055,28.098299,0.0585832426890029,11,0.005873868943704597,>60s
ybXoJ75AIWg.mp3,44.72164583333333,48000,0.097469665,0.95469916,0.1020946353673935,26.789059,0.0350102197859527,1,0.02236053663424544,35-45s
hPFxqMUlh1g.mp3,51.57152083333333,48000,0.102474816,0.9952791,0.1029608845710754,27.468462,0.0309527897169079,0,0.0,45-60s
AqFRTTF7224.mp3,12.757333333333332,48000,0.27879032,1.0592144,0.26320481300354,40.983505,0.0348197153038847,0,0.0,10-25s
Y5AdoSv6nug.mp3,26.12245833333333,48000,0.071600586,0.62312245,0.1149061247706413,40.913536,0.0663916952710289,0,0.0,25-35s
GPxJPXFASJw.mp3,17.706666666666667,48000,0.07102406,0.9210292,0.0771137997508049,24.093079,0.0465087155704394,1,0.05647590361445783,10-25s
rcIiPvfyang.mp3,58.75297916666667,48000,0.06815391,0.6142149,0.1109610199928283,27.599457,0.0473428069409148,0,0.0,45-60s
rckgaTnZ_uI.mp3,20.747041666666668,48000,0.30660152,1.2077146,0.2538692057132721,48.205605,0.0197314804406474,0,0.0,10-25s
4PBQZzxhEJc.mp3,26.517208333333333,48000,0.05635575,0.8046099,0.0700410827994346,26.870728,0.0658366540124698,1,0.037711360390186875,25-35s
Xv1PFgm3q2I.mp3,75.2094375,48000,0.039953727,0.70659816,0.0565437749028205,22.25091,0.0546590382791448,0,0.0,>60s
SIFQlTXgZxI.mp3,416.7865833333333,48000,0.036807436,0.25800335,0.1426626294851303,28.813307,0.0563928604418859,0,0.0,>60s
hf72jV4J5KQ.mp3,79.43547916666667,48000,0.06169409,0.8869233,0.0695596635341644,27.17679,0.0686673042469454,4,0.0503553329313649,>60s
eNCjDvmXKg4.mp3,37.72083333333333,48000,0.15705943,1.060676,0.1480748504400253,30.57837,0.0395696940380265,0,0.0,35-45s
2o8hRHMimEY.mp3,60.07004166666667,48000,0.10375395,0.9991846,0.1038386151194572,28.897144,0.0467084537852894,0,0.0,>60s
koqEKaaWvHw.mp3,75.97570833333333,48000,0.055479232,0.67143047,0.0826284065842628,22.293049,0.0746874945160045,0,0.0,>60s
2ZhRctv0Aio.mp3,21.188229166666662,48000,0.074965484,0.92188424,0.0813176780939102,23.613964,0.0699596203447408,0,0.0,10-25s
yIHnjEf3S9s.mp3,47.1945625,48000,0.10515978,0.9470581,0.111038364470005,33.018158,0.0563836290607344,0,0.0,45-60s
1kpRJk_dHlI.mp3,179.67602083333333,48000,0.21833731,1.3365245,0.1633619964122772,28.126457,0.0433099526472989,0,0.0,>60s
HhUxeP-UX0M.mp3,214.144,48000,0.04161025,0.49354577,0.0843087956309318,29.284323,0.0373422674266573,2,0.009339509862522414,>60s
l8KbDQAEbk0.mp3,40.29866666666667,48000,0.13588223,1.1378387,0.1194213405251503,30.121113,0.0682805574391373,0,0.0,35-45s
7pea_sK3ffs.mp3,41.51466666666666,48000,0.2756792,1.203568,0.2290516197681427,43.94738,0.0504489980012201,0,0.0,35-45s
KADCk3LesBg.mp3,62.47329166666667,48000,0.2171812,1.406927,0.1543656587600708,30.27674,0.0544850012538415,0,0.0,>60s
po5XqpOaomg.mp3,173.801375,48000,0.08158844,1.002693,0.0813693106174469,24.602776,0.0344504687308211,0,0.0,>60s
IQMt-bxmzyo.mp3,29.354666666666667,48000,0.05823793,0.8581702,0.0678629130125045,25.87469,0.0477985308640573,0,0.0,25-35s
G-L9YcBzSmg.mp3,22.506666666666668,48000,0.462528,1.4960756,0.309160828590393,43.40744,0.0577370026054002,0,0.0,10-25s
mmPsIJGyEHo.mp3,80.832,48000,0.02462969,0.29788572,0.0826816707849502,32.1386,0.0618000163898601,0,0.0,>60s
GWQyz554TWs.mp3,652.7942083333334,48000,0.07000686,1.0269557,0.0681693106889724,21.58498,0.0464227334814133,7,0.010723134351745997,>60s
2VJoVVWMYLY.mp3,469.72897916666665,48000,0.035475843,0.26099205,0.1359269022941589,31.982534,0.0652718869924837,0,0.0,>60s
KByK-5XCC7Y.mp3,405.3333333333333,48000,0.097017795,1.0855707,0.0893703177571296,22.92789,0.0386770763433857,12,0.02960526315789474,>60s
mZjqsSM-SEo.mp3,31.602375,48000,0.16989821,1.1008383,0.1543353050947189,186.63084,0.0583661710576274,0,0.0,25-35s
CrrC6hoJcSo.mp3,23.695979166666667,48000,0.16362132,1.3014675,0.1257206350564956,47.92981,0.0564272491702295,0,0.0,10-25s
bZqwKHyXXzI.mp3,47.926,48000,0.03936062,0.28197157,0.1395907402038574,29.581467,0.0534685353040164,0,0.0,45-60s
KYFFhXtnOdo.mp3,60.27902083333333,48000,0.06382249,0.8666098,0.0736461728811264,25.231493,0.0462173926265038,0,0.0,>60s
CBKQvnEWsqo.mp3,104.06022916666667,48000,0.033188436,0.38646892,0.0858760848641395,33.42652,0.0684359504727859,3,0.028829457940123215,>60s
rS5NGt063ec.mp3,13.978416666666666,48000,0.08411076,0.7458211,0.1127760484814643,33.468647,0.0274398419622425,0,0.0,10-25s
H0EMSvguZS0.mp3,68.11575,48000,0.12047526,1.0909532,0.1104311868548393,38.647015,0.0728069703257125,2,0.029361784902904246,>60s
j1HIrZpwuX8.mp3,80.8170625,48000,0.038194343,0.5415498,0.0705278515815734,28.228298,0.0428741483271743,4,0.04949449876379756,>60s
R_BCkx-DYvw.mp3,80.10885416666666,48000,0.037055213,0.29952532,0.1237131208181381,34.414856,0.0710225913451937,0,0.0,>60s
vLWLWGyoF6M.mp3,15.081375,48000,0.08524313,0.91129786,0.0935403555631637,34.168087,0.0436410863463578,0,0.0,10-25s
9Ue0bYuTbDg.mp3,64.2031875,48000,0.064549014,1.045104,0.0617632418870925,23.460022,0.0381426332796926,2,0.031151101337453066,>60s
-GXtskuhKUs.mp3,19.9575625,48000,0.045286957,1.0417447,0.0434722229838371,21.825584,0.0546984550280448,0,0.0,10-25s
iGjUQqH-Oh8.mp3,129.63702083333334,48000,0.0656887,0.82655865,0.0794725194573402,24.355022,0.0419884110940842,0,0.0,>60s
BEb9a6DG2QU.mp3,28.43733333333333,48000,0.21324344,1.0744711,0.1984636336565017,61.880413,0.0586241417088488,0,0.0,25-35s
MCqALEtg8JI.mp3,17.493333333333332,48000,0.022688827,0.47600707,0.0476648919284343,40.30115,0.044157168837599,0,0.0,10-25s
VTexJWm0KwI.mp3,585.8394583333334,48000,0.19192056,1.2662616,0.1515647023916244,31.64795,0.0660961212174316,3,0.005120856844526589,>60s
wyoj_TeXEeM.mp3,180.04754166666666,48000,0.087520085,1.0149653,0.0862296298146247,23.908329,0.0501346823163507,5,0.027770443038077214,>60s
EREEX60eVS4.mp3,280.648,48000,0.04966576,0.9390431,0.0528897568583488,25.2668,0.0558356132534871,2,0.007126364698839828,>60s
oIvwzExzIaU.mp3,27.91039583333333,48000,0.054827753,0.6691318,0.0819386467337608,27.544254,0.0495792982183798,0,0.0,25-35s
p9WJCVfTT38.mp3,121.94133333333332,48000,0.1402267,1.0617002,0.1320775002241134,24.954678,0.0625281446115411,0,0.0,>60s
R9fBfPnVSuA.mp3,44.0134375,48000,0.07062094,1.00913,0.069981999695301,23.907627,0.0427382746244245,1,0.022720333988909637,35-45s
_X2xiPEUqSU.mp3,91.62595833333332,48000,0.06621745,0.6154896,0.1075850054621696,37.931107,0.0601395381621071,0,0.0,>60s
elNc0N5J5LQ.mp3,83.456,48000,0.045849454,0.71572924,0.0640597715973854,25.568,0.0467005915535143,0,0.0,>60s
4BX9oJY5spw.mp3,276.77866666666665,48000,0.062359657,0.85190785,0.0732000023126602,29.447182,0.0660959771751801,2,0.007225990442423309,>60s
4_8bICrBO9U.mp3,1400.6169791666666,48000,0.08407795,0.44260272,0.1899625658988952,29.452002,0.0380354278264176,0,0.0,>60s
vgP1Z9vLJsI.mp3,71.6335625,48000,0.03857061,0.4144004,0.0930757075548172,93.96267,0.0656385665993523,0,0.0,>60s
8EO9QFNTS7A.mp3,62.39202083333333,48000,0.09596043,1.1343093,0.0845981165766716,24.118336,0.0477846220619658,0,0.0,>60s
55uonKvWT8M.mp3,2185.237333333333,48000,0.086661555,1.2235119,0.0708301663398742,24.915672,0.079073014062172,37,0.016931799322483967,>60s
pyFx1d1ZSUc.mp3,24.241645833333333,48000,0.12784284,1.0155151,0.1258896589279174,112.27377,0.0345807526534315,0,0.0,10-25s
ZKXJdh6JvWk.mp3,48.97089583333333,48000,0.007206034,0.07888666,0.0913466736674308,30.705383,0.0633024953383601,0,0.0,45-60s
086yrbH4wsA.mp3,92.16,48000,0.078680634,0.93481696,0.0841668918728828,28.927502,0.0515557982112892,2,0.021701388888888888,>60s
5fMvwpvUgLk.mp3,42.88,48000,0.10673644,1.0040374,0.1063072308897972,53.106876,0.0720381813836732,0,0.0,35-45s
kjmREPdEZsE.mp3,180.0359375,48000,0.21156028,1.1812441,0.1790995448827743,40.182236,0.0374693880432045,3,0.01666333978459162,>60s
BR3maLBBYqI.mp3,1607.2504375,48000,0.12483618,1.2483897,0.0999977588653564,25.166224,0.0628563597628251,17,0.01057706976048031,>60s
utjwVu0Zjnc.mp3,10.727625,48000,0.27225047,1.348227,0.2019322216510772,34.878838,0.0412854901838966,0,0.0,10-25s
aoXq03Zd0gE.mp3,54.28897916666666,48000,0.08213838,0.9544711,0.0860564336180687,30.870989,0.0556797949410609,0,0.0,45-60s
NXchx3Q0zmo.mp3,478.51683333333335,48000,0.037139416,0.402897,0.092180922627449,28.83239,0.0627560861605849,1,0.0020897906412905712,>60s
sCGgmnRTQsQ.mp3,26.679729166666668,48000,0.18116038,1.1542304,0.1569533944129943,36.579575,0.0790117905675459,0,0.0,25-35s
hkqCS2Z5Sgo.mp3,34.38933333333333,48000,0.080163345,1.0499275,0.0763513147830963,24.86046,0.0405346111918604,0,0.0,25-35s
UMQNzrAX2x8.mp3,19.969166666666663,48000,0.044815533,1.0254798,0.0437020137906074,18.383877,0.0345516988954885,0,0.0,10-25s
eV8AJEmjzIs.mp3,54.775875,48000,0.01916803,0.20184293,0.0949650779366493,37.601654,0.0355868235555393,1,0.01825621224672358,45-60s
BNAS3XIwYSE.mp3,48.76191666666666,48000,0.024744418,0.22960682,0.1077686548233032,48.595413,0.0373434765966754,0,0.0,45-60s
ko77yQLHM9E.mp3,487.6422708333333,48000,0.05473593,0.69906646,0.0782986059784889,19.613857,0.0509857392012271,0,0.0,>60s
yt4HSP_9n5Q.mp3,56.55220833333333,48000,0.13754566,1.0347251,0.1329296678304672,37.883266,0.0559110580323462,0,0.0,45-60s
aRoOa5cWU-g.mp3,302.25416666666666,48000,0.137998,1.1951458,0.1154654026031494,33.52288,0.0608917062938913,6,0.019850842971560912,>60s
a6yp6E64lto.mp3,1015.0371041666668,48000,0.053578034,0.46642536,0.1148694679141044,23.193203,0.0705338531404345,1,0.0009851856605980801,>60s
wpQeUsaspxo.mp3,33.87733333333333,48000,0.072859,0.8199568,0.0888571217656135,32.813885,0.0338801407086087,0,0.0,25-35s
3EZSLZD602Q.mp3,19.876291666666667,48000,0.17544258,1.1441262,0.1533419787883758,27.840586,0.0384421942060085,0,0.0,10-25s
8UP1mIEf6C8.mp3,749.2266666666667,48000,0.08863036,1.0577133,0.083794318139553,33.013397,0.0742803195538396,32,0.042710706150341685,>60s
ZgNnB_xL4xw.mp3,17.089895833333333,48000,0.07868707,0.8791686,0.0895016863942146,29.305641,0.0385900581916718,0,0.0,10-25s
inAHoKgFrdo.mp3,28.416,48000,0.11436999,0.75244457,0.1519978940486908,41.188107,0.0434779183278611,0,0.0,25-35s
Ez6tTKXtGkU.mp3,29.001729166666667,48000,0.025933018,0.29108468,0.0890909731388092,169.95644,0.0477335776595255,0,0.0,25-35s
nXH9oSkFJCU.mp3,63.007354166666666,48000,0.04946656,0.5217744,0.0948044955730438,37.405544,0.0736911218945742,0,0.0,>60s
rnP_mx1Ks0M.mp3,23.08064583333333,48000,0.27977112,1.088304,0.2570707201957702,61.832485,0.0436594287921672,0,0.0,10-25s
GdtNVUSuHTE.mp3,67.18695833333334,48000,0.026225878,0.4946661,0.0530173331499099,20.995693,0.0344120067421416,0,0.0,>60s
4h4SF_8laEQ.mp3,25.774166666666662,48000,0.049326777,0.9732969,0.0506800934672355,23.558739,0.0271055689516963,0,0.0,25-35s
xuUMC77KGzk.mp3,60.03520833333334,48000,0.057164893,0.6505217,0.0878754556179046,33.455254,0.0595190468722241,1,0.01665689230972103,>60s
yNYTXYIYH0E.mp3,20.956020833333334,48000,0.2894167,1.3158416,0.2199479937553405,34.761112,0.0591960877862595,0,0.0,10-25s
j7nR1DPbnuY.mp3,26.552020833333334,48000,0.1937585,1.0886915,0.1779737472534179,37.896404,0.0294378686621485,0,0.0,25-35s
kYeTZoyV0z4.mp3,89.62904166666667,48000,0.11987451,1.127168,0.1063501611351966,27.388474,0.0557082826631857,0,0.0,>60s
EexmR2u5eEs.mp3,112.57035416666666,48000,0.03240169,0.8156582,0.0397245921194553,20.988997,0.0486554175993699,4,0.03553333406127317,>60s
_9EBME35xsA.mp3,89.06666666666666,48000,0.058386903,0.8258047,0.0707030370831489,27.32587,0.0437150584510837,0,0.0,>60s
SXu0pC-PaQ0.mp3,106.86985416666668,48000,0.031979896,0.564661,0.0566355660557746,25.779493,0.0378113402102045,0,0.0,>60s
asKjTnQTDnM.mp3,14.048083333333333,48000,0.2028472,1.0811265,0.1876257807016372,53.322678,0.1031462650559559,0,0.0,10-25s
iF9xhR3XimE.mp3,37.5815,48000,0.03117052,0.80762494,0.0385952889919281,23.773634,0.048720741921467,2,0.053217673589399044,35-45s
uIS0DQWJdTM.mp3,13.920979166666667,48000,0.01287663,0.14438596,0.0891820043325424,26.874533,0.0541521104517611,0,0.0,10-25s
LiGqF0kiz5E.mp3,301.67466666666667,48000,0.10161712,1.0956244,0.0927481278777122,26.11458,0.0581651508304458,0,0.0,>60s
kNB59rI6nEA.mp3,51.03747916666666,48000,0.050156876,0.8935409,0.0561327151954174,19.76183,0.038177981321839,0,0.0,45-60s
dyXmJjmO99A.mp3,1732.7146666666667,48000,0.012456765,0.52790403,0.0235966481268405,30.276175,0.0591467895421393,1,0.0005771290676056685,>60s
3Gvk8UI6Sms.mp3,129.63702083333334,48000,0.095863305,1.0767877,0.0890271142125129,25.353874,0.0388848080493047,0,0.0,>60s
s-Hc5BlDxqs.mp3,60.26739583333333,48000,0.08739121,0.65366924,0.1336933225393295,180.5339,0.0234856282350468,0,0.0,>60s
H_y93x9jWuI.mp3,61.44,48000,0.1969035,1.1215262,0.1755674481391906,30.54097,0.0487976127191459,0,0.0,>60s
evCDW0v6N3I.mp3,46.41697916666666,48000,0.093137376,0.5149715,0.1808592826128006,42.0343,0.0610992207246668,0,0.0,45-60s
Fhht-pQ3e7M.mp3,436.16,48000,0.09266707,1.1299865,0.0820072367787361,21.398254,0.0486196821274852,0,0.0,>60s
9w0U6mhKG5Y.mp3,102.20264583333334,48000,0.031609822,0.6493728,0.0486774630844593,21.632378,0.0354170029906334,2,0.019568965007632916,>60s
eWabv25kwbU.mp3,60.30222916666666,48000,0.17995887,1.0814214,0.1664095669984817,45.943523,0.0382547719258489,0,0.0,>60s
2ck-ygwEpqc.mp3,36.2811875,48000,0.04615964,0.530975,0.0869337394833564,26.116596,0.0453609262474279,0,0.0,35-45s
rUqGO04RixE.mp3,42.422875,48000,0.06953439,0.9987715,0.0696199163794517,23.302145,0.0505825251775389,0,0.0,35-45s
hVwdPNkt734.mp3,14.767895833333334,48000,0.06964732,0.66906893,0.104095883667469,26.72303,0.054165373984657,0,0.0,10-25s
Upuw-b79MEE.mp3,20.096875,48000,0.33691117,1.3125741,0.2566797137260437,43.87129,0.0463450140915119,0,0.0,10-25s
MV4EmvDjmuQ.mp3,660.004,48000,0.06105232,0.70321184,0.0868192389607429,24.699373,0.0640229236194162,21,0.03181798898188496,>60s
hGEIlL0d7QM.mp3,10.472208333333333,48000,0.26600632,1.0279458,0.2587746679782867,45.17723,0.0258605086876272,0,0.0,10-25s
zK49AmxPfxE.mp3,41.714666666666666,48000,0.14397593,1.069106,0.1346694678068161,34.743576,0.0360611496420352,0,0.0,35-45s
bNdgvKX8ksY.mp3,518.9892083333333,48000,0.03960169,0.37615967,0.1052789390087127,28.137981,0.0750906234585662,1,0.0019268223383899843,>60s
DAMHxGrvXxA.mp3,14.965270833333332,48000,0.067845546,0.9080529,0.0747154057025909,23.258526,0.0516777663934426,0,0.0,10-25s
RlOkNPuAeSI.mp3,123.367625,48000,0.09061269,1.128875,0.0802681297063827,27.226088,0.0558053204165225,2,0.01621170870396508,>60s
pkqdrlDNXNg.mp3,240.8141666666667,48000,0.08482805,1.0357286,0.0819018110632896,33.67348,0.0682620734389533,5,0.020762898085314747,>60s
QGJhkw1eZyM.mp3,513.9737083333333,48000,0.10056389,1.0936174,0.0919552743434906,23.281654,0.0561744139895405,0,0.0,>60s
zDF9QNT_kv4.mp3,61.86666666666667,48000,0.050396487,0.581828,0.08661749958992,29.358149,0.041210903831236,2,0.032327586206896554,>60s
6iIuc8U9P44.mp3,60.138666666666666,48000,0.0646774,1.0074551,0.0641987919807434,25.98834,0.0395506946599574,0,0.0,>60s
ce-plstSR-I.mp3,29.4196875,48000,0.088124685,0.78700215,0.1119751557707786,37.377686,0.0550616306859369,0,0.0,25-35s
IkjzLAFVwSI.mp3,59.768166666666666,48000,0.025836118,0.62732524,0.0411845669150352,21.78984,0.0627744621587259,0,0.0,45-60s
UhGksgMrBuQ.mp3,935.9786666666666,48000,0.08757322,0.69113296,0.1267096549272537,26.324467,0.0626304212690458,1,0.001068400419382778,>60s
IoqtaoYFrqI.mp3,52.47710416666666,48000,0.105336726,0.9045092,0.1164573282003402,52.688316,0.0702803448932926,0,0.0,45-60s
CPFIAbQhFz0.mp3,57.37652083333333,48000,0.061358873,0.6797341,0.0902689322829246,27.932404,0.0474250878543215,1,0.017428731918144508,45-60s
iAyNgeyF2-Q.mp3,11.401,48000,0.104781345,0.59259564,0.1768176108598709,31.137493,0.070101474801216,0,0.0,10-25s
PuimQ8Cxu3Q.mp3,11.784979166666666,48000,0.075188145,0.5839734,0.1287526935338974,42.39421,0.0760039592760181,0,0.0,10-25s
HXgD2_0-uSw.mp3,37.61633333333333,48000,0.11651931,1.0099075,0.1153762191534042,26.247402,0.0754277548642614,0,0.0,35-45s
AiS0cVoZBT4.mp3,58.293708333333335,48000,0.13256359,0.9983016,0.1327891200780868,33.881958,0.0599266524023509,0,0.0,45-60s
kvSLK970AHo.mp3,35.874833333333335,48000,0.043942526,0.69219387,0.0634829774498939,21.995396,0.1016960370838287,0,0.0,35-45s
B9i64L6TdXM.mp3,62.5545625,48000,0.05600029,0.8514814,0.0657680705189704,22.054308,0.0309659393648763,1,0.015986044183427868,>60s
Z96_tu8hBB8.mp3,178.921375,48000,0.13126345,0.9730656,0.1348968148231506,32.560684,0.0564990950466495,1,0.005589047144311293,>60s
XepTun_jT_U.mp3,20.3406875,48000,0.037004434,0.47251892,0.0783131271600723,30.171734,0.0518773863561877,0,0.0,10-25s
WqTj8lsXijM.mp3,506.0053333333333,48000,0.0719339,0.92512715,0.0777556896209716,87.87099,0.0773027372158192,0,0.0,>60s
wdRwbLM4VDY.mp3,31.788125,48000,0.09396195,1.0191696,0.0921946167945861,29.828865,0.0150327071452532,0,0.0,25-35s
slWroZ1Hk6Y.mp3,60.00097916666667,48000,0.11506473,0.98778677,0.1164874210953712,49.110218,0.0400417529939121,0,0.0,>60s
kTQElGqLCe0.mp3,22.40727083333333,48000,0.32044885,1.2624792,0.2538250386714935,58.895966,0.0434851521596858,0,0.0,10-25s
m22dxQVB1e8.mp3,6130.6,48000,0.1730271,1.0395422,0.1664454787969589,29.727379,0.035323847545331,261,0.04257332071901608,>60s
fAQkc5nQpuQ.mp3,132.00545833333334,48000,0.23983872,1.3319132,0.1800708323717117,42.62699,0.0536006244444893,5,0.03787722161741418,>60s
rqoPbKvxsR4.mp3,60.20935416666666,48000,0.06998445,1.0299073,0.0679521784186363,19.601448,0.0255711463407883,0,0.0,>60s
sYxbUHP6XFk.mp3,285.1410625,48000,0.111696035,1.1726865,0.0952479988336563,27.8566,0.0582335485092772,0,0.0,>60s
wqeZ_s8fdr4.mp3,48.90122916666667,48000,0.0832656,0.9710225,0.085750438272953,24.788897,0.0431231682797164,0,0.0,45-60s
_0HANu7Wu3g.mp3,55.9833125,48000,0.09561128,0.7204125,0.132717415690422,27.063232,0.0471749083158696,0,0.0,45-60s
_Tg7hyTyZ_o.mp3,1520.9813333333334,48000,0.015396392,0.46916902,0.0328163020312786,22.246626,0.0631525552073909,58,0.038133275359066424,>60s
MGExjlp6hD4.mp3,50.41054166666667,48000,0.07093953,1.0110939,0.0701611787080764,25.366161,0.0395167896014071,0,0.0,45-60s
MzWPrStGx18.mp3,63.077020833333336,48000,0.08909883,1.0814693,0.0823868364095687,26.580183,0.0461763466456712,0,0.0,>60s
VkckCgpEe-c.mp3,112.96508333333334,48000,0.027867468,0.42962316,0.0648649111390113,25.685835,0.0495190768547587,0,0.0,>60s
uKSAIGlrzOo.mp3,29.94214583333333,48000,0.1781321,1.2408354,0.1435582041740417,29.639095,0.0391214484842414,0,0.0,25-35s
3Gk2hFmScnA.mp3,193.46866666666668,48000,0.086218834,1.1784115,0.0731653049588203,29.086905,0.0694053650743604,4,0.020675182544632548,>60s
Jr3Qlc_sQB8.mp3,32.49697916666667,48000,0.06542765,0.97873557,0.0668491646647453,27.528217,0.0283680669510994,0,0.0,25-35s
qQYV0cOoVGc.mp3,538.8538958333334,48000,0.093438745,1.2192621,0.0766354873776435,23.492947,0.0511076826112722,26,0.04825055585761555,>60s
PdRZNT7TMxc.mp3,754.962,48000,0.03460949,0.6138396,0.0563819743692874,22.501848,0.0401036350013422,11,0.014570269761921792,>60s
eaZnPwYZWwY.mp3,13.248,48000,0.11698662,1.0475339,0.1116781234741211,48.07197,0.0471539056214802,0,0.0,10-25s
ffruCNu7OrM.mp3,413.24554166666667,48000,0.11777638,1.0345948,0.1138381734490394,57.318558,0.0591080068748064,0,0.0,>60s
P5gT0alRR5o.mp3,107.60127083333332,48000,0.024696179,0.54639167,0.0451986752450466,23.211157,0.0694054430387589,5,0.046467852668251874,>60s
TYU7Wu7qfD8.mp3,51.86177083333333,48000,0.11104959,1.062449,0.1045222803950309,27.403772,0.0662152751002467,0,0.0,45-60s
bnoybpAZxck.mp3,104.55466666666666,48000,0.056680024,0.8194427,0.0691689923405647,25.561958,0.0840290540045139,1,0.009564374617425016,>60s
Fw7R6SLArAU.mp3,50.96533333333333,48000,0.1260269,0.91720855,0.137402668595314,48.77404,0.0674744610208725,0,0.0,45-60s
K6por7fnlME.mp3,80.44897916666666,48000,0.063873895,0.6674798,0.0956941246986389,26.192871,0.0431892954353374,2,0.024860477046658197,>60s
28jNrzfLotk.mp3,18.367,48000,0.035269234,0.63752294,0.0553222969174385,29.651619,0.0337872477497096,1,0.054445472858931775,10-25s
1pD7SGYLzFw.mp3,37.29125,48000,0.05622138,0.89738667,0.0626501217484474,29.23391,0.0372833522483557,0,0.0,35-45s
Wv4TWqtn9dk.mp3,543.0073541666667,48000,0.11851775,1.0421631,0.113722838461399,27.616262,0.0462025785838637,7,0.012891169790403008,>60s
mAS6ZMZ8uJQ.mp3,293.952,48000,0.030839175,0.4518007,0.0682583600282669,21.64606,0.0920992093100257,0,0.0,>60s
CAQPmOqr3FQ.mp3,56.5754375,48000,0.11022127,1.160746,0.0949572697281837,22.426186,0.038983605386265,0,0.0,45-60s
J8-kT3gHO4I.mp3,62.58939583333333,48000,0.053650912,0.6680658,0.0803078263998031,26.49867,0.0399635070509543,2,0.031954294707137225,>60s
07reTCJzjYk.mp3,57.655166666666666,48000,0.20514843,1.0908681,0.1880597919225692,56.324875,0.0482036380295042,3,0.0520334980097187,45-60s
o7EIZdrmSJ8.mp3,26.29660416666667,48000,0.03557197,0.96704805,0.036784078925848,20.156075,0.0444747788675993,0,0.0,25-35s
moVRW5Im0kA.mp3,179.22133333333332,48000,0.09042812,1.2441583,0.0726821720600128,22.868635,0.0522645463235731,0,0.0,>60s
eF_F-Wpung4.mp3,20.201375,48000,0.10827277,0.51274014,0.2111649960279464,51.651234,0.0386564583058342,0,0.0,10-25s
UalwkJyKp0E.mp3,44.9770625,48000,0.02263233,0.31485438,0.0718818977475166,25.788004,0.0347479787912022,2,0.044467110318731906,35-45s
ygLpLwyKrJ4.mp3,20.010666666666665,48000,0.045268305,0.96431947,0.0469432659447193,25.989363,0.0557610944159563,0,0.0,10-25s
iac0ZrhXWto.mp3,18.11158333333333,48000,0.12303894,1.0088587,0.1219585463404655,183.52576,0.0412485506846289,0,0.0,10-25s
20mE-U3veLM.mp3,82.24508333333333,48000,0.07697533,1.0105344,0.0761728957295417,24.910772,0.041478577174653,0,0.0,>60s
C9eZsH_p1s0.mp3,2652.241270833333,48000,0.060324788,1.1149523,0.0541052632033824,21.3218,0.0465582695435666,69,0.026015732715870238,>60s
WiJoGo7GwVo.mp3,87.94558333333333,48000,0.07241377,0.68483925,0.1057383492588996,27.41213,0.0491710766942086,0,0.0,>60s
2YhujsY7s-Q.mp3,35.456,48000,0.056185115,0.8396355,0.0669160783290863,40.348553,0.0331235314849624,2,0.056407942238267145,35-45s
3uOWYiJG_I4.mp3,444.01197916666666,48000,0.053291954,1.0331292,0.0515830479562282,18.586699,0.0716751292543001,1,0.0022521914878891923,>60s
ToVAkJZLDL8.mp3,42.643458333333335,48000,0.046846975,1.0196006,0.0459463968873024,19.597017,0.0420831753767508,2,0.04690051131328271,35-45s
42z2lbWcKCk.mp3,54.02122916666666,48000,0.054598376,1.0039486,0.0543836392462253,21.950607,0.0643908486549851,0,0.0,45-60s
rScoa3VMQPM.mp3,26.8190625,48000,0.026113443,0.41396832,0.0630807727575302,53.986378,0.0545267457753479,0,0.0,25-35s
dIcqZ3Tep7g.mp3,19.110041666666667,48000,0.06569055,0.7309129,0.089874655008316,28.119072,0.0496670859200613,1,0.05232850966224127,10-25s
XyVz1JATZJ0.mp3,57.32,48000,0.021397596,0.2394218,0.0893719643354415,27.417442,0.0347273911425381,0,0.0,45-60s
Q2o_Z7ADJGc.mp3,25.40264583333333,48000,0.10047675,1.1207529,0.0896511152386665,28.831684,0.0513666955289672,0,0.0,25-35s
2ekc29U1UTc.mp3,42.608625,48000,0.067957394,0.5924982,0.1146963760256767,28.20721,0.0583452704552565,0,0.0,35-45s
bqA_J1PWWXo.mp3,60.25579166666667,48000,0.084482096,0.67526746,0.1251090914011001,26.678669,0.0251658029905735,0,0.0,>60s
gUFMh5Hl1do.mp3,180.04754166666666,48000,0.098215066,0.7673579,0.1279912143945694,26.954128,0.0437451403287914,0,0.0,>60s
rvTW8CYddaI.mp3,44.477833333333336,48000,0.061875977,0.6226642,0.0993729457259178,25.573944,0.0474948947092326,2,0.04496621912788017,35-45s
aOVqAT-UuTw.mp3,528.3236458333333,48000,0.038908586,0.934062,0.0416552498936653,22.38404,0.0532623055037501,18,0.0340700253376097,>60s
dIR79r8g04A.mp3,50.03902083333333,48000,0.07962627,0.89609665,0.0888590216636657,23.22369,0.0830991831175405,1,0.019984403838171294,45-60s
8xfYtve2V2g.mp3,58.258875,48000,0.03830842,0.98712385,0.0388081185519695,17.929163,0.0243971666456883,1,0.01716476674154796,45-60s
LAdON9BCqUc.mp3,49.96935416666667,48000,0.03317822,0.5299529,0.0626059845089912,23.09004,0.0400362484991995,1,0.02001226585127801,45-60s
86v0hgeG_jc.mp3,105.82495833333331,48000,0.04283059,0.95057523,0.0450575500726699,19.768425,0.0578484837986293,0,0.0,>60s
xKWydvXYSew.mp3,45.39502083333333,48000,0.031557716,0.26445937,0.1193291693925857,39.476494,0.0515851472553453,0,0.0,45-60s
jejS4SW0uSk.mp3,25.251708333333333,48000,0.042869437,0.62700844,0.0683713853359222,29.97198,0.0401287594357052,0,0.0,25-35s
WowUQzPthsc.mp3,232.38402083333327,48000,0.05155001,0.9276099,0.0555729381740093,23.548481,0.04969457937216,7,0.030122553069259556,>60s
Dyo4NzpEe7k.mp3,339.7973333333333,48000,0.029396065,0.35671708,0.0824072211980819,23.065908,0.0401925499105377,2,0.005885861376192869,>60s
B9QdWaR6MuE.mp3,991.5946666666666,48000,0.044068143,0.74867976,0.0588611401617527,24.823713,0.0554906694229155,23,0.023194961382070094,>60s
VZLVafv8mhc.mp3,64.99297916666667,48000,0.08679684,1.0568492,0.0821279287338256,23.862782,0.0620302276060469,0,0.0,>60s
BY_WB-Xuwek.mp3,60.01197916666667,48000,0.105922215,0.57284296,0.1849061995744705,67.78451,0.0681748052081482,0,0.0,>60s
u97bp4i8Etc.mp3,20.549666666666667,48000,0.023621663,0.42569134,0.0554901212453842,38.381588,0.0488141885865334,0,0.0,10-25s
PsMwpdUJQv0.mp3,28.8391875,48000,0.067988254,0.7548323,0.0900706723332405,39.41927,0.0608130460660133,1,0.034675040688993054,25-35s
JOsAOq3tORA.mp3,77.46177083333333,48000,0.024484498,0.5450423,0.0449221991002559,19.177334,0.0225487380386892,0,0.0,>60s
yI_MbPpnAQk.mp3,105.24445833333333,48000,0.17576824,1.1132839,0.1578826755285263,65.59739,0.041913405322033,0,0.0,>60s
gkojcjhl4D0.mp3,90.6739375,48000,0.040143523,0.96291506,0.0416895784437656,20.989677,0.0639100478068756,5,0.055142636769248056,>60s
m8ADTbG37uI.mp3,7690.042645833333,48000,0.08432102,1.0284666,0.081987127661705,24.477015,0.0444900885750864,44,0.005721684784653354,>60s
vXKiTOKWukM.mp3,72.46933333333334,48000,0.10443255,1.0055053,0.1038607656955719,36.673637,0.0325894499632082,0,0.0,>60s
iqQmYD97WyE.mp3,154.668125,48000,0.09359702,1.015867,0.0921351090073585,26.18425,0.0372354775640473,0,0.0,>60s
pvVVEBUuu9E.mp3,1082.45625,48000,0.045769926,0.5361471,0.0853682234883308,28.535328,0.0448762518507159,35,0.03233387030653664,>60s
NeU6-Ps974k.mp3,52.7093125,48000,0.0,0.0,,-inf,0.0,0,0.0,45-60s
p3URn9M2LKo.mp3,712.55075,48000,0.07970456,1.181926,0.0674361661076545,24.309732,0.0393660439620071,20,0.028068176196572665,>60s
ZL-7gKzZLKM.mp3,25.40264583333333,48000,0.07465545,0.809834,0.092186115682125,34.496284,0.0367030889221242,0,0.0,25-35s
8SuVwgNmYuM.mp3,75.0236875,48000,0.10452453,1.0063746,0.1038624495267868,37.455826,0.0551147634480736,1,0.013329123551811553,>60s
D3N9mgqEXMI.mp3,18.483104166666667,48000,0.17836346,1.2164376,0.1466277092695236,49.450012,0.048992669864397,0,0.0,10-25s
G8h0s_RMfTg.mp3,29.686729166666662,48000,0.020584928,0.2715639,0.0758014172315597,24.895996,0.043933386090158,0,0.0,25-35s
4WaDVkvdVG8.mp3,59.02933333333333,48000,0.08830955,0.91277486,0.096748448908329,25.359428,0.0818057672764227,1,0.016940730032526205,45-60s
tfWanVntUZQ.mp3,37.909333333333336,48000,0.12252398,0.5422481,0.2259555757045745,37.684753,0.0697364517405063,0,0.0,35-45s
flWeOskXNDE.mp3,43.74639583333333,48000,0.23434427,1.2199903,0.1920870095491409,37.95844,0.0406494735799609,0,0.0,35-45s
p9BEMQ1VAw8.mp3,140.53879166666667,48000,0.052698076,0.8533779,0.0617523342370986,22.161978,0.0497800436755274,1,0.007115473159694047,>60s
vbYSfCG9RXA.mp3,28.189041666666668,48000,0.12843749,1.0361266,0.1239592581987381,45.061066,0.0319596058574536,0,0.0,25-35s
xPSvEm5kiqY.mp3,986.5694375,48000,0.04653764,0.53520644,0.086952693760395,22.171791,0.0385740234184947,0,0.0,>60s
PFU_d2x41Qs.mp3,29.30358333333333,48000,0.033163097,0.18535756,0.178914189338684,29.278908,0.0521499655999818,0,0.0,25-35s
wdRxtH8xXEA.mp3,58.676833333333335,48000,0.109982826,1.1342075,0.096968874335289,27.742807,0.0358107829826395,1,0.01704250115746987,45-60s
v2ofyNgWSbc.mp3,300.6984166666667,48000,0.115126684,0.9305043,0.1237250417470932,39.301296,0.0566710916992568,5,0.01662795586164543,>60s
o_Jd5vw4Nk8.mp3,411.0164375,48000,0.03785286,0.27234593,0.1389881670475006,37.52846,0.0515961460793346,14,0.03406189807189889,>60s
IYFFAv0xiu8.mp3,19.005541666666662,48000,0.119741425,1.0166692,0.1177781596779823,30.157177,0.0305255243406285,0,0.0,10-25s
7yCIXmjXTo4.mp3,42.23710416666667,48000,0.035110924,0.9554312,0.0367487706243991,22.834637,0.0567131273674242,0,0.0,35-45s
pQ9giYtHt0Y.mp3,59.97714583333333,48000,0.1110355,0.60715026,0.1828797757625579,33.999794,0.0404902645940778,0,0.0,45-60s
IfcdUGMDldE.mp3,98.64533333333334,48000,0.047943234,1.0230211,0.0468643642961978,24.060709,0.063291048356579,1,0.010137326989619376,>60s
A4_lzDqw4Gk.mp3,14.0596875,48000,0.1471439,1.0535156,0.1396694183349609,34.090313,0.0523652950862395,0,0.0,10-25s
gcp_GE_dpNo.mp3,14.489270833333334,48000,0.056047566,0.6072017,0.0923046916723251,28.995485,0.0486391360835172,0,0.0,10-25s
WAfx08Ifo8A.mp3,120.26777083333332,48000,0.045509927,0.7517382,0.0605395957827568,20.189703,0.1027473484890475,0,0.0,>60s
Dr25GPRTHAo.mp3,62.508125,48000,0.055615894,0.8110579,0.068572036921978,21.479427,0.0337162326981317,2,0.03199584054072971,>60s
OJsOUn0yfX4.mp3,378.048,48000,0.09579222,0.7859462,0.1218813955783844,38.803345,0.0602704904265299,16,0.04232266802099204,>60s
WHBYtxH1tE8.mp3,53.12,48000,0.04020611,0.7831607,0.0513382628560066,29.6063,0.0771898056364183,0,0.0,45-60s
BVl7RMn5jW4.mp3,58.839375,48000,0.048957173,1.0044847,0.0487385988235473,22.791483,0.0696552629939278,0,0.0,45-60s
KEgq74uE1MI.mp3,2897.641375,48000,0.04542199,1.0837871,0.0419104397296905,21.405573,0.0481401483769335,19,0.006557057116842142,>60s
LkDRlw8P0II.mp3,4527.253333333333,48000,0.11794022,1.5921271,0.0740771368145942,23.599049,0.0534108355786187,25,0.005522112009047429,>60s
2NBltRze7wg.mp3,160.06677083333332,48000,0.1290986,0.9016675,0.1431776136159896,37.728386,0.0356478500137435,1,0.006247392852331808,>60s
_XFOrt5AGXc.mp3,495.1655416666667,48000,0.1134824,1.0326252,0.1098969876766204,28.335817,0.0488627407768676,0,0.0,>60s
XBA2PoZuWmc.mp3,33.343875,48000,0.11759128,0.61425865,0.1914360970258712,48.181805,0.0429598465990882,0,0.0,25-35s
P_-lYzSNR-0.mp3,26.935166666666667,48000,0.05520589,1.0193596,0.0541574247181415,20.257519,0.0515561983496635,1,0.037126185717556354,25-35s
PksWYMTfSkQ.mp3,60.186125,48000,0.28608516,1.2589893,0.2272339761257171,37.797718,0.0435838822711766,0,0.0,>60s
ikqKFLxhQm8.mp3,75.82477083333333,48000,0.10773179,1.1375203,0.0947075709700584,26.125797,0.0465108324395132,0,0.0,>60s
pYj0_vHSl-g.mp3,36.10704166666667,48000,0.05587001,0.63260776,0.0883169844746589,26.676704,0.0484067552975487,0,0.0,35-45s
TasthEQ-HoY.mp3,43.08464583333333,48000,0.10750433,1.0371231,0.1036562919616699,28.240585,0.0413886041924504,0,0.0,35-45s
QcTTy-Z3jSY.mp3,47.05525,48000,0.11106855,1.0050604,0.1105093210935592,25.008087,0.0389942158814029,0,0.0,45-60s
1HDFiSXCTpg.mp3,292.94933333333336,48000,0.039618127,0.5746244,0.0689461231231689,36.60669,0.0545836391202439,1,0.0034135595688901833,>60s
ANYUn04CbIw.mp3,61.80266666666667,48000,0.06540597,0.7863355,0.083178199827671,34.19167,0.0417492686313632,1,0.016180531584397653,>60s
jS-bWzCLYso.mp3,79.424,48000,0.13566995,1.1071265,0.1225424110889434,27.774775,0.0854205657479521,0,0.0,>60s
PwQgTrKH--s.mp3,52.27972916666667,48000,0.029906508,0.49068463,0.0609485320746898,22.019634,0.0389991489443084,0,0.0,45-60s
3KehuNuZm7s.mp3,233.51147916666667,48000,0.06491341,0.5765302,0.1125932410359382,31.386112,0.0724290248007263,8,0.034259557725168935,>60s
GBd_Wdtyj1U.mp3,153.39102083333333,48000,0.061055392,0.7950126,0.0767980217933654,21.198822,0.0397483889876399,0,0.0,>60s
sqStiPkclM0.mp3,18.378604166666666,48000,0.07061404,0.9024498,0.0782470554113388,39.98969,0.0572774026951538,0,0.0,10-25s
esx7smo_1VI.mp3,14.431208333333334,48000,0.1257,0.73684216,0.1705928444862365,34.782066,0.031846186714708,0,0.0,10-25s
Rb-TS5qsUSY.mp3,24.0,48000,0.06900646,0.9477273,0.0728125646710395,30.384787,0.0751131007746557,0,0.0,10-25s
sjbcn2-kyjs.mp3,57.748041666666666,48000,0.14572744,1.0961604,0.1329435408115387,30.901993,0.0422114360627539,2,0.034633209062644985,45-60s
Do3NcrmkP-Y.mp3,589.67075,48000,0.07619502,1.8935163,0.0402399562299251,21.250227,0.0622247334547185,25,0.04239654078144456,>60s
INlAeLHDXpw.mp3,50.02739583333334,48000,0.070073865,0.9398725,0.0745567753911018,22.538317,0.0323769710282988,0,0.0,45-60s
3BznfisDwhs.mp3,42.3648125,48000,0.05888464,0.9392915,0.0626904889941215,29.942284,0.0790302626195871,1,0.023604494885938656,35-45s
qpMev48W5ss.mp3,24.868583333333333,48000,0.09505644,1.1148146,0.0852665826678276,22.4773,0.0477567119827401,0,0.0,10-25s
qQKrqL2jP8s.mp3,55.936875,48000,0.07980662,1.0592749,0.0753407999873161,32.252144,0.0451008028479504,3,0.053631884155130226,45-60s
U27EyDc-sRc.mp3,65.00427083333334,48000,0.043845877,0.4193895,0.1045469120144844,30.24107,0.0726173156788351,0,0.0,>60s
hJ5bJRx_8Qo.mp3,38.208979166666666,48000,0.12351548,0.9294062,0.1328971982002258,30.924967,0.0363177406764582,0,0.0,35-45s
VhtkrMShHHM.mp3,27.945229166666667,48000,0.10829724,1.0465772,0.1034775450825691,26.40112,0.0367267637762404,0,0.0,25-35s
pxzlOZaMooE.mp3,79.53995833333333,48000,0.16696303,1.0532537,0.1585211902856826,31.804783,0.0367906203902373,0,0.0,>60s
vi58Bbdx3ys.mp3,33.75020833333333,48000,0.10117841,0.79919326,0.1266006827354431,35.03967,0.0658386712578989,0,0.0,25-35s
E9800se18QU.mp3,26.45914583333333,48000,0.024087258,0.38932377,0.0618694759905338,22.678396,0.0307928144523377,0,0.0,25-35s
RL6Y4f9mXYk.mp3,39.808,48000,0.060259,0.6818631,0.0883740410208702,36.55924,0.0677605666521564,0,0.0,35-45s
373viDQ-beo.mp3,38.208,48000,0.04385819,0.69998014,0.0626563355326652,41.717537,0.0567090361603404,0,0.0,35-45s
9m4pROT-a_M.mp3,37.43058333333333,48000,0.07502489,0.92054075,0.0815008878707885,25.85854,0.0364325977118945,2,0.053432242350840556,35-45s
fzDxrK6CVYE.mp3,23.928979166666668,48000,0.13124548,1.0447508,0.1256237179040908,29.8288,0.0400923730642825,0,0.0,10-25s
2ou-mnkmrMU.mp3,38.101333333333336,48000,0.054445446,0.9108945,0.0597714073956012,31.754591,0.0684759448030366,1,0.026245800671892496,35-45s
iLbCjUxhIfA.mp3,26.691354166666667,48000,0.07765839,0.9557591,0.0812531039118766,28.442978,0.0803767900394526,0,0.0,25-35s
HlGKcSTXlBU.mp3,281.89866666666666,48000,0.02903788,0.831444,0.0349246375262737,19.29746,0.0522374104026353,9,0.03192636597548055,>60s
pPkt0HJppoQ.mp3,55.751125,48000,0.06399312,0.5968796,0.1072127744555473,30.714272,0.0468959250047828,3,0.05381057332923775,45-60s
AlJQdPV18nU.mp3,12.480979166666666,48000,0.06207555,0.5273883,0.1177036985754966,51.878315,0.0233599420900939,0,0.0,10-25s
z52WU0bbjOo.mp3,61.0685,48000,0.028654972,0.20799327,0.1377687454223632,59.68209,0.0231044181693154,1,0.01637505424236718,>60s
fnD9lZMyCZo.mp3,673.6573333333333,48000,0.042147357,0.52461725,0.0803392529487609,34.151882,0.0427372424037304,29,0.04304859245947,>60s
GwE7BoqNuAg.mp3,32.71691666666667,48000,0.0888167,1.0392659,0.0854609981179237,25.325596,0.0424037570281942,0,0.0,25-35s
U81F2OgDX08.mp3,24.9730625,48000,0.06643071,0.84331244,0.0787735432386398,24.071428,0.0997747067810631,0,0.0,10-25s
iz9fLd5U5Os.mp3,76.01054166666667,48000,0.053427894,0.56443596,0.0946571379899978,28.173195,0.047394115738142,0,0.0,>60s
kgsC_8HDeHc.mp3,17.12472916666667,48000,0.08024075,0.96343935,0.0832857266068458,43.252884,0.0489290648349937,0,0.0,10-25s
Jq8rID7z3YI.mp3,66.79297916666667,48000,0.055858783,0.6696582,0.0834138765931129,47.40057,0.0391596572081603,0,0.0,>60s
iHjGvAXx5Ks.mp3,25.7509375,48000,0.18998782,1.0898378,0.1743267029523849,34.53449,0.0581347858436853,0,0.0,25-35s
xxzmDTLgcHo.mp3,20.010666666666665,48000,0.045268305,0.96431947,0.0469432659447193,25.989363,0.0557610944159563,0,0.0,10-25s
L9fPTVw0aOw.mp3,43.247166666666665,48000,0.14108115,1.0541091,0.1338392347097396,29.96613,0.0569599645499383,0,0.0,35-45s
MZjf3V4ueog.mp3,485.1345208333333,48000,0.083171435,1.041894,0.0798271596431732,25.164625,0.050000667760735,0,0.0,>60s
VTN46ujw2Zc.mp3,79.7025,48000,0.106365226,1.0726209,0.0991638600826263,39.18812,0.0561069982144051,0,0.0,>60s
B7ngfOFWFBs.mp3,149.652625,48000,0.081086144,0.7199951,0.1126204133033752,23.12759,0.0616049105154134,1,0.0066821413924413285,>60s
2GLdHDULQec.mp3,40.91733333333333,48000,0.062032655,1.1089087,0.0559402741491794,18.405806,0.0385141539207062,0,0.0,35-45s
uTQ4F4j_2Ac.mp3,12.503958333333332,48000,0.053613566,0.39415723,0.1360207647085189,48.545498,0.0328896759111253,0,0.0,10-25s
0Ph-y7uZ4UE.mp3,60.010666666666665,48000,0.07765011,1.0175108,0.0763137936592102,25.862988,0.0427736804691665,0,0.0,>60s
yDsZw9yTA8U.mp3,570.4910833333333,48000,0.16109467,1.1234643,0.1433909833431244,30.994308,0.0572049457109836,18,0.03155176395541093,>60s
vm4fbPWoUb0.mp3,15.685083333333331,48000,0.16899386,1.0808475,0.1563531011343002,186.14145,0.0264770590797076,0,0.0,10-25s
tdRD3NLGcyw.mp3,13.885541666666668,48000,0.050082322,0.94571406,0.0529571510851383,23.191883,0.0343848256288402,0,0.0,10-25s
hkiCywjEzgU.mp3,67.08245833333334,48000,0.09562777,0.54537594,0.1753428429365158,36.701015,0.0456940100025838,2,0.029814053475231663,>60s
9CpA9EwbnBo.mp3,67.3843125,48000,0.1344812,1.1160612,0.1204962655901908,32.963177,0.0654347882537986,2,0.02968049870657952,>60s
f2S4uFLkEPs.mp3,102.71347916666669,48000,0.028375588,0.2427063,0.1169132739305496,28.409527,0.0783658448533229,4,0.038943282151989535,>60s
WSTcIwjbBHw.mp3,171.874125,48000,0.04183312,0.52097857,0.0802972018718719,38.6732,0.029109095497316,0,0.0,>60s
ZZWOdFYA1SU.mp3,16.277333333333335,48000,0.099684596,1.0459495,0.0953053683042526,50.092678,0.0757126923706614,0,0.0,10-25s
Iql09TV1pSM.mp3,156.96689583333333,48000,0.09557398,0.70480144,0.1356041133403778,33.89554,0.0623536085298314,0,0.0,>60s
ALbHKtt72NE.mp3,352.4440833333333,48000,0.10194976,1.0699894,0.0952810868620872,24.3242,0.0511058546225258,1,0.002837329514918324,>60s
M0Vb8CJ2EX8.mp3,35.34079166666667,48000,0.05111566,0.763209,0.0669746622443199,22.102842,0.0647441194081925,1,0.02829591395212567,35-45s
eurrabdVOnc.mp3,51.29289583333333,48000,0.042831667,0.6090522,0.0703251212835311,50.183693,0.0529516596485755,0,0.0,45-60s
ba7x9jgiq3s.mp3,21.9776875,48000,0.112449095,1.009893,0.1113475412130355,32.81002,0.0451971699114507,0,0.0,10-25s
Ax2Qitt9ezw.mp3,94.89066666666666,48000,0.06062937,0.8228276,0.0736841782927513,34.527115,0.0514422435230976,0,0.0,>60s
u_clKlNKs2A.mp3,937.8772083333332,48000,0.025030356,0.8745204,0.0286218076944351,19.840994,0.0477672464362788,31,0.03305336746063906,>60s
d1XEvYImh8A.mp3,954.6203125,48000,0.092204556,1.1419648,0.0807420313358306,23.845913,0.0530936514882648,35,0.03666379139612117,>60s
frmsac2kFME.mp3,36.21152083333333,48000,0.10523388,0.9040863,0.1163980439305305,36.050327,0.0372908804307805,0,0.0,35-45s
ofGw-cnu6_E.mp3,52.62804166666667,48000,0.090159625,0.8035578,0.1122005432844162,35.430214,0.0428969031845358,1,0.01900127704416134,45-60s
w78G3NtnPaU.mp3,112.38458333333334,48000,0.09495618,1.0489265,0.0905270129442215,24.53817,0.0746414605971813,0,0.0,>60s
ZdLlQNRZQdc.mp3,12.051166666666669,48000,0.08959551,0.91871256,0.0975228995084762,29.738098,0.0630863696073008,0,0.0,10-25s
O3NLxaJSuzM.mp3,23.022604166666667,48000,0.26213503,1.0737753,0.2441246658563614,62.024834,0.0422500108557202,0,0.0,10-25s
QQogeeDikiY.mp3,160.69370833333332,48000,0.059856012,0.8462688,0.0707293152809143,29.171139,0.0549588969990375,1,0.0062230189991362974,>60s
rgBOgfKn-5E.mp3,374.0586875,48000,0.060929324,0.72177243,0.0844162553548812,25.517931,0.0630942386571829,8,0.021387018313804032,>60s
YdzmmRWERWI.mp3,188.18133333333333,48000,0.06149871,0.8192922,0.0750632211565971,28.034506,0.0706743035924304,3,0.015942070060083892,>60s
4Aegg62pnUM.mp3,34.562916666666666,48000,0.08342823,1.0132186,0.082339808344841,55.744156,0.0447095984553378,0,0.0,25-35s
7aEm9egeLV8.mp3,60.70858333333333,48000,0.22684567,1.0658131,0.2128381431102752,58.736107,0.0513871408061753,0,0.0,>60s
ifDuRviXKOo.mp3,28.119375,48000,0.10503494,1.0470018,0.1003197282552719,30.200188,0.048429093489287,1,0.03556266808917339,25-35s
feOQnHf0mX0.mp3,64.59791666666666,48000,0.0702745,0.63707364,0.110308289527893,30.062202,0.0751546022422403,0,0.0,>60s
iIkdf8eZQ7E.mp3,71.92,48000,0.05704452,1.0533328,0.0541562177240848,21.853748,0.0296572747895966,4,0.05561735261401557,>60s
TJ7fnQrXHng.mp3,43.68835416666667,48000,0.043618992,0.9105854,0.0479021444916725,22.492203,0.0447504520416259,1,0.02288939510481674,35-45s
CgDSlH0BW0g.mp3,64.80689583333333,48000,0.06709244,1.0623804,0.0631529316306114,20.191772,0.0621636034706221,0,0.0,>60s
-EQOBYmeBbk.mp3,18.112,48000,0.0673719,0.91417944,0.0736965760588646,37.14557,0.0516256115729841,0,0.0,10-25s
XALsFn5iYdY.mp3,82.04772916666667,48000,0.047428183,0.7166195,0.066183216869831,33.490143,0.0514020121351729,2,0.02437605550224704,>60s
5LDM0VkorsI.mp3,20.096,48000,0.30046815,1.1195223,0.2683895826339721,38.07052,0.0453453974635278,1,0.04976114649681529,10-25s
HIbvZxzWtf0.mp3,78.843375,48000,0.10574219,0.9012753,0.1173250749707222,27.072014,0.039340659137412,1,0.012683373840858539,>60s
i1F3-LIef5U.mp3,871.6074583333333,48000,0.02016373,0.59929276,0.0336458757519722,40.074253,0.0676115542853733,3,0.003441916394034222,>60s
Qhc3MeCPcSY.mp3,519.349125,48000,0.05681634,1.0124303,0.0561187639832496,21.025219,0.0543598564517909,3,0.005776461065569332,>60s
S-phi9b7B2c.mp3,10.602666666666666,48000,0.17457272,1.1573553,0.1508376151323318,42.15624,0.0536064109610552,0,0.0,10-25s
eycPWdW8YSk.mp3,97.70958333333331,48000,0.09823722,1.0418434,0.0942917317152023,28.429035,0.0372833461821853,0,0.0,>60s
w65Xu7E60qQ.mp3,66.5135625,48000,0.13589261,1.0704358,0.1269507408142089,27.033306,0.0436895834168537,0,0.0,>60s
Xw7mx7MzjDI.mp3,2090.9666666666667,48000,0.0830494,1.1355797,0.0731339231133461,26.08168,0.0627541875181733,107,0.05117250394554353,>60s
Q2IgfCMcFv8.mp3,83.072,48000,0.059503995,0.83767486,0.0710347145795822,30.208952,0.0353663820772884,1,0.012037750385208011,>60s
H2yLYtqk9D8.mp3,59.01352083333333,48000,0.09052562,0.94433695,0.0958615690469741,26.777576,0.0555529571152629,0,0.0,45-60s
_pETaqv_pCg.mp3,17.589125,48000,0.07949477,0.97092503,0.0818752869963646,33.835617,0.0286960729040327,0,0.0,10-25s
vn5v-F4TFbc.mp3,171.82766666666666,48000,0.06297417,0.6483078,0.0971362218260765,36.208996,0.0516408117162766,0,0.0,>60s
3e2UC4ddJV0.mp3,163.92127083333332,48000,0.038194355,0.58018386,0.0658314675092697,24.03556,0.0528181593347377,1,0.006100489551577161,>60s
2FvraZup3XM.mp3,20.5380625,48000,0.20108986,1.2774355,0.1574168354272842,84.687485,0.0817475601148753,0,0.0,10-25s
nZEgFnEMU4A.mp3,30.801270833333334,48000,0.051381502,0.4334795,0.1185327172279357,82.23024,0.0648022596195464,0,0.0,25-35s
nZqtwhdhuVo.mp3,57.0,48000,0.054487173,0.9173546,0.0593959763646125,176.5416,0.0517217213522174,0,0.0,45-60s
19AFptNcT7s.mp3,87.71339583333334,48000,0.11114824,0.85291123,0.1303163021802902,27.108742,0.0528972937439202,3,0.0342023013873546,>60s
SBjRwusUolA.mp3,29.570625,48000,0.07899187,0.90877926,0.0869208499789238,30.227968,0.0649873642039307,0,0.0,25-35s
TVYSlTFNz3U.mp3,147.87629166666667,48000,0.03274607,0.4897439,0.0668636634945869,25.39586,0.1054085953278274,0,0.0,>60s
JYleTAeL7hM.mp3,54.18377083333333,48000,0.0664601,0.7424493,0.089514672756195,24.413555,0.0572308878260334,2,0.03691142143192477,45-60s
8Tmv5pujCIY.mp3,85.48427083333333,48000,0.06813962,0.96454716,0.0706441551446914,27.292253,0.0663167571545539,0,0.0,>60s
_SxgIs6cleA.mp3,33.111666666666665,48000,0.18773103,1.2171626,0.1542365998029709,187.22176,0.0372439865136876,0,0.0,25-35s
E5EeZYQPVso.mp3,54.75266666666667,48000,0.10528203,1.2013671,0.0876351818442344,22.654047,0.039484776733541,0,0.0,45-60s
QeOLKw8YEFE.mp3,102.22585416666666,48000,0.08110642,0.94528174,0.0858013182878494,41.033035,0.061191667101419,0,0.0,>60s
7c_8jvMCWDg.mp3,23.881729166666663,48000,0.09664343,1.0671816,0.0905595049262046,27.546318,0.0616065260021214,0,0.0,10-25s
Qs57r4bFEsc.mp3,10.432,48000,0.07169092,0.6508497,0.1101497262716293,30.86709,0.0196314997765577,0,0.0,10-25s
Z5G2vwa4EaE.mp3,66.54839583333333,48000,0.059610106,0.71751153,0.0830789506435394,25.140123,0.0392993230585831,0,0.0,>60s
VXwCs1EatMM.mp3,149.08372916666667,48000,0.03580366,0.91909796,0.0389552190899848,20.61412,0.0631597054536023,8,0.05366112079914824,>60s
EO4UFWFbz6k.mp3,948.2565208333332,48000,0.02786669,0.40536684,0.0687443763017654,30.747995,0.0324986653279668,11,0.01160023660088637,>60s
mlF9cYqWSoM.mp3,338.8488125,48000,0.15130514,1.2382793,0.1221898272633552,28.637638,0.0796182325522145,0,0.0,>60s
TfobYyj8450.mp3,86.16927083333333,48000,0.19444811,1.2707458,0.1530188918113708,27.022753,0.0512323012400977,2,0.023210130254767446,>60s
svhR5D80AfQ.mp3,178.51502083333332,48000,0.08646985,1.060507,0.0815363302826881,24.188002,0.0506706164854206,0,0.0,>60s
2OyFI7qS8xk.mp3,55.437645833333335,48000,0.08096582,0.9961161,0.0812815055251121,25.170591,0.0371422527294151,0,0.0,45-60s
wUCRUemLMAw.mp3,164.9661875,48000,0.10365957,0.7702098,0.1345861554145813,25.556326,0.04658748045107,0,0.0,>60s
j1HZZ44GhDI.mp3,724.4974166666667,48000,0.07546181,0.49338984,0.1529456079006195,27.199429,0.0508104511194826,0,0.0,>60s
bdGoJTcaTeM.mp3,36.07297916666667,48000,0.06958978,0.9113747,0.0763569325208664,35.862766,0.0420454624205351,0,0.0,35-45s
pFVV5K8rwME.mp3,59.648,48000,0.03576115,0.7232574,0.0494445674121379,33.958363,0.0568484042553191,0,0.0,45-60s
iReiFBQ2bZM.mp3,76.20789583333334,48000,0.026726292,0.31359574,0.0852253064513206,27.760414,0.0864673996238628,2,0.0262439997605235,>60s
MrRx8Dabks8.mp3,70.1010625,48000,0.07197517,0.9766594,0.0736952647566795,25.131586,0.0463660641262172,1,0.014265119020128975,>60s
UYzkLh7ogbg.mp3,28.885354166666666,48000,0.018629601,0.30455366,0.0611701756715774,26.950619,0.0631948409814507,1,0.034619620525684514,25-35s
Ulwps_6RLn8.mp3,113.67329166666669,48000,0.12075633,0.8310153,0.1453118026256561,29.57838,0.0618642767811063,6,0.052782847334044675,>60s
yXNg2fS1dts.mp3,74.28266666666667,48000,0.13032953,0.67303026,0.1936458796262741,56.030342,0.0709641959798995,0,0.0,>60s
jrwl_O28txM.mp3,61.25425,48000,0.20796835,1.0936613,0.1901579201221466,44.187412,0.0417518303532561,0,0.0,>60s
PyqXFfxt6Cc.mp3,56.576,48000,0.12113391,0.9306464,0.1301610469818115,51.795956,0.029572079700754,0,0.0,45-60s
tXDYbLktjc8.mp3,11.192020833333334,48000,0.11371281,0.85349286,0.133232295513153,42.011562,0.0419256882440476,0,0.0,10-25s
o9RkeTNHDfQ.mp3,69.4625,48000,0.07312839,0.9857089,0.0741886273026466,26.491886,0.0447381978830799,3,0.04318877091956091,>60s
PCdCQmDd-PA.mp3,30.5806875,48000,0.06638503,0.9990714,0.066446729004383,24.962269,0.0431721011728287,0,0.0,25-35s
_hm_7e6Bbaw.mp3,60.00097916666667,48000,0.10000769,0.8194119,0.1220481321215629,29.300335,0.0444376728859313,0,0.0,>60s
rao2ziRzam8.mp3,108.14695833333332,48000,0.11848596,1.0781772,0.1098946928977966,32.515724,0.0438673435342489,4,0.03698670828698758,>60s
MpvBLSAOK84.mp3,26.07602083333333,48000,0.12723646,1.0850039,0.1172682046890258,40.723415,0.0374079355189161,0,0.0,25-35s
SSgPrRF3d7A.mp3,858.906125,48000,0.06359468,1.1645889,0.0546069741249084,23.492107,0.0560753386260757,36,0.04191377724777548,>60s
21_c_cHBA28.mp3,78.61116666666666,48000,0.05452058,0.8667525,0.0629021301865577,24.988682,0.0391991127459294,0,0.0,>60s
cSNWkowM8og.mp3,46.40508333333333,48000,0.07112349,0.9885936,0.0719441100955009,25.515984,0.0389127948316479,0,0.0,45-60s
WQ9kdjBxq7Y.mp3,60.00097916666667,48000,0.0,0.0,,-inf,0.0,0,0.0,>60s
0qQSgvFWUKY.mp3,17.751666666666665,48000,0.22288302,1.0420628,0.2138863652944564,35.040405,0.0507841826201201,0,0.0,10-25s
wYTcQmnAwYA.mp3,61.269333333333336,48000,0.1781713,1.2688419,0.1404204219579696,28.550426,0.063048200881201,0,0.0,>60s
z2wlQwfb2Ow.mp3,281.00266666666664,48000,0.109151155,0.8558135,0.1275408118963241,30.525915,0.0471100681758872,4,0.014234740358335865,>60s
GIy0D3ZKkj0.mp3,1443.3752708333334,48000,0.08050153,1.0354581,0.0777448415756225,27.326721,0.0556704277617557,6,0.0041569230963309335,>60s
RaKhk98KgI8.mp3,59.968,48000,0.13262466,0.8927176,0.1485628336668014,46.42113,0.0110989983938733,1,0.01667556029882604,45-60s
1TqLqgzp8Zw.mp3,118.60754166666666,48000,0.07998194,0.92881787,0.0861115381121635,29.223724,0.062816636339366,0,0.0,>60s
iYqe5hpLYGs.mp3,36.049,48000,0.095136456,0.9973644,0.0953878611326217,24.916418,0.0523797210151627,0,0.0,35-45s
gJNLXctz-PY.mp3,40.8206875,48000,0.04794116,0.80577815,0.0594967231154441,30.222338,0.0818567089103736,0,0.0,35-45s
RCazZixmW5o.mp3,43.874125,48000,0.07653297,0.9482164,0.0807125568389892,33.108345,0.0661865590438138,0,0.0,35-45s
MqQH4YeANsY.mp3,62.67066666666667,48000,0.06865791,0.97947323,0.0700967758893966,26.248322,0.0332067812925459,0,0.0,>60s
jgGQ2FmCy6Y.mp3,26.90033333333333,48000,0.06494441,0.6880647,0.0943870693445205,39.42218,0.0355117156522601,0,0.0,25-35s
OXouTmvdxYo.mp3,45.00097916666667,48000,0.026351647,0.39759266,0.0662780031561851,28.856853,0.0589643298915619,2,0.04444347738729759,45-60s
MFjYGF7Utpo.mp3,120.3258125,48000,0.081272,1.0255054,0.0792506784200668,23.11527,0.0284892480304272,0,0.0,>60s
nGi7WaZk6Co.mp3,113.73135416666666,48000,0.18276237,1.2074705,0.1513596922159195,32.147854,0.0565071410045249,0,0.0,>60s
TXUW4v53Bik.mp3,15.594666666666669,48000,0.119450435,1.069787,0.1116581484675407,56.20705,0.0537873670326384,0,0.0,10-25s
N6BMMYiLUDw.mp3,41.45922916666667,48000,0.016578835,0.21003152,0.0789349824190139,29.754204,0.0599993015580782,1,0.0241200818273776,35-45s
nWteqDvN1tM.mp3,860.7405,48000,0.09070355,1.1290289,0.0803376659750938,24.925632,0.0568493645536433,0,0.0,>60s
fzTvrAjMUkI.mp3,313.93379166666665,48000,0.09858679,1.0746709,0.091736726462841,23.36884,0.0587007730478305,0,0.0,>60s
Pld1DnO3z_k.mp3,30.244,48000,0.114938796,0.89789754,0.1280088126659393,28.523512,0.04236511316555,0,0.0,25-35s
tq4udeCZ-sw.mp3,11.006270833333334,48000,0.0,0.0,,-inf,0.0,0,0.0,10-25s
jKsm9FCOWHc.mp3,25.6580625,48000,0.06612469,0.40194196,0.1645130366086959,38.406246,0.0481780980491479,0,0.0,25-35s
gGJBu6SgIXk.mp3,12.970666666666666,48000,0.015005843,0.41079384,0.0365288890898227,165.38681,0.075486194920912,0,0.0,10-25s
p657zY4VmT4.mp3,19.946666666666665,48000,0.19870941,1.134329,0.1751779466867447,187.30191,0.0257557268005077,0,0.0,10-25s
VTJ7Jh3irbU.mp3,16.346854166666667,48000,0.09815655,0.8434676,0.116372637450695,32.42783,0.0264761191291585,0,0.0,10-25s
rtcVNgsRxPY.mp3,511.33866666666665,48000,0.05191132,1.1127977,0.0466493777930736,21.662367,0.048178465162107,8,0.01564520839417581,>60s
vs37CX5hX9I.mp3,67.51297916666667,48000,0.03407389,0.55820215,0.0610422044992446,27.01419,0.056340328174368,0,0.0,>60s
PnobetspWm8.mp3,47.2990625,48000,0.22699077,1.1264572,0.201508566737175,57.302162,0.0331039273886696,0,0.0,45-60s
D-ogvSZRwUE.mp3,73.68854166666667,48000,0.0851714,0.9025546,0.0943670347332954,30.18203,0.0438528719333478,1,0.013570630892975786,>60s
tDEoprmc8qM.mp3,12.117333333333333,48000,0.12195673,1.1458657,0.1064319610595703,41.724464,0.0765798496591908,0,0.0,10-25s
PK6yL5CrcQg.mp3,107.2,48000,0.037064772,0.46489906,0.0797264948487281,22.893272,0.0398661164001094,0,0.0,>60s
KZbFSiGLTjA.mp3,32.46933333333333,48000,0.02302636,0.34410322,0.0669170171022415,31.596085,0.0600218724343185,0,0.0,25-35s
dqfxzqFacBk.mp3,42.49252083333333,48000,0.047846865,0.3055293,0.1566032022237777,33.566612,0.0357004188629518,0,0.0,35-45s
yuZbpSUaINU.mp3,19.5628125,48000,0.08425788,0.9518557,0.0885195881128311,36.758236,0.0338550536444141,0,0.0,10-25s
Nn2VsjMbJxU.mp3,74.7334375,48000,0.026765563,0.63837695,0.041927520185709,27.942173,0.0737315140216925,0,0.0,>60s
UX3qQ-LmwwY.mp3,310.8687708333333,48000,0.08537938,1.0082744,0.0846787095069885,27.152212,0.0330251630374176,1,0.003216791436847582,>60s
Po8eJu_SAPI.mp3,20.619333333333334,48000,0.28568396,1.4510643,0.1968789100646972,47.815598,0.0658043562564632,0,0.0,10-25s
760rBMrYdcY.mp3,30.766458333333333,48000,0.096171424,0.9367651,0.102663330733776,27.204605,0.050122366496967,0,0.0,25-35s
Gwis9xClIiQ.mp3,516.992,48000,0.11159123,1.1153731,0.1000483334064483,25.72393,0.0442233675616115,0,0.0,>60s
lp7HeCpsIpw.mp3,349.11202083333336,48000,0.044473667,0.51473296,0.0864014327526092,31.422428,0.0679012141240834,0,0.0,>60s
bJUXhjW2xlw.mp3,33.111666666666665,48000,0.0676053,0.88232505,0.076621763408184,48.796127,0.0381522997181964,0,0.0,25-35s
R1jkPuRAjxE.mp3,27.747854166666663,48000,0.08821242,1.0850446,0.0812984257936477,22.554722,0.0528036201119331,0,0.0,25-35s
A2ciccdxFIg.mp3,397.6881666666667,48000,0.052422103,0.8139302,0.0644061416387558,25.523394,0.0435031432090508,4,0.010058131810979205,>60s
SVda5ZsGiKs.mp3,27.515666666666668,48000,0.009119825,0.17448312,0.0522676669061183,22.87682,0.0501154463420542,1,0.03634293190545992,25-35s
7Uu0R_NLLHA.mp3,179.15733333333333,48000,0.0509662,0.9920759,0.0513732843101024,19.5794,0.0628374974883907,6,0.03349011669445106,>60s
vzmD_wtRMJQ.mp3,62.798375,48000,0.08083253,0.8093939,0.0998679846525192,40.88854,0.0065380594004755,0,0.0,>60s
2Vw74_Upib8.mp3,180.04754166666666,48000,0.07341464,1.0198046,0.0719889253377914,26.58337,0.063162274835234,0,0.0,>60s
ppJilVVgijU.mp3,23.231583333333333,48000,0.041195713,1.047136,0.0393413230776786,20.906374,0.0458733284550045,0,0.0,10-25s
cJWA1PvRECA.mp3,13.305041666666666,48000,0.0288871,0.4819272,0.0599408000707626,43.361343,0.0407397930438701,0,0.0,10-25s
xpf22JW9odk.mp3,50.90977083333333,48000,0.07691063,0.94579077,0.0813188627362251,27.95992,0.0486630116671904,2,0.039285189606284646,45-60s
oF4pJIw2VXE.mp3,300.07466666666664,48000,0.06273949,1.0477972,0.0598775148391723,24.522924,0.0504647254503163,6,0.01999502346082753,>60s
4EEcE4wYbo8.mp3,75.48808333333334,48000,0.04909015,1.0541114,0.046570174396038,23.33539,0.0485823977023876,0,0.0,>60s
8yLYu8ZZ7h0.mp3,64.59791666666666,48000,0.04985434,0.99402726,0.0501538962125778,25.653122,0.059940574309683,0,0.0,>60s
sIJ4OdjYJzM.mp3,43.67675,48000,0.10277298,1.0549558,0.09741922467947,53.772743,0.033814698756105,0,0.0,35-45s
SHXUbVW-OlE.mp3,27.92533333333333,48000,0.041447565,0.5912843,0.0700975283980369,25.45479,0.0652659948930889,0,0.0,25-35s
IHLT0zkr80g.mp3,686.48,48000,0.05406085,0.94542783,0.0571813620626926,24.210087,0.0582674730001515,4,0.005826826710173639,>60s
HKrszOsEC_8.mp3,161.00716666666668,48000,0.18919396,1.1220447,0.1686153560876846,36.17923,0.0728278196422656,0,0.0,>60s
VpNEJWRIVnw.mp3,60.032,48000,0.102453254,0.8786773,0.1165994107723236,28.146988,0.0336772669990229,2,0.03331556503198294,>60s
6RO8owQt1Yo.mp3,36.608020833333335,48000,0.062026348,0.74368995,0.083403505384922,25.382416,0.0591150289924992,0,0.0,35-45s
WAcoDMQNWjE.mp3,35.86322916666666,48000,0.010010745,0.09885396,0.1012680232524871,32.698315,0.0297112534381504,0,0.0,35-45s
BHsu2VLlaoY.mp3,439.2533333333333,48000,0.037551995,0.73181516,0.0513134971261024,24.752895,0.0350346687868798,8,0.018212724623603693,>60s
wkVWQfktFeo.mp3,76.8,48000,0.17619574,1.1717608,0.1503683477640152,34.214054,0.0623490606773364,0,0.0,>60s
zHTxIvF3Mv8.mp3,11.041104166666669,48000,0.11820259,0.5948414,0.1987127810716629,40.272957,0.0857018430260617,0,0.0,10-25s
xKMZgzh2Q2Y.mp3,95.85197916666668,48000,0.048547972,0.96347916,0.0503881908953189,22.885248,0.0688172303570435,1,0.010432752757887322,>60s
qR9LDN3IDyg.mp3,442.6453333333333,48000,0.06421087,0.57612306,0.111453391611576,24.49977,0.0394002458078809,2,0.004518290038074124,>60s
q3QUuuRbDVU.mp3,16.207541666666668,48000,0.051864076,1.048467,0.0494665764272213,25.1258,0.0455457185444078,0,0.0,10-25s
tgA3dqvK1b8.mp3,145.85614583333333,48000,0.19458234,1.1161293,0.1743367463350296,33.309982,0.0757823568898537,4,0.0274242814873959,>60s
vwLOFHluseA.mp3,897.068125,48000,0.053879015,0.8836174,0.0609755031764507,31.758411,0.0488666122523067,43,0.04793392920966844,>60s
we2NdqrfPdQ.mp3,72.562375,48000,0.19304064,1.048302,0.1841460019350052,35.658684,0.0484386771001763,0,0.0,>60s
z7Ip8tn5uEg.mp3,61.54666666666667,48000,0.10694394,0.73138094,0.1462219506502151,40.316925,0.0550189152930601,0,0.0,>60s
bdpoQIh8v0E.mp3,68.56897916666667,48000,0.21493061,1.120301,0.1918507665395736,43.56117,0.0484759457876419,0,0.0,>60s
NkymAG7kHtw.mp3,52.245333333333335,48000,0.12800321,0.84821683,0.1509085893630981,29.458344,0.0534542883432843,0,0.0,45-60s
3krusOql2as.mp3,182.2302083333333,48000,0.116706975,1.0636938,0.1097185835242271,24.699057,0.0463958641992244,0,0.0,>60s
1wRGnqXVSk8.mp3,734.1104791666667,48000,0.16558832,1.0398455,0.1592431962490081,28.549967,0.0506534098906797,15,0.02043289181354203,>60s
oa5_ajbXBbU.mp3,759.9078541666667,48000,0.01889369,0.4799356,0.039367139339447,24.481356,0.0607173299940695,13,0.017107337328755624,>60s
a6ukjaTUQJ8.mp3,57.748041666666666,48000,0.1445119,1.0694053,0.1351329535245895,31.038647,0.0422208156804118,2,0.034633209062644985,45-60s
vGSE14Y6cZk.mp3,21.803541666666668,48000,0.06575278,1.0053208,0.0654047802090644,23.76774,0.0452984126680929,0,0.0,10-25s
Z01njlWDEtE.mp3,124.238375,48000,0.047609948,0.90861076,0.0523986183106899,21.033346,0.0535505944555932,3,0.0241471284536682,>60s
8EjN9LL_Tjs.mp3,11.435833333333331,48000,0.026355624,0.15157902,0.1738738268613815,47.56913,0.0205633300326188,0,0.0,10-25s
zzmKXTvRvjI.mp3,15.081375,48000,0.101096,0.7543338,0.1340202391147613,44.0488,0.0572532211368458,0,0.0,10-25s
u7upQigoozc.mp3,58.56097916666667,48000,0.057071898,0.8039398,0.0709902644157409,28.858807,0.0253979167615188,0,0.0,45-60s
5f50u6OY2g8.mp3,29.0346875,48000,0.019129489,0.17156802,0.1114979833364486,27.204079,0.0493585458363936,0,0.0,25-35s
JV3U4WhAmwI.mp3,38.3129375,48000,0.032215457,0.40981156,0.0786104202270507,172.02315,0.0456382564553173,0,0.0,35-45s
0ncmk8KYScw.mp3,60.46477083333333,48000,0.18371849,1.0565026,0.1738930791616439,42.229675,0.0337314575432175,0,0.0,>60s
SOkcI1hADg0.mp3,14.5473125,48000,0.048752237,0.6833155,0.0713465958833694,26.407576,0.0549062242256231,0,0.0,10-25s
eM_Ik_AjNdM.mp3,17.856979166666665,48000,0.10475066,0.9751777,0.1074170023202896,29.89273,0.0482188666044776,0,0.0,10-25s
B62wVCQnTRo.mp3,28.31675,48000,0.24465956,1.2146926,0.2014168500900268,45.607155,0.0777290416078154,0,0.0,25-35s
3gSmuVMqAZ0.mp3,18.3089375,48000,0.17340909,1.6208763,0.1069847792387008,44.513187,0.0376289381006115,1,0.054618133903182535,10-25s
15nbb-4DkbU.mp3,758.7584583333334,48000,0.04554766,0.44845378,0.1015660092234611,26.088362,0.0393271029412798,2,0.002635884948674103,>60s
YDZLU9azWtI.mp3,12.37625,48000,0.04272842,0.37498406,0.1139473021030426,29.37185,0.0666956018518518,0,0.0,10-25s
so1oWrVxp-A.mp3,64.47020833333333,48000,0.04323779,0.49451506,0.0874347314238548,37.883797,0.0669935606648056,0,0.0,>60s
g8G5WZYy_Ko.mp3,34.342333333333336,48000,0.09056114,0.5097646,0.1776528507471084,40.21587,0.0317535969041149,2,0.05823716113251866,25-35s
4gbZs2CpQ7Q.mp3,65.664,48000,0.027320478,0.9676857,0.0282328017055988,19.360508,0.0427971338517135,1,0.015229044834307991,>60s
d19-pfTmAW0.mp3,248.87147916666663,48000,0.21524447,1.2151753,0.1771303862333297,31.693316,0.0457863705492992,0,0.0,>60s
y8OV5gpkmn4.mp3,20.5845,48000,0.19506223,1.0064982,0.1938028633594513,45.005154,0.0534210046955958,1,0.048580242415409654,10-25s
j12PpLKGqY0.mp3,42.98014583333333,48000,0.091613896,0.9979452,0.091802529990673,32.79264,0.0609708194401364,1,0.0232665566998716,35-45s
h4KWo_zOfwc.mp3,43.008,48000,0.026948342,0.2760764,0.0976118966937065,30.998016,0.0454939377092115,2,0.046502976190476185,35-45s
Cqg4SJnwL1A.mp3,16.265583333333332,48000,0.04660901,0.7937419,0.0587206147611141,42.827843,0.0374455686475409,0,0.0,10-25s
EkNWPhiUq7Q.mp3,212.04464583333333,48000,0.060416743,0.34043503,0.1774692386388778,43.226284,0.0405314946318536,0,0.0,>60s
XZczm2wyuPo.mp3,61.67220833333333,48000,0.043970685,0.8054974,0.0545882396399974,22.077227,0.0601868710275423,2,0.03242951815816552,>60s
CIZsgYipeaM.mp3,98.17397916666668,48000,0.047510184,0.62004024,0.0766243562102317,38.195786,0.032291868260403,0,0.0,>60s
akD02ntVdB0.mp3,19.712,48000,0.0378825,0.50744,0.074654147028923,37.842182,0.0296488917151162,1,0.05073051948051948,10-25s
mRr3LJQmaJk.mp3,89.30133333333333,48000,0.06576047,1.0395381,0.0632593184709549,21.012957,0.0526082954511525,0,0.0,>60s
udT4fZASGnA.mp3,523.5635416666667,48000,0.042519335,0.3585623,0.1185828372836113,27.027409,0.0475509837845064,2,0.003819975687446406,>60s
caPxlm1u7dI.mp3,70.26358333333333,48000,0.038600832,0.6508783,0.0593057572841644,25.461855,0.0729276359479356,4,0.056928494253187106,>60s
Xo152SYOFRw.mp3,88.51447916666666,48000,0.1233918,1.137177,0.1085071191191673,28.662937,0.0752174937304193,1,0.01129758667073066,>60s
bDdNN2mLCxo.mp3,167.20689583333333,48000,0.1786158,1.3933082,0.1281954646110534,30.020622,0.0571300587382782,1,0.005980614585398255,>60s
Yhy3RFT3akE.mp3,298.4460833333333,48000,0.06192475,0.7950593,0.0778869539499282,31.453192,0.0698837269366511,3,0.010052066914375657,>60s
85YYrM2HzXE.mp3,85.68164583333333,48000,0.15405162,1.1143991,0.1382373869419098,84.25244,0.0297268032063052,0,0.0,>60s
m-vr3HoOXTg.mp3,58.37497916666667,48000,0.054508083,1.0339863,0.0527164451777935,17.44728,0.041937319426046,0,0.0,45-60s
cy7sm2wJTaQ.mp3,72.87466666666667,48000,0.023491807,0.33260444,0.0706298649311065,60.887444,0.0583397122649275,0,0.0,>60s
a6b0Hc1P-nM.mp3,390.35066666666665,48000,0.06241795,0.7560439,0.0825586318969726,24.567112,0.0395917026237498,0,0.0,>60s
cJlRx1TuimY.mp3,13.467583333333334,48000,0.15371439,1.1348839,0.1354450434446334,53.679024,0.0886707925079176,0,0.0,10-25s
-LPNBVqkZHs.mp3,67.1056875,48000,0.07310341,0.7408575,0.0986740589141845,25.663746,0.0550153748063016,2,0.029803733103844588,>60s
r8V6TFrP3K0.mp3,17.46141666666667,48000,0.05202468,0.55542696,0.0936661064624786,20.846422,0.0149283496451465,0,0.0,10-25s
cIaXLXarFbo.mp3,53.92897916666666,48000,0.20484933,1.1812665,0.1734149903059005,65.18876,0.0397937629796281,0,0.0,45-60s
hxPAys4NPdU.mp3,14.384770833333333,48000,0.14759648,1.0465896,0.1410261243581771,41.17832,0.0722207422164566,0,0.0,10-25s
Qwoci-MUafQ.mp3,60.03520833333334,48000,0.07687069,0.94111127,0.0816807672381401,24.996788,0.0376284503242138,1,0.01665689230972103,>60s
r5gVt3SNYE0.mp3,72.1211875,48000,0.10094249,0.99519265,0.1014301031827926,33.833954,0.0275738819644705,0,0.0,>60s
a5P5I7Tomk0.mp3,424.9173333333333,48000,0.072643526,1.0520867,0.0690470933914184,23.210325,0.0554025966359791,19,0.04471457977708605,>60s
HUWtP0MHb6Y.mp3,64.9694375,48000,0.09020094,1.0461497,0.0862218216061592,25.48127,0.0451251718724347,2,0.0307837050305384,>60s
c4wceMPmPEc.mp3,14.419604166666666,48000,0.43875283,1.1477394,0.382275640964508,44.3742,0.0198580950674926,0,0.0,10-25s
5utIw2BvZT8.mp3,1419.6266666666668,48000,0.040320445,1.0274868,0.0392418131232261,19.97131,0.0452034940203037,53,0.03733375911037643,>60s
SdWGLQTjJkI.mp3,44.350125,48000,0.1098968,0.5828968,0.18853560090065,46.607952,0.0463861315912097,0,0.0,35-45s
QgMpqbE1i9U.mp3,134.336,48000,0.032975234,0.8077272,0.0408247150480747,21.749271,0.0563594416807264,7,0.052108146736541204,>60s
NSYS1AV8nqE.mp3,23.974604166666666,48000,0.13131276,1.0601993,0.1238566786050796,31.576452,0.1064516115018905,0,0.0,10-25s
gsOxXEf224c.mp3,42.88727083333333,48000,0.0919536,0.7834793,0.1173657029867172,41.972584,0.0411239430489927,0,0.0,35-45s
hSOiX1hiIzg.mp3,32.27733333333333,48000,0.056897588,0.81299055,0.0699855461716651,23.23185,0.0362150799058473,0,0.0,25-35s
MR-oJcMxsFk.mp3,40.553666666666665,48000,0.061804406,0.79336226,0.0779018700122833,42.781757,0.0516707386737243,0,0.0,35-45s
DieZSryTAVQ.mp3,46.056979166666665,48000,0.03432684,0.3237725,0.1060214862227439,54.728104,0.0156090556608962,0,0.0,45-60s
Pw23em_ZVcg.mp3,72.08635416666667,48000,0.056740522,0.9582988,0.0592096336185932,20.163363,0.0689281334378236,0,0.0,>60s
PsEM5t77cVs.mp3,55.936875,48000,0.07686056,0.6971786,0.1102451533079147,29.790478,0.0401869898415157,1,0.017877294718376742,45-60s
uI6VTIGMNaU.mp3,19.005541666666662,48000,0.21067302,1.1852922,0.1777393072843551,52.895103,0.0555002060535914,0,0.0,10-25s
m627M6Vkd_M.mp3,1150.72,48000,0.050540406,0.7325936,0.0689883232116699,25.049034,0.0599162385449592,19,0.016511401557285872,>60s
CBFTmHLZSHw.mp3,31.033479166666663,48000,0.03552296,0.6080475,0.0584213584661483,23.65639,0.0712583561533505,0,0.0,25-35s
bvxIv0B8BVw.mp3,32.48472916666667,48000,0.18913594,1.0664648,0.1773485094308853,34.828545,0.0418443886449441,0,0.0,25-35s
P-aPsy8YP88.mp3,629.7019583333333,48000,0.045252047,0.7201822,0.0628341659903526,27.43164,0.0547008825537816,11,0.01746858153199063,>60s
iaB7dy4ve8E.mp3,135.27945833333334,48000,0.03617672,0.58832455,0.0614910908043384,46.091293,0.032028832270559,0,0.0,>60s
g4JP9REtf8U.mp3,481.088,48000,0.108728476,1.0206995,0.1065234914422035,27.427053,0.0306520305779271,0,0.0,>60s
D9SbxX_h-WA.mp3,38.173625,48000,0.0925305,1.0227685,0.0904706194996833,25.710218,0.0292852784908494,0,0.0,35-45s
ESNbYOO-gnE.mp3,31.706854166666663,48000,0.13644496,1.105295,0.1234466508030891,26.33462,0.0445237607214934,0,0.0,25-35s
IxbbPdXKmtQ.mp3,64.0986875,48000,0.0738367,1.2994635,0.056820910423994,19.191109,0.0685818232633111,0,0.0,>60s
rbVaXMy3E5U.mp3,3469.2,48000,0.13941026,1.1118203,0.1253891885280609,29.173965,0.0387519656879154,79,0.02277182059264384,>60s
2F10ylBRUFQ.mp3,35.285354166666664,48000,0.04328627,0.8368685,0.0517240986227989,20.8405,0.0525853378097612,0,0.0,35-45s
z4X38tc2Tw8.mp3,1193.408,48000,0.08475657,1.0612929,0.0798616185784339,29.788015,0.0746208074925368,62,0.05195205663109348,>60s
HgJpsG0J9iQ.mp3,15.000979166666667,48000,0.0,0.0,,-inf,0.0,0,0.0,10-25s
X9LKPHjdDrw.mp3,77.54304166666667,48000,0.12030152,1.0672557,0.1127204298973083,24.664474,0.0379774007049518,0,0.0,>60s
cWMwSt4JGow.mp3,98.58033333333331,48000,0.09769095,1.0497893,0.093057669699192,27.143066,0.0578921825125784,0,0.0,>60s
WfbN1NYwn58.mp3,176.413625,48000,0.04312121,1.0958087,0.039351038634777,19.137613,0.0577226437322389,2,0.011336992820140735,>60s
PsMijESFi8A.mp3,36.714666666666666,48000,0.047982693,0.8119941,0.0590924173593521,35.945705,0.0346401723152047,1,0.02723707147007554,35-45s
NEgsXtsuImc.mp3,73.83945833333334,48000,0.083850265,1.0783615,0.0777570977807045,50.746456,0.0324993736909576,0,0.0,>60s
BIRHkgEzVJU.mp3,33.9591875,48000,0.1043625,0.95253575,0.1095628216862678,32.362877,0.0213080171364635,0,0.0,25-35s
_eVChbs_YT0.mp3,13.0031875,48000,0.11031102,0.8624833,0.1278993040323257,31.530172,0.0979091956967213,0,0.0,10-25s
XiSzkal1kLs.mp3,43.94377083333333,48000,0.0875021,0.9950049,0.0879413783550262,27.195034,0.0589037848907766,0,0.0,35-45s
CHjXSGs0elo.mp3,66.59483333333333,48000,0.07098131,1.073568,0.0661171972751617,21.676561,0.0600607833520179,0,0.0,>60s
Cpmfg8zTYmk.mp3,66.66666666666667,48000,0.038188897,0.46020544,0.0829822793602943,23.13119,0.0507179007608782,0,0.0,>60s
tUNz0HHdrgs.mp3,21.095333333333333,48000,0.21626043,1.1120791,0.1944649666547775,31.921333,0.0422239853229272,0,0.0,10-25s
W_D2_iPxQtU.mp3,42.53895833333333,48000,0.059939623,1.0115557,0.0592548921704292,33.664974,0.0452722036381298,1,0.023507862890389693,35-45s
6gSao8XuMDw.mp3,52.361,48000,0.038038,0.6807474,0.0558768212795257,17.918177,0.0340835033548075,3,0.0572945512881725,45-60s
BZEvMtjJFZc.mp3,18.773333333333333,48000,0.136531,0.69688225,0.1959168761968612,32.35839,0.0350048578577512,0,0.0,10-25s
JuxwWuvh2ws.mp3,30.72,48000,0.11578151,0.9795975,0.1181929409503936,45.319397,0.0429380735313259,0,0.0,25-35s
qynthHjVz_I.mp3,65.74933333333334,48000,0.028315805,0.46108297,0.0614115186035633,25.357313,0.0370280343927412,2,0.0304185593770279,>60s
EC8szzEDAfU.mp3,21.176604166666667,48000,0.088407114,0.3496245,0.2528630197048187,33.340805,0.0266243587927995,1,0.047221924352444766,10-25s
_EYMN2FqnV0.mp3,47.36,48000,0.06872251,0.99999475,0.0687228664755821,27.82063,0.0644438893267282,0,0.0,45-60s
nNEIOO2pgdY.mp3,161.73860416666668,48000,0.0279351,0.30704418,0.0909807235002517,30.468016,0.0727373543432203,1,0.006182815816621804,>60s
LBh3pQabCQo.mp3,14.210625,48000,0.07158871,0.7463521,0.0959181487560272,35.83973,0.015639285798012,0,0.0,10-25s
51Xqd46yMhQ.mp3,1061.013333333333,48000,0.08607412,1.4306728,0.060163389891386,25.888569,0.0547998276115023,11,0.01036744747159948,>60s
r0QI6RLO8B0.mp3,520.7771458333333,48000,0.1330874,0.792807,0.1678685992956161,37.73089,0.0580515230878633,27,0.05184559310258391,>60s
G71R21xYTiQ.mp3,30.360979166666667,48000,0.15569472,0.9853425,0.1580107659101486,37.87449,0.0276769886613101,0,0.0,25-35s
kJhL6BKE2Cg.mp3,160.896,48000,0.045257222,0.73827314,0.0613014586269855,24.834702,0.0504368150791349,0,0.0,>60s
W3ixSKlxS4U.mp3,766.7626666666666,48000,0.11437123,1.405854,0.0813535675406456,22.49727,0.0367960829906273,13,0.016954398753547383,>60s
bYMUUsnO74g.mp3,12.596833333333333,48000,0.032731414,0.55333394,0.0591530911624431,23.787941,0.0359889328429297,0,0.0,10-25s
aYc_63HY-RU.mp3,59.97714583333333,48000,0.01317468,0.7586594,0.0173657368868589,23.786827,0.0208642760481504,1,0.01667301746533315,45-60s
btm5oTk47eU.mp3,612.287,48000,0.06325397,0.83598614,0.0756638944149017,24.714466,0.0727035231650247,0,0.0,>60s
rVUia_1HNK8.mp3,75.5113125,48000,0.06843112,1.0384097,0.0658999234437942,30.377214,0.0472933494438559,1,0.013243048847813365,>60s
m1MAOpaS-TQ.mp3,21.44364583333333,48000,0.11448518,1.024169,0.1117834895849227,34.98848,0.0736782656327697,0,0.0,10-25s
NLzotBaYPp4.mp3,1800.0225,48000,0.14759344,1.1455295,0.1288429796695709,29.480366,0.0619717570761704,29,0.016110909724739553,>60s
JDD20nI8jrA.mp3,59.5591875,48000,0.13055511,1.1434884,0.1141726523637771,25.164776,0.0699706856364165,0,0.0,45-60s
bXXNscpF0vg.mp3,20.073666666666668,48000,0.11716264,0.5832116,0.2008921653032302,43.20152,0.0452282831595377,0,0.0,10-25s
sYdyVyqkOSM.mp3,11.5055,48000,0.10224982,0.41663814,0.2454163879156112,33.14583,0.0729706687326228,0,0.0,10-25s
WRwqAq_fodk.mp3,89.849625,48000,0.031706486,0.7070206,0.0448452085256576,20.244568,0.0701840537452516,2,0.022259413993102363,>60s
5vYwFySbyAY.mp3,967.6683958333332,48000,0.08724252,1.2066696,0.0723002552986145,23.782122,0.0604828788794243,50,0.051670593165276606,>60s
fehc4TGdiqo.mp3,630.2011875,48000,0.099314325,0.9337349,0.1063624396920204,25.276566,0.0519734655066263,0,0.0,>60s
UyAA2h59QJY.mp3,23.231583333333333,48000,0.15581752,1.1160322,0.1396173983812332,53.560364,0.058484794679752,0,0.0,10-25s
h1mjcYiHBII.mp3,67.337875,48000,0.12822117,0.99043524,0.129459410905838,29.427015,0.0459313866228417,2,0.029700966952105334,>60s
yU6BLKKAiCg.mp3,10.263229166666669,48000,0.14953005,0.6301542,0.2372912168502807,184.85933,0.0177150262850467,0,0.0,10-25s
PZrILHLe85g.mp3,214.83102083333333,48000,0.1061159,0.53327155,0.1989903599023819,54.17439,0.0517256175990516,0,0.0,>60s
3JObaMkTotA.mp3,370.2613333333333,48000,0.17991862,1.2343913,0.1457549184560775,29.193563,0.0655171935541079,0,0.0,>60s
ICl1oBV__o4.mp3,93.73895833333331,48000,0.043391395,0.8342999,0.0520093478262424,23.571095,0.0605900975295824,0,0.0,>60s
AdjLDr1B3GY.mp3,50.64535416666666,48000,0.067406826,0.7169325,0.094021163880825,25.506126,0.0666258686039166,0,0.0,45-60s
zUxNHSE3Xyc.mp3,56.4709375,48000,0.16642523,1.0204697,0.1630868911743164,31.963043,0.0451792485540604,0,0.0,45-60s
tSlV6f9cF6Y.mp3,59.930708333333335,48000,0.037954394,0.7297753,0.0520083270967006,20.0562,0.0330266346603043,0,0.0,45-60s
bQc7i1N9HKg.mp3,28.2703125,48000,0.1394707,1.1089284,0.1257706880569458,28.212881,0.0457295374976424,1,0.03537279610899243,25-35s
6UWl0uKScRo.mp3,14.0713125,48000,0.17213377,0.9593499,0.1794275194406509,42.72083,0.0533554539535984,0,0.0,10-25s
F9xIcL22omw.mp3,923.3066666666666,48000,0.046046656,0.409859,0.1123475506901741,34.054764,0.1063385134922915,12,0.012996765249537894,>60s
sDJDrY-FIlo.mp3,59.4,48000,0.057439122,0.8090665,0.0709943175315857,24.77903,0.0396792301692404,0,0.0,45-60s
maYVAFdbBv4.mp3,3044.5191875,48000,0.0443073,1.1100876,0.0399133339524269,16.5259,0.0429744672344914,9,0.0029561318046381997,>60s
yUgGqEKPV-o.mp3,91.11466666666666,48000,0.081743054,0.9059136,0.0902327299118042,29.341509,0.0547413978366791,0,0.0,>60s
zt3jB3FhMYQ.mp3,49.922916666666666,48000,0.071836084,0.7528765,0.0954154953360557,28.98912,0.0447314025448622,1,0.020030880941451404,45-60s
kaTts-NLpKQ.mp3,13.014791666666667,48000,0.082408376,0.9995483,0.0824456140398979,38.2869,0.0724107896959459,0,0.0,10-25s
EeoX25rV-0g.mp3,815.5544791666666,48000,0.107103884,1.1139927,0.0961441546678543,27.453072,0.0533358258184124,4,0.004904638625842873,>60s
gKkhs1Z3fcM.mp3,89.09497916666666,48000,0.07386875,0.5826301,0.1267849951982498,31.531706,0.059910934413534,1,0.011223977033872326,>60s
YdzTxaPsx_Y.mp3,63.367270833333336,48000,0.067469805,0.8876326,0.0760109573602676,24.95525,0.0571654800854233,0,0.0,>60s
kjF4KMGHo70.mp3,117.248,48000,0.04740853,0.4466716,0.1061373203992843,35.269855,0.0360262105715,1,0.008528930131004366,>60s
EPHBgNfJWh0.mp3,164.60627083333333,48000,0.094294064,0.8425642,0.1119132041931152,28.695974,0.0850574736647064,0,0.0,>60s
dT7jeH1LgCQ.mp3,56.71475,48000,0.16845596,1.2564502,0.1340729296207428,36.567654,0.060585070750282,0,0.0,45-60s
x9G9HDw8O8E.mp3,19.110041666666667,48000,0.3262899,1.3438272,0.2428064197301864,40.100838,0.0454485757010323,0,0.0,10-25s
JOHf9EmTlIk.mp3,55.78595833333333,48000,0.1119627,0.8445147,0.1325763761997223,50.426704,0.0533077086818833,0,0.0,45-60s
yxh8VuewFG0.mp3,95.29470833333332,48000,0.036926694,0.4554165,0.0810833498835563,38.725983,0.0570814116891929,2,0.020987524228566385,>60s
JKANrpARcsY.mp3,19.945958333333333,48000,0.036172148,0.7664105,0.0471968315541744,21.109451,0.0304068662266042,1,0.0501354702184862,10-25s
odnXJw91Kxs.mp3,55.86722916666667,48000,0.18077463,1.1725137,0.1541769802570343,41.729298,0.0451735663659793,0,0.0,45-60s
ZKjIfWRQ5gE.mp3,72.748125,48000,0.056730308,0.7157673,0.079258032143116,31.196024,0.0551491516319088,0,0.0,>60s
jV9vpE3qwX4.mp3,34.01725,48000,0.039874066,1.0460715,0.038117915391922,25.08234,0.0417564655172413,1,0.02939685012750884,25-35s
yGoSaRhFO50.mp3,20.839916666666667,48000,0.042376492,0.907845,0.0466781109571456,22.009192,0.0352324658552968,1,0.04798483679157386,10-25s
juG2ihmK4eU.mp3,85.65841666666667,48000,0.094610855,0.92520416,0.1022594347596168,28.247677,0.0621315546787448,0,0.0,>60s
jGK9pL6Ty0o.mp3,545.1733333333333,48000,0.06552057,1.065125,0.0615144409239292,22.88169,0.0560150334565944,10,0.018342790060653494,>60s
I3MiLg_Hdsw.mp3,731.196375,48000,0.044544578,0.81769097,0.0544760525226593,20.150118,0.058146475827407,0,0.0,>60s
RFpX0JgxEMw.mp3,548.4586666666667,48000,0.027487425,0.35451716,0.0775348246097564,25.86978,0.0555868305155924,1,0.0018232914543545062,>60s
F5txp_WMv6Y.mp3,14.651791666666666,48000,0.10937305,1.0509787,0.1040678098797798,31.027245,0.0305580905431222,0,0.0,10-25s
gOdwwqhbPAU.mp3,13.409541666666666,48000,0.046812043,0.6344241,0.0737866759300232,44.86184,0.0629583944008346,0,0.0,10-25s
3MFvU8csj80.mp3,220.27610416666667,48000,0.04769736,1.0141801,0.0470304675400257,28.373756,0.0831134558405162,0,0.0,>60s
ykN6jYa6o1g.mp3,62.36666666666667,48000,0.03570086,0.69219047,0.0515766441822052,100.6585,0.0197598995745681,1,0.016034206306787813,>60s
IECsLjghPj8.mp3,64.13352083333334,48000,0.04383211,0.51477516,0.0851480662822723,27.37941,0.059376721530434,1,0.015592470006422148,>60s
OACfmE9_ijk.mp3,134.02558333333334,48000,0.109529756,1.0708845,0.1022797152400016,28.148235,0.0424213620423796,0,0.0,>60s
QJ9xOg0wpOI.mp3,10.808895833333333,48000,0.07638205,1.0279889,0.0743024051189422,25.898525,0.0453254052638067,0,0.0,10-25s
bQN2vO6l588.mp3,64.28445833333333,48000,0.0805006,0.49390864,0.1629868298768997,51.317146,0.0471461593402604,0,0.0,>60s
MDPs3lprL7U.mp3,55.96010416666667,48000,0.047880262,0.6022058,0.0795081332325935,24.426407,0.0528274341290261,1,0.01786987381263065,45-60s
Rd7Jyrvz5zs.mp3,47.95733333333333,48000,0.12250088,0.9032283,0.1356256008148193,86.999855,0.0635182569629753,0,0.0,45-60s
FX01pXDul8E.mp3,12.399458333333332,48000,0.067235984,0.49184316,0.136702075600624,48.333607,0.0712143298581255,0,0.0,10-25s
rYJMNxDXRLA.mp3,384.8243125,48000,0.122603975,1.0271494,0.1193633303046226,28.776121,0.0683415641977105,0,0.0,>60s
vjCg-zUvlxk.mp3,2049.091354166667,48000,0.048171815,0.62855035,0.0766395479440689,20.320797,0.0552938006198172,1,0.00048802118947336256,>60s
SN8F-82AHLA.mp3,59.001916666666666,48000,0.07688621,0.9864796,0.0779399871826171,31.070591,0.0675831737504519,1,0.016948601952196468,45-60s
naHLTm_l8TY.mp3,18.2625,48000,0.18046515,1.0697017,0.1687060594558715,30.822987,0.0407633606063922,0,0.0,10-25s
RyWgQARZ1xc.mp3,28.67664583333333,48000,0.09142987,0.85075235,0.1074694246053695,29.118542,0.0453716602942543,0,0.0,25-35s
NDzrbXJCmYk.mp3,20.596104166666667,48000,0.06469644,0.38453194,0.1682472378015518,33.997456,0.0281589849818746,0,0.0,10-25s
LhIcqf0h_4M.mp3,71.38133333333333,48000,0.015055954,0.5130276,0.0293472595512866,16.154305,0.0351831700330569,2,0.028018529587567245,>60s
hZERwQFop6s.mp3,173.116375,48000,0.31119204,1.1297796,0.2754449248313904,39.74495,0.0242158618299445,1,0.005776461065569331,>60s
B6E-ygHO9BE.mp3,72.44627083333333,48000,0.07089188,1.0254407,0.0691330879926681,21.676235,0.0568585255401575,1,0.013803332987291445,>60s
mbBzvJ5NLaM.mp3,57.46939583333333,48000,0.08092722,1.0145946,0.079763114452362,28.056911,0.0602203573044265,0,0.0,45-60s
pijDm04XIXE.mp3,64.81066666666666,48000,0.0796507,0.8899385,0.0895013585686683,22.897835,0.0487193323700016,0,0.0,>60s
cCD1O5XSzVw.mp3,30.75483333333333,48000,0.05774229,0.4567728,0.1264135837554931,32.80888,0.0535849731276005,0,0.0,25-35s
oGygRnR9KHE.mp3,2776.2938958333334,48000,0.1522649,1.4047357,0.108393982052803,29.692768,0.0381366964031007,4,0.0014407696555480696,>60s
dlNRFsLmSUg.mp3,20.18977083333333,48000,0.29957438,1.4004121,0.2139187306165695,41.845306,0.0455724007857897,0,0.0,10-25s
Ar4vaDmiVmc.mp3,67.80227083333334,48000,0.10251733,1.0317397,0.0993635579943656,28.454885,0.073690527543456,0,0.0,>60s
eAOScvGFQkE.mp3,15.058145833333333,48000,0.020285266,0.29168975,0.0695439800620079,25.724865,0.0512138561216359,0,0.0,10-25s
9BHsYwphpt0.mp3,135.58133333333333,48000,0.20298108,1.1028694,0.1840481609106063,51.559258,0.023058084225769,0,0.0,>60s
77u8daCgKyQ.mp3,226.64997916666667,48000,0.0034356548,0.09893975,0.0347247198224067,18.508215,0.0507596037607652,0,0.0,>60s
81SgOIy33qs.mp3,20.212979166666667,48000,0.20242125,0.97209525,0.2082319110631942,27.672897,0.0573989425296833,0,0.0,10-25s
4uaGQKpgvOc.mp3,12.817416666666666,48000,0.37769923,1.1194078,0.3374098539352417,41.522255,0.0222789491472545,0,0.0,10-25s
fbZGgF-rIGI.mp3,41.807541666666665,48000,0.11584502,1.0051215,0.1152547448873519,40.414562,0.0416023098692602,0,0.0,35-45s
mEcpzWWxthA.mp3,34.946041666666666,48000,0.19118665,1.1191756,0.1708281189203262,30.848274,0.0388148578158376,1,0.028615544202073434,25-35s
Dbru19NyzQs.mp3,21.269479166666667,48000,0.18381462,1.0987105,0.1673003137111663,35.214428,0.0291789042919799,0,0.0,10-25s
7nDIRuebGkA.mp3,126.59520833333332,48000,0.20323114,1.0056005,0.2020992934703827,33.155834,0.0496247034685946,0,0.0,>60s
IzTTuB5KcaE.mp3,81.68,48000,0.002101788,0.42242682,0.004975507967174,80.08223,0.0023350530082919,1,0.012242899118511263,>60s
x7DSHC04R-g.mp3,158.731625,48000,0.058538616,0.953148,0.0614160820841789,20.84899,0.0312790370182939,6,0.03779965082572549,>60s
nEC0jZBrCRg.mp3,57.33008333333333,48000,0.08044692,1.0123439,0.0794660001993179,29.665499,0.0353233103197674,3,0.0523285476938373,45-60s
PYP9CfiXK7s.mp3,325.0097083333333,48000,0.08025103,0.64028573,0.1253362745046615,30.422043,0.0815968126948638,11,0.03384514283098979,>60s
RJZd6Kqo_f0.mp3,43.73333333333333,48000,0.07741115,0.8737718,0.0885942429304122,30.608292,0.0706813601103389,0,0.0,35-45s
Mn1ZolVCcgk.mp3,14.7446875,48000,0.08107883,0.8711963,0.0930660814046859,32.693066,0.0297276075560376,0,0.0,10-25s
siNqDK9jS5o.mp3,171.81866666666667,48000,0.041064683,0.61578804,0.0666863918304443,22.9407,0.0487134581697343,0,0.0,>60s
x5U0_6jLOpI.mp3,1454.6773333333333,48000,0.08903686,0.8961803,0.0993515029549598,27.613432,0.0515642465085296,75,0.05155782542382824,>60s
jwTrVQr8ExQ.mp3,66.54839583333333,48000,0.033994116,0.6245165,0.0544326938688755,29.614609,0.0731710466671341,0,0.0,>60s
OyzP6i9OTa4.mp3,473.8263958333333,48000,0.17268659,1.1808944,0.1462337374687194,31.722874,0.0602706710638872,1,0.002110477611196119,>60s
u9Ljv9HIBUU.mp3,35.3175625,48000,0.06423802,0.78505987,0.0818256288766861,35.093884,0.0276321189990942,0,0.0,35-45s
PjYv_ga9hHk.mp3,77.20635416666667,48000,0.07304383,1.1081458,0.065915361046791,25.4803,0.059728148958765,1,0.012952301799425511,>60s
ZoEyGPYwb6Y.mp3,204.16,48000,0.040499892,0.64044464,0.0632371455430984,27.28756,0.0641181315631367,4,0.019592476489028215,>60s
ksk8JUbrXNM.mp3,467.1622708333333,48000,0.010850912,0.14619076,0.0742243304848671,26.676102,0.0463887143739868,1,0.0021405838237239924,>60s
dNFfC1TN7f0.mp3,30.570666666666668,48000,0.06271154,0.75778574,0.0827562883496284,31.85118,0.0308262665678409,1,0.03271109560362875,25-35s
x6yqools55E.mp3,176.54133333333334,48000,0.16202977,1.2050958,0.1344538629055023,26.847855,0.0480254450259803,5,0.028321979366493964,>60s
TUqBVAdacs8.mp3,66.4206875,48000,0.16740018,1.0281475,0.1628172844648361,32.257732,0.0421872020284647,1,0.015055550275657716,>60s
Q_tHXBV3V0E.mp3,782.8266666666667,48000,0.038529906,0.37589094,0.1025028899312019,30.88052,0.0543201397310296,39,0.04981945769178362,>60s
BM1u7InUIko.mp3,2773.5423333333333,48000,0.0781387,0.9991132,0.0782080590724945,26.254395,0.0537126895437129,25,0.009013743795990374,>60s
n8MYeMpHj8U.mp3,30.836104166666665,48000,0.06120638,0.8564232,0.0714674517512321,25.990341,0.055171727721809,0,0.0,25-35s
2_Bq3k0BEu0.mp3,175.50804166666666,48000,0.032509115,0.6819681,0.0476695522665977,24.637224,0.0443857864633979,4,0.022790978476057485,>60s
tsE9XGIr9ys.mp3,321.34402083333333,48000,0.08177949,1.1362121,0.0719755440950393,20.405876,0.0479000713386248,2,0.006223859385382216,>60s
pqZSOK154N4.mp3,87.71339583333334,48000,0.08046378,1.0443352,0.0770478472113609,22.332298,0.048116780440631,0,0.0,>60s
JNNHgwilIg4.mp3,96.64145833333332,48000,0.061927255,0.83488756,0.0741743668913841,25.23024,0.0698613477403156,0,0.0,>60s
P8vvOFKydQY.mp3,40.44916666666666,48000,0.04407209,0.5814167,0.075801208615303,22.093266,0.0449431158136699,1,0.02472238818269845,35-45s
sN87gICehp8.mp3,85.0663125,48000,0.088834465,0.78304094,0.1134480461478233,32.67222,0.0419715541731974,0,0.0,>60s
YcmUaujLKsA.mp3,36.58304166666667,48000,0.1728284,1.0282443,0.1680810749530792,80.10622,0.031762339422376,0,0.0,35-45s
Go55J7nNL2s.mp3,57.28364583333333,48000,0.05399016,0.92627597,0.0582873374223709,33.769882,0.0379211164413051,0,0.0,45-60s
lWqCRIMyyLY.mp3,32.0,48000,0.08572546,0.9625128,0.0890642255544662,39.330627,0.0691136808563812,1,0.03125,25-35s
ZMlpGuVmmL8.mp3,223.63139583333333,48000,0.23790972,1.18324,0.2010663151741027,33.00989,0.0537481070542783,0,0.0,>60s
ymVKHCZmscw.mp3,178.13189583333337,48000,0.17819661,1.124311,0.1584940552711486,28.986921,0.0487436552675898,0,0.0,>60s
bOedeueU19A.mp3,63.61108333333333,48000,0.107592136,0.9140352,0.1177111491560936,31.21869,0.0602722782004527,0,0.0,>60s
wetiR3ShvOk.mp3,45.812979166666665,48000,0.10682988,1.060677,0.1007185727357864,28.629925,0.067730350516589,0,0.0,45-60s
-KUWeiHJKSM.mp3,10.2980625,48000,0.36733407,1.1407598,0.3220082521438598,48.6444,0.0454222874611801,0,0.0,10-25s
Z3B-Dmx8NmM.mp3,28.223875,48000,0.07229648,0.638462,0.1132353618741035,55.350384,0.0521457063728269,0,0.0,25-35s
tcnhrNezfiA.mp3,924.4444583333334,48000,0.05430534,0.926972,0.0585835836827755,21.989265,0.0563484292338058,37,0.04002403786021577,>60s
j9CCFVxSN9k.mp3,30.789666666666665,48000,0.046925757,0.5778644,0.0812054798007011,38.904747,0.0469382550008659,0,0.0,25-35s
NrNLSRnhmSA.mp3,59.050666666666665,48000,0.06826162,0.90673125,0.0752831920981407,46.135986,0.0698025251997923,1,0.016934609826589595,45-60s
e8c5eHhbOSU.mp3,34.37714583333333,48000,0.30149117,1.3597804,0.2217204868793487,37.374474,0.051255441843779,0,0.0,25-35s
Fxte_Wcw4YI.mp3,587.4773333333334,48000,0.064384654,1.0410051,0.061848547309637,22.15492,0.0579834893081504,4,0.006808773331396615,>60s
StTR3tXC_CQ.mp3,80.12045833333333,48000,0.06762598,0.9611027,0.0703629031777381,47.27074,0.0511206158687766,2,0.024962413366124238,>60s
QouENGXGhGQ.mp3,752.5239166666667,48000,0.05111368,1.2249994,0.0417254716157913,17.884804,0.0466325481152551,24,0.03189267406451202,>60s
GJXiwUYm1t0.mp3,575.3440416666666,48000,0.17626809,1.1249132,0.1566948294639587,31.884682,0.0427344991999063,2,0.0034761809546273656,>60s
_-ZXvDmztnQ.mp3,107.89152083333332,48000,0.06328164,0.49854475,0.1269327104091644,29.915482,0.0690726083631982,0,0.0,>60s
sIuZcfyPJqM.mp3,25.99475,48000,0.10556003,1.0575366,0.0998169034719467,34.728214,0.0498375333264971,0,0.0,25-35s
GVre0HrzqRE.mp3,43.2355625,48000,0.07122346,0.52350867,0.136050209403038,28.902702,0.0425080504979649,0,0.0,35-45s
HR0BCxcUuqI.mp3,33.715375,48000,0.056668952,1.0339522,0.0548080950975418,18.595043,0.0468901381089845,1,0.029660058652765983,25-35s
GBKs2LrSOsY.mp3,235.93797916666668,48000,0.041686956,0.99923944,0.0417186841368675,28.338463,0.0428975827870705,0,0.0,>60s
aVH1pXrN-Jg.mp3,364.8,48000,0.0774811,1.0197963,0.0759770348668098,29.840675,0.0755406685842519,14,0.03837719298245614,>60s
mEKS4oVoPd4.mp3,823.9786666666666,48000,0.07179331,0.99723095,0.0719926655292511,30.333555,0.0311610905764152,24,0.029126967688483846,>60s
doM0AavI-S4.mp3,15.04,48000,0.09145982,1.0755384,0.085036315023899,37.963207,0.0561326187101346,0,0.0,10-25s
lo4iFLHxH7g.mp3,27.353125,48000,0.05270037,0.8160852,0.064577043056488,26.54151,0.0643845942982456,0,0.0,25-35s
llu296LwCP0.mp3,305.9925625,48000,0.020434096,0.6169025,0.033123705536127,23.823938,0.0686856504307264,9,0.029412479592539113,>60s
KYr9hNYP5kI.mp3,201.7698125,48000,0.19103938,1.1845919,0.1612702161073684,42.703648,0.0467688305782802,1,0.004956142782756464,>60s
HKD1EAxwzX4.mp3,74.71020833333333,48000,0.015201319,0.2964074,0.0512852221727371,24.36037,0.0319621726668451,0,0.0,>60s
ptvp5UjilSE.mp3,30.3485,48000,0.11177299,0.51845014,0.215590626001358,31.74758,0.0518161454673225,0,0.0,25-35s
bIRgEM6o2Y0.mp3,44.565354166666665,48000,0.06055142,0.8079182,0.0749474614858627,23.80987,0.0288559146177315,0,0.0,35-45s
X-t4n_xnwG0.mp3,60.00097916666667,48000,0.2322531,1.1455277,0.2027476876974105,32.76451,0.0531872458785104,0,0.0,>60s
pfALQxFJyr0.mp3,148.77025,48000,0.14636166,1.1817787,0.1238486245274543,33.033386,0.0741020357981431,2,0.013443548021193753,>60s
6KSi0RYBLDk.mp3,10.901770833333334,48000,0.058355313,0.39533076,0.1476113647222519,28.161499,0.0198319510630498,0,0.0,10-25s
5LZthZB_z7A.mp3,55.2635,48000,0.21788935,1.1974938,0.1819544732570648,38.447678,0.037074221765827,0,0.0,45-60s
Ond73JU7-W8.mp3,97.01297916666668,48000,0.21721113,1.2033945,0.1804986894130706,31.209543,0.0588691631734469,0,0.0,>60s
SrDqYKaabSQ.mp3,64.16835416666666,48000,0.16463728,1.0705183,0.1537921279668808,64.285484,0.0547229685681931,0,0.0,>60s
sj_574pCC_c.mp3,55.68145833333333,48000,0.042948205,0.69480807,0.061813049018383,24.422821,0.0608803764245355,0,0.0,45-60s
En8zB92ZeX4.mp3,66.37425,48000,0.11680625,1.0219096,0.1143019348382949,25.02262,0.0405989028854652,2,0.030132167218461976,>60s
SsHHy4oRywo.mp3,16.602270833333332,48000,0.10594701,0.40714857,0.2602170705795288,69.005745,0.0533709908879255,0,0.0,10-25s
HuuecpkWY3c.mp3,54.28897916666666,48000,0.1174111,1.026588,0.1143702268600463,56.678993,0.0707724820419941,0,0.0,45-60s
t4G2pwhWQ_Y.mp3,34.57452083333333,48000,0.086884424,1.0227566,0.0849512219429016,28.962921,0.0513562832549352,1,0.028923032796911503,25-35s
Me38IkZh7YM.mp3,12.353020833333334,48000,0.15821679,1.0081706,0.1569345444440841,64.19592,0.0226408305921052,0,0.0,10-25s
4zE1_CYvLSc.mp3,629.2266666666667,48000,0.03848966,0.36461705,0.1055618748068809,29.24398,0.0460708436323973,0,0.0,>60s
B0GbgTt_OpE.mp3,36.165083333333335,48000,0.036099616,1.1001621,0.0328129976987838,17.286839,0.0419489895126806,2,0.055301960224065104,35-45s
m_3uPfgxTcs.mp3,148.45679166666667,48000,0.14105672,1.2481611,0.1130116283893585,32.702965,0.0839360310164894,5,0.033679833329731464,>60s
wSOd9jE3f0M.mp3,59.9539375,48000,0.036970347,0.7152413,0.0516893342137336,40.958954,0.1061495292485767,0,0.0,45-60s
5YRbhgrxTGk.mp3,45.336979166666666,48000,0.055498365,0.7708348,0.0719977393746376,26.875904,0.0548036261688426,1,0.022057049639849738,45-60s
Cn5-4kRj04w.mp3,1552.576,48000,0.07787639,0.77335095,0.1006999313831329,25.253496,0.0544318781989625,1,0.0006440908528793437,>60s
30J4s_A5utg.mp3,65.6544375,48000,0.015364043,0.33149838,0.0463472642004489,20.002825,0.041541344318551,0,0.0,>60s
c3ZeKaDNCQA.mp3,647.2446458333334,48000,0.029749453,0.613806,0.0484671927988529,25.590742,0.0654704366142056,33,0.05098535802874383,>60s
goYvdsh_AQg.mp3,431.0613333333333,48000,0.13657773,1.0944488,0.1247913315892219,28.184498,0.0432058164490696,4,0.009279421953875086,>60s
bNThPe5R-kw.mp3,78.05389583333333,48000,0.037268072,0.4059015,0.091815561056137,29.797497,0.0379880543907146,4,0.051246641276447076,>60s
cJIl0UVQ67w.mp3,39.0908125,48000,0.19765018,1.1043162,0.1789796948432922,57.488937,0.0581036035555934,0,0.0,35-45s
Yk4NxBhi44k.mp3,240.0,48000,0.041766837,1.0297108,0.0405617170035839,25.40846,0.0456528320963512,7,0.029166666666666667,>60s
wK8ExIAuz8s.mp3,59.327,48000,0.0566917,0.9195972,0.0616484023630619,26.196909,0.0773082130978065,0,0.0,45-60s
BSgm2Km_oao.mp3,25.386666666666667,48000,0.15654689,1.1399093,0.1373327672481537,32.270172,0.0572099104892902,0,0.0,25-35s
HrzvDdfYwo4.mp3,25.878645833333334,48000,0.25229594,1.1674685,0.2161051332950592,34.573036,0.0478296330989905,0,0.0,25-35s
qaF3x6l8cbo.mp3,57.30685416666667,48000,0.16613294,0.8219885,0.2021110206842422,35.188374,0.0406686572329238,0,0.0,45-60s
zH3xUAKEQ0Y.mp3,65.92145833333333,48000,0.07481008,1.0484117,0.0713556334376335,20.553059,0.029256112481799,0,0.0,>60s
w5tGPwkcGXE.mp3,63.73879166666666,48000,0.23562354,1.1835732,0.1990781277418136,38.580967,0.0511035025518741,0,0.0,>60s
UgUwNDvYyvc.mp3,89.47810416666667,48000,0.08376822,1.0082223,0.0830850675702095,24.010763,0.0560600889185242,0,0.0,>60s
SDlozL9lZHE.mp3,17.890979166666668,48000,0.0487269,0.97751856,0.0498475469648838,24.697752,0.0577850887403158,0,0.0,10-25s
2yEPOqU5AUc.mp3,56.4709375,48000,0.057788834,0.8340689,0.0692854449152946,21.291458,0.0382401218720491,3,0.05312467142944103,45-60s
mzgr9E3zMg0.mp3,27.71302083333333,48000,0.06338764,0.90629023,0.0699418783187866,33.07735,0.0616793718737976,1,0.03608412110733147,25-35s
C3qIAO9pyuk.mp3,40.9251875,48000,0.21338776,1.1230378,0.1900094151496887,31.560162,0.0424477639594735,0,0.0,35-45s
OyOTUoTP2iY.mp3,88.72345833333334,48000,0.08582816,0.96104264,0.0893073379993438,27.960411,0.0481160139343892,5,0.05635488171814763,>60s
F7FqSEm_9aY.mp3,44.650666666666666,48000,0.035221282,0.39744157,0.0886200293898582,34.35377,0.0309383956293288,0,0.0,35-45s
qQU9M_kQEQY.mp3,741.12,48000,0.02864874,0.6742697,0.0424885489046573,21.923418,0.0453994814004907,9,0.012143782383419689,>60s
hfzJxcuIiBs.mp3,2465.0071666666668,48000,0.09116397,0.7860998,0.1159699708223342,27.669222,0.0641034565059823,57,0.023123665022474916,>60s
14Qyuw_UHH0.mp3,106.25452083333332,48000,0.054751985,0.9511855,0.0575618371367454,23.112642,0.0529098464791206,2,0.018822728523119704,>60s
6D8WSct_F7g.mp3,68.47566666666667,48000,0.01731521,0.42055273,0.0411725081503391,18.957153,0.032584863585475,4,0.058414911379711526,>60s
N80KnwQp_rE.mp3,789.2266666666667,48000,0.05492195,1.196911,0.0458864122629165,22.274647,0.0512942782420328,31,0.039278956615758885,>60s
tKF4zqv5o6o.mp3,144.21914583333333,48000,0.18904345,1.02642,0.1841774731874466,32.865913,0.0499600086786295,0,0.0,>60s
DAAyLGrTq8o.mp3,26.7145625,48000,0.12967095,0.7172264,0.1807949990034103,31.368202,0.0289551755863273,0,0.0,25-35s
3DzJdmdMok0.mp3,75.2210625,48000,0.11867665,0.98781466,0.1201406046748161,26.559479,0.0559541093173922,1,0.013294148829657916,>60s
35NMXfx-j08.mp3,27.771083333333333,48000,0.09727875,0.98904264,0.0983564779162406,35.108078,0.0526184925835253,0,0.0,25-35s
FbvRywk7hEM.mp3,18.15802083333333,48000,0.083126254,0.93254536,0.0891390964388847,42.17225,0.0415976631312389,0,0.0,10-25s
-R8Yvmxp5Hw.mp3,425.89866666666666,48000,0.06974732,1.0258808,0.0679877400398254,23.485401,0.1493767403938866,15,0.035219645361650974,>60s
qWlp5jTcBow.mp3,24.369354166666668,48000,0.1156056,0.9882229,0.1169833242893219,30.196754,0.0806016650711159,1,0.041035145747433804,10-25s
rhtdlxNiu1Q.mp3,98.26685416666666,48000,0.053390775,0.7124312,0.0749416574835777,31.023638,0.0283549209506946,2,0.02035274271228706,>60s
_L-AApN1UbU.mp3,1974.4159791666664,48000,0.07885799,1.068588,0.0737964361906051,25.657677,0.043753389178669,39,0.01975267644281352,>60s
8h9890mu1kw.mp3,31.27466666666667,48000,0.06992534,0.8515699,0.0821134448051452,23.610355,0.0316693591778895,0,0.0,25-35s
AviM8-dKOD0.mp3,50.956208333333336,48000,0.089505784,1.0057244,0.0889963284134864,26.615345,0.0473894428238802,0,0.0,45-60s
X5u9EGKZzo8.mp3,50.050625,48000,0.055862773,0.92029357,0.0607010349631309,24.319538,0.0384857808504687,2,0.03995954096477317,45-60s
V1658wvJUxM.mp3,42.4106875,48000,0.066963375,0.73856246,0.0906671807169914,33.041286,0.0398264139898164,0,0.0,35-45s
9W0cGdYz_uY.mp3,14.2570625,48000,0.17674105,1.0860225,0.1627416163682937,46.00785,0.0553233247241959,0,0.0,10-25s
ZdGv7y1kdrg.mp3,90.6739375,48000,0.043004174,1.0614201,0.0405156947672367,21.370018,0.0623029298942771,0,0.0,>60s
j4zppGXmp-4.mp3,28.0729375,48000,0.08807645,1.0313557,0.0853987112641334,34.62157,0.0342275509356003,0,0.0,25-35s
befOEEhxae0.mp3,1002.1546666666668,48000,0.07084158,1.1386151,0.0622173175215721,22.091734,0.0546334971425207,6,0.005987099795640326,>60s
rmJ_LiSnjJM.mp3,42.283541666666665,48000,0.06601148,0.87924516,0.0750774443149566,27.368862,0.0197856734709962,0,0.0,35-45s
-6RiImLPC-A.mp3,35.05054166666667,48000,0.092829436,0.9733188,0.0953741297125816,181.30608,0.04195414732958,0,0.0,35-45s
C2CWPNEm2FY.mp3,130.2639583333333,48000,0.08064418,0.5126289,0.1573149263858795,30.176935,0.0866226050110538,0,0.0,>60s
qmyiQGX1fx0.mp3,56.09941666666667,48000,0.03598437,0.55707633,0.0645950436592102,21.756351,0.0510353233424429,0,0.0,45-60s
6303V2sOaeI.mp3,240.849,48000,0.09327221,0.94753337,0.0984368622303009,28.678127,0.0697761691070637,10,0.04151979040809802,>60s
eUgfGCR6sXQ.mp3,60.313833333333335,48000,0.178562,1.1025181,0.1619583368301391,38.82673,0.0394147877984084,0,0.0,>60s
xQ6t-8GMHkY.mp3,61.080979166666665,48000,0.11172655,1.1219246,0.0995847210288047,25.965279,0.0518798188678627,0,0.0,>60s
csE4g-fDgxM.mp3,63.61108333333333,48000,0.17890339,1.3161887,0.1359253376722335,28.816856,0.0552112315822015,0,0.0,>60s
dkCxMijejis.mp3,63.63735416666667,48000,0.14299712,0.9921719,0.1441253423690796,30.070438,0.055082331076127,0,0.0,>60s
RyF5o8nKafo.mp3,496.53333333333336,48000,0.09941766,1.1440235,0.0869017615914344,28.254995,0.0616845091606517,16,0.032223415682062294,>60s
GEVdNn8_dSg.mp3,33.4831875,48000,0.1563496,1.0583556,0.1477288007736206,39.900177,0.0333045133359872,0,0.0,25-35s
KfEpfMUjw0I.mp3,17.902604166666666,48000,0.12576056,0.7670768,0.1639478057622909,36.075256,0.046882852051072,0,0.0,10-25s
RxduHgAqwqk.mp3,44.3036875,48000,0.027357126,0.34259412,0.0798528790473938,24.999928,0.0439379071753129,1,0.022571484597077838,35-45s
VS1oQb-x9V0.mp3,157.96535416666666,48000,0.14557967,1.0944042,0.1330218464136123,33.15906,0.0677264556781735,0,0.0,>60s
Lb3jVt-3Oec.mp3,176.77352083333332,48000,0.015346966,0.9854224,0.0155739979818463,21.60537,0.0326606033722017,5,0.02828477917071149,>60s
MJrmo16mB4o.mp3,748.3449791666667,48000,0.0956725,1.0609233,0.0901785269379615,27.52084,0.0472939274677335,24,0.032070770390850545,>60s
lTq3i0mjelg.mp3,4436.0330208333335,48000,0.042517163,0.9557368,0.0444862656295299,36.868843,0.0696491248618889,252,0.05680751221113778,>60s
EfsGkrkPZUk.mp3,119.52472916666666,48000,0.07022757,0.67309546,0.1043352335691452,33.233734,0.0607007319599991,0,0.0,>60s
6q4rZvyHoKk.mp3,80.0,48000,0.10213185,1.0019228,0.1019358411431312,31.057394,0.0085187209413744,0,0.0,>60s
JGkKfBvgZ1c.mp3,44.5475,48000,0.32247397,1.2165745,0.2650671601295471,42.26521,0.0453386149224922,2,0.04489589763735339,35-45s
OJHJJNoOqWo.mp3,65.71297916666667,48000,0.06241369,0.9129226,0.0683669000864029,27.244568,0.0479446854457474,0,0.0,>60s
iYSukYvfEB8.mp3,43.178666666666665,48000,0.054583948,0.77743715,0.0702101066708564,25.488976,0.0473889675691528,0,0.0,35-45s
4HJyGeO8DO0.mp3,73.56097916666667,48000,0.11677098,0.9019126,0.1294703930616378,26.288769,0.0186912533302522,0,0.0,>60s
T8kMkQeXr6w.mp3,81.0144375,48000,0.06067601,0.9737731,0.0623102113604545,24.238949,0.0536815609161071,1,0.012343478901522953,>60s
A0JEwN-LgN0.mp3,41.134166666666665,48000,0.11865265,0.7995254,0.1484038531780243,34.99148,0.038845640839707,2,0.04862138125240575,35-45s
eFeFTtydxjk.mp3,59.9539375,48000,0.05862275,1.0591583,0.0553484298288822,20.41356,0.0717832507282956,0,0.0,45-60s
KWWZyJme55M.mp3,69.31158333333333,48000,0.07279603,0.96332985,0.0755670890212059,25.740543,0.0535826678641505,0,0.0,>60s
fCjDnebs46g.mp3,29.2339375,48000,0.21677157,1.1906395,0.1820631474256515,188.61398,0.0540962539333272,0,0.0,25-35s
5G4O6nKdGcE.mp3,246.41016666666667,48000,0.10057944,0.70194376,0.1432870328426361,33.11369,0.062902317878555,0,0.0,>60s
8kw0bvcCWq0.mp3,27.6781875,48000,0.16768657,1.0049256,0.166864663362503,28.341019,0.0636451559489402,0,0.0,25-35s
AXWwp1BCXfo.mp3,86.63366666666667,48000,0.0850181,0.8317183,0.102219820022583,26.968872,0.0394699220673787,0,0.0,>60s
W7SEFZaz0x4.mp3,247.57116666666667,48000,0.044575218,0.7728936,0.0576731599867343,28.299791,0.0578190847492998,3,0.012117727764474458,>60s
MWOuDDJ9KMg.mp3,107.98441666666666,48000,0.10813402,1.2303332,0.0878900215029716,24.506683,0.0461324498098577,2,0.018521190943446317,>60s
Ubrq1gG6Wu0.mp3,36.73397916666666,48000,0.09493705,1.0498779,0.0904267504811286,28.031822,0.0832791743793554,1,0.02722275186858671,35-45s
D9ACvSdsiCw.mp3,356.7746041666667,48000,0.11043168,1.0019972,0.1102115586400032,26.437109,0.04199529692078,0,0.0,>60s
gXHbU4x13tI.mp3,42.167458333333336,48000,0.18207557,1.1581957,0.1572062224149704,38.04447,0.0468745060381891,0,0.0,35-45s
ZJxmHFDiw0c.mp3,33.042,48000,0.14781128,0.9018185,0.1639035791158676,32.114353,0.0812214407480632,0,0.0,25-35s
oTyFPDFBqss.mp3,10.216791666666667,48000,0.29567862,1.0537627,0.2805931866168976,58.375298,0.0344156731145615,0,0.0,10-25s
kZTtnmM9H4g.mp3,131.42497916666667,48000,0.030086415,0.93920577,0.0320338904857635,23.919415,0.0265012052883054,1,0.007608903621980791,>60s
r56obWBi95k.mp3,16.469333333333335,48000,0.028930245,0.22271669,0.1298970729112625,42.63227,0.0485098730784789,0,0.0,10-25s
-mSH9JneRLA.mp3,112.57035416666666,48000,0.03240116,0.8156582,0.0397239401936531,20.98888,0.0486588412124549,4,0.03553333406127317,>60s
9FGI2JYOF4A.mp3,79.55158333333334,48000,0.04102177,0.47281155,0.0867613554000854,24.60415,0.0855510258489206,0,0.0,>60s
uuQfkM0LrRM.mp3,15.0233125,48000,0.110070705,0.46970183,0.2343416661024093,182.07855,0.0908650167450319,0,0.0,10-25s
1do9GJE5Zqc.mp3,22.1750625,48000,0.10794496,1.0277859,0.1050266996026039,28.076702,0.0590247245520683,0,0.0,10-25s
VDJw0qN5V6M.mp3,34.986666666666665,48000,0.13851836,0.8437891,0.1641623079776764,28.907469,0.0378177623056994,0,0.0,25-35s
xDRWF_AZZTc.mp3,105.8365625,48000,0.08337628,0.9704067,0.08591890335083,25.1631,0.061024675154943,3,0.028345591817572496,>60s
THVbfJXSCRI.mp3,61.52127083333333,48000,0.09610004,0.83980286,0.1144316643476486,42.268948,0.0451087052216973,0,0.0,>60s
6Scy3z8DACw.mp3,39.10241666666667,48000,0.051487952,1.028895,0.050041988492012,28.462215,0.0465871724546508,1,0.02557386691785887,35-45s
1BgqS0_azJc.mp3,22.151854166666663,48000,0.18128714,1.0302031,0.1759722381830215,34.254692,0.0329278349933798,0,0.0,10-25s
USByIT7YXcE.mp3,39.021145833333335,48000,0.10211865,0.70579094,0.1446868181228637,46.5878,0.0598237276663705,0,0.0,35-45s
sjCgWfWPXgA.mp3,717.504,48000,0.08343865,0.9938513,0.0839548632502555,27.921116,0.0504921008583332,13,0.01811836589064312,>60s
iiyB4aFn174.mp3,110.67791666666666,48000,0.03871749,0.63989544,0.0605059638619422,28.31399,0.0873850278109039,1,0.009035226087709458,>60s
z9ERyggvGwk.mp3,34.21460416666667,48000,0.042486016,0.45498624,0.0933786854147911,30.49688,0.0837093362784445,0,0.0,25-35s
mpWRZ-Krls8.mp3,115.07810416666666,48000,0.17075138,1.2228743,0.1396311819553375,25.563374,0.0420418800398554,0,0.0,>60s
IOTZn6Yphcw.mp3,341.7513125,48000,0.10283142,1.0335368,0.0994946882128715,25.767715,0.0649896247854244,13,0.038039356469186936,>60s
ecaAtWxN9KQ.mp3,113.45066666666666,48000,0.048135456,0.49670887,0.0969087928533554,29.451454,0.0891970998196154,0,0.0,>60s
pg5-JGd5otg.mp3,46.9043125,48000,0.06915449,1.0371435,0.0666778460144996,28.904781,0.0282600267522169,1,0.021320001225900068,45-60s
WUrONT9lTfk.mp3,42.28266666666666,48000,0.028348016,0.6295195,0.0450311936438083,24.350487,0.0698738473360655,1,0.02365035317860747,35-45s
GVfymSWNHYU.mp3,43.316833333333335,48000,0.12911844,1.0996544,0.1174172908067703,26.954317,0.0424435560822457,1,0.023085713406258535,35-45s
qBSN7tCaJXY.mp3,53.44072916666666,48000,0.032109328,0.4712241,0.0681402459740638,30.895943,0.0736949999064558,1,0.018712319528449553,45-60s
5vfwylJFPtg.mp3,127.36145833333332,48000,0.11932108,0.9348594,0.1276353150606155,41.721542,0.0368466902374173,0,0.0,>60s
zllAzXIyrbE.mp3,17.386666666666667,48000,0.15966627,1.0987356,0.1453181952238083,35.316036,0.0550003472754445,0,0.0,10-25s
VmDE_aMixlk.mp3,514.6703125,48000,0.09704797,1.0797126,0.0898831486701965,22.546413,0.0511727979083335,0,0.0,>60s
TQHFmRA11Ss.mp3,63.3324375,48000,0.11979576,1.0054531,0.1191460490226745,32.59776,0.0497129189120916,0,0.0,>60s
LzJN4vQXciU.mp3,25.62322916666667,48000,0.022719532,0.39256254,0.0578749366104602,24.387533,0.0613043916458593,0,0.0,25-35s
UO4WMa8rTxo.mp3,44.07147916666667,48000,0.04555507,0.64087343,0.0710827857255935,24.32711,0.0741869620870643,0,0.0,35-45s
xFRIHkr9o5Q.mp3,15.104583333333334,48000,0.09656049,0.80688655,0.1196704730391502,41.22722,0.0814985168930839,0,0.0,10-25s
GJQ5l4cXWjY.mp3,21.73389583333333,48000,0.061661743,0.70254403,0.0877692177891731,40.161266,0.067694517066364,0,0.0,10-25s
_nDRvd9wOn4.mp3,37.525333333333336,48000,0.10618929,1.050462,0.101088173687458,57.846676,0.0413797199133276,1,0.026648664013644113,35-45s
20yOA_ikNQU.mp3,19.93433333333333,48000,0.39502355,1.2691064,0.3112611770629883,40.544556,0.0418184544709737,0,0.0,10-25s
TkYJHYgqfcc.mp3,243.449625,48000,0.01795473,0.47820747,0.0375459007918834,15.152565,0.0617991546727129,3,0.01232287788490124,>60s
eX_wYw_9RtM.mp3,197.34639583333333,48000,0.034252584,0.247982,0.1381252855062484,42.74853,0.0551468306213517,0,0.0,>60s
NN7tofJbHG4.mp3,48.47166666666666,48000,0.14658079,1.0520943,0.1393228471279144,29.530832,0.0399301258250825,0,0.0,45-60s
Dm9Ol5llC-8.mp3,19.899520833333334,48000,0.22742057,1.0441678,0.2178007960319519,46.178764,0.0274570542771972,0,0.0,10-25s
N8Ny2xOwMRc.mp3,104.49066666666668,48000,0.07460328,0.964758,0.0773284956812858,23.354998,0.0666816651462182,0,0.0,>60s
kKyfHvjNX4E.mp3,60.00097916666667,48000,0.05385865,0.6899164,0.0780654773116111,29.370975,0.0457257251488624,0,0.0,>60s
p8ymbAEpZxQ.mp3,316.58666666666664,48000,0.061941877,0.37278742,0.1661587059497833,39.35808,0.0618310706449412,1,0.003158692722371968,>60s
aewLZ3rlehs.mp3,33.93597916666667,48000,0.22872962,1.1383069,0.2009384483098983,49.08844,0.0583796857813482,0,0.0,25-35s
lx0svpFzMXI.mp3,70.61189583333334,48000,0.0441057,0.8303784,0.0531151816248893,121.633514,0.1362643976586102,0,0.0,>60s
qUwIQv8D9Co.mp3,60.010666666666665,48000,0.013513028,0.26012182,0.0519488416612148,20.48321,0.0356081726497245,0,0.0,>60s
JlqdkL2rrTU.mp3,64.249625,48000,0.05605851,1.0302317,0.0544134974479675,37.22834,0.0350901893727174,0,0.0,>60s
M4d7jcTn5gc.mp3,25.44908333333333,48000,0.05251824,0.94836044,0.055377934128046,27.611042,0.0668947358942791,1,0.039294146154576624,25-35s
SN_B6KtLmjE.mp3,20.212979166666667,48000,0.05135033,0.94029343,0.0546109639108181,24.62597,0.0278219821899736,0,0.0,10-25s
R3YFPvAG_tI.mp3,29.37325,48000,0.089169115,1.1223543,0.0794482752680778,22.95443,0.0526269318491285,0,0.0,25-35s
1GY-OR__8uE.mp3,19.1796875,48000,0.1692574,1.0125121,0.1671658158302307,33.562218,0.057846264417732,0,0.0,10-25s
lTLOSnTM6mY.mp3,68.5453125,48000,0.102714315,0.554158,0.1853520423173904,33.852085,0.0383643801297261,0,0.0,>60s
L2OL5fQapu4.mp3,147.8530625,48000,0.036236502,0.46125326,0.078560970723629,23.70134,0.0729693037282679,8,0.05410777338480899,>60s
EwT-Jz8jwXc.mp3,928.512,48000,0.09295649,0.6573875,0.1414028853178024,27.579926,0.0659384089259353,3,0.003230976013234078,>60s
rJYBtKiGpX8.mp3,61.44,48000,0.036959358,0.5020508,0.0736167654395103,30.594563,0.058277608867818,0,0.0,>60s
eDKr0ULzMj4.mp3,60.10485416666667,48000,0.20014443,1.0574124,0.1892775446176529,32.660465,0.0497764391082519,0,0.0,>60s
2vTJMAb1KqU.mp3,596.9386041666667,48000,0.079080954,0.7010445,0.1128044724464416,31.237934,0.0605846981906572,7,0.011726499092435281,>60s
iA9DrJ5s3jE.mp3,12.968354166666666,48000,0.09004089,1.0230025,0.0880162939429283,29.37996,0.03320995130037,0,0.0,10-25s
zGPzFuzZJG8.mp3,24.76408333333333,48000,0.08098532,0.76091385,0.1064316555857658,32.93454,0.0422613520133505,0,0.0,10-25s
Z0QghFaZh3U.mp3,570.4678541666667,48000,0.02188965,0.37674525,0.0581019893288612,19.026058,0.034053312475459,12,0.02103536581834128,>60s
_S84vyVDZJ0.mp3,88.95566666666667,48000,0.07335385,0.9903704,0.074067085981369,58.092426,0.0512677162957134,0,0.0,>60s
m4MAIK7un8Y.mp3,37.568,48000,0.09141737,0.80174416,0.1140231192111969,25.024698,0.0512052217126738,0,0.0,35-45s
De79Cv-6Dxw.mp3,88.17779166666666,48000,0.18878977,1.0667399,0.1769782602787017,50.977745,0.0435080033945203,0,0.0,>60s
Bzs7mysiIN4.mp3,26.888708333333334,48000,0.1487304,1.0439191,0.1424731016159057,31.178501,0.0454622576606505,0,0.0,25-35s
avE0-pqXQ8k.mp3,64.52827083333334,48000,0.097560436,0.60086626,0.1623663008213043,64.147736,0.0434881844008264,0,0.0,>60s
Xk3UVFo_6zY.mp3,46.02195833333333,48000,0.03795893,0.558028,0.0680233463644981,25.568953,0.0609869504997103,0,0.0,45-60s
R2rgbYqnJKs.mp3,98.0114375,48000,0.12139179,0.7145449,0.1698868572711944,32.6537,0.0408814526029763,5,0.05101445430794748,>60s
T4qpYqCw25I.mp3,56.203916666666665,48000,0.15030764,1.346554,0.1116239205002784,27.150164,0.0516285615808823,1,0.017792354328805673,45-60s
S1fHM8DlACY.mp3,181.138875,48000,0.10176134,1.0366923,0.0981596410274505,26.455517,0.0586866217723177,0,0.0,>60s
-gydRTJ5EbE.mp3,97.57025,48000,0.109145686,1.2313585,0.0886384323239326,26.274906,0.0360953961077557,3,0.030747077105982613,>60s
UAVc3--ABEo.mp3,13.339875,48000,0.041785818,0.41292375,0.1011949926614761,36.436813,0.0251743917366107,0,0.0,10-25s
ekEw7dcko6M.mp3,28.8391875,48000,0.23013978,1.1201246,0.2054590880870819,189.02238,0.0368238821537537,0,0.0,25-35s
VvGrB91d1gU.mp3,375.97752083333336,48000,0.03935535,0.39367843,0.0999682620167732,26.613403,0.0520696514474225,18,0.047875202645370915,>60s
nTTppdGt8F4.mp3,2592.693708333333,48000,0.1063194,0.7246269,0.1467229574918747,29.940907,0.0661986783392936,3,0.0011570977282652091,>60s
gP3NtzfQMSE.mp3,13.6765625,48000,0.15030159,1.1393948,0.1319135278463363,45.687313,0.0777113119885035,0,0.0,10-25s
IGZtq9UB-9I.mp3,73.11964583333334,48000,0.051353365,0.86041737,0.0596842505037784,21.031544,0.051754963302334,0,0.0,>60s
fOKmWLJNwEs.mp3,79.48191666666666,48000,0.051411573,0.8641391,0.0594945587217807,27.815552,0.0318876748691626,4,0.0503259127076075,>60s
MiKcubQXgGw.mp3,162.67902083333334,48000,0.022213416,0.41204032,0.0539107806980609,23.442307,0.0524160893858182,0,0.0,>60s
LkJV-6u1D60.mp3,56.888895833333336,48000,0.027664103,0.45443696,0.0608755573630332,22.153513,0.0393995550360892,0,0.0,45-60s
C4Co6EgBD3I.mp3,21.12,48000,0.079621255,0.9234521,0.0862213149666786,24.801342,0.0788094810859414,0,0.0,10-25s
31iGP9D5w-w.mp3,78.18160416666667,48000,0.068711154,0.9981518,0.0688383802771568,24.823572,0.0559841431829809,0,0.0,>60s
VWiaH-NrMMo.mp3,406.3027708333333,48000,0.06846784,1.0550449,0.0648956671357154,22.78542,0.0617010036409519,3,0.007383656266598806,>60s
Aj_tZykDbPE.mp3,29.98858333333333,48000,0.11953729,0.9322324,0.1282269209623336,30.135183,0.0440420310833037,0,0.0,25-35s
OtjbewzR5_U.mp3,95.85066666666668,48000,0.031063706,0.5195271,0.0597922727465629,19.394915,0.0262037026573105,0,0.0,>60s
KGk7SB2I8IY.mp3,1263.1655416666667,48000,0.026931476,0.9263308,0.0290732812136411,25.007345,0.0568432323201136,67,0.05304134556393753,>60s
nU3UsnepWz4.mp3,257.728,48000,0.07582688,0.68523127,0.1106588169932365,32.168564,0.0528874087253755,1,0.003880059597715421,>60s
a3BdJd2xY5o.mp3,26.737791666666663,48000,0.06411913,0.92976034,0.0689630731940269,31.516724,0.0333468631581571,0,0.0,25-35s
2IopXz_Z7Vs.mp3,143.98695833333332,48000,0.030903028,0.25355926,0.121876947581768,29.573654,0.0701652451686236,0,0.0,>60s
qZB2H8Hcy3Y.mp3,1467.2689375,48000,0.1258734,1.1299919,0.1113931909203529,31.179201,0.0420576752671165,1,0.0006815383154664514,>60s
ene7YNTw8AQ.mp3,219.6143333333333,48000,0.09282409,0.88667226,0.1046881601214408,44.935436,0.0687346749553766,0,0.0,>60s
gxsEsNQwBec.mp3,125.1555625,48000,0.079205126,1.100961,0.0719418078660965,25.358551,0.0858950136222728,0,0.0,>60s
RGkygIGF7GU.mp3,25.813333333333333,48000,0.09752848,1.0823355,0.0901092886924743,22.717478,0.0587716368494423,0,0.0,25-35s
9ZRyqepSjuk.mp3,53.5800625,48000,0.137229,1.0251706,0.1338596791028976,32.152466,0.0477150109163515,0,0.0,45-60s
0TXcxYIBYpg.mp3,91.41697916666666,48000,0.051728033,1.002114,0.0516189076006412,23.017365,0.0398397849579979,1,0.010938886945463952,>60s
B4r13WNG6sU.mp3,23.80045833333333,48000,0.17132775,1.1501048,0.1489670872688293,186.61447,0.0442852717573924,0,0.0,10-25s
QZ04T_f_VOM.mp3,650.2186666666666,48000,0.061090652,0.896075,0.0681758224964141,22.340097,0.0406917328655325,14,0.02153121821582073,>60s
epsWOGSkd18.mp3,507.008,48000,0.02238074,0.5525609,0.0405036583542823,19.712643,0.0498415553898081,4,0.007889421863165868,>60s
sdmNWqyCZ3w.mp3,497.3714375,48000,0.15564594,1.1792862,0.1319831758737564,32.877026,0.0418114158939447,1,0.002010569816848399,>60s
3ckpwGkOoOE.mp3,12.933520833333333,48000,0.0842812,0.5164862,0.1631818860769271,31.894386,0.0424530960171063,0,0.0,10-25s
Jl9gZhNxXc8.mp3,38.45225,48000,0.067983925,0.5425329,0.1253083944320678,27.369785,0.038969178007975,1,0.026006280516744796,35-45s
YOvnIU-0nCc.mp3,1409.4976875,48000,0.12752831,1.080893,0.1179842054843902,28.81489,0.052107647441937,15,0.01064208911658821,>60s
QYwOl719978.mp3,12.678104166666667,48000,0.120171785,0.55875725,0.2150697559118271,79.075516,0.0609497378311606,0,0.0,10-25s
HQEhiFJtNrI.mp3,292.64110416666665,48000,0.07994696,1.0208385,0.0783149898052215,26.991066,0.0471116658427795,9,0.03075439462145505,>60s
a4MzqFxTm14.mp3,1247.9100416666668,48000,0.040840283,0.39308456,0.1038969382643699,27.17492,0.0477893002967083,8,0.00641071850765418,>60s
SAm9eMoCrBE.mp3,12.643270833333334,48000,0.17830813,1.1183497,0.1594386249780655,31.046406,0.0419497819614249,0,0.0,10-25s
W2JoGum0SuA.mp3,109.16266666666668,48000,0.036876958,0.3499022,0.1053921803832054,51.760315,0.0470528040272349,0,0.0,>60s
ds32t2-GDHY.mp3,145.00266666666667,48000,0.04978794,0.4515685,0.1102555617690086,27.1486,0.057944528089371,1,0.006896424893335295,>60s
hl_7q0M4_Kw.mp3,740.0547916666667,48000,0.037246715,0.79460096,0.0468747429549694,25.433792,0.0600585655992815,13,0.01756626691210645,>60s
gLeyDSADQbY.mp3,168.27733333333333,48000,0.044400178,0.6742897,0.0658473297953605,36.172,0.0722607041203175,9,0.053483138945233266,>60s
1s72KZaN92M.mp3,59.10639583333333,48000,0.08253721,0.7279714,0.1133797466754913,35.184296,0.0356017119271021,0,0.0,45-60s
mCoo8w9Hh9c.mp3,39.48554166666667,48000,0.047681686,0.4840565,0.0985043793916702,34.610676,0.0453333924230145,0,0.0,35-45s
wW9J8YwSZnM.mp3,452.43733333333336,48000,0.019019704,0.15921259,0.1194610595703125,26.909828,0.0641550474677016,3,0.0066307525462089775,>60s
y_A2pB7zfkM.mp3,239.48,48000,0.031782318,0.49395487,0.064342550933361,29.104496,0.073477324542357,6,0.02505428428261233,>60s
1_cGk60AxMc.mp3,15.267125,48000,0.11588016,0.869689,0.1332432180643081,41.0971,0.0422472394378491,0,0.0,10-25s
gxuiXyVbpGg.mp3,47.01866666666667,48000,0.08272529,0.9584782,0.0863089933991432,31.631765,0.0607660422927534,0,0.0,45-60s
vVRQ0Hl9YGI.mp3,30.127895833333334,48000,0.060408883,0.58991975,0.1024018675088882,25.669056,0.0356595685840707,0,0.0,25-35s
6fadFa-cTOE.mp3,784.4745625,48000,0.04148465,0.84033746,0.0493666566908359,26.8573,0.0706798346250594,0,0.0,>60s
RLUPb8SHH7c.mp3,33.70666666666666,48000,0.028752059,0.59655875,0.0481965243816375,21.562185,0.0311075781991458,0,0.0,25-35s
Igh7PDnQsfY.mp3,30.011791666666667,48000,0.056914825,0.47898626,0.1188234984874725,23.200905,0.0332029514814321,0,0.0,25-35s
CHByVQ0Pkt8.mp3,10.379333333333332,48000,0.27818996,1.1186552,0.2486824840307235,40.586174,0.0482666516940451,0,0.0,10-25s
Dww3abL1CeM.mp3,177.23791666666668,48000,0.09460146,0.937635,0.1008936911821365,23.627672,0.0344416204038033,0,0.0,>60s
uKCnsUSDLLs.mp3,92.18322916666666,48000,0.02522642,0.51740974,0.0487552098929882,24.0844,0.0383695959700046,1,0.010847960187986111,>60s
ndGu9E7hMLo.mp3,63.669125,48000,0.17858993,1.2486024,0.1430318653583526,29.972755,0.0545944083493885,0,0.0,>60s
hyWvapnYTnE.mp3,23.27466666666667,48000,0.0871439,0.88689,0.098257839679718,37.5889,0.0643674576986944,0,0.0,10-25s
N6U9JttNrVM.mp3,29.048166666666667,48000,0.16166018,1.0417352,0.1551835685968399,29.988018,0.0351931758214023,0,0.0,25-35s
86I9MVSCj1s.mp3,87.91075,48000,0.09509935,1.0232422,0.0929392352700233,26.021606,0.0365302741484166,0,0.0,>60s
7b7hoZ_UWYk.mp3,38.649625,48000,0.034296587,0.50816774,0.0674906820058822,24.43157,0.04055011404008,1,0.025873472252318102,35-45s
G1N0XAzNnnA.mp3,125.12,48000,0.03284858,0.6694422,0.0490685887634754,24.87896,0.0817880458960233,5,0.0399616368286445,>60s
pLTlEmKqAg8.mp3,27.34933333333333,48000,0.06749379,0.58847874,0.1146919727325439,44.966854,0.0574827911793372,0,0.0,25-35s
BghqFHB-5mI.mp3,18.87783333333333,48000,0.07030676,0.6974348,0.1008076518774032,90.444954,0.0560767567090395,0,0.0,10-25s
2xvkZUq__RI.mp3,162.304,48000,0.026478548,0.67255926,0.0393698364496231,25.839615,0.0382542705115988,2,0.012322555205047318,>60s
fP9GiAG5s00.mp3,15.058145833333333,48000,0.009470008,0.23478557,0.0403347127139568,25.54163,0.0385593489952195,0,0.0,10-25s
S-4qaUVshiM.mp3,54.144,48000,0.05224104,0.9878352,0.0528843663632869,20.539816,0.0362974643613354,3,0.05540780141843972,45-60s
O3ubHCf4npU.mp3,3046.272,48000,0.09446769,0.87319833,0.1081858351826667,24.24849,0.0414667366308094,0,0.0,>60s
6DRMf2SJOMg.mp3,37.077333333333335,48000,0.03203026,0.49574256,0.0646106675267219,26.874996,0.0399281214049467,1,0.026970655926352127,35-45s
jXJqI9RJKnU.mp3,322.47875,48000,0.029350433,0.74896324,0.0391880832612514,22.334108,0.050578753710763,13,0.04031273378478427,>60s
d5CMIVq6zqk.mp3,28.394666666666662,48000,0.21344146,1.109387,0.1923958510160446,59.865154,0.0590431594418888,0,0.0,25-35s
YZbBqikdpcI.mp3,42.86497916666666,48000,0.10105523,1.0165966,0.099405437707901,27.860926,0.0680665763405075,0,0.0,35-45s
gTAeViPsGvc.mp3,73.31702083333333,48000,0.06402021,0.49179614,0.1301763206720352,30.04679,0.0509145080193482,3,0.040918192882109856,>60s
g2I5XuoTe-E.mp3,953.5506666666666,48000,0.041848272,0.39035666,0.107205219566822,24.056393,0.0360885320389754,1,0.0010487119719560436,>60s
bEWQ-A3MDLA.mp3,112.76772916666668,48000,0.11424038,0.9618421,0.1187724843621254,28.770008,0.0830173268716893,0,0.0,>60s
Nun8HS-r220.mp3,43.648,48000,0.011071499,0.25465727,0.043476078659296,23.412754,0.0652256902027852,0,0.0,35-45s
C77UYYXwi9Y.mp3,60.511208333333336,48000,0.030948984,0.61995786,0.0499211065471172,19.496096,0.0338302389057817,0,0.0,>60s
sD3W1dyfAAA.mp3,68.04608333333333,48000,0.029740933,0.5895898,0.0504434332251548,20.910183,0.0364785890967868,4,0.05878369193426514,>60s
fQz3U1r_RlQ.mp3,27.852354166666668,48000,0.075830944,0.986395,0.0768768563866615,28.76438,0.0417861821640505,0,0.0,25-35s
IUuaoM-st98.mp3,91.008,48000,0.05894491,0.8145414,0.0723657608032226,23.755636,0.0846369426051798,0,0.0,>60s
Lq9T_pa7tsc.mp3,1580.224,48000,0.04445667,0.30363184,0.14641635119915,33.302464,0.0274741795996965,11,0.006961038435057309,>60s
RF-hhC78G-M.mp3,245.73866666666663,48000,0.06962374,0.90928936,0.0765694007277488,19.876305,0.0784993652068232,0,0.0,>60s
HndllZ4uq0I.mp3,61.9740625,48000,0.08222732,0.84439147,0.0973805636167526,27.277668,0.0385195171334537,0,0.0,>60s
kjLDtrUZq34.mp3,709.4508958333333,48000,0.043144915,0.75239885,0.0573431439697742,23.95035,0.0554261178903806,4,0.0056381632943059866,>60s
Zj3J8iqFR9g.mp3,20.015604166666662,48000,0.2289514,1.1867063,0.1929301172494888,36.55874,0.0635363945125199,0,0.0,10-25s
z_O6D4yEXic.mp3,705.608,48000,0.04836128,0.83603936,0.0578456968069076,33.18703,0.055150013085592,18,0.025509914853573092,>60s
nakmzseFswo.mp3,66.176875,48000,0.037484743,0.5649315,0.0663527175784111,24.5949,0.0696320539131748,2,0.030222037531992863,>60s
qRhR2VJi00o.mp3,36.71075,48000,0.08609118,0.93973386,0.0916123017668724,27.024673,0.0365687475032684,0,0.0,35-45s
E8QcvUeVeAI.mp3,37.686,48000,0.12218459,0.8068975,0.1514251679182052,33.82275,0.0740464560784521,0,0.0,35-45s
g5beV0Wkpvk.mp3,190.5661875,48000,0.032317862,0.51269704,0.0630350112915039,26.372335,0.0664415879411312,2,0.01049504125699109,>60s
Vxm7MBsV2vE.mp3,1149.202,48000,0.03741955,0.9506944,0.0393602289259433,21.85191,0.0577372750111961,25,0.021754225975938086,>60s
DtWFSNRoyDY.mp3,20.212979166666667,48000,0.042760875,1.0096636,0.0423516072332859,25.093424,0.0488796586411609,0,0.0,10-25s
rrcwIePVs40.mp3,693.2665833333333,48000,0.02477919,0.3411625,0.0726316347718238,29.93474,0.0539941367183893,25,0.036061164061588144,>60s
n-b3a5Nbcas.mp3,362.4286666666667,48000,0.043029338,0.83554876,0.0514982976019382,21.683746,0.0647857304956516,8,0.022073309138533927,>60s
V4-TxjvQu1k.mp3,31.168,48000,0.059013546,0.63455117,0.0930004492402076,26.490242,0.0513278309955525,1,0.032084188911704316,25-35s
_YGiQeOeecI.mp3,12.0279375,48000,0.06296719,0.55957556,0.1125266924500465,28.467205,0.0396728515625,0,0.0,10-25s
XMX-7LSRIuQ.mp3,17.705229166666665,48000,0.06381902,0.8095715,0.0788306146860122,26.904486,0.0383647872740963,0,0.0,10-25s
DJqJ0GwrM7g.mp3,158.03502083333333,48000,0.08337749,0.68818194,0.121156170964241,29.32659,0.0950300245511609,4,0.025310845525932345,>60s
j4ZQ9k7l0Lw.mp3,36.53660416666666,48000,0.20136608,1.1178234,0.1801412403583526,34.533325,0.0760448876696585,0,0.0,35-45s
tFi-fqcTo3Y.mp3,3190.6742916666667,48000,0.05288668,1.0311337,0.0512898415327072,22.212196,0.0574913015465263,25,0.007835334388500403,>60s
0YSC1jtwaNw.mp3,59.44310416666666,48000,0.04552943,0.5822801,0.0781916305422782,27.89806,0.0847491708067916,0,0.0,45-60s
Fno8JdYjIys.mp3,58.986666666666665,48000,0.0937834,0.9035252,0.1037972196936607,32.101345,0.0895892363779153,1,0.016952983725135623,45-60s
G225TkNQXWQ.mp3,875.2529791666667,48000,0.10492532,1.0842788,0.0967696830630302,26.076689,0.0609317695162543,5,0.005712634082960253,>60s
UqxgbTlSZ-c.mp3,50.06933333333333,48000,0.06996136,0.9466088,0.0739073678851127,23.731243,0.0323609308439829,0,0.0,45-60s
who1b8rGBgw.mp3,86.16927083333333,48000,0.092785805,0.8791904,0.1055355072021484,32.11689,0.0231178416844597,0,0.0,>60s
rXMBeLaE6js.mp3,458.8586666666667,48000,0.02976118,1.0267117,0.0289868917316198,23.113762,0.050096789082295,13,0.02833116369891673,>60s
JeD0xRa_0NU.mp3,204.416,48000,0.07003385,1.0314522,0.0678982958197593,22.426044,0.0488823161932559,2,0.009783969943644333,>60s
XOdM7H6DYjc.mp3,145.94904166666666,48000,0.035752784,0.2461069,0.1452734023332595,81.53228,0.0669350696918621,0,0.0,>60s
HGYRx5yyxbo.mp3,31.370166666666663,48000,0.14858149,0.8790525,0.1690245866775512,57.901054,0.0490233710897653,0,0.0,25-35s
rFKVXbacA8I.mp3,25.450666666666667,48000,0.095767304,1.0063486,0.0951631516218185,56.777313,0.0515100921004398,0,0.0,25-35s
FFaB0D13tKI.mp3,281.38666666666666,48000,0.06145967,0.41571066,0.1478424221277237,34.336304,0.0547575929113282,0,0.0,>60s
_sPPHrqUgkQ.mp3,10.402541666666666,48000,0.07800899,0.47397014,0.1645862907171249,33.545456,0.0682207951780225,0,0.0,10-25s
jGy2Ww1NdFU.mp3,28.467666666666663,48000,0.08420382,0.8179309,0.1029473543167114,28.635406,0.0558135288848819,0,0.0,25-35s
p18LGsacRtE.mp3,65.49189583333333,48000,0.038301207,0.41499853,0.0922923907637596,29.550037,0.0733233026262215,0,0.0,>60s
8r8kO7U0Gjo.mp3,67.94666666666667,48000,0.06538544,0.56193084,0.1163585186004638,29.452188,0.0491749265470491,3,0.044152276295133436,>60s
qYNFXyViupg.mp3,29.9073125,48000,0.11227386,0.7787328,0.1441750824451446,29.008419,0.0561290093393366,0,0.0,25-35s
F4wH7nklvjU.mp3,4195.7065,48000,0.1352703,1.1833893,0.1143075227737426,27.627697,0.0520604739334666,62,0.014777010737047503,>60s
1pKUye91Gg8.mp3,82.32635416666666,48000,0.110271856,1.1240798,0.0980996638536453,26.790064,0.0704546386149436,0,0.0,>60s
hl0MDsREAq0.mp3,56.621875,48000,0.1197326,1.033299,0.1158741116523742,26.770748,0.0387816164178753,0,0.0,45-60s
fOIPfAiEclw.mp3,24.72927083333333,48000,0.15807436,1.1379521,0.1389112621545791,41.412582,0.0753290160764338,0,0.0,10-25s
p228zjTN8SY.mp3,46.41697916666666,48000,0.14542614,1.2288994,0.1183385252952575,38.765823,0.0339437372544232,0,0.0,45-60s
XvVqbuJpf_s.mp3,59.968,48000,0.057325087,0.70559514,0.081243596971035,35.14042,0.0497319185710474,0,0.0,45-60s
UP6ckx8njcs.mp3,1052.0961458333334,48000,0.041109346,0.4020688,0.1022445559501648,30.204063,0.0397677318839661,0,0.0,>60s
GY1XF1lxf-s.mp3,15.000979166666667,48000,0.060021073,0.8871213,0.067658245563507,41.045563,0.0525657149520255,0,0.0,10-25s
5aAWJIunNwE.mp3,22.105416666666667,48000,0.09137412,0.86224866,0.1059718951582908,36.987392,0.0373142976664254,1,0.04523778108683769,10-25s
uzbqOceJi-o.mp3,59.605625,48000,0.06668493,1.0351564,0.0644201561808586,23.40839,0.0325797779399266,3,0.05033082028751481,45-60s
awwzI2CzipQ.mp3,12.678104166666667,48000,0.053188566,0.83290255,0.0638592913746833,23.814592,0.0594750381097561,0,0.0,10-25s
pa3Tg0aebW8.mp3,43.131083333333336,48000,0.2542474,1.1253577,0.2259258478879928,51.939476,0.0364013430390702,0,0.0,35-45s
LHDQHJh7yGs.mp3,573.3239166666667,48000,0.07415767,1.0017579,0.0740275382995605,23.074677,0.0687993913517441,0,0.0,>60s
_D03CoSszD4.mp3,25.100791666666662,48000,0.1009926,0.5473675,0.1845060139894485,47.23528,0.0464655407019966,0,0.0,25-35s
um7f9pK4020.mp3,180.09397916666666,48000,0.052447338,0.83732593,0.0626367032527923,30.430643,0.0651048318211768,0,0.0,>60s
aMgM5p3fP2Q.mp3,27.30666666666667,48000,0.12142174,0.9209609,0.1318424493074417,32.121895,0.0513358810645255,0,0.0,25-35s
xHKsCg7YZCs.mp3,60.074666666666666,48000,0.01731013,0.2114254,0.0818734616041183,26.02334,0.0643908004449227,2,0.03329190340909091,>60s
7e9WMnE2sBA.mp3,79.505125,48000,0.03164367,0.6075289,0.0520858652889728,19.772512,0.0295106863764421,0,0.0,>60s
Mj2uZUq3p2o.mp3,494.336,48000,0.04629318,0.4803866,0.0963665097951889,24.956394,0.0448387054631028,0,0.0,>60s
0RwvdxUUIM8.mp3,60.220958333333336,48000,0.18165062,1.1206906,0.1620881110429763,32.385715,0.0343603498328462,1,0.016605514553003763,>60s
F_1QCaEEzmo.mp3,85.05470833333334,48000,0.06467858,0.60735947,0.1064914315938949,25.740509,0.0510462714760471,0,0.0,>60s
HZFXFVlSn3w.mp3,12.202104166666668,48000,0.052072898,0.3274535,0.1590237915515899,44.37919,0.0468690245301573,0,0.0,10-25s
h4SEAOs0d-Q.mp3,476.0090833333333,48000,0.17759235,1.2961789,0.1370122134685516,34.25641,0.054688419097051,2,0.004201600494668432,>60s
OGnLjx9WI2g.mp3,116.4713125,48000,0.02067712,0.5883065,0.0351468510925769,19.649164,0.066830813229739,0,0.0,>60s
D3w0b0I8dUI.mp3,798.4878125,48000,0.056716602,1.0817149,0.0524321198463439,24.036455,0.0724871417118349,30,0.03757101802978364,>60s
OLcn2A4e3o8.mp3,45.73170833333333,48000,0.11656159,0.94853055,0.1228864938020706,28.417706,0.0729030779938199,0,0.0,45-60s
vB3uIG-r7yw.mp3,2276.9952083333333,48000,0.08762356,1.2627838,0.0693892017006874,20.056105,0.0490472818945608,1,0.00043917527640822696,>60s
HFozS8hXoL0.mp3,1119.0160625,48000,0.06444065,1.0780201,0.0597768574953079,21.430166,0.0357515493113609,36,0.032171119974428425,>60s
Wa3eHzHGln4.mp3,16.613895833333334,48000,0.08768203,0.86578685,0.1012743860483169,34.32084,0.0292238521943196,0,0.0,10-25s
yLeXO4NlNYU.mp3,60.08164583333333,48000,0.09995626,0.5835037,0.1713035553693771,28.725225,0.0481671726599946,0,0.0,>60s
6F14w8l42og.mp3,29.973333333333333,48000,0.049432177,0.79980874,0.061804998666048,20.671524,0.0609357977032194,0,0.0,25-35s
tH4NEDttfNM.mp3,44.73325,48000,0.06664207,0.87647617,0.076034091413021,27.909498,0.0562303476692894,0,0.0,35-45s
3VXp0xmObnA.mp3,14.848,48000,0.12682086,1.0985887,0.1154398024082183,40.45333,0.0491330817031586,0,0.0,10-25s
CImZ-tYr3nw.mp3,51.67602083333333,48000,0.114532955,1.0065365,0.1137891709804534,29.427593,0.0381310871388028,0,0.0,45-60s
1Wy-bekWX9Q.mp3,40.06604166666666,48000,0.07470625,1.0654001,0.0701203718781471,26.192835,0.0441944568056294,0,0.0,35-45s
yXuEzt2Q_ik.mp3,89.83802083333333,48000,0.007504007,0.26537132,0.0282773841172456,19.314352,0.0721530472738335,2,0.02226228918945556,>60s
ytnQsjljA18.mp3,14.651791666666666,48000,0.025072735,0.27732223,0.0904101133346557,32.795044,0.0539031938000363,0,0.0,10-25s
B9B4JQR0wTI.mp3,62.272,48000,0.03684382,0.56051123,0.0657325312495231,26.517048,0.058382348218873,0,0.0,>60s
giajdh2ToQ4.mp3,824.1226458333333,48000,0.13791087,1.2337881,0.1117784082889556,28.357649,0.0572544619383558,7,0.008493881384513789,>60s
g7a4g5Bx6hM.mp3,23.3360625,48000,0.11525206,1.0918727,0.1055544912815094,56.0972,0.0790109582095521,0,0.0,10-25s
lRE3LTcfXX8.mp3,195.21016666666668,48000,0.061273176,0.6454687,0.0949281901121139,26.8475,0.0437709015644636,1,0.005122684013213109,>60s
9aTuZ5VfHIU.mp3,586.7914791666667,48000,0.057597686,1.0269303,0.0560872368514537,21.432066,0.0536339212779711,7,0.011929280244391187,>60s
NFYB7w1SDxw.mp3,178.6775625,48000,0.050043326,0.51597124,0.096988596022129,26.42463,0.0612799089754208,0,0.0,>60s
-HxmC9NUpNc.mp3,525.7113958333333,48000,0.11790278,1.1073346,0.1064743921160698,28.574324,0.0521860369197135,16,0.030434949911324526,>60s
9XOtuuzZjtQ.mp3,25.73933333333333,48000,0.08548975,0.534094,0.1600649952888488,32.6614,0.0399710995753935,1,0.03885104509311301,25-35s
A8xVHN9q9jE.mp3,131.20435416666666,48000,0.0885944,1.0278585,0.0861931890249252,26.295174,0.0674278259897569,1,0.007621698276337056,>60s
eRNpma0x13s.mp3,491.85960416666666,48000,0.12053192,1.0401957,0.1158742681145668,28.769999,0.0430863199756842,1,0.0020331004854408615,>60s
-ZsASYR0Eww.mp3,83.5221875,48000,0.07885742,0.8491912,0.0928618013858795,30.809174,0.0633176263607776,0,0.0,>60s
awhsr9NlW5E.mp3,41.81333333333333,48000,0.048996214,0.5476576,0.0894650444388389,31.302643,0.0572885534222774,0,0.0,35-45s
lNTFbI46eY4.mp3,118.77008333333332,48000,0.008708222,0.19214822,0.0453203357756137,24.168964,0.0570308991917377,0,0.0,>60s
vVtzP30LJ3Y.mp3,71.47102083333333,48000,0.077478014,0.6533591,0.1185841187834739,37.99894,0.0717015621502387,0,0.0,>60s
akR0dQRs4g0.mp3,13.212166666666668,48000,0.15398826,0.6808237,0.2261793464422226,61.20979,0.0557952954751816,0,0.0,10-25s
5c5UE2_XXFc.mp3,51.29289583333333,48000,0.06278576,0.89409286,0.0702228620648384,25.605606,0.0410421256043356,3,0.058487631693635286,45-60s
YJxJPzzzhCU.mp3,699.7546666666667,48000,0.11080076,1.2414298,0.0892525389790535,22.87752,0.0648356044121457,29,0.04144309624706564,>60s
WbmSfAqjGAI.mp3,108.19339583333333,48000,0.1894362,1.0945458,0.173072874546051,28.66133,0.0402771862523412,0,0.0,>60s
qSzHJQIg98k.mp3,63.48802083333333,48000,0.05708144,0.7920144,0.0720712095499038,26.047596,0.1250857137420208,2,0.03150200579177503,>60s
oVnzX7QeVT0.mp3,27.922,48000,0.12799667,1.1624804,0.1101065203547477,26.861649,0.0465937440317035,0,0.0,25-35s
KEIIwkLOO98.mp3,286.61333333333334,48000,0.047068365,0.7753969,0.0607022866606712,71.4277,0.0642498970777045,1,0.0034890212132489763,>60s
wu3YMpLcdOE.mp3,14.3035,48000,0.068282336,0.83226466,0.0820440202951431,24.602516,0.036587230844519,0,0.0,10-25s
q4iVc5RISzw.mp3,52.8021875,48000,0.045796897,0.54336655,0.0842836126685142,174.7998,0.0195861828734094,0,0.0,45-60s
lNOETjBXkP4.mp3,549.3849791666667,48000,0.1159813,1.1683717,0.0992674753069877,25.772163,0.0512342267285943,3,0.00546065166279308,>60s
6BHitgI9VQ8.mp3,135.44533333333334,48000,0.106498554,1.0843025,0.098218485713005,26.279585,0.0486783223580596,0,0.0,>60s
fTelMsW5YXQ.mp3,154.087625,48000,0.05823712,1.0293282,0.0565777942538261,37.54361,0.0524278049503322,9,0.05840832448420177,>60s
7u2ii0LhO2Q.mp3,57.237208333333335,48000,0.115010686,0.99863386,0.1151680201292038,82.06448,0.0407871355816716,0,0.0,45-60s
hUxsLT6rrRk.mp3,59.28533333333333,48000,0.05705325,0.43688655,0.1305905431509018,36.506107,0.0551889566749865,0,0.0,45-60s
-j-BUtjqjy0.mp3,10.843729166666666,48000,0.035357438,0.4802513,0.0736227855086326,42.00261,0.0442689128564405,0,0.0,10-25s
okRphkj7noI.mp3,56.64508333333333,48000,0.13133872,0.76220834,0.1723134070634842,35.301098,0.0393713188135473,0,0.0,45-60s
bz8M5FoFYZY.mp3,74.09066666666666,48000,0.039164245,0.70716894,0.0553817376494407,24.911026,0.0581709758933712,2,0.026993953354448603,>60s
I4kntVSWSdU.mp3,527.9056875,48000,0.20640066,1.3474442,0.1531793773174286,39.856655,0.056459132599713,0,0.0,>60s
TCW6hEi6jw0.mp3,67.337875,48000,0.042449392,0.46591622,0.091109499335289,25.54552,0.055901590096824,1,0.014850483476052667,>60s
An1bhCu-WRQ.mp3,1587.52,48000,0.040843908,0.8808344,0.0463695637881755,20.31142,0.0422623430424021,20,0.012598266478532554,>60s
2sOXqFSbuDQ.mp3,175.44533333333334,48000,0.08964654,0.7101823,0.12623031437397,34.968323,0.0724754057522493,1,0.005699781128404669,>60s
tjaUVTSBQGs.mp3,22.826666666666668,48000,0.091216475,0.5577999,0.1635290384292602,54.780006,0.0683614275601354,0,0.0,10-25s
zSUfJKj7Cw4.mp3,46.48533333333334,48000,0.13944943,0.8846539,0.1576316207647323,28.24194,0.0552358222571117,0,0.0,45-60s
QB8J493ydB0.mp3,58.18920833333333,48000,0.07936608,0.96682024,0.0820897966623306,30.274902,0.0591413660133339,2,0.03437063430289551,45-60s
vnQU7kzVa34.mp3,61.753479166666665,48000,0.14068301,1.0745759,0.1309195607900619,41.614838,0.0411321715781519,0,0.0,>60s
eHA00A3FHNI.mp3,59.97714583333333,48000,0.1462609,1.1430019,0.1279620826244354,29.454662,0.064003225452383,0,0.0,45-60s
Cau8aMYHXKM.mp3,305.8996875,48000,0.028630024,0.49787003,0.057505015283823,24.945137,0.0506277629373844,6,0.019614273061328312,>60s
Nw3pIt7lDvA.mp3,42.353208333333335,48000,0.17901671,1.1972585,0.1495221853256225,25.257948,0.0717571780171871,0,0.0,35-45s
EsSuwv-r9oM.mp3,15.081375,48000,0.14036813,0.9580361,0.1465165317058563,46.637398,0.0517992507956152,0,0.0,10-25s
FsLr68vxcXA.mp3,309.8006458333333,48000,0.10570698,1.1588516,0.0912170112133026,27.215918,0.0319332138038407,2,0.006455764463047508,>60s
ptdqkzvw_eM.mp3,37.40735416666666,48000,0.21142574,1.1301503,0.1870775371789932,99.62235,0.0387575852758768,0,0.0,35-45s
KN5afUd8Am8.mp3,30.731625,48000,0.11578327,1.0260131,0.1128477454185485,25.324028,0.0341412281510235,0,0.0,25-35s
_BUVmV92lg4.mp3,68.498875,48000,0.023736646,0.51576245,0.0460224412381649,23.05577,0.0518063212881501,0,0.0,>60s
ENaH-LXJyzg.mp3,268.37625,48000,0.10865162,1.0225022,0.1062605306506156,28.29276,0.0660087318916179,0,0.0,>60s
iQCYlNFssuY.mp3,16.428125,48000,0.24037357,1.0599416,0.2267799973487854,39.211075,0.0444722506692083,0,0.0,10-25s
hRl_NqKfQNg.mp3,18.54114583333333,48000,0.046152726,0.5559391,0.0830175951123237,31.920258,0.0564362151380103,1,0.05393409927245148,10-25s
aYK6sv80Ego.mp3,63.1350625,48000,0.1509752,1.2245994,0.1232853829860687,30.246262,0.1042727537907585,0,0.0,>60s
QWKvOpmBd88.mp3,267.43583333333333,48000,0.08921579,0.7460233,0.119588479399681,26.979984,0.0431014484580026,0,0.0,>60s
h6GpJiv324E.mp3,59.837833333333336,48000,0.039289,0.47423548,0.0828470289707183,23.560715,0.0454453194630124,2,0.0334236700860938,45-60s
gp3ghUwAtr4.mp3,112.87297916666668,48000,0.08315974,0.93544936,0.0888981744647026,26.292341,0.0666235817603005,0,0.0,>60s
JDtUgCuHWFw.mp3,37.845333333333336,48000,0.056587547,1.0879354,0.052013698965311,28.971668,0.0480959094991546,1,0.02642333709131905,35-45s
-2mTKdGX1Zg.mp3,60.010666666666665,48000,0.031168632,0.30920967,0.1008009612560272,47.76445,0.0748744196507908,0,0.0,>60s
ANLgXcoQZXA.mp3,42.60266666666666,48000,0.092759274,1.0188315,0.0910447686910629,64.77376,0.0356222866473717,0,0.0,35-45s
XJo8D_ib7U8.mp3,84.927,48000,0.0996305,1.1237345,0.088660180568695,25.556541,0.0497221420889851,1,0.01177481837342659,>60s
iZbonAADLVw.mp3,19.24266666666667,48000,0.066586375,0.6589896,0.1010431349277496,30.402689,0.0648843273891966,0,0.0,10-25s
JBURXhzUzdo.mp3,1546.1546666666666,48000,0.024708483,0.7526968,0.0328266099095344,20.882227,0.0630919281271343,72,0.046567139466858,>60s
PSaS5XAHE7U.mp3,20.0504375,48000,0.06973753,0.88697404,0.0786240920424461,26.260792,0.086446818899601,0,0.0,10-25s
XCShq3rKqGU.mp3,78.0190625,48000,0.01855125,0.4258396,0.0435639396309852,57.824688,0.0407805958433014,0,0.0,>60s
YbOAY2CcGlk.mp3,96.8504375,48000,0.017962007,0.47008848,0.0382098406553268,27.561806,0.1284294229246971,5,0.051625992913041825,>60s
30PJG0tdhC8.mp3,94.41235416666666,48000,0.11684913,0.9873313,0.1183484569191932,27.755735,0.0197293315599582,0,0.0,>60s
0ADvgtARKSQ.mp3,153.83466666666666,48000,0.047109373,0.8695935,0.0541740171611309,26.367094,0.0511886532144838,5,0.03250242684787131,>60s
F9FGODieyU8.mp3,612.9609791666667,48000,0.09392698,1.1642749,0.0806742310523986,28.839146,0.0579045007319545,4,0.006525700878118023,>60s
KPWYSE2mgHk.mp3,103.44535416666666,48000,0.02998956,0.27831602,0.1077536195516586,25.50276,0.0749094623157026,0,0.0,>60s
Le_6nyrmP4U.mp3,93.312,48000,0.09628087,1.0697854,0.0900001749396324,52.17512,0.0733855074508515,0,0.0,>60s
broKAs3UWEQ.mp3,19.980791666666665,48000,0.23715183,1.3158811,0.1802228391170501,34.753498,0.0942242112459978,0,0.0,10-25s
3ZUSQPvGNAY.mp3,17.809708333333333,48000,0.070378646,1.0352106,0.0679848566651344,37.092594,0.0350939722118263,0,0.0,10-25s
3gsH5zuvNks.mp3,54.6365625,48000,0.034089122,0.6892792,0.0494561903178691,21.486496,0.0611562019629611,2,0.03660552400235648,45-60s
3oYG5m_lecc.mp3,11.7493125,48000,0.062078565,1.0070393,0.0616446286439895,25.00163,0.0427853122164246,0,0.0,10-25s
7keEeh_RMXg.mp3,21.0140625,48000,0.08167892,0.8919679,0.0915715917944908,39.876194,0.0319748660261288,0,0.0,10-25s
Uew-trerHi8.mp3,97.5354375,48000,0.11239274,1.0143659,0.1108009815216064,33.519432,0.0456833993773239,0,0.0,>60s
OcOiWqlBNLc.mp3,51.339333333333336,48000,0.036281776,0.5719954,0.0634301900863647,24.849203,0.069746828099034,0,0.0,45-60s
ZelE_8BvmgA.mp3,26.772625,48000,0.16735342,1.071224,0.1562263518571853,40.03795,0.0413924380602589,0,0.0,25-35s
59itLFXNviM.mp3,30.37170833333333,48000,0.08253737,1.0386398,0.0794667899608612,32.118336,0.057166796052054,0,0.0,25-35s
7qstvFLy8j8.mp3,44.28097916666667,48000,0.20990758,1.1003964,0.1907563358545303,97.2896,0.0274398303904744,0,0.0,35-45s
LcDUGdQLVoE.mp3,38.76572916666667,48000,0.07462744,0.70043606,0.1065442562103271,38.50739,0.0572273684662998,1,0.02579598066376283,35-45s
1ONgIKbnOa8.mp3,98.91702083333334,48000,0.13995023,1.0178839,0.1374913454055786,27.57001,0.061583775036392,0,0.0,>60s
26-saQw-9yI.mp3,1159.2446458333334,48000,0.06220347,0.99602795,0.0624515302479267,28.865997,0.0641502405643287,64,0.05520836367891355,>60s
931Ow85GLW0.mp3,862.1104791666667,48000,0.03582862,0.6047032,0.0592499263584613,32.322662,0.0592026773106819,4,0.004639776567692902,>60s
hAo7zEmnxuM.mp3,30.836104166666665,48000,0.07319946,1.1260197,0.0650072619318962,26.136763,0.0551514600808543,0,0.0,25-35s
SPPjM79wKgg.mp3,56.0878125,48000,0.07908574,0.96640015,0.0818353965878486,30.406143,0.0435642692883628,0,0.0,45-60s
HCCZqMk9cOE.mp3,59.87266666666667,48000,0.3152937,1.541705,0.204509750008583,132.34277,0.0503596790668418,0,0.0,45-60s
0F2TBbE4v4E.mp3,43.50260416666666,48000,0.08010424,0.9672843,0.0828135386109352,46.11046,0.0589678316146727,0,0.0,35-45s
aioXJG7Wf0Y.mp3,36.931354166666665,48000,0.029789418,0.421448,0.0706834942102432,26.29388,0.0415024962550534,1,0.027077263278436063,35-45s
OnlZwwFNJms.mp3,434.0970625,48000,0.09429035,1.1470865,0.0821998640894889,23.448763,0.0664437916377435,0,0.0,>60s
--y4GfjT11Q.mp3,297.3653333333333,48000,0.11386884,1.11511,0.1021144390106201,28.379242,0.0537741641333978,4,0.013451467106679103,>60s
dpg1TinRja0.mp3,60.720979166666666,48000,0.05037877,0.8047348,0.0626029446721077,22.428286,0.0301518174732127,0,0.0,>60s
fcBXkS45r_E.mp3,483.3698125,48000,0.11634875,1.3004202,0.089470125734806,26.459215,0.0545841135891572,5,0.010344046878186047,>60s
s7uPPw-JCHo.mp3,65.61960416666666,48000,0.08450774,0.776859,0.1087813153862953,28.900097,0.0473093893500081,0,0.0,>60s
ZaKzDrWvGL8.mp3,111.07297916666668,48000,0.07917562,1.0003784,0.0791456773877143,28.685455,0.0741703626128288,0,0.0,>60s
lqUwFFu8rNA.mp3,60.023583333333335,48000,0.25639984,1.3077531,0.1960613578557968,37.274803,0.045754156810812,0,0.0,>60s
verH8IBlDc8.mp3,192.4005625,48000,0.18048032,1.1895335,0.1517236083745956,28.784922,0.0366751787892227,0,0.0,>60s
a0nYwusscN8.mp3,42.167458333333336,48000,0.12608299,1.040761,0.1211449950933456,30.8212,0.0488838191941704,0,0.0,35-45s
UlYxTpKHef4.mp3,59.837833333333336,48000,0.05163475,1.0220727,0.0505196489393711,19.76857,0.0381140506628787,0,0.0,45-60s
QiZhh4XP4Qo.mp3,39.4739375,48000,0.05478838,0.8243816,0.0664599761366844,24.73377,0.0414860953965144,0,0.0,35-45s
3EBVrlyxqOg.mp3,10.936604166666667,48000,0.17270808,0.8047595,0.2146083116531372,41.939125,0.010940165082846,0,0.0,10-25s
L0_8_ZMdGRs.mp3,69.88045833333334,48000,0.07981345,1.0538741,0.0757333785295486,34.440308,0.0451815911410638,0,0.0,>60s
DAUmkBezS6A.mp3,57.728,48000,0.05425641,0.83778954,0.0647613853216171,33.92903,0.0357884988973305,0,0.0,45-60s
TIMFZP4B1Jg.mp3,16.555833333333332,48000,0.067115545,1.0451002,0.0642192438244819,21.5617,0.0260779288071474,0,0.0,10-25s
fqioOa5m7xA.mp3,66.31620833333334,48000,0.04580017,0.7610101,0.0601833947002887,36.715168,0.0489875349288356,3,0.04523780950986718,>60s
9FoQsB1qv2I.mp3,21.44364583333333,48000,0.063535586,0.7448516,0.0852996557950973,25.195114,0.0558119308646195,1,0.04663386104080949,10-25s
-JmgZ0NFOok.mp3,48.57697916666667,48000,0.13814355,1.0643246,0.12979456782341,29.389175,0.0487218930090559,2,0.041171765603991946,45-60s
VEK609Sm6EQ.mp3,41.77270833333333,48000,0.09288731,0.9792688,0.0948537439107894,26.85078,0.0257003975060633,0,0.0,35-45s
6ltdXrBMQ1U.mp3,32.21333333333333,48000,0.019240871,0.30118808,0.0638832449913024,25.083427,0.0442040805507282,0,0.0,25-35s
kac93DQ6EkM.mp3,19.005541666666662,48000,0.249806,1.0497806,0.2379602044820785,85.579384,0.0720294305906285,0,0.0,10-25s
oQkIAhi54Vw.mp3,31.137979166666668,48000,0.088932045,0.64467835,0.1379479318857193,29.587322,0.0719144638270548,0,0.0,25-35s
HUuYOzzbNEU.mp3,50.085458333333335,48000,0.03944019,0.5010278,0.0787185579538345,30.286743,0.1241471714624148,0,0.0,45-60s
Lxpl0dAJqes.mp3,52.63964583333333,48000,0.04566837,0.83790475,0.0545030571520328,24.764235,0.0707852472771023,2,0.03799417660089057,45-60s
664fo-LZlk0.mp3,62.80533333333333,48000,0.07624512,0.9270954,0.0822408571839332,27.221874,0.0670551358995585,0,0.0,>60s
JIk9PsZ2ruk.mp3,79.424,48000,0.09201613,0.8760292,0.1050377413630485,28.86642,0.0543226168045857,0,0.0,>60s
XlT606c9STo.mp3,38.656,48000,0.2743923,1.203568,0.2279823869466781,46.44054,0.0507071659482758,0,0.0,35-45s
tCg6ZLbTvNs.mp3,58.1195625,48000,0.048827942,0.73950887,0.0660275295376777,40.1214,0.0569116036199302,0,0.0,45-60s
QPQ5lHe0T2A.mp3,28.01489583333333,48000,0.047898233,0.850144,0.05634131655097,25.288965,0.0473673703963646,0,0.0,25-35s
8P0Ws4Mhusg.mp3,823.2867291666666,48000,0.07643377,0.5749339,0.1329435855150222,30.235645,0.0524557186398735,1,0.0012146436527796375,>60s
qngTfgSIcqY.mp3,843.3255416666667,48000,0.09235494,1.0401355,0.0887912586331367,34.77175,0.0576728202628949,0,0.0,>60s
V5Wevh6sKPo.mp3,31.82295833333333,48000,0.124262534,0.9841771,0.1262603402137756,36.540527,0.0365652948538036,0,0.0,25-35s
BHlY9BAlhZA.mp3,397.4791875,48000,0.049974658,0.848083,0.0589266121387481,28.303505,0.0569377815636405,13,0.032706114958534774,>60s
p1GB9AUY9t4.mp3,300.09470833333336,48000,0.09340655,0.5845765,0.1597849875688552,54.8362,0.0723686475883272,0,0.0,>60s
vYD19pYddzs.mp3,71.0530625,48000,0.0956057,0.91628295,0.1043408066034317,38.024067,0.0397329888734614,0,0.0,>60s
-pbeDiwfoQc.mp3,56.99339583333333,48000,0.1377187,1.0729047,0.1283606141805648,27.865128,0.040139386753836,0,0.0,45-60s
xbIAcAkvzgg.mp3,73.1893125,48000,0.090142705,1.0758715,0.0837857574224472,33.942345,0.0382831143207155,0,0.0,>60s
WMR4Uxnax84.mp3,83.39447916666667,48000,0.05274943,0.9674721,0.0545229464769363,23.376448,0.0653175308143624,0,0.0,>60s
PJCEh9gPIkI.mp3,35.8051875,48000,0.026825199,0.51824176,0.0517619401216506,27.97005,0.0726359449471254,1,0.027928913931815045,35-45s
uurbvE-fJ3A.mp3,78.7853125,48000,0.052221064,0.8386406,0.0622687079012393,25.11927,0.0435774655856572,1,0.012692721121084593,>60s
doTsH5Raxx4.mp3,60.10485416666667,48000,0.05414024,0.49733478,0.1088607534766197,30.097965,0.0492941368123336,0,0.0,>60s
z74cKbiALeo.mp3,30.789666666666665,48000,0.20437622,1.0720813,0.1906349956989288,51.97258,0.0480294883313127,0,0.0,25-35s
3wApMAfsI2c.mp3,60.11647916666666,48000,0.08495833,0.9630223,0.0882205218076706,27.498508,0.068149109103309,2,0.033268748065820836,>60s
jHNleF9y2Qg.mp3,34.5396875,48000,0.050463047,0.9534114,0.0529289320111274,58.718735,0.0388469266170114,0,0.0,25-35s
khIlqpYflcw.mp3,33.15810416666667,48000,0.041294917,0.6516984,0.0633650720119476,23.62632,0.0582157207401897,0,0.0,25-35s
vOxrTO3vHps.mp3,56.35483333333333,48000,0.084955126,1.0237615,0.0829833149909973,27.046625,0.052143336605791,0,0.0,45-60s
otiH9TJcMBg.mp3,15.301958333333332,48000,0.022839935,0.20726374,0.1101974472403526,45.891594,0.0438599058144599,0,0.0,10-25s
K1I2o6cNuVg.mp3,18.819791666666667,48000,0.073536925,0.523113,0.1405756026506424,35.241524,0.0299049442280453,0,0.0,10-25s
XRtNpU2xIwo.mp3,27.144979166666666,48000,0.04747211,0.83482194,0.0568649508059024,22.962078,0.0442461474705304,1,0.036839225178996425,25-35s
Gw0dtAux4EM.mp3,48.13497916666667,48000,0.06520294,0.9293719,0.0701580643653869,21.643738,0.0494489443690449,0,0.0,45-60s
MoA6i5gZbWA.mp3,1839.9956666666667,48000,0.049033817,1.1449296,0.0428269244730472,22.359896,0.056918257472826,32,0.017391345305704523,>60s
JFjtXnpFsoU.mp3,197.3580208333333,48000,0.03432958,0.26021168,0.1319294273853302,172.60292,0.0556096213705209,0,0.0,>60s
N0o7B_F4hiA.mp3,93.622875,48000,0.054834478,0.615004,0.0891611725091934,32.586964,0.0283902894665641,0,0.0,>60s
whp-W1ji4p4.mp3,57.98022916666667,48000,0.09145762,0.98395765,0.0929487347602844,180.96844,0.0335883785469554,0,0.0,45-60s
nn3h_GI1BcU.mp3,137.52097916666668,48000,0.025280379,0.30763823,0.0821756720542907,37.804817,0.0931904818748545,3,0.021814853400397845,>60s
Q4VkJuopsmY.mp3,64.65597916666667,48000,0.116408594,1.0034595,0.116007275879383,26.291298,0.0403460304715852,0,0.0,>60s
4ufyJu0f-vk.mp3,28.305125,48000,0.22608733,1.2378185,0.1826498210430145,53.422302,0.068587325440373,0,0.0,25-35s
DAEOUpaMGK8.mp3,46.25066666666667,48000,0.023785908,0.60131985,0.0395561642944812,15.967262,0.0225170048420567,0,0.0,45-60s
AFG3YL-TED8.mp3,639.616875,48000,0.09404626,1.0169823,0.092475801706314,29.567833,0.052785283602935,36,0.05628369326559747,>60s
0dYlh7AV2gM.mp3,248.45352083333333,48000,0.16083443,1.0792416,0.149025410413742,29.032879,0.0591606618672991,3,0.012074693044951651,>60s
lbr9r9aUcAI.mp3,18.986666666666668,48000,0.12117229,1.0769321,0.1125161796808242,60.449936,0.0667390818009545,0,0.0,10-25s
JUAdYcg32QA.mp3,16.846083333333333,48000,0.27636185,1.3321265,0.2074591666460037,29.755247,0.0491863009295886,0,0.0,10-25s
ZNGRwtrUlgk.mp3,90.05860416666667,48000,0.056625325,0.7806623,0.0725349783897399,37.44808,0.0654421215244877,2,0.022207761473836594,>60s
xto8YIDTuIg.mp3,47.33389583333334,48000,0.06583991,0.8548895,0.0770156905055046,21.856329,0.0313212947836863,0,0.0,45-60s
z-U51_Nnnl0.mp3,200.03991666666667,48000,0.10507866,0.6693942,0.1569757610559463,37.608303,0.0645944750536552,0,0.0,>60s
Blk6Vhs7ZCI.mp3,32.74014583333334,48000,0.06481947,0.66742265,0.0971190705895423,24.41271,0.038946075936482,0,0.0,25-35s
g_nsBcI7hs4.mp3,34.5396875,48000,0.08231086,0.8499632,0.096840500831604,33.97712,0.053461897479932,0,0.0,25-35s
iIeTm1b8UvY.mp3,16.8576875,48000,0.013758575,0.41731566,0.0329692251980304,18.060394,0.019308573984029,0,0.0,10-25s
-YN9GOMgHoc.mp3,22.534979166666663,48000,0.039714478,0.38685662,0.1026594266295433,35.437088,0.0404277463913866,0,0.0,10-25s
U_aBm8OI4Cs.mp3,12.840979166666669,48000,0.1554392,0.63600886,0.2443978488445282,46.048054,0.0212771393531976,0,0.0,10-25s
tMSdODxm9OI.mp3,15.189333333333334,48000,0.058067113,0.67590976,0.0859095677733421,40.45755,0.0633275082236842,0,0.0,10-25s
ix5gYBPpajk.mp3,73.70014583333334,48000,0.036710944,0.5113933,0.0717861279845237,23.281385,0.1024431728247105,0,0.0,>60s
AdEMEGs0HCw.mp3,47.066854166666666,48000,0.07892248,0.75399536,0.104672372341156,28.596771,0.064887742890324,0,0.0,45-60s
o8pm5Wxn6lk.mp3,164.30933333333334,48000,0.09392069,1.0278665,0.0913744121789932,26.256886,0.0744274066354268,0,0.0,>60s
PVGN6pyuCgo.mp3,15.267125,48000,0.32364532,1.3573617,0.2384370565414428,42.15661,0.0412659032384776,0,0.0,10-25s
kxMVIlYVbMY.mp3,21.5016875,48000,0.042829864,0.8392784,0.0510317720472812,30.13339,0.0665779719277033,0,0.0,10-25s
HA4B_KLPPs4.mp3,197.92,48000,0.04760202,0.9475124,0.0502389408648014,22.297518,0.0739500321661457,0,0.0,>60s
EKMKYsdjVlI.mp3,25.611625,48000,0.12621069,1.015726,0.1242566332221031,31.756727,0.0282963253278517,0,0.0,25-35s
UdXWOw9qiT0.mp3,21.45525,48000,0.16961132,1.0437133,0.1625075787305832,34.38768,0.0910210125962972,0,0.0,10-25s
X6q8zZEVlSU.mp3,517.2941666666667,48000,0.23359215,1.5139078,0.1542974710464477,39.03522,0.0372789449282945,1,0.0019331360460601882,>60s
sEW2w0b2YtI.mp3,60.511208333333336,48000,0.120831534,0.95915926,0.1259765028953552,35.25527,0.0246696075434073,0,0.0,>60s
2pddJv9vX30.mp3,11.221333333333334,48000,0.043173112,0.36828417,0.1172277182340622,34.069782,0.0711689629332858,0,0.0,10-25s
edx4GT7srfk.mp3,57.36533333333333,48000,0.046475712,0.5590818,0.0831286460161209,26.494576,0.0590440871037832,3,0.052296392711045,45-60s
lZLXSJn8mJE.mp3,242.4743958333333,48000,0.05174684,0.8679686,0.0596183314919471,26.819592,0.0740845005801293,0,0.0,>60s
ewi9h2HwoeY.mp3,34.80672916666666,48000,0.08723972,0.9334197,0.0934624820947647,28.367842,0.0260090547449448,0,0.0,25-35s
HxXFYF55nr8.mp3,173.987125,48000,0.045983452,0.57684666,0.0797152072191238,27.848099,0.0570611359735164,9,0.05172796550319456,>60s
6JAsycSNjNk.mp3,48.63420833333333,48000,0.053168796,0.8228808,0.0646129995584487,40.12421,0.0740527772066886,1,0.020561658846096842,45-60s
cXmYT_3A1OY.mp3,18.56,48000,0.122831225,0.7898467,0.155512735247612,46.299114,0.0612693405370476,0,0.0,10-25s
ecgMtYuqrVg.mp3,537.7066666666667,48000,0.097202584,1.0561724,0.0920328795909881,27.535631,0.0490454692893168,11,0.02045725054552668,>60s
8tNFHn-stgI.mp3,51.15733333333333,48000,0.070064515,0.81349564,0.0861277058720588,40.219288,0.0315603542904419,1,0.01954753961634696,45-60s
qc01m_8io6c.mp3,149.52491666666666,48000,0.07208133,0.99602574,0.0723689422011375,23.111153,0.0451519781486303,0,0.0,>60s
nD0ett1kMFM.mp3,178.16672916666667,48000,0.0826726,1.0169272,0.0812964811921119,23.780355,0.0476015171328723,7,0.039289041409363394,>60s
QAv3_yyOhc0.mp3,214.63466666666667,48000,0.18282937,1.2413033,0.1472882330417633,32.637848,0.0326923259842593,2,0.0093181592287049,>60s
uSGrznes67E.mp3,68.022875,48000,0.06119813,0.51399255,0.1190642341971397,28.319065,0.0545212945133662,3,0.0441028110029163,>60s
PpK8HGXF74Y.mp3,39.28897916666666,48000,0.0751351,0.8533401,0.0880482420325279,46.555977,0.0548020154723127,0,0.0,35-45s
4N_b1WqtBiA.mp3,59.88427083333333,48000,0.029461274,0.425365,0.0692611634731292,27.82913,0.038243074493544,0,0.0,45-60s
PmKqqTepbRg.mp3,18.0186875,48000,0.20261155,0.8643303,0.2344145029783249,50.45485,0.0067371255547337,1,0.05549793790474473,10-25s
9Z2RWL-ArBk.mp3,26.47075,48000,0.12395816,1.1531136,0.1074986532330513,25.936123,0.0474647933873892,1,0.03777754691499108,25-35s
YRxdMjsNSrY.mp3,1233.8039166666667,48000,0.123179175,1.089963,0.1130122542381286,30.332354,0.0435004982858022,1,0.0008105015606545259,>60s
gCJ7KbWFjmQ.mp3,47.31066666666667,48000,0.04528195,1.0460591,0.0432881377637386,24.818787,0.0303677695629508,0,0.0,45-60s
dwEZbr_NKIg.mp3,49.792,48000,0.09255422,1.0159423,0.0911018401384353,27.439102,0.0748995619377811,0,0.0,45-60s
tilGXVGTARM.mp3,821.6729375,48000,0.077592544,0.54991287,0.1410997062921524,31.908478,0.0416952520036316,9,0.01095326326236709,>60s
zy4QIuDGY7g.mp3,618.27775,48000,0.0629247,0.76544166,0.0822070464491844,23.301178,0.0365304528996446,15,0.024260940976769747,>60s
3PFnPCArMqc.mp3,75.73333333333333,48000,0.19215915,1.0221922,0.1879872828722,85.8179,0.018834206339776,0,0.0,>60s
cpQL5hK7WP0.mp3,60.41833333333334,48000,0.20363246,1.2471714,0.1632754355669021,30.404016,0.0414535697539717,0,0.0,>60s
tZmqdzEWWkg.mp3,36.8616875,48000,0.10403615,1.0652795,0.0976608991622924,25.884264,0.0364279570402922,0,0.0,35-45s
ZVHlE_Z7LWg.mp3,239.4453333333333,48000,0.024040652,0.3230659,0.0744140818715095,51.12247,0.052986857014789,1,0.004176318602993586,>60s
hPHxduG93j8.mp3,153.23733333333334,48000,0.10215832,0.92618674,0.1102999225258827,27.661974,0.0657616997176689,1,0.006525824864262842,>60s
2Gx3VsiMSbw.mp3,56.576,48000,0.041238185,0.73002994,0.0564883463084697,22.895699,0.0418198854264844,0,0.0,45-60s
r4tcU0SQWjQ.mp3,119.18804166666666,48000,0.05879867,0.7661109,0.0767495557665824,25.558117,0.0374106288873724,0,0.0,>60s
8vNcyE8nNVw.mp3,486.50666666666666,48000,0.10441867,1.1101,0.094062402844429,24.96658,0.0481344082807601,6,0.012332821749616312,>60s
l-RZjArxlM0.mp3,802.88,48000,0.13551846,1.0900061,0.1243281662464141,28.297918,0.056299993834777,40,0.04982064567556795,>60s
9Pa04ymQFFI.mp3,23.022604166666667,48000,0.06513974,1.0247749,0.0635649263858795,31.375706,0.0613388902559055,1,0.04343557282923938,10-25s
tFalcZCjeEA.mp3,59.43147916666667,48000,0.18732797,1.1073964,0.1691607236862182,37.54271,0.0568448934123743,0,0.0,45-60s
E2sVDH6z2fE.mp3,73.54920833333334,48000,0.10563779,1.1128299,0.0949271619319915,28.616552,0.0802115243438225,1,0.013596339412218916,>60s
Qys27fEo6I0.mp3,61.85797916666667,48000,0.058189902,0.6252262,0.0930701568722724,46.97341,0.041695767106681,2,0.03233212637954616,>60s
UMZQ7Y70Cys.mp3,55.19383333333333,48000,0.10250963,0.8467051,0.1210688799619674,27.778534,0.0560416666666666,0,0.0,45-60s
3wo2vFA3Hv0.mp3,59.803,48000,0.09629451,0.81521666,0.1181213706731796,28.701256,0.0518709349083734,0,0.0,45-60s
U2eFDI28eIM.mp3,113.74933333333334,48000,0.04825216,0.7327751,0.0658485293388366,22.324299,0.0574566704758556,1,0.008791260315078769,>60s
pcUnwJWN-PY.mp3,644.551125,48000,0.0269334,0.34741914,0.077524222433567,38.018723,0.0601348172433266,9,0.013963205789145122,>60s
jBscrVPhnig.mp3,35.64264583333333,48000,0.06644717,0.8824729,0.0752965584397316,27.38736,0.0395478591599341,0,0.0,35-45s
pwQ3uo_12gA.mp3,14.01325,48000,0.28472504,1.1226461,0.2536195814609527,64.57831,0.0459794461092085,0,0.0,10-25s
99GhV0cHjWw.mp3,415.497875,48000,0.10318732,0.9797241,0.1053228378295898,34.103516,0.0599009643833594,9,0.021660760599557818,>60s
EKoi9a_IKcM.mp3,64.88816666666666,48000,0.028376354,0.6306703,0.0449939593672752,31.985641,0.0544439211713099,0,0.0,>60s
5NRJDbhjtQU.mp3,52.48897916666667,48000,0.11329023,1.0306056,0.1099258884787559,28.539597,0.0472240699933956,0,0.0,45-60s
fM7yEPVyAzo.mp3,113.522375,48000,0.11303893,1.0500479,0.1076512113213539,25.482521,0.0394536113084891,3,0.026426508430606743,>60s
CbAkMzYs6dc.mp3,20.27102083333333,48000,0.107903,1.0390241,0.1038503348827362,34.27723,0.1018134472810362,0,0.0,10-25s
FTtKatc9ql8.mp3,1116.6940625,48000,0.10473521,1.0852245,0.0965101793408393,24.31798,0.0601664819340368,2,0.0017910008364533595,>60s
Y0t-5Nw0x-U.mp3,144.33525,48000,0.21565966,1.173543,0.183768019080162,44.150806,0.0519720760281185,0,0.0,>60s
fM1TsmvpJUA.mp3,13.53725,48000,0.13907287,0.5917026,0.2350384593009948,52.2256,0.0332900159940944,0,0.0,10-25s
vqWz1sqz30U.mp3,73.78141666666667,48000,0.03482398,0.29590264,0.1176872923970222,29.554586,0.0781631138876843,0,0.0,>60s
KNjZXjgE3So.mp3,17.078291666666665,48000,0.18171681,0.9152429,0.198544904589653,63.183716,0.0114727806062734,0,0.0,10-25s
_kk7jVtacT8.mp3,42.608625,48000,0.076829195,0.9261428,0.0829560980200767,49.547935,0.0326259875625782,0,0.0,35-45s
mZZL5UCnOcc.mp3,47.252625,48000,0.10073396,0.9710288,0.1037394106388092,26.980516,0.0526648252327878,0,0.0,45-60s
bMd4kU77HvY.mp3,17.275666666666666,48000,0.15922278,1.0234072,0.1555810570716858,28.320038,0.0420847198109567,0,0.0,10-25s
YQYjz8n-XSk.mp3,174.289,48000,0.037214946,0.5413424,0.0687456727027893,32.539047,0.0702017253002601,1,0.005737596750225201,>60s
SxjeZFsk5nc.mp3,72.14497916666667,48000,0.23943686,1.495842,0.1600682884454727,40.129074,0.0860236205693746,3,0.04158293528742327,>60s
Bkty0B-5p_U.mp3,968.7829583333332,48000,0.13830374,1.1146772,0.1240751519799232,27.535143,0.0717053251687329,1,0.0010322229467375971,>60s
PQTZz5a06OE.mp3,61.184583333333336,48000,0.012117459,0.19416663,0.0624075271189212,48.30126,0.0225025567315234,0,0.0,>60s
mdFAdQes-Sg.mp3,78.05389583333333,48000,0.11689592,1.013765,0.1153087019920349,30.664959,0.0509964327044616,0,0.0,>60s
lxXh7_MEL-g.mp3,61.013333333333335,48000,0.08543838,1.1469469,0.0744920074939727,51.63174,0.0395785196534696,0,0.0,>60s
LKbdgEOuA0U.mp3,283.26022916666665,48000,0.058975484,0.6330715,0.0931577011942863,35.92877,0.0768905251226182,6,0.02118193583918086,>60s
ThuERa5oEU8.mp3,42.86497916666666,48000,0.029207036,0.25329563,0.1153080910444259,34.50625,0.022484507184623,0,0.0,35-45s
AZKOb34JJk0.mp3,61.5445,48000,0.17255645,1.308044,0.1319194585084915,27.702085,0.0588371290077989,0,0.0,>60s
fhT-xZpPGag.mp3,39.20689583333333,48000,0.16718997,1.072111,0.1559446454048156,29.939747,0.0639222054798014,0,0.0,35-45s
__UjwIKyPIU.mp3,14.229333333333331,48000,0.09916959,0.65628886,0.1511066108942031,40.41611,0.059780620903558,0,0.0,10-25s
UPBsd3kIEmI.mp3,42.144979166666666,48000,0.10832809,1.0571314,0.1024736240506172,27.555065,0.068042338135754,1,0.023727618799985566,35-45s
a1LRtGnXH2g.mp3,60.08164583333333,48000,0.20825143,1.0813622,0.1925824880599975,29.286003,0.0487079833680987,0,0.0,>60s
EMYxL6Mln2c.mp3,72.748125,48000,0.09058935,0.80102587,0.1130916699767112,59.088844,0.0312438436904412,0,0.0,>60s
Vvk0CcPgXaA.mp3,11.133979166666666,48000,0.12518613,0.8667687,0.1444285213947296,25.707636,0.0206976996527777,0,0.0,10-25s
g-dsRrbQBZ0.mp3,53.91675,48000,0.07615197,0.91268843,0.083436980843544,25.23272,0.0696231106268546,0,0.0,45-60s
nkyJc25upQE.mp3,35.08535416666667,48000,0.19784404,1.1057754,0.1789188385009765,31.818375,0.0545270647321428,0,0.0,35-45s
T9RzuBLOuT4.mp3,57.71320833333333,48000,0.17367603,1.1811612,0.147038385272026,29.459774,0.0800833588407872,0,0.0,45-60s
s8G1-KOLeuQ.mp3,48.55297916666667,48000,0.05327716,0.84457093,0.0630819275975227,23.336895,0.04116815925692,0,0.0,45-60s
_fdkSEqOmIw.mp3,1012.6333333333332,48000,0.078942865,0.5955721,0.1325496286153793,27.598373,0.0441660587260362,2,0.0019750485532769348,>60s
hZIaDRmIQ2A.mp3,24.5435,48000,0.123679124,1.1078186,0.1116420328617096,184.1282,0.0794814075401999,0,0.0,10-25s
f5YPp6ehTkY.mp3,43.50260416666666,48000,0.051915687,0.50048894,0.1037299409508705,41.34797,0.0477744717608482,0,0.0,35-45s
p3KLBREgMyM.mp3,362.176,48000,0.028704582,0.36566976,0.0784986466169357,22.866735,0.0583714601586658,0,0.0,>60s
8KSKq_UlBmM.mp3,70.85570833333334,48000,0.06589176,0.78518134,0.0839191600680351,28.408049,0.0407890883730995,0,0.0,>60s
luaArxHE0eE.mp3,60.0468125,48000,0.03565759,0.49730682,0.0717013850808143,23.156929,0.05186683017873,1,0.016653673331952466,>60s
5WktWikK8jU.mp3,60.16291666666667,48000,0.086354,0.9319936,0.0926551446318626,25.338737,0.043664946790241,0,0.0,>60s
Wl-LnWQL1fg.mp3,38.89066666666667,48000,0.10512234,0.9877094,0.1064304336905479,33.53277,0.054839058644091,0,0.0,35-45s
2pyvtmYvGmE.mp3,157.37325,48000,0.09433276,1.0669086,0.0884169116616249,50.929432,0.0249568840441575,0,0.0,>60s
geAjatBFvjc.mp3,166.01108333333335,48000,0.13606407,1.0892426,0.1249162182211875,28.377377,0.0572860196205988,8,0.04818955360912148,>60s
TXHrzhL-f1M.mp3,51.66933333333333,48000,0.042533174,0.26526743,0.1603407263755798,28.378534,0.0505266785990712,0,0.0,45-60s
nMB8UB7oflo.mp3,11.377791666666669,48000,0.13891394,0.7904955,0.175730213522911,47.68882,0.0315877240510777,0,0.0,10-25s
zzaIHo7TQcU.mp3,71.22722916666666,48000,0.08536325,1.0112246,0.0844157114624977,23.298096,0.0412989568124812,1,0.014039574635987467,>60s
M7bPMoi6VUs.mp3,95.45725,48000,0.049889117,0.71972966,0.0693164691329002,33.37865,0.042254768243715,1,0.010475893659203464,>60s
KINzfmnw1mU.mp3,566.6017291666667,48000,0.07265005,1.193011,0.0608963780105114,24.148758,0.0465033495694807,10,0.017649081330386278,>60s
kWEd6DibD0E.mp3,333.577875,48000,0.10773721,0.7830796,0.1375814229249954,29.380714,0.0580603144835401,0,0.0,>60s
sk3gnV0hfqM.mp3,13.839104166666669,48000,0.05715693,0.5589333,0.1022607311606407,26.330097,0.031504673656587,0,0.0,10-25s
JCnMoi6EBgs.mp3,51.008,48000,0.10142612,1.0282655,0.0986380651593208,26.622845,0.0540159729118753,0,0.0,45-60s
Anz__Its9TQ.mp3,100.31020833333334,48000,0.14075246,1.064386,0.1322381794452667,73.7502,0.0783235313662945,0,0.0,>60s
hrICgjZ11lE.mp3,160.74666666666667,48000,0.108841665,1.0877414,0.1000620797276496,27.955437,0.0737397023878641,8,0.0497677504976775,>60s
g0VXb7Rm94k.mp3,26.666666666666668,48000,0.07210412,0.8262296,0.0872688665986061,27.908257,0.0328462365053978,0,0.0,25-35s
AH8nV0Ac-yQ.mp3,78.80854166666667,48000,0.101979315,0.9799439,0.1040664836764335,25.032402,0.0659703719210989,2,0.025377959770646687,>60s
srKVTXG0lPE.mp3,60.97560416666666,48000,0.06458518,0.9725123,0.0664106532931327,22.882336,0.0483952739636172,0,0.0,>60s
_eQbD3NZv18.mp3,129.74933333333334,48000,0.093138054,0.79305017,0.1174428239464759,32.9684,0.0728276802687011,7,0.05395018086155869,>60s
hKRNAc5-Qz8.mp3,103.91466666666666,48000,0.049971152,0.97035664,0.0514977164566516,25.882545,0.0534337453011136,1,0.00962328064052556,>60s
jRLbU72Mcn4.mp3,39.218520833333336,48000,0.07124615,1.0790168,0.0660287663340568,31.920805,0.0596449423782975,0,0.0,35-45s
d7mcFcHUp6s.mp3,673.5180208333334,48000,0.034029953,0.56252986,0.0604944825172424,24.556175,0.0351676096939684,5,0.0074237063379738195,>60s
U8cuGObLsGY.mp3,915.9807916666666,48000,0.07764529,0.8690475,0.0893452689051628,33.537445,0.0547003333463126,20,0.021834519000785087,>60s
N3nRrF5-__Q.mp3,60.17452083333333,48000,0.05882166,0.7377826,0.0797276347875595,22.4034,0.0489259197204005,0,0.0,>60s
SvOrpXayIsM.mp3,15.000979166666667,48000,0.04643804,0.22581467,0.2056466788053512,48.58633,0.0460292705001776,0,0.0,10-25s
nKr52Iujn5M.mp3,86.10133333333333,48000,0.021309663,0.44240534,0.0481677316129207,24.983837,0.066872938730955,0,0.0,>60s
nlFfE9BQFiQ.mp3,908.4342916666668,48000,0.0842423,0.93995,0.0896242335438728,26.898151,0.0596729440977766,3,0.003302385244062093,>60s
vsJs7v8KZJM.mp3,68.26666666666667,48000,0.07365487,0.94208634,0.0781827121973037,25.273914,0.053946725243126,1,0.0146484375,>60s
QsQvJJLLePs.mp3,17.264041666666667,48000,0.16581973,1.0383394,0.1596970558166504,30.797455,0.0381942098710623,0,0.0,10-25s
-3Rra6brmsc.mp3,60.9175625,48000,0.17136788,1.0523942,0.1628362238407135,41.69924,0.057170622155112,0,0.0,>60s
6FeH9MbWYuM.mp3,19.072,48000,0.06337933,0.7496737,0.0845425575971603,46.32149,0.0712172805163499,0,0.0,10-25s
LHy3icWSK7c.mp3,816.32,48000,0.07746043,0.571107,0.1356320828199386,25.507746,0.0494839113908906,0,0.0,>60s
in6g2MbkK9A.mp3,61.60254166666667,48000,0.066065684,0.70870507,0.0932202786207199,22.699284,0.0409162949326956,0,0.0,>60s
wdAJp3otGuk.mp3,34.075291666666665,48000,0.057940077,0.9223145,0.0628203004598617,22.09999,0.0414750220070422,0,0.0,25-35s
KHhxissWlaM.mp3,72.14497916666667,48000,0.02939612,0.3330269,0.0882695093750953,27.538551,0.024185225781712,0,0.0,>60s
62HVOmcyJyo.mp3,27.144979166666666,48000,0.06777025,1.016425,0.0666751116514206,29.824476,0.0376273944007858,1,0.036839225178996425,25-35s
40oORG8YO2s.mp3,99.89225,48000,0.06080758,1.189284,0.0511295720934867,21.415787,0.0472080114622263,2,0.020021573245171672,>60s
VsCq41U60rc.mp3,76.4285,48000,0.060022544,1.0213166,0.0587697699666023,30.215979,0.0584288545736812,1,0.013084124377686334,>60s
QqoG5EOB9sI.mp3,312.93533333333335,48000,0.04343377,0.9044263,0.0480235628783702,21.45854,0.0440277967141591,6,0.019173290328353246,>60s
ZrK76wfHoH8.mp3,1804.96,48000,0.06193624,1.0406682,0.0595158375799655,27.12653,0.074969852926511,2,0.0011080577962946547,>60s
5ebnwAoNBsA.mp3,658.176,48000,0.07001865,1.0341678,0.0677053108811378,27.072203,0.0686984774456081,0,0.0,>60s
7fthos8q0pE.mp3,48.030479166666666,48000,0.26630118,1.1746066,0.2267152220010757,52.92566,0.0313617961289695,0,0.0,45-60s
o8B4WlNACKw.mp3,21.0605,48000,0.17764248,0.9484445,0.1872987598180771,35.608177,0.0238422171677215,0,0.0,10-25s
LTD6nuwX-V0.mp3,32.449895833333336,48000,0.031238914,0.5000085,0.0624767616391181,22.288204,0.0513548962269963,0,0.0,25-35s
UYJxhNdXJMM.mp3,40.15891666666667,48000,0.17156236,1.023289,0.1676577776670456,36.125343,0.0408765977755644,0,0.0,35-45s
ooNIvbOc9Hc.mp3,39.28897916666666,48000,0.16643226,1.177562,0.1413363069295883,29.25619,0.0321715579617942,1,0.02545243020333841,35-45s
vUSagBTD4Es.mp3,78.56472916666667,48000,0.09198122,1.0224485,0.0899617075920105,25.22372,0.093100438776982,0,0.0,>60s
YaeWClj4U_I.mp3,58.3981875,48000,0.0849573,0.97957444,0.0867287889122963,26.202274,0.0261731235730593,0,0.0,45-60s
Z1mieS7NcHQ.mp3,299.4445416666667,48000,0.16222513,1.3256332,0.1223755776882171,32.425713,0.0710068219185249,9,0.03005564886875964,>60s
J1F5ce1ams8.mp3,80.50358333333334,48000,0.06789204,0.92889017,0.07308941334486,21.856373,0.0482421616239401,1,0.012421807310854693,>60s
6ZrvhZ9hQDE.mp3,65.43383333333334,48000,0.117521904,1.0504969,0.1118726804852485,26.51469,0.0765887645171149,0,0.0,>60s
OS67kzC37N0.mp3,17.301333333333332,48000,0.122519046,0.760232,0.1611600816249847,40.469727,0.0585043972389094,0,0.0,10-25s
b_AeRfGguSE.mp3,86.05316666666667,48000,0.053217076,0.5721607,0.0930107086896896,25.84433,0.0528536008381879,1,0.01162072284769687,>60s
02swnB5uHA4.mp3,23.115479166666667,48000,0.03685363,0.99980736,0.0368607304990291,21.419313,0.0494389270064575,0,0.0,10-25s
NNtLmrUYg5k.mp3,20.421958333333333,48000,0.04104144,0.39212525,0.104664109647274,25.433386,0.0284526456429503,0,0.0,10-25s
g-Z-HPLmdy4.mp3,17.414979166666665,48000,0.11729801,1.0058464,0.1166162267327308,38.273384,0.0337521050214329,0,0.0,10-25s
O1lUPHc8h4Y.mp3,18.436645833333333,48000,0.08059862,0.91899025,0.0877034589648246,28.936153,0.0196659580140254,0,0.0,10-25s
J_y_EK08KCA.mp3,59.88427083333333,48000,0.03566373,0.47366065,0.0752938464283943,22.130093,0.0510735230687889,0,0.0,45-60s
rdl1Y6X9Y7c.mp3,82.47729166666667,48000,0.07076724,0.8078326,0.087601363658905,28.336815,0.0373690171181947,4,0.04849819773624558,>60s
wiEWdjDeESw.mp3,37.08227083333333,48000,0.19014147,1.0656831,0.178422138094902,29.361656,0.0416158303674144,1,0.02696706478668771,35-45s
C68lzAi6zpE.mp3,125.57352083333332,48000,0.022271287,0.27870107,0.0799110233783721,26.275816,0.0778984238963093,3,0.02389038692306582,>60s
g8LZyE7AUME.mp3,71.47102083333333,48000,0.016728945,0.48093614,0.0347841307520866,46.684986,0.0538168131388971,0,0.0,>60s
u5Z-ZUlFDp0.mp3,918.1653333333334,48000,0.07901981,0.9421392,0.0838727504014968,22.098835,0.032248004467553,0,0.0,>60s
r9ZjnPaQvuU.mp3,14.210625,48000,0.08797911,1.2102132,0.0726971998810768,20.363983,0.0664102793276444,0,0.0,10-25s
1sRpxw_0MsI.mp3,496.2773333333333,48000,0.05468171,0.7461359,0.0732865333557128,25.77822,0.0421187940940206,0,0.0,>60s
OwHLkxp6ZyI.mp3,20.416,48000,0.12626499,0.5242951,0.2408280968666076,48.648685,0.0384248021377284,0,0.0,10-25s
1cPDi9GCpjs.mp3,13.305041666666666,48000,0.14811589,0.746969,0.1982892006635666,35.36651,0.0727456899789663,0,0.0,10-25s
McpWQ9JMqSs.mp3,31.8345625,48000,0.02225163,0.16196321,0.1373869478702545,47.915947,0.0470431585008375,0,0.0,25-35s
FtLmZ9Metng.mp3,21.39720833333333,48000,0.10243317,0.61560243,0.1663949936628341,43.549046,0.0371310385250498,0,0.0,10-25s
z_5SoS2zPgc.mp3,57.408,48000,0.10974844,1.099634,0.099804513156414,23.763233,0.0423252673346646,0,0.0,45-60s
m6ea9o6qUrw.mp3,10.031020833333333,48000,0.18153104,0.9177396,0.19780233502388,29.839754,0.0273364854543039,0,0.0,10-25s
MvMZtknyhIQ.mp3,3205.3638125,48000,0.10155385,1.0920177,0.0929965302348136,27.697943,0.037049971019944,0,0.0,>60s
lELRdTYZoDE.mp3,62.016,48000,0.085552916,0.69667375,0.1228019818663597,24.147446,0.057858347216251,0,0.0,>60s
LFsgb5DlzhM.mp3,63.44854166666666,48000,0.13121802,1.0723752,0.1223620399832725,30.156734,0.0533165533335434,3,0.04728241061490119,>60s
n6hN0ldl7E8.mp3,164.94295833333334,48000,0.04103379,0.790321,0.0519204102456569,26.468372,0.0766349275434072,6,0.03637621187728788,>60s
U2dzTu1pGsU.mp3,111.40935416666666,48000,0.23004113,1.585747,0.1450679898262024,36.71745,0.0707268729056965,0,0.0,>60s
IU_30bPDvH0.mp3,22.92970833333333,48000,0.41381216,1.3123319,0.3153258264064789,61.335686,0.031215933866279,0,0.0,10-25s
XBj4pEFdVNw.mp3,470.4130625,48000,0.050461706,0.9563319,0.0527658909559249,24.599316,0.0525104511806437,26,0.0552705740393848,>60s
qnCL6iGp1pE.mp3,123.64627083333332,48000,0.09606464,0.52441573,0.1831841319799423,28.8204,0.0475596552309782,0,0.0,>60s
J7cWgeK70d8.mp3,68.68464583333333,48000,0.08565347,0.90477335,0.0946684256196022,27.798994,0.0531418320555124,0,0.0,>60s
WW-JfKjvEUI.mp3,166.069125,48000,0.16582097,1.3006268,0.1274931281805038,28.971703,0.0698108583663851,3,0.018064766704828483,>60s
qIhBVivT4rQ.mp3,278.802,48000,0.056981634,0.46342748,0.1229569613933563,80.35333,0.0470284822385033,0,0.0,>60s
gs_YySJ3AaM.mp3,36.17670833333333,48000,0.23108904,1.1996914,0.1926237344741821,57.091904,0.0404526332639298,0,0.0,35-45s
kkwgpXcyYHA.mp3,55.86722916666667,48000,0.054044474,0.6253121,0.0864280015230178,24.616003,0.0539324259020618,0,0.0,45-60s
6fVjTrHIfz4.mp3,36.842666666666666,48000,0.05825275,0.66812325,0.0871886312961578,32.23623,0.073132659867945,0,0.0,35-45s
CtDbvGC6ufo.mp3,792.9150208333333,48000,0.06791103,0.9066497,0.0749032720923423,29.29653,0.0439446950543814,12,0.015134030362280573,>60s
hlnyz8EQiik.mp3,52.45389583333333,48000,0.1503787,1.1051998,0.1360647231340408,31.286919,0.0537303972651484,0,0.0,45-60s
Lnqsm8wQTXs.mp3,180.04754166666666,48000,0.029468069,0.45485535,0.0647855848073959,25.180748,0.0568985925466528,3,0.01666226582284633,>60s
typX_fe-vWo.mp3,326.1707083333333,48000,0.26069716,1.2888174,0.2022762596607208,34.42619,0.0401767214377105,2,0.006131758459303711,>60s
inw6hGZX5uU.mp3,42.92210416666666,48000,0.07727948,0.7247246,0.1066328883171081,123.563576,0.0293137415739935,0,0.0,35-45s
6S1DBrorLCM.mp3,25.240104166666665,48000,0.13688576,1.0463953,0.1308164894580841,35.83086,0.0829776946028728,0,0.0,25-35s
rC81CiirMlE.mp3,21.93125,48000,0.01922671,0.26308566,0.0730815529823303,50.420097,0.044443088767015,0,0.0,10-25s
AJpaaMt-MYM.mp3,59.15285416666666,48000,0.028129779,0.4661234,0.0603483505547046,25.708313,0.0564568812263342,0,0.0,45-60s
yV28Eg0G64Q.mp3,33.90114583333333,48000,0.072364435,1.0372488,0.0697657391428947,23.52519,0.0358471241939289,1,0.02949752804569659,25-35s
mb8UD-YOyGg.mp3,37.205333333333336,48000,0.045325078,0.7780786,0.0582525692880153,25.238504,0.0612566951490398,0,0.0,35-45s
v9hZjDsg-dU.mp3,31.3005,48000,0.07076111,0.9818856,0.0720665454864502,35.991386,0.0263863194740204,1,0.031948371431766265,25-35s
o94fX1M_Tbw.mp3,15.429666666666666,48000,0.07075144,1.0173631,0.0695439502596855,21.047544,0.0342977928472702,0,0.0,10-25s
gm-ip_nO-rU.mp3,455.2504375,48000,0.17572723,1.3266289,0.1324614882469177,29.221851,0.0544110627965381,17,0.03734208382831044,>60s
l4Gpn5_M0ho.mp3,165.98785416666666,48000,0.033362586,0.26414144,0.1263057589530944,29.04015,0.0679179075030523,8,0.048196297495160606,>60s
o1uAOWZOWNs.mp3,148.004,48000,0.097878784,1.058885,0.092435710132122,26.503174,0.0403957020552572,0,0.0,>60s
uPWCHG8Cl14.mp3,104.97741666666668,48000,0.06498042,0.7478708,0.0868872255086898,28.684696,0.0612077563789118,0,0.0,>60s
TC5qc-zIbfc.mp3,69.17225,48000,0.09385204,0.5197376,0.18057581782341,36.130985,0.0453006035562837,2,0.028913328683106303,>60s
ONvNyWX8Z_Q.mp3,61.28908333333333,48000,0.12480341,1.0292559,0.1212559640407562,33.16339,0.0402559253176122,0,0.0,>60s
OFSYcbklOV0.mp3,25.95991666666667,48000,0.07465816,0.8134881,0.091775357723236,43.78119,0.0670580272314092,0,0.0,25-35s
v_belykZkK0.mp3,38.848,48000,0.054637495,0.61320037,0.0891021862626075,27.308716,0.0453356340498902,2,0.051482701812191105,35-45s
62ottNSXjYQ.mp3,2102.485333333333,48000,0.09572174,1.1064284,0.0865141749382019,25.048805,0.0479240680878029,18,0.008561296345150883,>60s
EP44j9mbOUg.mp3,403.23775,48000,0.03343594,0.5211973,0.0641521736979484,28.639309,0.0514701316122301,5,0.012399632722878749,>60s
wy8bvDPFzbg.mp3,226.8125208333333,48000,0.025506662,0.43116406,0.0591576732695102,22.888954,0.0516579242646021,3,0.013226783023166804,>60s
SB_iTUDVQI4.mp3,492.16,48000,0.019326415,0.25815517,0.0748635604977607,22.91003,0.0635887250662371,1,0.00203185955786736,>60s
k5vOSRUjorw.mp3,4537.3416875,48000,0.03633657,0.8422307,0.0431432537734508,24.87582,0.0565829382141476,191,0.042095132602904727,>60s
cWajPB-Zj3A.mp3,12.016333333333334,48000,0.05279505,0.7456027,0.0708085522055625,22.076895,0.0308397051075865,0,0.0,10-25s
qvNIbW_aqUw.mp3,22.604645833333333,48000,0.14088522,1.0497003,0.1342147141695022,50.10369,0.0504366892688679,0,0.0,10-25s
TEFAyIJVvAI.mp3,16.103041666666666,48000,0.11392097,0.8827274,0.1290556639432907,75.20918,0.0426191923634105,0,0.0,10-25s
8QuFzZ_w72o.mp3,35.54977083333333,48000,0.030999366,0.3688493,0.0840434432029724,47.276634,0.0326678175630063,0,0.0,35-45s
W7OUKVAzcbQ.mp3,997.824,48000,0.1498459,1.2436986,0.1204840913414955,27.644348,0.0542135466496787,1,0.0010021807453017768,>60s
KSqprUwspyQ.mp3,58.7929375,48000,0.025875632,0.45737624,0.056574061512947,24.37291,0.0709815835053066,0,0.0,45-60s
4zDqcH0q4nI.mp3,752.93025,48000,0.02743288,0.5057763,0.0542391575872898,33.946224,0.0445883830843238,37,0.04914133812527787,>60s
x2iNZPZ2Z1Y.mp3,163.54133333333334,48000,0.16893212,1.0446285,0.161715030670166,33.864353,0.0356837007496086,1,0.006114662144534307,>60s
1dt8rWck7cA.mp3,32.6186875,48000,0.07107384,0.43576986,0.1630994826555252,36.33309,0.0414347902705132,0,0.0,25-35s
lNvigBqgMe0.mp3,175.00897916666668,48000,0.10484453,0.8381274,0.125093787908554,30.01289,0.0899972157731746,2,0.011427985064099687,>60s
4ACq2DW39NI.mp3,132.34214583333332,48000,0.061775103,0.9789789,0.0631015673279762,27.452415,0.0368520120587524,1,0.0075561718733151125,>60s
gDjqW4-SWRA.mp3,3400.4694791666666,48000,0.09126142,0.7946684,0.1148421391844749,26.507652,0.0629543430265727,4,0.0011763081611249329,>60s
YLVhAP5dQVs.mp3,82.54695833333334,48000,0.036142383,0.43415794,0.0832470878958702,27.511961,0.077889282368523,0,0.0,>60s
dwaIiYtDK4A.mp3,95.744,48000,0.0625022,0.8123799,0.0769371539354324,25.172043,0.0490468371428372,0,0.0,>60s
B1y-VH4kOkE.mp3,47.02041666666667,48000,0.034454912,0.585066,0.0588906407356262,21.291779,0.0435712108754819,0,0.0,45-60s
9ylhmsiOrPI.mp3,438.4043541666667,48000,0.065209106,1.1217074,0.0581337921321392,21.854517,0.0740741224742098,17,0.03877698713169525,>60s
3e_Hg9jqnzQ.mp3,101.16935416666666,48000,0.073730096,1.031672,0.0714666023850441,42.618923,0.0304194843008697,0,0.0,>60s
RsPkUhArL_I.mp3,15.0233125,48000,0.02404366,0.058676526,0.4097662568092346,54.791573,0.041049932908978,0,0.0,10-25s
YoCm8ZIKKY0.mp3,35.64264583333333,48000,0.06004212,0.9657565,0.0621710754930973,25.697464,0.0577404997007779,0,0.0,35-45s
_s5x0m5S4yY.mp3,291.97933333333333,48000,0.12563005,1.1148323,0.1126896440982818,30.560421,0.0435206929648115,0,0.0,>60s
zkPAuVwFpeA.mp3,53.034666666666666,48000,0.12969507,0.59216386,0.2190188914537429,37.11327,0.0371614138221395,1,0.018855591311343525,45-60s
RapMbwGKaDw.mp3,431.8215,48000,0.13523036,1.272127,0.1063025593757629,31.415274,0.0999739818122591,0,0.0,>60s
gyMsAPBQw70.mp3,60.00097916666667,48000,0.116945185,1.0346819,0.1130252555012703,24.379358,0.0690684503310522,0,0.0,>60s
B_h7KLPMfs4.mp3,592.2333333333333,48000,0.08155808,1.0257694,0.0795091763138771,25.483315,0.0614481136841027,7,0.01181966567231384,>60s
jlxfjsFYARc.mp3,179.81866666666667,48000,0.11497272,0.6512669,0.1765370219945907,32.465683,0.0614303225929029,7,0.03892810535057539,>60s
USB7W395ZMY.mp3,63.44533333333333,48000,0.04392227,0.4552873,0.0964715480804443,26.53674,0.034355416220163,0,0.0,>60s
AOgRL5tJn4k.mp3,789.8616041666667,48000,0.18925661,1.4790809,0.1279555410146713,30.219086,0.0526340482043382,27,0.03418320356068707,>60s
bpSIUXI7txM.mp3,96.21189583333332,48000,0.080659434,0.98482275,0.0819024890661239,25.412151,0.0553754785372782,1,0.010393725134907305,>60s
KfpL2pMOeDM.mp3,22.627854166666665,48000,0.04851282,0.64009356,0.0757902041077613,25.70796,0.046439872835179,0,0.0,10-25s
6s3lGq5oVpY.mp3,80.42233333333333,48000,0.10268975,1.1157603,0.092035673558712,23.390093,0.0301010496104111,0,0.0,>60s
wVZ8TId6jVM.mp3,45.4646875,48000,0.09851472,1.0323958,0.095423400402069,24.007458,0.0656833921607436,0,0.0,45-60s
yAM7N14MzCE.mp3,10.983041666666669,48000,0.19390161,0.92979264,0.2085428535938263,51.206863,0.0465986233313106,0,0.0,10-25s
Xn0zKHyag9A.mp3,11.145583333333333,48000,0.3316045,1.2187233,0.2720917165279388,40.380436,0.0222871187200956,0,0.0,10-25s
iuZYdDWGCjc.mp3,24.21333333333333,48000,0.018622749,0.4400013,0.0423243008553981,24.394394,0.0419263953104359,1,0.04129955947136564,10-25s
MyA17So7UFQ.mp3,112.941875,48000,0.034776993,0.47337538,0.073465995490551,27.634897,0.051251501410662,3,0.026562335714720515,>60s
OI-7oobPXV4.mp3,24.613166666666668,48000,0.036529813,0.5998317,0.0609001033008098,26.236317,0.0181709170548093,0,0.0,10-25s
42AGWe-GnTA.mp3,60.1396875,48000,0.09563395,0.6611432,0.1446493715047836,31.65778,0.068783579618505,0,0.0,>60s
fR62E9X0R50.mp3,39.61325,48000,0.05565344,0.6801714,0.0818226784467697,78.55241,0.0529282939132337,0,0.0,35-45s
ZzF2HkjoDQI.mp3,34.586125,48000,0.0864409,0.6391297,0.1352478265762329,58.37727,0.0324149189118871,0,0.0,25-35s
ERGQDP5j3EE.mp3,232.78933333333333,48000,0.07089724,0.7188951,0.0986197292804718,27.683994,0.0706944668170103,1,0.004295729472140762,>60s
KC_DB2M43IU.mp3,20.073666666666668,48000,0.30245298,1.0994916,0.2750844061374664,50.706333,0.0370665660700053,0,0.0,10-25s
TWzn8kz1sYs.mp3,473.61741666666666,48000,0.023584958,0.48436978,0.048692051321268,24.4656,0.0719993697496734,6,0.012668453035845212,>60s
Kdi5GJYHSpA.mp3,72.841,48000,0.073738,0.9061986,0.0813706815242767,30.085905,0.0577665533707351,0,0.0,>60s
suw0dKPbWx8.mp3,32.368625,48000,0.14302012,1.0776293,0.1327173560857772,26.907406,0.0377353724773476,0,0.0,25-35s
CZIg9bfNx64.mp3,45.4646875,48000,0.0985061,1.0299829,0.0956385731697082,24.03365,0.0656930134661623,0,0.0,45-60s
GanKU5qpP5Y.mp3,11.006270833333334,48000,0.08620978,0.7902893,0.1090863570570945,133.14185,0.0598172919694767,0,0.0,10-25s
rbFjEddIc6U.mp3,25.240104166666665,48000,0.1464994,1.0639174,0.1376980990171432,29.600826,0.0334372607071187,0,0.0,25-35s
Z8uLOX7hhnc.mp3,80.01597916666667,48000,0.17229068,1.136766,0.1515621393918991,29.736294,0.0434564454687083,3,0.03749251126142252,>60s
GfXbIc-voJs.mp3,38.754125,48000,0.04422009,0.73624885,0.0600613355636596,23.598667,0.0734046343990781,0,0.0,35-45s
IUR_Whoh5o8.mp3,37.709208333333336,48000,0.052934356,0.744284,0.0711211785674095,26.8907,0.04095458984375,0,0.0,35-45s
VuV6NVHDiWY.mp3,17.7284375,48000,0.1800444,1.0319729,0.1744662076234817,29.808681,0.0403864086928743,0,0.0,10-25s
Kaad4cCUDYA.mp3,20.9211875,48000,0.2378283,1.3190051,0.180308848619461,33.369007,0.0985681065239551,0,0.0,10-25s
rRpueJUPU8g.mp3,13.014791666666667,48000,0.19062623,1.0148822,0.1878308951854705,42.15747,0.0366782798423423,0,0.0,10-25s
eCKlRnfUXCg.mp3,15.0233125,48000,0.22042078,1.0531261,0.2093014121055603,41.386482,0.043934916163946,0,0.0,10-25s
q_0fdFZDB3Q.mp3,34.911208333333335,48000,0.06381295,0.6699605,0.0952488258481025,25.397629,0.040576127119615,0,0.0,25-35s
XobMJEklpJ4.mp3,68.24345833333334,48000,0.09426316,0.9819218,0.0959986448287963,29.646168,0.0567921158223272,0,0.0,>60s
t-GDCFWO0KU.mp3,106.96272916666666,48000,0.09428534,1.2267716,0.0768564715981483,20.202215,0.031745438942835,2,0.01869810181155391,>60s
M7x4-avapME.mp3,276.1173333333333,48000,0.061795853,1.0405023,0.059390403330326,30.359936,0.0516859293214258,0,0.0,>60s
q8kLqx3qxZE.mp3,60.2441875,48000,0.12467872,0.85979545,0.1450097560882568,56.618023,0.0250147314314801,0,0.0,>60s
BH3MfmKuvQs.mp3,663.2083541666667,48000,0.16234858,1.2988139,0.1249975711107254,27.81311,0.0909438906290208,0,0.0,>60s
p-f5PC6VghY.mp3,108.24533333333332,48000,0.07712043,1.045464,0.0737667009234428,29.114796,0.0641103322217706,1,0.009238273551438709,>60s
zuZRKkZPeF4.mp3,39.28897916666666,48000,0.04502405,0.9745616,0.0461992844939231,24.95165,0.0357549379495792,0,0.0,35-45s
BizFtTZJIEI.mp3,56.494166666666665,48000,0.053818114,0.4605469,0.116856962442398,44.237564,0.038852051426515,0,0.0,45-60s
n2RptXOOFkM.mp3,47.63575,48000,0.083066985,0.9152172,0.0907620415091514,28.200466,0.0428421423673309,0,0.0,45-60s
FVkzfLiiS30.mp3,54.64897916666666,48000,0.10381005,1.0706974,0.0969555452466011,25.930632,0.0469101631110948,3,0.054895810420368486,45-60s
J9vC99rPW8s.mp3,94.13370833333332,48000,0.027867677,0.492302,0.0566068738698959,24.242735,0.0790253273354294,2,0.021246374284096783,>60s
XrZ2zF2b9zU.mp3,1091.628125,48000,0.039345816,0.5055532,0.0778272524476051,25.434792,0.0433845054462532,2,0.0018321257525313395,>60s
GNw4zI4qzO8.mp3,60.117333333333335,48000,0.14815412,1.0264103,0.1443420052528381,52.852074,0.0185018488335994,0,0.0,>60s
yBHJH2te6tk.mp3,41.57866666666666,48000,0.045035113,0.90439504,0.0497958436608314,30.386438,0.0389455329090792,1,0.024050795279630582,35-45s
PlWD0SEb-Dk.mp3,27.2950625,48000,0.10126279,0.97130316,0.1042545661330223,27.754017,0.0497690061425361,0,0.0,25-35s
FExsNilhz_Y.mp3,47.49697916666667,48000,0.019809363,0.19269197,0.1028032675385475,30.885715,0.0292225308078823,2,0.04210794107519995,45-60s
LkJTfM-LGP8.mp3,25.17333333333333,48000,0.039083127,0.27382842,0.1427285224199295,45.24616,0.0303253471119229,0,0.0,25-35s
CRlBrn0RT0o.mp3,19.008,48000,0.044819817,1.0085769,0.0444386713206768,29.451927,0.0321756257010656,0,0.0,10-25s
pniLENxecwo.mp3,261.712125,48000,0.03881766,0.36764663,0.1055841520428657,27.661545,0.0729764746189272,0,0.0,>60s
LHdRxVfk-ZA.mp3,39.61325,48000,0.07175321,0.9226171,0.0777713879942894,23.829887,0.0444776363506327,0,0.0,35-45s
-5cFWrPzb9E.mp3,148.03883333333334,48000,0.039657924,0.50071603,0.0792024284601211,22.38541,0.0508086562319871,1,0.006754984334065498,>60s
LQUkgpGnRwc.mp3,219.9626458333333,48000,0.036068693,0.7094438,0.0508408024907112,23.803644,0.0749320403043473,2,0.009092452913643388,>60s
icGfRx0nmuY.mp3,52.17525,48000,0.10437689,1.0526305,0.0991581454873085,27.727097,0.0459351683871627,0,0.0,45-60s
QCdcJs1vtNc.mp3,15.000979166666667,48000,0.08884518,0.54073274,0.1643051654100418,37.748295,0.0478886954735252,0,0.0,10-25s
-umNyM0GXxQ.mp3,82.51297916666667,48000,0.08242767,1.0279266,0.0801882892847061,27.26185,0.0564382685254007,1,0.012119305472901612,>60s
FMcoXeixQm8.mp3,15.058145833333333,48000,0.15464553,0.77562916,0.1993807554244995,78.88477,0.0098479273636685,0,0.0,10-25s
eDAca6Pf_0A.mp3,139.401,48000,0.068468176,1.0159416,0.067393809556961,22.027826,0.0453973411555972,6,0.043041298125551464,>60s
metpgFj9Pb0.mp3,10286.933333333332,48000,0.18187334,1.0638039,0.17096509039402,31.152042,0.0411859293642828,443,0.04306434052260473,>60s
5z-OUXNPr6o.mp3,16.253979166666667,48000,0.29004014,1.1168066,0.2597048878669739,50.3069,0.0520717991305774,0,0.0,10-25s
GjMQQrD4Dfg.mp3,153.06595833333333,48000,0.07155193,1.1679728,0.0612616389989852,24.361002,0.0790222465701219,8,0.05226505022480777,>60s
sD73JBHUxwo.mp3,63.2395625,48000,0.13108455,0.76946384,0.1703583002090454,76.16164,0.0675383806027576,0,0.0,>60s
v5r4VqENmy0.mp3,37.333333333333336,48000,0.08878111,0.5083912,0.1746314913034439,28.960745,0.0368132821426021,0,0.0,35-45s
Qryu5OcM9Ck.mp3,13.200979166666666,48000,0.32982528,1.025842,0.3215166628360748,41.190014,0.0219320318810581,0,0.0,10-25s
ufP3ylNrfS0.mp3,1268.650666666667,48000,0.080380075,0.96781546,0.0830530971288681,25.174213,0.0669300509736772,12,0.009458868635232391,>60s
Kkrihnde1ug.mp3,29.9073125,48000,0.19982046,1.3873928,0.1440258771181106,38.500523,0.0579602381642296,0,0.0,25-35s
zGsT6d__DLQ.mp3,50.44535416666667,48000,0.28275713,1.2712804,0.2224191725254058,42.497063,0.0583102784751585,0,0.0,45-60s
PRAvfP7Exso.mp3,46.208,48000,0.12124055,1.0733545,0.1129548102617263,28.1222,0.0524958124783637,1,0.02164127423822715,45-60s
n_lzNjDtXLk.mp3,33.506395833333336,48000,0.09385127,0.59281236,0.1583153009414672,29.792374,0.0381560249741406,0,0.0,25-35s
G_5edvLug0s.mp3,482.47583333333336,48000,0.086264394,0.9654172,0.0893545225262641,30.43346,0.0616592361011319,0,0.0,>60s
hCJ3hSSX5UM.mp3,40.008,48000,0.050264496,0.64948714,0.0773910582065582,48.64227,0.0569983421087709,0,0.0,35-45s
dQen2SZmExk.mp3,28.30933333333333,48000,0.27129412,1.1505048,0.235804408788681,49.319473,0.050566443032015,0,0.0,25-35s
Xhux5c1XPWM.mp3,34.586125,48000,0.04161043,0.57910514,0.0718529820442199,29.128181,0.0209793810707678,2,0.057826657366212605,25-35s
E-bmqu00cvQ.mp3,45.789770833333336,48000,0.03031908,0.53418493,0.0567576475441455,30.69028,0.0575201681880386,0,0.0,45-60s
-UXWG8ymMi8.mp3,12.457520833333334,48000,0.20249021,1.3084476,0.1547560691833496,48.742874,0.0367749357876712,0,0.0,10-25s
iE6UO05NmpY.mp3,41.5056875,48000,0.03300174,0.6145377,0.0537017323076725,23.026478,0.0588521927993319,0,0.0,35-45s
_WFqMdiZ-Sc.mp3,34.28427083333333,48000,0.03349915,0.55840206,0.0599910952150821,23.376112,0.035109016572706,2,0.05833578931057428,25-35s
l4WA_R0HhfI.mp3,58.73489583333333,48000,0.034279134,0.4713633,0.0727233812212944,25.651009,0.0637779367452787,1,0.017025653758501742,45-60s
6TMPQrrcq7w.mp3,16.822875,48000,0.033823706,0.4590547,0.0736812129616737,27.691572,0.0536029462729721,0,0.0,10-25s
9QSYtUTTixs.mp3,61.04527083333333,48000,0.07178937,0.8574159,0.083727590739727,178.93198,0.0374973209800366,0,0.0,>60s
LrRn_1iLdAM.mp3,54.90358333333333,48000,0.080655925,0.97924936,0.0823650509119033,29.743004,0.06663862938277,0,0.0,45-60s
FBVDkX2cbCI.mp3,12.202104166666668,48000,0.15905191,1.0808189,0.1471587121486663,35.48317,0.0484401462795017,0,0.0,10-25s
jIz3mV1QJvY.mp3,66.68772916666667,48000,0.07516361,0.7759725,0.096863754093647,25.76031,0.0403617717330454,0,0.0,>60s
E2ciqHOdAvE.mp3,246.11991666666663,48000,0.035192523,0.6878036,0.0511665269732475,26.752575,0.0642450436300056,9,0.03656754041644335,>60s
HmE8Kgh8IJ8.mp3,34.96927083333333,48000,0.033665895,0.5656756,0.0595144890248775,20.339594,0.0510245716110094,0,0.0,25-35s
jAzSywkcw-w.mp3,18.73852083333333,48000,0.16407919,1.164504,0.1409004926681518,49.14451,0.077829029862692,0,0.0,10-25s
gV2K0_om9Fg.mp3,499.0316666666667,48000,0.08650244,1.062752,0.0813947543501854,26.473019,0.0422984108655284,2,0.004007761698489407,>60s
RYA6pPdM6H0.mp3,59.02933333333333,48000,0.118441336,1.0526156,0.1125209704041481,46.676632,0.0404285406786359,1,0.016940730032526205,45-60s
nexeRxSmCaE.mp3,16.300416666666667,48000,0.18243696,1.1650904,0.1565860956907272,49.161087,0.0525938624100719,0,0.0,10-25s
6Wcj4HVjlJc.mp3,35.677479166666664,48000,0.17140104,1.1018188,0.1555619090795517,35.59841,0.0605200158819133,0,0.0,35-45s
iH8UZCCMaLQ.mp3,173.83620833333333,48000,0.05856031,0.7090786,0.0825864896178245,27.893421,0.0636315134525708,3,0.017257624454437355,>60s
eDg8KXnZ8jc.mp3,45.83620833333333,48000,0.07760391,1.116225,0.0695235356688499,28.552528,0.0681109173234644,0,0.0,45-60s
i92-KEKCUr4.mp3,997.5466666666666,48000,0.015766751,0.41162586,0.0383035950362682,35.344707,0.0482516334900717,1,0.001002459366980325,>60s
MbUHne0jaMU.mp3,58.14277083333333,48000,0.092855625,0.9139794,0.1015948727726936,31.954496,0.036370458832095,3,0.05159712818984017,45-60s
UUiVRDrZOdk.mp3,59.97714583333333,48000,0.057201564,0.70809174,0.0807827040553093,25.92185,0.0477782725524631,0,0.0,45-60s
jpt9N2WkBE4.mp3,83.382875,48000,0.17362136,1.1594896,0.14973945915699,34.147343,0.0588567523463481,0,0.0,>60s
n47YT8OuZT8.mp3,21.7455,48000,0.20152353,1.0913066,0.1846626251935959,47.904137,0.0344876471309465,0,0.0,10-25s
mvNRAWrHxEE.mp3,171.003375,48000,0.058290593,0.6624318,0.0879948660731315,28.731768,0.0668198515079216,0,0.0,>60s
bI4Po0qF2yc.mp3,47.3919375,48000,0.0702032,1.0070797,0.0697096735239029,37.85697,0.0375172101831532,0,0.0,45-60s
u5-5w3dqc2g.mp3,65.00266666666667,48000,0.10325428,1.0077775,0.1024574264883995,34.685806,0.0831871026456111,0,0.0,>60s
aCRNdPkv1ag.mp3,61.9856875,48000,0.20040709,1.0838634,0.1849006861448288,43.022713,0.0344378582297401,0,0.0,>60s
8KqiqIFEo3Q.mp3,144.93895833333335,48000,0.08775761,0.69457877,0.1263465136289596,40.67978,0.0381703419930642,1,0.006899456236605352,>60s
8mQT4L2Tqls.mp3,117.22595833333334,48000,0.04365916,0.6836791,0.0638591423630714,24.90346,0.0648350862289581,6,0.05118320281024218,>60s
B7lwIGzab3A.mp3,15.000979166666667,48000,0.07204695,0.662652,0.1087251678109169,28.652512,0.0467354910714285,0,0.0,10-25s
DCXOedNKtSk.mp3,29.31520833333333,48000,0.09219529,0.90309465,0.1020881757140159,24.13027,0.0487030795289196,0,0.0,25-35s
2evPQGqDaCc.mp3,58.491083333333336,48000,0.033372827,0.487785,0.0684170797467231,26.068876,0.0552657980887582,0,0.0,45-60s
RCHMHp14Z_A.mp3,181.73097916666663,48000,0.13968855,1.3807759,0.1011667028069496,28.153625,0.0578590641140392,2,0.01100527829196247,>60s
zOon7VZRaBg.mp3,572.9756041666667,48000,0.051305078,0.8540997,0.0600691922008991,47.386505,0.0236783364524964,24,0.0418866001021204,>60s
MXbqOgpQmZY.mp3,92.92627083333332,48000,0.01858209,0.47406375,0.039197452366352,23.607742,0.0528260118048381,5,0.053806097620851305,>60s
j-dYSRzY3TI.mp3,3666.4,48000,0.15298606,1.1131481,0.137435495853424,39.06716,0.0319983519644826,4,0.0010909884355225835,>60s
SeqAL8hdV9Y.mp3,116.123,48000,0.17093289,1.0217623,0.1672922372817993,34.939095,0.0595256868139753,0,0.0,>60s
TrpVkm9lQ0o.mp3,708.6149791666667,48000,0.101865806,1.1573869,0.088013619184494,26.479017,0.0740179044347312,16,0.02257925738292471,>60s
ZmDEieDMGCk.mp3,25.066666666666663,48000,0.022470213,0.23317061,0.0963681191205978,36.636955,0.0514672529641641,0,0.0,25-35s
sLeYpfSlmqM.mp3,75.6041875,48000,0.05117127,0.9699197,0.0527582541108131,24.484581,0.0650330278728132,0,0.0,>60s
nj_kOSGTEgY.mp3,58.38658333333333,48000,0.046308797,0.2666245,0.1736854463815689,49.030357,0.0733863348328461,0,0.0,45-60s
aLtU0iPXZrI.mp3,215.50933333333333,48000,0.070680656,0.9051758,0.0780850052833557,34.253937,0.0838388451961148,12,0.05568204315977034,>60s
aXlu2VCaENA.mp3,22.144,48000,0.05365277,0.50823134,0.1055676117539405,36.721302,0.0368178638059701,0,0.0,10-25s
C_Bco5uEC5k.mp3,36.39729166666667,48000,0.21099988,1.0828645,0.1948534399271011,31.948946,0.0592299605826985,0,0.0,35-45s
NTGin0rn-bY.mp3,74.76827083333333,48000,0.11409773,0.9564742,0.1192899197340011,34.182247,0.0305570724857346,0,0.0,>60s
TePZ6Y5udvE.mp3,44.55910416666666,48000,0.08443054,1.087147,0.0776624828577041,33.920883,0.0585139280531953,0,0.0,35-45s
Ikn38GotONw.mp3,69.2186875,48000,0.06505587,0.6526551,0.0996787846088409,22.733906,0.0559471001059322,0,0.0,>60s
OGWL5nHc_vQ.mp3,229.1113125,48000,0.04123036,0.8627534,0.0477892756462097,37.24389,0.1029247546773161,2,0.008729381269639402,>60s
wtXTZLuHOHw.mp3,496.9650833333333,48000,0.1171748,1.0464839,0.1119699999690055,28.220142,0.0493630744135133,21,0.04225648985064511,>60s
GExgYAbbbho.mp3,21.0256875,48000,0.09927074,0.71647763,0.1385538578033447,33.53952,0.0712660350373985,0,0.0,10-25s
zO-lvQR0Xj8.mp3,201.7930208333333,48000,0.18942715,1.2713177,0.1490006446838379,31.241413,0.0493884650929621,2,0.009911145547753398,>60s
8BI6UzLOaBk.mp3,61.5909375,48000,0.2238712,1.1099162,0.2017009854316711,29.925789,0.0504159902597402,0,0.0,>60s
chfihz36LYM.mp3,81.75747916666667,48000,0.046367478,0.60109496,0.0771383568644523,32.490353,0.0345049535225048,0,0.0,>60s
pmmwmIJZ5_k.mp3,23.03420833333333,48000,0.041879043,0.53073806,0.0789071768522262,27.166147,0.0789564344618055,0,0.0,10-25s
wCfXwcWKwrw.mp3,48.57697916666667,48000,0.07702409,0.9598686,0.0802444070577621,22.551636,0.0445303924259056,0,0.0,45-60s
dQ7XRobNtms.mp3,457.16608333333335,48000,0.07623218,0.6045513,0.1260971277952194,30.831455,0.0676605609105226,2,0.004374777729391926,>60s
FdfltxvK6vY.mp3,93.46135416666668,48000,0.046055153,0.6543993,0.0703777596354484,25.724133,0.0677719107504564,1,0.010699609575704752,>60s
cYEkXd2eqLY.mp3,69.34639583333333,48000,0.07452401,0.96253884,0.0774244144558906,38.84245,0.0812562480775146,0,0.0,>60s
EIePycGJ7pc.mp3,33.84310416666667,48000,0.07877448,1.0293918,0.0765252709388732,20.879688,0.0288315228096438,0,0.0,25-35s
c5_SMrGHk_Q.mp3,48.56454166666666,48000,0.022135409,0.33500004,0.0660758391022682,62.617935,0.0251676650354162,0,0.0,45-60s
w3xsTH_CUxs.mp3,11.993125,48000,0.13166015,0.8394067,0.156849056482315,57.607994,0.0550512152777777,0,0.0,10-25s
QWTMOiVZHZU.mp3,1498.6187916666668,48000,0.051475894,0.51009154,0.1009150147438049,25.82782,0.0554748507352967,43,0.028693087420969935,>60s
molytFEMFxI.mp3,21.641,48000,0.15583336,1.129888,0.1379192918539047,185.53984,0.0587915652723016,0,0.0,10-25s
rdWAtu4Kl6I.mp3,10.704979166666666,48000,0.056416713,0.46008614,0.1226220652461052,30.145891,0.0740018441857569,0,0.0,10-25s
u_ItzQMGTG8.mp3,15.000979166666667,48000,0.12606499,0.9621395,0.1310256868600845,28.218758,0.0276526130508173,0,0.0,10-25s
hhKfk2ZvXaw.mp3,88.58497916666667,48000,0.18724626,1.2191889,0.1535826474428177,31.294987,0.0591359450255869,3,0.03386578659521613,>60s
uaoFkxQADTU.mp3,37.08227083333333,48000,0.068769,0.6467849,0.1063243746757507,32.24984,0.0395881360997267,2,0.05393412957337542,35-45s
SCukxXglKCk.mp3,57.5390625,48000,0.14719097,1.0076356,0.1460756063461303,29.439034,0.055901188890176,0,0.0,45-60s
qu2BgHRvKn4.mp3,488.0950625,48000,0.046059664,0.5589794,0.0823995769023895,20.741623,0.0582231560662929,0,0.0,>60s
9yBtXjdjjcs.mp3,103.8164375,48000,0.07636254,0.69218373,0.1103212013840675,26.333239,0.0842543268551577,0,0.0,>60s
F8HnHIyFza8.mp3,14.9304375,48000,0.043788776,0.40665558,0.1076802536845207,37.005756,0.0300966099330357,0,0.0,10-25s
9YTXCiKtmyk.mp3,187.025125,48000,0.03552337,0.4512976,0.0787138417363166,30.331024,0.070814900024595,1,0.005346875185887457,>60s
8dHkui8IUJc.mp3,39.97316666666666,48000,0.046777323,0.60844886,0.0768796280026435,25.433533,0.0257113689801227,1,0.0250167820913196,35-45s
H6r3dmQf19w.mp3,85.8441875,48000,0.031132972,0.43685293,0.0712664797902107,22.876492,0.0561609590503851,0,0.0,>60s
uWegzI961q0.mp3,54.47402083333333,48000,0.05140705,0.5288365,0.0972078368067741,25.308315,0.0446934622515664,0,0.0,45-60s
qZA-jzpP46Y.mp3,50.73560416666667,48000,0.08568539,0.8922031,0.0960379838943481,180.66194,0.0624174735915493,0,0.0,45-60s
Ws8GwL4_2zQ.mp3,47.11329166666667,48000,0.21212167,1.2563138,0.1688444912433624,32.897648,0.0718220042944872,2,0.042450865334358046,45-60s
aRCSlMIPzpI.mp3,60.5228125,48000,0.18167341,1.0582235,0.1716777384281158,36.07358,0.0418050488711453,0,0.0,>60s
SkJ6UWEwkuI.mp3,99.648,48000,0.019916689,0.66934884,0.0297553203999996,17.529383,0.045118222282056,0,0.0,>60s
tX1lgSLn_0w.mp3,10.936604166666667,48000,0.17270808,0.8047595,0.2146083116531372,41.939125,0.010940165082846,0,0.0,10-25s
ptWoN9i1Oa0.mp3,23.75402083333333,48000,0.09362169,0.77532053,0.1207522451877594,32.558434,0.0225232059665469,0,0.0,10-25s
NQBQgj_f_Dk.mp3,34.70222916666667,48000,0.10984734,0.47498292,0.2312658727169037,54.21736,0.0387731926090964,0,0.0,25-35s
hQJZoPdQSgA.mp3,742.48,48000,0.07124089,0.99516016,0.071587361395359,30.441902,0.0311557992054613,23,0.03097726538088568,>60s
eI5zpNwL_5U.mp3,13.723,48000,0.10613497,0.48625433,0.2182704955339431,41.803455,0.0478545976592851,0,0.0,10-25s
bPhgMspm3qs.mp3,15.743145833333331,48000,0.101647235,0.75958264,0.1338198482990265,43.64855,0.021437068618733,0,0.0,10-25s
CPyYWsg7yoE.mp3,41.12254166666666,48000,0.071987756,1.0673784,0.0674435198307037,24.934395,0.0765867114561722,1,0.024317563055947622,35-45s
sqHkmiIToXk.mp3,199.94704166666668,48000,0.067613,1.0881534,0.0621355399489402,25.25154,0.0627250219630187,5,0.0250066215449966,>60s
8bmgsxEOpSg.mp3,31.18933333333333,48000,0.06342938,0.7417567,0.0855123773217201,25.432182,0.051334969284188,0,0.0,25-35s
WUVCXHZmzVs.mp3,86.58722916666666,48000,0.089670636,1.0608037,0.0845308527350425,25.814703,0.0351671969312022,0,0.0,>60s
Ds6FyUFToag.mp3,36.17670833333333,48000,0.102685384,0.8125543,0.1263735592365265,35.816147,0.0441858543539946,0,0.0,35-45s
RgABq9XFpIQ.mp3,1474.506375,48000,0.051347792,0.9787024,0.0524651743471622,19.02704,0.0244626521977972,33,0.022380371193715592,>60s
9_GjVe3OfJU.mp3,84.6831875,48000,0.07263869,0.6882726,0.1055376753211021,31.225607,0.0594408626220088,0,0.0,>60s
7M7sRB0EwI0.mp3,177.67910416666666,48000,0.032101415,0.35177976,0.0912543013691902,25.961544,0.0527904197682795,0,0.0,>60s
61wpnbKEv_w.mp3,780.1449791666666,48000,0.08683119,0.6889552,0.126033142209053,31.784431,0.0525488870079574,34,0.04358164303809022,>60s
cglhLOhV6ls.mp3,15.04,48000,0.21294148,1.1384242,0.1870493292808532,47.67374,0.0545549615742381,0,0.0,10-25s
1SZgQCIR89U.mp3,225.70666666666668,48000,0.09025773,1.0626801,0.0849340483546257,28.441349,0.0826551174994683,7,0.031013705103969752,>60s
ifitk_IY7l4.mp3,16.068229166666665,48000,0.027832136,0.5578905,0.0498881712555885,27.234842,0.0390676841406768,0,0.0,10-25s
Sm_tGqQtUr8.mp3,60.30222916666666,48000,0.1143893,0.8637716,0.1324300318956375,38.768333,0.0236691183785815,0,0.0,>60s
27_i7DFSbSY.mp3,157.376,48000,0.058993842,0.54333895,0.1085764989256858,46.337044,0.0654642030773466,0,0.0,>60s
vCjBB1z1Exo.mp3,22.40727083333333,48000,0.1337292,0.94602674,0.1413587927818298,51.69388,0.035035864618039,0,0.0,10-25s
MkrFO12gQzg.mp3,60.5344375,48000,0.07787375,0.99396604,0.0783464908599853,24.975958,0.049868690539112,2,0.033039044923808866,>60s
5nGiZqGobAI.mp3,59.51275,48000,0.05101632,1.0096579,0.0505283251404762,50.335556,0.0455160380264336,0,0.0,45-60s
sff5jmwmUmI.mp3,69.8108125,48000,0.0963496,1.0566311,0.0911856517195701,26.02179,0.0444294905462184,0,0.0,>60s
BaM_r4P8mBo.mp3,473.6409791666667,48000,0.05718444,1.0722746,0.0533300340175628,29.646759,0.0782783548849765,2,0.004222607603587932,>60s
ybhY-m9JU44.mp3,226.944,48000,0.03379851,0.72655034,0.0465191565454006,28.017345,0.0667323522024956,2,0.008812746756909193,>60s
L16vEzGoGtw.mp3,155.41116666666667,48000,0.12740639,0.95082897,0.1339950710535049,26.754108,0.0356465085042038,4,0.025738176257175855,>60s
C2o9IpRk6uk.mp3,106.35902083333332,48000,0.08584143,0.7621823,0.112625852227211,31.708359,0.0560776228126253,1,0.009402117396013073,>60s
cnaqbkTA0rQ.mp3,489.37216666666666,48000,0.038476437,0.91921055,0.0418581329286098,32.427364,0.0732277558564375,23,0.04699899497076697,>60s
IlOJeIDRqC0.mp3,39.61325,48000,0.109776966,0.89004374,0.1233388483524322,29.325132,0.0369851354250807,0,0.0,35-45s
thxrEeXThi8.mp3,385.4280416666667,48000,0.029794047,0.900956,0.0330693684518337,20.418413,0.0696898447878037,3,0.00778355406375574,>60s
uhdRH169-1Y.mp3,32.57760416666667,48000,0.081775874,0.93425155,0.0875308960676193,38.315323,0.0538707676963993,0,0.0,25-35s
ulY1H9L5Z0A.mp3,110.07420833333332,48000,0.026086474,0.34652963,0.0752791985869407,29.547232,0.0731333178143168,0,0.0,>60s
L0KcOFPcBl8.mp3,47.27583333333333,48000,0.040156513,0.6104726,0.0657793879508972,30.434387,0.0483233217135686,0,0.0,45-60s
YH7HvCWlZ_8.mp3,331.34933333333333,48000,0.036520157,0.57998776,0.0629671141505241,22.221546,0.0340191590465556,3,0.009053888745815091,>60s
CW7fkhOKuCQ.mp3,1170.343770833333,48000,0.08782663,1.0902046,0.0805597677826881,22.463451,0.0362740188804456,30,0.025633493976422637,>60s
1CsoVS_MDyI.mp3,35.95610416666667,48000,0.018717771,0.35887623,0.0521566197276115,28.637718,0.0279939708636161,0,0.0,35-45s
M7HiJAn2L74.mp3,36.17670833333333,48000,0.011218819,0.2768224,0.0405271351337432,20.870708,0.0816801539007223,0,0.0,35-45s
klnM363L2SM.mp3,62.914479166666666,48000,0.17706485,1.2520022,0.1414253413677215,30.618011,0.0525228057721647,0,0.0,>60s
-B4T8VQ3HbQ.mp3,66.8038125,48000,0.1353634,1.1083553,0.1221299692988395,40.906544,0.0506075487984991,0,0.0,>60s
u9VlvCdRcnk.mp3,72.24889583333334,48000,0.05325276,0.54127127,0.098384603857994,50.53568,0.043838127052886,0,0.0,>60s
NKjs7g_tTSE.mp3,76.3946875,48000,0.037328687,0.76139134,0.0490269400179386,22.58687,0.0458389957507329,2,0.026179830894654813,>60s
__3Ng4DxUlE.mp3,10.7740625,48000,0.13686247,0.6419498,0.2131980955600738,35.882145,0.0595983246785361,0,0.0,10-25s
gPMeEDOKJf4.mp3,56.36645833333333,48000,0.12366189,1.0628889,0.116345077753067,25.651567,0.0428060511766792,0,0.0,45-60s
bCZZJyaBe6o.mp3,10.704979166666666,48000,0.11293746,1.0842942,0.1041575744748115,27.847548,0.0532771258715139,0,0.0,10-25s
WyP_P8WZzjc.mp3,17.92,48000,0.028329572,0.51723206,0.0547714903950691,20.405434,0.0305145281826293,1,0.055803571428571425,10-25s
aJllF1FSfjA.mp3,87.44635416666667,48000,0.04619813,0.6559717,0.0704270154237747,28.521332,0.0738371890817477,4,0.04574233011906109,>60s
6rRr4OH8P_I.mp3,59.29216666666667,48000,0.15504688,0.99035096,0.1565575152635574,33.551544,0.0461425342069167,0,0.0,45-60s
pr0_w0hImUE.mp3,26.07602083333333,48000,0.07742108,0.95163333,0.0813559964299202,35.08442,0.036166962231595,1,0.03834940945904164,25-35s
lUZRVAt7a_o.mp3,40.15891666666667,48000,0.055857483,1.0244242,0.0545257367193698,23.127258,0.07484385375166,0,0.0,35-45s
EpL16VaZVH0.mp3,3644.1666666666665,48000,0.1382249,1.2528166,0.1103313192725181,26.635384,0.0602860660592003,125,0.034301394923393555,>60s
S6ac6AZWcUg.mp3,46.60245833333333,48000,0.14884728,1.07572,0.1383699178695678,29.046831,0.0514787467455367,0,0.0,45-60s
19vIX4GkFHo.mp3,706.0693333333334,48000,0.103824526,0.88161874,0.1177657917141914,27.322569,0.0524408235138605,3,0.004248874520349276,>60s
FFXgA7xSPPE.mp3,11.5519375,48000,0.07411092,0.79802907,0.0928674414753913,26.920206,0.079491556296168,0,0.0,10-25s
xevGctVnhcc.mp3,18.73852083333333,48000,0.047047943,0.6872893,0.0684543475508689,175.35294,0.0407268804247296,0,0.0,10-25s
S2hOHr4alAs.mp3,41.169,48000,0.14953609,1.0320382,0.1448939442634582,26.852959,0.0536832344964378,0,0.0,35-45s
i0NLrgitAPI.mp3,77.93779166666667,48000,0.08168955,0.918458,0.088942065834999,33.146557,0.0660415927150335,1,0.012830745888681518,>60s
DQ5ceqL45dU.mp3,30.976,48000,0.035148714,0.33005726,0.1064927726984024,30.883213,0.0703427549483649,1,0.03228305785123967,25-35s
E7SkAMy17dM.mp3,42.06295833333333,48000,0.042654086,0.92714834,0.0460056774318218,20.79636,0.0473814803736688,0,0.0,35-45s
SeyEfo-w61M.mp3,45.44145833333334,48000,0.12676786,1.0447855,0.121333859860897,33.75108,0.0493944441592349,0,0.0,45-60s
UjpXOHCQamg.mp3,111.95502083333334,48000,0.08489368,0.9403105,0.09028260409832,29.354855,0.060197923241592,1,0.008932158580799097,>60s
SiufqTstmc8.mp3,22.709125,48000,0.21927275,1.0572433,0.2074004560708999,29.697037,0.0528134999559652,0,0.0,10-25s
XI1bxPNNgis.mp3,403.5976458333333,48000,0.0358172,0.69976425,0.0511846654117107,24.161415,0.0452222019076391,0,0.0,>60s
pRMmT_hTVcI.mp3,179.26966666666667,48000,0.16974114,1.1318219,0.149971604347229,37.989723,0.0607181670955554,0,0.0,>60s
C5Hvc2H7vmE.mp3,20.073666666666668,48000,0.3066486,1.1205616,0.2736561894416809,33.766125,0.0373179712407013,0,0.0,10-25s
7xyVaJvoLG0.mp3,297.9129791666667,48000,0.13846199,1.0164777,0.1362174451351165,50.664375,0.0421442487356784,0,0.0,>60s
f-aVibOcmcE.mp3,113.56897916666668,48000,0.028988216,0.5173551,0.0560315661132335,20.957994,0.0549337958859645,3,0.0264156640485197,>60s
2MD8e-JFuq4.mp3,70.6235,48000,0.06941785,0.8977513,0.0773241445422172,23.91961,0.0505417923321628,1,0.01415959277011193,>60s
f3qhIxO8l4Q.mp3,643.7964791666667,48000,0.09447758,1.0373777,0.0910734608769416,26.716118,0.0451246189924158,35,0.054365006850152664,>60s
bvfQiU1pIis.mp3,88.99047916666666,48000,0.07206103,0.94089967,0.0765873715281486,24.102238,0.0357712982627651,0,0.0,>60s
E9_L2PFTW28.mp3,15.104583333333334,48000,0.1280317,0.9621515,0.1330681294202804,32.857883,0.0765071591610797,0,0.0,10-25s
c9re2JPPsdI.mp3,391.0008333333333,48000,0.09966808,0.6291108,0.1584269106388092,45.12196,0.0626309382842976,1,0.002557539306182212,>60s
BZruXzAcqPA.mp3,24.961458333333333,48000,0.1100332,0.56673276,0.1941535919904709,56.458817,0.0586304597394276,0,0.0,10-25s
G-xu0X6yrM4.mp3,645.5727916666667,48000,0.048773903,1.0418981,0.0468125455081462,17.943775,0.0334214852979445,14,0.021686167974732,>60s
1VG6KTuBMoo.mp3,334.62277083333333,48000,0.0520501,1.031155,0.0504774749279022,19.264326,0.0371386678281693,6,0.017930638686237045,>60s
9fFeE71W1NE.mp3,33.889541666666666,48000,0.06350163,0.6539035,0.097111627459526,81.47208,0.0369485095283983,0,0.0,25-35s
l08wsFnFQBg.mp3,22.291166666666665,48000,0.03209373,0.7144562,0.0449205003678798,35.08856,0.0529743103319378,1,0.044860819308096635,10-25s
t06xFl3-b4Q.mp3,57.620333333333335,48000,0.12899025,0.72716826,0.177387073636055,30.474827,0.0424822765295261,0,0.0,45-60s
NhG_C1ytQbY.mp3,46.22933333333334,48000,0.11300656,1.0830525,0.1043407991528511,29.505455,0.0792994656502306,0,0.0,45-60s
xFHQyOw0J7c.mp3,39.05597916666667,48000,0.14751028,1.0422227,0.1415343135595321,39.424576,0.0432327578850355,0,0.0,35-45s
jfDv0-iMffs.mp3,529.298875,48000,0.21102847,1.2202841,0.172933891415596,30.996897,0.0705228795317601,0,0.0,>60s
pYPnJe3emU8.mp3,33.25097916666667,48000,0.046273794,0.9815237,0.0471448563039302,22.5481,0.0397845862231398,1,0.030074302323177197,25-35s
1-iyA6i8fn8.mp3,180.00110416666666,48000,0.028411314,0.29242963,0.0971560701727867,68.400085,0.045283196180967,0,0.0,>60s
GOZeoajJ8z0.mp3,14.907229166666667,48000,0.00062215264,0.0054057045,0.1150918677449226,137.78929,0.1372363700375536,0,0.0,10-25s
SuTJDl4LpG4.mp3,53.98639583333333,48000,0.04597598,0.88442755,0.0519838854670524,22.013836,0.0562862304301659,1,0.018523185046232713,45-60s
c2bMkZ-188c.mp3,12.501333333333331,48000,0.08907395,0.83040965,0.1072650700807571,45.11193,0.054552213208653,0,0.0,10-25s
enY_n-jDmPA.mp3,1500.7786666666666,48000,0.03980022,0.6811335,0.0584323331713676,20.12453,0.0418806767349981,33,0.02198858548095922,>60s
4JlbHXqoA8w.mp3,68.10414583333333,48000,0.05313904,0.46089643,0.1152949631214141,28.040958,0.0553320924285434,3,0.04405018172229481,>60s
ZR6dZqprJ6c.mp3,449.4222291666667,48000,0.091376014,0.6610933,0.1382195502519607,25.412931,0.0522958211635792,2,0.004450158159084532,>60s
6579i-j5rEM.mp3,62.043729166666665,48000,0.06401108,0.5903768,0.1084241196513176,34.44835,0.0242105909940691,0,0.0,>60s
9pjbzBgLf8g.mp3,19.690666666666665,48000,0.0939074,0.84664446,0.1109171584248542,44.903145,0.0471332841262858,1,0.0507854821235103,10-25s
tW4bTaHbcaw.mp3,27.08608333333333,48000,0.19079725,1.0781947,0.1769599169492721,33.35221,0.0314570389394685,0,0.0,25-35s
YBTFVCQmcP0.mp3,51.339333333333336,48000,0.08015863,0.94558424,0.0847715362906456,31.027792,0.0628808674893539,0,0.0,45-60s
h0TWNSbxQWw.mp3,27.922,48000,0.011174159,0.2638347,0.0423528775572776,19.664345,0.0360811494342055,0,0.0,25-35s
hVkY08YYHRA.mp3,6340.487270833333,48000,0.04041527,0.8673398,0.046596810221672,19.09929,0.036595163350134,49,0.0077281126681545895,>60s
t-BjIHRwiwQ.mp3,108.6345625,48000,0.06679774,0.46254298,0.1444141268730163,33.879692,0.0610867889359352,0,0.0,>60s
ThwsjNHegbA.mp3,13.717333333333332,48000,0.14949557,1.0337762,0.1446111649274826,50.835194,0.0894499380827505,0,0.0,10-25s
BNeV7jn_BJ4.mp3,35.491708333333335,48000,0.1098496,0.7801014,0.1408145129680633,182.76726,0.0361589285043569,0,0.0,35-45s
mMcIhob5y-0.mp3,55.39120833333333,48000,0.040054355,0.27028006,0.148195743560791,36.687626,0.0587529373976988,0,0.0,45-60s
H4FFqyX9t1o.mp3,34.5396875,48000,0.11109292,1.1021577,0.1007958427071571,25.513779,0.0380122204480549,0,0.0,25-35s
DFqmH3fuh6E.mp3,50.89814583333333,48000,0.111300424,1.0269921,0.1083751544356346,26.818958,0.05505135752829,0,0.0,45-60s
ieahG_uqak8.mp3,66.70933333333333,48000,0.10807456,0.923087,0.1170794963836669,30.486462,0.0502944519384492,0,0.0,>60s
658JlkFqQkM.mp3,27.8186875,48000,0.054702207,0.54958785,0.0995331481099128,26.774284,0.0586229458125718,0,0.0,25-35s
Vsl53hSSEYo.mp3,39.16045833333333,48000,0.16546431,1.007302,0.1642648428678512,29.66507,0.033639546313317,0,0.0,35-45s
j0dxsseLJlM.mp3,884.6222291666667,48000,0.0856971,1.0707437,0.0800351202487945,24.288094,0.0402439858991788,18,0.02034766865055651,>60s
wiN-BqznrfQ.mp3,57.22558333333333,48000,0.1044725,0.9979413,0.1046880260109901,182.32048,0.0334120893522833,0,0.0,45-60s
OVEqd06nbWU.mp3,110.76266666666666,48000,0.053221773,1.0204831,0.052153505384922,21.47573,0.0546323009448724,0,0.0,>60s
2xLOBFAh62I.mp3,41.37797916666667,48000,0.12312773,0.86165196,0.142897292971611,39.388966,0.0710015051143685,0,0.0,35-45s
V9O_ttZo5zg.mp3,179.47864583333333,48000,0.1486729,1.2266428,0.1212030798196792,32.14398,0.0574890742463748,2,0.011143386951209958,>60s
ifB9qGjX8gE.mp3,151.9746041666667,48000,0.24209096,1.274086,0.1900114715099334,27.938879,0.0635813606514949,0,0.0,>60s
-0-JAUiw6aA.mp3,46.41697916666666,48000,0.13206741,1.0378056,0.1272564083337783,27.136227,0.053314208984375,0,0.0,45-60s
GxI9HPRD8MI.mp3,37.504,48000,0.08531149,0.7497793,0.11378213763237,30.139355,0.0608260713587574,0,0.0,35-45s
hAJEBFsO29I.mp3,38.13879166666667,48000,0.06730098,0.6352989,0.1059359312057495,70.98362,0.0337189881326901,0,0.0,35-45s
CqKAOH1ej-Y.mp3,84.56708333333333,48000,0.08211282,1.1137185,0.0737285241484642,25.817982,0.0517421707497792,1,0.011824931883465296,>60s
wEgmFbuRxjo.mp3,54.70622916666667,48000,0.105321884,0.8827598,0.1193097829818725,46.924038,0.0304360392498537,0,0.0,45-60s
SlzHPxrtXHY.mp3,478.8419166666667,48000,0.06660552,1.0409704,0.06398406624794,26.371992,0.0450784247645738,24,0.05012092543415946,>60s
HqmAwhKqDa8.mp3,36.68754166666667,48000,0.11906431,1.0121003,0.1176408156752586,41.334194,0.0264776185501453,0,0.0,35-45s
0xJGDHuu1xk.mp3,133.45670833333332,48000,0.08254185,1.0093305,0.0817788168787956,23.655838,0.046162832118666,0,0.0,>60s
ygUCHT77q1U.mp3,745.9626666666667,48000,0.026448287,0.29403436,0.089949645102024,21.526016,0.0574653095843461,0,0.0,>60s
AENUHuNKPek.mp3,22.40727083333333,48000,0.084259085,1.0130237,0.0831758230924606,28.9769,0.0426845196483817,0,0.0,10-25s
dUjipOyo0vM.mp3,19.5744375,48000,0.06312915,0.9485423,0.0665538609027862,28.621798,0.0620013467626634,0,0.0,10-25s
PrcSHO5cFKI.mp3,23.232,48000,0.094314665,0.87167287,0.1081996113061904,59.53614,0.0562000738584212,0,0.0,10-25s
vmpuNEjXOms.mp3,55.91466666666667,48000,0.07390664,0.9570571,0.0772228091955185,36.388466,0.0366813489414457,1,0.017884395268981303,45-60s
CivNK456qCg.mp3,18.181229166666668,48000,0.19759454,1.0974361,0.1800510734319687,35.64422,0.0765974385997067,0,0.0,10-25s
-D2xWrs8nbY.mp3,17.4498125,48000,0.10311385,1.0397539,0.0991714000701904,33.11867,0.0553581405676956,1,0.057307206022987354,10-25s
d0l60iafqf8.mp3,18.68045833333333,48000,0.061109573,0.9320704,0.0655632615089416,30.135445,0.0473290012307363,1,0.053531877117576086,10-25s
pJ0Lfpktcgs.mp3,52.25652083333333,48000,0.13490877,0.9880209,0.1365444511175155,38.852077,0.0325817123724489,0,0.0,45-60s
lFbfsGePNS8.mp3,54.04445833333333,48000,0.07451188,0.99582815,0.074824035167694,25.378227,0.041189467387014,0,0.0,45-60s
bKrDsjYp9KY.mp3,99.78777083333334,48000,0.097327836,0.7626983,0.1276098787784576,30.20362,0.0714761082460453,4,0.04008507221471903,>60s
MngeVqw1tVM.mp3,37.45379166666667,48000,0.07521787,0.6588837,0.1141595616936683,38.639393,0.0865043344693194,0,0.0,35-45s
MZqdmNDcaKY.mp3,62.51972916666666,48000,0.091776736,0.60177934,0.152508944272995,27.493809,0.040970728446989,0,0.0,>60s
wv-PCSEX9Gg.mp3,40.751020833333335,48000,0.10929965,1.07353,0.1018133237957954,38.093685,0.0394774304419654,0,0.0,35-45s
1VEpEH-bBsg.mp3,27.411166666666663,48000,0.22164078,1.1231779,0.1973336338996887,29.33074,0.0324613934824902,0,0.0,25-35s
AYkRBLryib0.mp3,321.5731666666667,48000,0.1063446,1.0502272,0.1012586653232574,29.400143,0.0574593075203993,10,0.031097122013186214,>60s
27quIulYpMo.mp3,35.114666666666665,48000,0.03332903,0.34104225,0.0977269783616066,26.887142,0.043275093474795,0,0.0,35-45s
DM0SLWcs2kc.mp3,268.34141666666665,48000,0.036516216,0.6719483,0.0543437860906124,29.814644,0.0622525210979112,7,0.026086170696100152,>60s
GJwVSnEWLSU.mp3,521.9033125,48000,0.029844237,0.38592833,0.0773310363292694,31.700562,0.0517122166972807,7,0.013412446007420198,>60s
1E2Oc-cm7c0.mp3,35.57297916666667,48000,0.1861752,1.1926765,0.1560986489057541,29.313135,0.07480717648988,0,0.0,35-45s
lmAJLDZ0tkw.mp3,59.710125,48000,0.17170961,1.1344281,0.151362270116806,35.109406,0.0581986242296355,0,0.0,45-60s
nI0TQOYi0IQ.mp3,59.53597916666666,48000,0.037932616,0.48178783,0.0787330269813537,26.929262,0.0975926562220082,2,0.033593131884186285,45-60s
WJsWMkrOT80.mp3,61.184583333333336,48000,0.03142155,0.7228098,0.0434713959693908,20.525267,0.0390829266166986,0,0.0,>60s
v8Mxyd71vjo.mp3,38.939875,48000,0.20902996,1.1581571,0.1804849803447723,29.711943,0.0433591342697206,0,0.0,35-45s
15R03hXO_5I.mp3,64.5863125,48000,0.17868748,1.0901606,0.1639093160629272,27.16387,0.0455659546604046,0,0.0,>60s
vh5BdchxCC8.mp3,46.21933333333333,48000,0.11072043,1.0223044,0.1083047613501548,27.734919,0.0443791775423973,2,0.043271935265184844,45-60s
Nmlec5q-dAs.mp3,774.292625,48000,0.13070157,1.2025604,0.1086860746145248,24.85525,0.0392092467109794,8,0.010332011104974686,>60s
8wOcuoIk1B0.mp3,17.322104166666666,48000,0.04710664,0.42399552,0.1111017316579818,40.437897,0.0443942065309421,0,0.0,10-25s
5wglC85cgo4.mp3,178.15510416666666,48000,0.08197908,1.0078169,0.081343226134777,23.664923,0.0477167099940878,10,0.056130864432853166,>60s
wSgbxHnoSHw.mp3,114.98522916666668,48000,0.027336044,0.57768816,0.0473197251558303,23.901115,0.0473701661062152,6,0.052180615227571794,>60s
nFHMDjtZXLk.mp3,129.728,48000,0.028620163,0.49468225,0.0578556507825851,21.05495,0.0588369070773041,2,0.015416872224962998,>60s
GSdxZIxzfsk.mp3,60.010666666666665,48000,0.12904817,0.986519,0.1308116465806961,38.80816,0.0657446796694508,0,0.0,>60s
iI6PeLpF2VU.mp3,328.04266666666666,48000,0.06198954,0.46885026,0.132216066122055,33.88269,0.0553254647364249,0,0.0,>60s
1LXzIxiFIOk.mp3,1074.8981458333333,48000,0.04744054,0.6528652,0.0726651400327682,23.954453,0.0561391303279308,13,0.01209416915490307,>60s
IOTnjeBDhjs.mp3,76.3704375,48000,0.024733007,0.7236059,0.0341802202165126,26.355072,0.0748968198978701,2,0.02618814380891821,>60s
nnZlM6UmscQ.mp3,73.15447916666666,48000,0.171279,1.1808513,0.1450470387935638,35.967907,0.0429612752177795,4,0.05467881181802778,>60s
p2-gjtV5JXA.mp3,55.275104166666665,48000,0.0764624,0.73857653,0.1035267189145088,30.321419,0.0671032024768473,0,0.0,45-60s
y2sEnmWciRg.mp3,88.07329166666666,48000,0.05081044,0.48557094,0.1046406179666519,27.522495,0.0501744022117597,1,0.01135417992306597,>60s
zxrGgNHTeLI.mp3,50.80527083333333,48000,0.045671646,0.6308123,0.0724013224244117,25.433807,0.0662032693418013,0,0.0,45-60s
pjkmcPrQ4U4.mp3,157.10622916666668,48000,0.07403234,0.7983867,0.0927274152636528,32.344505,0.0720527292034421,0,0.0,>60s
g_irKIS3CLY.mp3,23.66114583333333,48000,0.047666274,0.8171276,0.0583339445292949,34.790623,0.0390510576273096,0,0.0,10-25s
UD9RUrXsiPE.mp3,554.7093333333333,48000,0.03891113,0.72708845,0.0535163655877113,24.494469,0.0544051879026055,2,0.003605491885239597,>60s
Nt1XERlUAbY.mp3,78.03733333333334,48000,0.07754246,0.83357537,0.0930239334702491,34.870766,0.0414904930299303,0,0.0,>60s
dVC9Lt8AkZU.mp3,61.04527083333333,48000,0.08287618,1.0291023,0.0805324986577034,27.238708,0.0510355009391927,1,0.01638128533707737,>60s
vLCTcV_-ch8.mp3,13.0960625,48000,0.16724037,1.0108862,0.1654393672943115,35.354862,0.0223309147241449,0,0.0,10-25s
NckCCAtvOE8.mp3,51.008,48000,0.049888276,0.42811382,0.1165304034948349,29.192316,0.0689600538365042,0,0.0,45-60s
5UVAvoAM-zA.mp3,87.725,48000,0.17527337,1.2713556,0.1378633677959442,38.597374,0.0487854412044072,1,0.01139925904816187,>60s
N8Xwo2avSco.mp3,59.419875,48000,0.071375534,0.9806224,0.0727859511971473,27.841623,0.1064714312959971,0,0.0,45-60s
HCL8EZZKecg.mp3,175.8215,48000,0.040396996,0.81700957,0.0494449473917484,22.494766,0.0549975781439577,1,0.0056875865579579295,>60s
ysjJcP6ZsDU.mp3,346.048,48000,0.02522575,0.2850628,0.0884919017553329,30.663109,0.0529692671329331,8,0.023118180136859626,>60s
eGTg3B9flSQ.mp3,44.6868125,48000,0.09074057,0.77593714,0.1169431954622268,31.335121,0.0469397934069212,0,0.0,35-45s
EeKFxU4ZbrA.mp3,97.17552083333334,48000,0.12370063,1.0679002,0.115835390985012,26.626648,0.0591567391923224,0,0.0,>60s
c5loUF5c27Q.mp3,199.16916666666663,48000,0.06886072,0.38935402,0.1768588870763778,32.80372,0.0357722432204921,0,0.0,>60s
uJzLj_TB6So.mp3,766.8693333333333,48000,0.039727427,0.5821166,0.0682465136051178,23.280159,0.0756893394338097,23,0.029992071661056555,>60s
7AxQkPLaXBs.mp3,1518.004541666667,48000,0.07603941,1.2998399,0.0584990605711936,21.427412,0.0556867691066522,19,0.012516431590605967,>60s
sWqUdvc58u4.mp3,443.87266666666665,48000,0.12365504,1.0734959,0.1151891201734542,27.758678,0.038917813209647,3,0.006758695061196229,>60s
GdHIlJTWuTY.mp3,99.34658333333331,48000,0.04584744,0.8386649,0.0546671710908412,21.088287,0.0286068120738941,0,0.0,>60s
4xtzlc498OU.mp3,58.15439583333333,48000,0.13837431,1.0731335,0.1289441734552383,29.441807,0.0381126263871056,1,0.01719560466015216,45-60s
2SPamLTorZs.mp3,1342.4426666666666,48000,0.068263344,0.9710359,0.0702995061874389,21.706335,0.0529599725378411,0,0.0,>60s
SSxjmslsk0A.mp3,12.3298125,48000,0.11552559,0.83185995,0.1388762444257736,43.029755,0.0439178572394031,0,0.0,10-25s
qLRrnovHwiU.mp3,61.67466666666667,48000,0.19834824,1.3268192,0.1494915336370468,33.073326,0.0616704369217966,0,0.0,>60s
qQHsXSiipT8.mp3,55.9833125,48000,0.08636597,1.0626683,0.0812727436423301,23.186623,0.0449169447454277,0,0.0,45-60s
nAEqtiuOkz4.mp3,65.152,48000,0.17076321,1.2751824,0.1339127719402313,28.319798,0.0578762347305205,0,0.0,>60s
DeguZ2W0p_k.mp3,287.92745833333333,48000,0.06894827,1.0514443,0.0655748173594474,25.528296,0.0466925954610283,0,0.0,>60s
HLgEA74t3nY.mp3,262.6641458333333,48000,0.14372292,1.0309932,0.1394023895263672,29.657183,0.0486607709390862,0,0.0,>60s
vekYh6kaZ90.mp3,52.05914583333333,48000,0.034077495,0.42384905,0.0804000720381736,21.918556,0.0595985229717271,0,0.0,45-60s
YGPPWnT9nzU.mp3,286.99864583333334,48000,0.16135646,1.1864151,0.1360033899545669,30.885897,0.0619543560922808,2,0.006968673995630786,>60s
SIcX3nyWZCw.mp3,50.27120833333333,48000,0.15876392,0.9836714,0.1613993346691131,47.156544,0.0408874680073732,0,0.0,45-60s
Rvq-uFas1Cc.mp3,34.602666666666664,48000,0.056403413,0.60430425,0.0933361202478408,27.984776,0.0470436789772727,2,0.05779901356350185,25-35s
JWDVprVIJSc.mp3,25.8554375,48000,0.20900436,1.1017656,0.1896994709968567,34.352215,0.0445905125180486,0,0.0,25-35s
wPVAOVTIWpI.mp3,88.49125,48000,0.18737331,1.0564656,0.1773586422204971,42.88983,0.0412463183228877,1,0.011300552314494372,>60s
6oixlKNjbWI.mp3,54.17216666666667,48000,0.07074262,0.6961905,0.1016138866543769,28.598454,0.0271136934866607,0,0.0,45-60s
QTTsuY4DC2A.mp3,28.48,48000,0.06443878,0.5965022,0.1080277413129806,51.615387,0.0313933217895919,0,0.0,25-35s
ynNn-esHMGc.mp3,1938.9010625,48000,0.09039608,1.0338163,0.0874392017722129,22.355547,0.040775245095848,7,0.0036102925184714005,>60s
fnJ2mabQ7-8.mp3,532.3406875,48000,0.12062311,1.0495245,0.1149311959743499,35.564068,0.0638680719575911,0,0.0,>60s
PiiFLYbJaKY.mp3,19.922729166666667,48000,0.1800813,1.0745754,0.1675836741924286,31.951075,0.0681884242839935,0,0.0,10-25s
ZYLg4fmTEWs.mp3,68.91683333333333,48000,0.07478865,0.9735737,0.0768186897039413,23.759623,0.062374925635544,0,0.0,>60s
y99GVFBwg9Q.mp3,126.50233333333334,48000,0.07227125,0.829324,0.0871447697281837,51.422012,0.0571550082999578,0,0.0,>60s
pxSxyXe-5wg.mp3,10.216791666666667,48000,0.022458307,0.12485048,0.1798816174268722,55.68865,0.0502343546124739,0,0.0,10-25s
Me2uClB26P4.mp3,77.69397916666667,48000,0.08451349,1.0453026,0.0808507427573204,25.881422,0.056125797981878,0,0.0,>60s
mKuzIPUsB0Q.mp3,59.19929166666667,48000,0.036324907,0.642506,0.0565362907946109,22.737282,0.0398377674549549,1,0.0168920940073185,45-60s
dZriwHyo8pw.mp3,31.950666666666667,48000,0.060746126,0.7311388,0.0830842554569244,28.858938,0.0657683552027703,1,0.03129825147101782,25-35s
UV5wLInXoHg.mp3,13.305041666666666,48000,0.02397945,0.44751766,0.0535832457244396,39.196186,0.0378907032502003,0,0.0,10-25s
lW7edaJ3qgM.mp3,31.416979166666668,48000,0.10552401,0.9270135,0.1138322278857231,31.51706,0.0155530671885607,0,0.0,25-35s
vrAFBJkCcXw.mp3,1359.7373333333333,48000,0.14219153,0.8653455,0.164317637681961,34.61109,0.0490323875609428,0,0.0,>60s
Q5Hqq-kQY18.mp3,55.2170625,48000,0.09818232,0.8883272,0.1105249524116516,28.603247,0.0563491841920996,0,0.0,45-60s
ceOt8dPDQ1o.mp3,674.1449583333333,48000,0.0492865,0.40203327,0.1225930899381637,29.613358,0.0553762251763195,17,0.02521712843781929,>60s
praCfvP9dD4.mp3,15.104,48000,0.066420294,0.8548971,0.0776939094066619,54.40289,0.0543246487958715,0,0.0,10-25s
3TxeHuyO8Xk.mp3,174.93914583333333,48000,0.111963354,0.74769497,0.1497446894645691,34.999832,0.0541371155436406,2,0.011432546960675255,>60s
H8BUWJUbNFo.mp3,1421.6889791666667,48000,0.07397342,0.9541676,0.0775266513228416,24.960007,0.0593340483244425,61,0.04290671229353947,>60s
7eO8oNIFfs4.mp3,30.441375,48000,0.09883555,1.0475883,0.0943457931280136,24.540459,0.0653224161812368,0,0.0,25-35s
tZtLY-78C2Y.mp3,11.609979166666667,48000,0.029118398,0.3243185,0.0897833406925201,31.994064,0.0334084811179981,0,0.0,10-25s
8aBnljVDy-E.mp3,21.385583333333333,48000,0.08759348,0.9905335,0.0884306132793426,29.526026,0.0498977166458852,0,0.0,10-25s
u9m168d0aBQ.mp3,65.9446875,48000,0.03393614,0.32276818,0.1051409095525741,27.884636,0.0478457186034287,0,0.0,>60s
WZl8PiM8AYg.mp3,18.282666666666668,48000,0.06689853,0.65574145,0.1020196750760078,37.83385,0.0502160964832361,0,0.0,10-25s
zt-_vTGOh2E.mp3,329.909125,48000,0.04411666,0.54628634,0.0807573944330215,26.633787,0.0432179030501309,4,0.012124550965360536,>60s
mQkJEH1pj_U.mp3,351.93325,48000,0.08711583,1.0220904,0.0852329954504966,25.366613,0.0332394567714963,0,0.0,>60s
HqIFZiffGbw.mp3,471.20254166666666,48000,0.06896392,0.93961215,0.073396161198616,26.466047,0.0533699276049212,0,0.0,>60s
lDwPQCL3Vy0.mp3,145.216,48000,0.08680029,0.48704523,0.1782181411981582,31.164644,0.053334119938946,0,0.0,>60s
U3FrnC79jPU.mp3,27.840979166666667,48000,0.064119585,0.71851516,0.08923901617527,25.125061,0.0426190426321332,0,0.0,25-35s
QKyYKmeoAMM.mp3,73.70014583333334,48000,0.044209775,0.82384807,0.053662534803152,27.260796,0.0757400534777496,1,0.013568494182649457,>60s
GdNRp0eGkyw.mp3,97.965,48000,0.08277264,1.0081996,0.0820994600653648,29.451195,0.0697898237615677,1,0.010207727249527893,>60s
8f9A-c_gCbk.mp3,82.432,48000,0.0530166,0.83725,0.0633223056793212,28.876457,0.0349080977487385,0,0.0,>60s
ZpO1I7jK-rk.mp3,24.740875,48000,0.30843663,1.1318872,0.272497683763504,32.595497,0.0491410880253232,0,0.0,10-25s
2Xuo03cd6p8.mp3,101.05325,48000,0.052249823,0.65757203,0.0794587060809135,25.248777,0.0454711785214798,1,0.009895772773265579,>60s
rmQ2gtEMxho.mp3,38.70766666666667,48000,0.06318334,0.8917863,0.0708503127098083,22.599838,0.0404580505993386,0,0.0,35-45s
9EUEoBBKsDw.mp3,35.84,48000,0.0157721,0.23999575,0.0657182484865188,22.968199,0.0534505983152335,0,0.0,35-45s
fFRL-UzCHkQ.mp3,33.73860416666667,48000,0.109842345,1.0331705,0.1063157990574836,32.592842,0.0309539129189061,0,0.0,25-35s
uBPANTHe1CU.mp3,143.36,48000,0.0,0.0,,-inf,0.0,0,0.0,>60s
5f7mjeR2r_Q.mp3,53.719375,48000,0.07181763,0.9228542,0.077821210026741,25.102982,0.0823980668056382,0,0.0,45-60s
_YK1UkqIFI4.mp3,45.95229166666667,48000,0.16456763,1.19293,0.1379524618387222,35.57237,0.0592983526485263,0,0.0,45-60s
7Hc685014FU.mp3,28.0729375,48000,0.1135083,1.0032302,0.1131428256630897,30.61597,0.0577735784930661,0,0.0,25-35s
KZSqxyrP62U.mp3,84.915375,48000,0.04006508,0.88472223,0.0452854894101619,21.340113,0.0566327128933237,0,0.0,>60s
KjVGPhSCoPE.mp3,392.768,48000,0.051630724,0.9435977,0.0547168850898742,23.248701,0.0345619399941952,15,0.038190483949812615,>60s
7Rhghu5I7qY.mp3,347.6027291666667,48000,0.05330729,0.43049282,0.1238285228610038,32.06573,0.0641297068466536,0,0.0,>60s
qutAXkxd6-4.mp3,60.46477083333333,48000,0.105623856,1.036947,0.1018604189157486,32.143044,0.05269630473849,0,0.0,>60s
IMou6WB9kEg.mp3,129.2190625,48000,0.18514879,1.0309846,0.1795844286680221,38.858364,0.0721173874071399,1,0.007738796278606339,>60s
9POHkg7oCDI.mp3,14.884,48000,0.059676576,0.5459919,0.1092993840575218,30.395288,0.0570960277131088,0,0.0,10-25s
9POJM8UuuyE.mp3,200.08635416666667,48000,0.040009964,0.6060934,0.066012866795063,31.715225,0.0582180709509435,0,0.0,>60s
V1BhQ7RiNr0.mp3,116.6570625,48000,0.022280712,0.7512622,0.0296577047556638,16.376852,0.0541860038601764,0,0.0,>60s
yHGBtlosKrQ.mp3,455.8933333333333,48000,0.04436283,0.8733315,0.0507972426712513,20.322626,0.0750299245199281,23,0.05045039775386055,>60s
aOXKYeffWdk.mp3,168.69297916666667,48000,0.17448534,1.1220492,0.1555059552192688,25.488686,0.0421826835678153,0,0.0,>60s
lxOMmYTFJ8c.mp3,141.312,48000,0.08258431,0.85204875,0.0969243943691253,32.62313,0.0633103500735904,0,0.0,>60s
WjhfIH2DNNo.mp3,611.1609791666667,48000,0.16840555,1.1055397,0.1523288190364837,30.516167,0.050242876822194,20,0.03272460232534888,>60s
4F6AoPPoUhw.mp3,90.9525625,48000,0.035009567,0.52236104,0.0670217797160148,26.788708,0.0704826855136624,3,0.032984227354781785,>60s
mRsxb3Eahyg.mp3,22.762666666666668,48000,0.06193057,0.757352,0.08177250623703,26.774895,0.0376603209162763,0,0.0,10-25s
XoGLYsyQ34Q.mp3,59.946666666666665,48000,0.08546554,0.99368674,0.0860085412859916,28.882227,0.0556927287181996,1,0.01668149466192171,45-60s
u_xA1b2mcpA.mp3,333.67075,48000,0.017586172,0.16320916,0.1077523604035377,30.742813,0.0411298205637427,14,0.04195752849178419,>60s
QKaSVpq8ND4.mp3,104.32727083333332,48000,0.063652925,0.96078897,0.0662506818771362,29.101597,0.0598049930189909,1,0.009585221505482848,>60s
e8ji-XMCmUU.mp3,35.294333333333334,48000,0.042228907,0.4726529,0.0893444344401359,87.12758,0.0307679163361287,0,0.0,35-45s
Bi1WrAqM4EE.mp3,47.50804166666666,48000,0.0661385,1.0218529,0.0647240951657295,178.047,0.0356324722159856,0,0.0,45-60s
93epEkDHtqU.mp3,33.80827083333333,48000,0.036926903,0.80703557,0.0457562282681465,20.800161,0.0567972754830441,0,0.0,25-35s
S2gdJtiR2tM.mp3,15.290354166666669,48000,0.13088053,0.9664471,0.1354244202375412,45.56652,0.0413803036741631,0,0.0,10-25s
SMzvMohFHxg.mp3,169.45066666666668,48000,0.12577015,0.7816316,0.1609072089195251,40.6881,0.0762236936056209,1,0.00590142263628352,>60s
9eysLfYYMC0.mp3,51.24645833333334,48000,0.06707392,0.71687186,0.0935647264122963,26.026423,0.0451209474180541,0,0.0,45-60s
HOQc5pZ1hPY.mp3,45.29054166666667,48000,0.05241922,0.26908648,0.1948043555021286,30.502441,0.0498269971002119,1,0.022079665272274472,45-60s
LPkTWJKCPTg.mp3,13.316645833333334,48000,0.195222,1.096168,0.1780949681997299,38.637096,0.0606395272467974,0,0.0,10-25s
ZzMAQuzZY-0.mp3,17.171166666666668,48000,0.06171128,0.9285222,0.0664618238806724,177.69778,0.0293572277756211,0,0.0,10-25s
xi4zzDD0kLY.mp3,65.8401875,48000,0.104299724,1.371539,0.0760457590222358,20.967093,0.0471460740067633,0,0.0,>60s
Pr5SPN0lsPo.mp3,57.68997916666667,48000,0.15503488,1.2094909,0.1281819343566894,26.53347,0.0709115449944536,0,0.0,45-60s
BSwLjwZS0-8.mp3,68.91683333333333,48000,0.11339795,1.0915015,0.1038917079567909,27.205421,0.0772023215011221,2,0.029020486044773777,>60s
cfOomG9z9FM.mp3,158.29333333333332,48000,0.062171992,0.9961827,0.0624102316796779,25.293224,0.0543509244870628,7,0.04422169811320755,>60s
2qxHMqXwVvg.mp3,12.109208333333331,48000,0.30947646,1.2015853,0.2575567960739136,59.12672,0.0504846707196302,0,0.0,10-25s
Rz2J5jM2gMM.mp3,19.008,48000,0.33438218,1.2136896,0.2755088210105896,60.092754,0.0399558109576556,0,0.0,10-25s
fwTFF8obk_c.mp3,111.1075,48000,0.2729098,1.4115572,0.1933395266532898,36.935043,0.0345427227578717,0,0.0,>60s
0NrgClJhftg.mp3,17.4381875,48000,0.07837769,1.0508127,0.0745876803994178,24.864887,0.0650554878631498,0,0.0,10-25s
1QZYOO-DZHM.mp3,126.6996875,48000,0.03765736,0.41321117,0.0911334529519081,29.659313,0.0783692022818629,0,0.0,>60s
-Khzdf2USB0.mp3,42.643458333333335,48000,0.054909218,0.7860186,0.0698574036359787,25.604565,0.0451641836543271,0,0.0,35-45s
yNcuMg-c5_4.mp3,37.26804166666667,48000,0.20656578,1.1572472,0.1784975528717041,31.310173,0.0569666582444905,0,0.0,35-45s
NEHEFUpsemg.mp3,379.29797916666666,48000,0.08595349,1.1726611,0.0732978135347366,26.118967,0.046935073972687,22,0.05800189088361322,>60s
o6FgdAMUzUg.mp3,871.3,48000,0.06675623,1.0195768,0.0654744505882263,27.99767,0.0483948497371763,51,0.05853322621370367,>60s
BNr7ui0DiLg.mp3,52.54677083333333,48000,0.033837166,0.41725826,0.0810940563678741,25.886078,0.0594501994748325,1,0.019030665141570306,45-60s
XUvuilGC4rs.mp3,482.53389583333336,48000,0.1511386,1.1171789,0.1352859437465667,27.195572,0.0426145901261107,1,0.002072393273581342,>60s
KwIzc5-a3D4.mp3,72.43466666666667,48000,0.1394816,1.0161698,0.1372621059417724,28.87933,0.0513302877889854,0,0.0,>60s
QZ84jFmrCeo.mp3,20.085270833333333,48000,0.19502148,1.0929352,0.1784382760524749,187.66074,0.0437404573818374,0,0.0,10-25s
tSg1mEy7ks4.mp3,59.53597916666666,48000,0.060264133,0.7930962,0.0759859085083007,45.479202,0.0515917863780902,0,0.0,45-60s
DjPGEzgwRlw.mp3,52.24491666666667,48000,0.022441287,0.42714536,0.0525378212332725,20.72834,0.0426772566608819,0,0.0,45-60s
WxH8wQ-pvO4.mp3,546.1565625,48000,0.15655603,1.1848242,0.1321343928575515,28.239563,0.0441088771348846,5,0.009154884044810869,>60s
jft9EtD2GAM.mp3,114.25379166666669,48000,0.10757128,0.927954,0.1159230694174766,26.579954,0.0391978804436613,0,0.0,>60s
ydwnW5GKVbk.mp3,876.2862708333333,48000,0.038703315,0.41148594,0.0940574407577514,23.264954,0.0567935427621969,0,0.0,>60s
0hMwvnAhtus.mp3,97.81333333333332,48000,0.14928018,1.1848931,0.1259861886501312,29.482529,0.0674019263336877,3,0.03067066521264995,>60s
-ahZraYybkQ.mp3,4887.870125,48000,0.19746289,1.1483184,0.1719582974910736,29.959707,0.0865201464035201,2,0.00040917617466360153,>60s
B-pu9pyfI-0.mp3,59.50114583333333,48000,0.13724451,1.0435557,0.1315162181854248,38.04019,0.0099978189695734,2,0.03361279807286625,45-60s
dMjBgpqqUdw.mp3,10.959833333333334,48000,0.073914744,0.52984834,0.1395017057657241,30.898697,0.038758036691391,0,0.0,10-25s
XR2q0zUybbI.mp3,47.41516666666666,48000,0.11631689,0.98138654,0.1185230165719986,42.73945,0.0510514191126855,0,0.0,45-60s
pgSZr6WOmQo.mp3,30.037333333333333,48000,0.086126104,0.9639722,0.0893450081348419,27.812511,0.0758817142571885,0,0.0,25-35s
9Znk_0Xr5WE.mp3,27.840979166666667,48000,0.03243292,0.65472203,0.049536932259798,24.177105,0.0321799971873803,0,0.0,25-35s
cYP6tO3Uxtg.mp3,175.27466666666666,48000,0.02967115,0.48121187,0.0616592206060886,21.994955,0.0269778287687123,0,0.0,>60s
9Kf8gBS4o2M.mp3,246.94422916666667,48000,0.013639648,0.075786725,0.1799741089344024,36.720577,0.0530135043341288,2,0.008098994686975121,>60s
w8EH_diw5nk.mp3,174.37025,48000,0.24736929,1.2745867,0.194078043103218,30.926733,0.0561034200475593,0,0.0,>60s
in4QcGPL5rE.mp3,43.690666666666665,48000,0.10040918,0.9399816,0.1068203672766685,71.202576,0.0564817578029655,1,0.02288818359375,35-45s
VZ6etPPE51I.mp3,16.533333333333335,48000,0.16717099,1.0682238,0.1564943492412567,35.930096,0.0543670162395228,0,0.0,10-25s
9JfJ4_joo9g.mp3,65.86341666666667,48000,0.05704772,0.9706533,0.0587725006043911,25.483692,0.0410538967611336,0,0.0,>60s
t2imeD-yW1E.mp3,20.9211875,48000,0.22586988,1.1610584,0.1945379078388214,36.567833,0.056408678962793,0,0.0,10-25s
e24i9L0Ca9U.mp3,59.51275,48000,0.04823514,0.75146884,0.0641878098249435,23.936459,0.0439578258008512,0,0.0,45-60s
c66pyup35Qg.mp3,620.3211041666667,48000,0.11630395,1.067036,0.1089972108602523,26.260242,0.045666756627648,18,0.029017229752615017,>60s
2J7N9rwnUxk.mp3,1235.0113541666667,48000,0.077575095,0.9746592,0.0795920193195343,27.369705,0.044559629294402,15,0.012145637325027965,>60s
_IY99kazipI.mp3,55.1241875,48000,0.0388823,0.4973235,0.078183114528656,27.320185,0.0872213168779024,0,0.0,45-60s
qjL3MVYrBl0.mp3,24.798916666666667,48000,0.15170899,1.1930541,0.1271601915359497,55.155235,0.0913098538306451,0,0.0,10-25s
G-Ux7eC-3Dc.mp3,177.32266666666666,48000,0.09951202,0.83814156,0.118729367852211,32.498104,0.0683574659304511,3,0.016918310875842155,>60s
GgBjpccgh6U.mp3,456.8061875,48000,0.03857889,0.37188503,0.1037387549877166,34.330147,0.0693854884810045,0,0.0,>60s
URCxVmWTkU8.mp3,664.0442708333334,48000,0.015265111,0.26592273,0.0574043095111846,23.9855,0.035346354584973,10,0.015059236920229181,>60s
IVKf-x5Cb_U.mp3,25.89025,48000,0.093673766,0.7115854,0.1316409260034561,49.226147,0.0403895873017915,0,0.0,25-35s
uAJLspcYJuk.mp3,174.06839583333334,48000,0.049498633,0.74775445,0.0661963745951652,22.824022,0.0496302778299068,5,0.028724341234162863,>60s
8RJca8d1wl8.mp3,70.85570833333334,48000,0.0363146,0.68052053,0.0533629730343818,22.551716,0.0438280750178759,0,0.0,>60s
xsgoQZ2Gozs.mp3,597.4262291666666,48000,0.15740266,1.0559664,0.1490602940320968,27.941902,0.0554238057025433,16,0.0267815492840312,>60s
fHb_XnQMP_4.mp3,27.91039583333333,48000,0.04844731,0.8564623,0.0565667748451232,24.436407,0.0599123146135842,1,0.03582894366570402,25-35s
xHrf7BetGSE.mp3,40.42666666666667,48000,0.15528713,1.108122,0.1401354074478149,33.936874,0.0467879311197573,0,0.0,35-45s
Xd-Bnwuj98M.mp3,18.20445833333333,48000,0.3067462,1.1777368,0.2604539692401886,30.775764,0.0469133302211482,0,0.0,10-25s
EE16kZtfErw.mp3,435.00264583333336,48000,0.017078575,0.3216381,0.0530987307429313,25.949123,0.0373840107538252,12,0.02758603910790389,>60s
nilg2a9X1uk.mp3,40.46933333333333,48000,0.15510386,1.1317735,0.1370449662208557,33.707928,0.0427690629117259,0,0.0,35-45s
9z9IvJnhU5A.mp3,19.264,48000,0.050503936,0.19708689,0.2562521398067474,51.477886,0.0271940500484228,0,0.0,10-25s
iJCA5aFS6As.mp3,104.8729375,48000,0.034066696,0.37963042,0.0897364765405654,28.480705,0.0420238224833452,2,0.019070696861142083,>60s
Z0Dl5sC5kFk.mp3,71.27466666666666,48000,0.062261112,0.87049985,0.071523405611515,29.285507,0.0834037418870641,2,0.028060460939838373,>60s
Kjoszwqkeuo.mp3,24.520291666666665,48000,0.016991489,0.3293998,0.0515831783413887,20.099613,0.0378618675918877,1,0.040782549147219904,10-25s
ho4f5cmC6JI.mp3,305.25866666666667,48000,0.077133596,0.9574554,0.0805610343813896,27.718784,0.0577282915742164,6,0.01965546159759592,>60s
qvo7pXzZtTo.mp3,131.58402083333334,48000,0.0,0.0,,-inf,0.0,0,0.0,>60s
6AsIGKWAWlk.mp3,51.42060416666666,48000,0.118454374,1.0500839,0.1128046810626983,27.509926,0.0556227393823895,0,0.0,45-60s
3AdcEOx2pwM.mp3,80.01597916666667,48000,0.03712542,0.5242007,0.0708229169249534,31.169062,0.0517246182268061,0,0.0,>60s
_B4HcThi6jA.mp3,984.6421875,48000,0.11938551,1.1015805,0.1083765625953674,30.854023,0.0417331013249369,2,0.0020311947074682906,>60s
L02zFI57A9w.mp3,60.01197916666667,48000,0.17708483,1.0228164,0.1731345206499099,48.398773,0.0336357836658077,0,0.0,>60s
Viwv_M0STx4.mp3,201.96716666666663,48000,0.12949194,0.75992405,0.1704011559486389,32.329407,0.0736275519045418,0,0.0,>60s
04kfzZFdfAg.mp3,10.623145833333334,48000,0.13472435,0.8279289,0.1627245396375656,116.56772,0.0214681970067771,0,0.0,10-25s
gOCp69Wy5A8.mp3,136.20827083333333,48000,0.06457525,1.0351899,0.062380101531744,47.537468,0.0472892934490015,0,0.0,>60s
4ul-iX8dzo8.mp3,78.61116666666666,48000,0.06119973,0.8670932,0.0705803334712982,25.985146,0.0523728348668588,0,0.0,>60s
MFKeBVtB_ok.mp3,23.231583333333333,48000,0.057863012,1.0166144,0.0569173619151115,23.608973,0.0398386385158402,1,0.0430448491457391,10-25s
EB1qV42BeYs.mp3,587.7551041666667,48000,0.10977605,1.1192005,0.0980843529105186,29.624079,0.0520914384198682,13,0.0221180554755568,>60s
F3XY_-mC5kk.mp3,177.81841666666668,48000,0.015092362,0.27310812,0.0552614890038967,27.81979,0.0558863386925649,3,0.016871143362072075,>60s
PsWNlkF_JQY.mp3,59.28097916666667,48000,0.18329932,1.2382958,0.1480254679918289,35.130142,0.065484507129363,0,0.0,45-60s
u1qv5cwVPuI.mp3,66.15366666666667,48000,0.17472935,1.0575416,0.1652221977710724,31.857683,0.0342842404667849,1,0.015116320083038984,>60s
Y6jXmNIUTHY.mp3,929.2045416666666,48000,0.1958964,1.1584738,0.1690986901521682,29.748737,0.0749737858442482,1,0.0010761893158704877,>60s
jnUBK2XdK3U.mp3,57.237208333333335,48000,0.04066538,0.58797413,0.0691618546843528,37.83533,0.0627278524506149,0,0.0,45-60s
GFkSLL2OJHg.mp3,176.83158333333333,48000,0.10319978,0.79340106,0.1300726532936096,39.786926,0.0968109325989262,0,0.0,>60s
_3bqdi9Xn44.mp3,54.775875,48000,0.07331641,0.9241407,0.0793346837162971,24.325388,0.0360732033988025,2,0.03651242449344716,45-60s
Gmgv7jPaj9Q.mp3,63.843270833333335,48000,0.09929349,1.0472538,0.0948132053017616,24.283623,0.0652699723834781,0,0.0,>60s
GGhd_nBiC1o.mp3,829.2774791666667,48000,0.038055506,0.7321473,0.0519779361784458,16.674284,0.0141325909222458,15,0.018088034918147495,>60s
-mOBpDsgDnA.mp3,1015.2533333333332,48000,0.032426514,0.5273308,0.0614917874336242,27.532072,0.0430688265974826,4,0.0039399033410380336,>60s
3MbcyIxSvRM.mp3,43.67675,48000,0.131332,1.0362152,0.1267420053482055,28.849228,0.0662097451159951,0,0.0,35-45s
UAg1Ev_4Nlg.mp3,52.12897916666667,48000,0.09610476,1.265737,0.0759279057383537,35.09865,0.0603118247174202,1,0.01918318785416461,45-60s
2hOOvj2CNek.mp3,11.818958333333333,48000,0.16375653,1.1131158,0.1471154540777206,41.729256,0.0735310175270513,0,0.0,10-25s
VSlWv0cfhSo.mp3,163.0389166666667,48000,0.06764417,1.0455451,0.0646975189447403,20.499456,0.0557832178197579,0,0.0,>60s
EnGRVvaIzVw.mp3,28.7463125,48000,0.21098363,1.0510635,0.2007334679365158,27.744722,0.0533683253130797,0,0.0,25-35s
N0lJR8ME23M.mp3,18.726895833333334,48000,0.0461736,0.58042496,0.0795513689517974,26.200373,0.0439725628203302,0,0.0,10-25s
0Q2PYIHAYZM.mp3,67.69779166666666,48000,0.24380237,1.1057243,0.2204910963773727,44.975014,0.0438019899903497,0,0.0,>60s
DA7PikyBOaM.mp3,1582.2293333333334,48000,0.16085146,1.5454794,0.1040786802768707,27.484415,0.0637566012688762,25,0.01580049078431108,>60s
sVtWH_e3uc0.mp3,60.11647916666666,48000,0.020320555,0.34013093,0.059743333607912,23.643524,0.0376864582871274,0,0.0,>60s
1Z0O5vpl1M4.mp3,97.07102083333334,48000,0.067018494,1.0327585,0.0648927092552185,23.439379,0.0485066995556806,4,0.04120694276892198,>60s
3ugPbp0tIA0.mp3,90.99902083333332,48000,0.11308355,1.3859308,0.0815939381718635,22.68856,0.0671929825766233,0,0.0,>60s
P9Ng5Wy2SL0.mp3,81.87733333333334,48000,0.04477652,0.46769452,0.0957388207316398,32.60446,0.034018199145988,0,0.0,>60s
8d82Hrjp1ak.mp3,59.3734375,48000,0.090259545,0.63851357,0.1413588523864746,86.49806,0.040210623147566,0,0.0,45-60s
1m5otCU6vxI.mp3,506.58133333333336,48000,0.0367323,1.0418652,0.0352562889456748,20.465054,0.0640966888376971,15,0.029610250147393245,>60s
H5QUVKsK4l4.mp3,52.082375,48000,0.018474206,0.34719074,0.0532105378806591,25.56426,0.060103392029746,1,0.019200353286500473,45-60s
yKNJrEDyHb4.mp3,34.38933333333333,48000,0.072156616,0.692073,0.1042615696787834,30.468885,0.0289686288759689,1,0.0290787841191067,25-35s
wpXpDjfsFl8.mp3,60.604083333333335,48000,0.1573739,1.0891922,0.1444868147373199,34.890656,0.0702330103561686,1,0.016500538330063017,>60s
p1bDUrWFFVw.mp3,40.64,48000,0.031197751,0.27926958,0.1117119565606117,31.088566,0.0500442797166098,0,0.0,35-45s
ohJS1Nhl7-s.mp3,65.015875,48000,0.06433111,0.5001121,0.128633365035057,48.7182,0.0481959866100721,0,0.0,>60s
b0xwBxLFZI4.mp3,59.001916666666666,48000,0.06565093,0.89023536,0.0737455934286117,25.373741,0.0444930842710592,1,0.016948601952196468,45-60s
9KptlULMavQ.mp3,51.687625,48000,0.08152115,0.9884095,0.0824771001935005,25.134296,0.0527056585005674,2,0.0386939813930317,45-60s
GxQkxp0sACc.mp3,60.058416666666666,48000,0.112747304,0.8219676,0.1371675729751587,52.117695,0.0585989527836973,0,0.0,>60s
L_HWyc_M9DU.mp3,47.60091666666667,48000,0.044182193,0.46874255,0.0942568406462669,26.264431,0.0382452333772126,2,0.0420159975910828,45-60s
4c00vrMuOJo.mp3,161.44897916666667,48000,0.018538734,0.37895042,0.0489212647080421,23.726906,0.0669910842218056,4,0.024775628936437737,>60s
988kDfoWyXw.mp3,16.683541666666667,48000,0.2518908,1.1673503,0.2157799750566482,35.713802,0.029391099241214,0,0.0,10-25s
DF-czQ_aIr4.mp3,593.6426666666666,48000,0.113062665,1.2299798,0.0919223800301551,25.650604,0.0540792957169167,2,0.003369030078700543,>60s
3XuazWElZv4.mp3,1176.5318958333332,48000,0.07765963,0.9410352,0.0825257450342178,27.484371,0.0685556215647665,13,0.01104942419839128,>60s
PU8Pkcs1qTA.mp3,62.18666666666667,48000,0.051820155,0.5195653,0.099737524986267,25.87429,0.0425573410167638,0,0.0,>60s
6vhC3Nhfk1c.mp3,56.401270833333335,48000,0.13451687,1.078363,0.1247417330741882,28.540138,0.0537841612199792,0,0.0,45-60s
v4NrIWplYpc.mp3,10.9714375,48000,0.24148753,1.0974367,0.2200468927621841,62.645725,0.0342053115889212,0,0.0,10-25s
eCmU4cnOjOs.mp3,31.857791666666667,48000,0.08534252,1.0093712,0.0845501869916915,27.593096,0.043239781239538,0,0.0,25-35s
wqIrt6Fe18E.mp3,46.556020833333335,48000,0.07390064,0.789595,0.0935930907726287,26.750626,0.0538439424040664,0,0.0,45-60s
kLgoxukK-mY.mp3,74.17614583333334,48000,0.16429426,1.0893438,0.1508194804191589,34.16867,0.0569793679232566,4,0.05392569208148958,>60s
0OLd4PC23Xo.mp3,114.70658333333331,48000,0.15613098,1.2728829,0.1226593405008316,29.61051,0.0594583901193741,1,0.008717895441921019,>60s
VMg9z26NlNk.mp3,148.4335625,48000,0.0347583,0.4905849,0.0708507299423217,30.751682,0.0663273376306948,0,0.0,>60s
YLkv4Dy0m5c.mp3,19.144854166666665,48000,0.18933731,1.1016043,0.1718741506338119,37.540714,0.0779065655466573,0,0.0,10-25s
tGLjyzREPTA.mp3,91.61433333333332,48000,0.057574697,0.91568303,0.0628762319684028,22.597687,0.0487588821821515,0,0.0,>60s
w_3087Jljxc.mp3,92.7405,48000,0.15702018,1.1982902,0.1310368478298187,26.331003,0.0460170401451983,0,0.0,>60s
yIYN7_oT7t0.mp3,56.401270833333335,48000,0.06223458,0.66855264,0.0930885300040245,26.334,0.0507651832569024,1,0.017730096950386385,45-60s
nzexVLkP9KY.mp3,163.851625,48000,0.12405606,1.0286783,0.1205975338816642,25.761623,0.064428332695938,0,0.0,>60s
UJjba4qcOco.mp3,35.08535416666667,48000,0.10602107,1.0851593,0.0977009236812591,28.227856,0.0604426885448328,2,0.0570038424152528,35-45s
FM9t1gs80YU.mp3,52.650666666666666,48000,0.023173966,0.23181316,0.0999682918190956,40.352814,0.0487576075741847,3,0.05697933549432739,45-60s
tfg7tRX8TJk.mp3,85.2636875,48000,0.108626954,1.2024679,0.0903366729617118,30.03341,0.0890131099301038,0,0.0,>60s
dk9rclPW-oo.mp3,42.49252083333333,48000,0.04429354,0.72972006,0.0606993623077869,22.635267,0.039646255922126,0,0.0,35-45s
-INymsb2oRo.mp3,20.906666666666663,48000,0.025913065,0.311549,0.0831749215722084,52.628403,0.0559745605717746,0,0.0,10-25s
Bva9h12vg00.mp3,345.04897916666664,48000,0.12025924,1.0405816,0.1155692562460899,27.552456,0.037775239139927,4,0.011592557119457256,>60s
pcPqgnPdUyQ.mp3,61.5445,48000,0.053910613,0.30359992,0.1775712370872497,44.72496,0.0450494881932409,0,0.0,>60s
y5qUSNrku2A.mp3,576.8765625,48000,0.060392942,0.8934846,0.0675925984978675,28.409407,0.0567134658765231,2,0.003466946189203171,>60s
AyTVNUyxu74.mp3,164.7688125,48000,0.06322456,0.9739687,0.0649143680930137,25.062199,0.0330255193330042,0,0.0,>60s
aZvgamj9Jjo.mp3,123.4986875,48000,0.06752441,0.85014933,0.0794265270233154,24.26814,0.0281138503702824,1,0.008097252045694817,>60s
We0R-ebtV4U.mp3,49.20310416666667,48000,0.14718907,1.1090758,0.1327132582664489,29.635967,0.0523506725219488,0,0.0,45-60s
nbFmySUXXtY.mp3,637.0394583333333,48000,0.07856853,1.0193183,0.0770794823765754,25.569342,0.0435639457369857,10,0.015697614753978805,>60s
rt7fcsas0ec.mp3,46.869479166666665,48000,0.0636356,1.0584246,0.0601229444146156,19.550531,0.0352404632394766,0,0.0,45-60s
50cYut2SRGc.mp3,85.71733333333333,48000,0.02821898,0.5734213,0.0492116026580333,60.635727,0.0406706020786674,0,0.0,>60s
ESYNf36oQPc.mp3,29.60545833333333,48000,0.21589285,1.1146199,0.1936919093132019,35.10024,0.0546204844538004,0,0.0,25-35s
hA1AfyisAec.mp3,176.889625,48000,0.04896207,0.5156206,0.094957560300827,24.66712,0.0460187117948775,0,0.0,>60s
aOVNobJTfcM.mp3,64.71402083333334,48000,0.12212307,1.2366104,0.0987562984228134,27.666782,0.0891620717096588,0,0.0,>60s
cCPCPeFMsUM.mp3,49.3191875,48000,0.12445025,1.0674794,0.1165832877159118,36.849262,0.0676591602576232,1,0.02027608423192292,45-60s
RCnuuQats2E.mp3,64.17995833333333,48000,0.06837699,1.0085484,0.0677974298596382,34.32577,0.0467924701626641,1,0.015581188052604689,>60s
afRh2to-pXE.mp3,493.6794583333333,48000,0.08812813,1.0608897,0.0830700173974037,25.897526,0.052268976493799,9,0.01823045267142386,>60s
glMVmJEmLZM.mp3,95.61979166666669,48000,0.101237826,1.0277861,0.098500870168209,26.099766,0.061087715246793,3,0.03137425785718176,>60s
hGq5rt7DMAc.mp3,40.751020833333335,48000,0.037250105,0.9647651,0.0386105440557003,47.635292,0.0576683030456686,0,0.0,35-45s
5VhCgM3r4e8.mp3,149.57135416666668,48000,0.13600865,1.186849,0.114596426486969,24.39087,0.0592337072911466,2,0.013371544378553991,>60s
1LTsrcR59Ug.mp3,1937.8677708333328,48000,0.13974486,1.1548163,0.1210104748606681,29.614384,0.05088257704048,2,0.0010320621613619948,>60s
nUrumqPgfxQ.mp3,63.750395833333336,48000,0.103750296,1.0176169,0.1019541844725608,26.130064,0.0624697734544922,0,0.0,>60s
2dzM1IJKY5o.mp3,61.13814583333333,48000,0.0921629,1.0931036,0.0843130499124527,23.509937,0.0524149307069958,0,0.0,>60s
DB1qZ9LTtac.mp3,67.37066666666666,48000,0.11508088,1.1326332,0.1016047149896621,26.522205,0.0544168080675162,0,0.0,>60s
BzCLrbLi9tg.mp3,46.9043125,48000,0.092065364,0.95168424,0.0967394039034843,25.093784,0.0353033561064688,1,0.021320001225900068,45-60s
eoyjSVFamS4.mp3,16.590666666666667,48000,0.05602803,0.6182678,0.0906209796667099,28.518991,0.0653647297758676,0,0.0,10-25s
5xgC7gEuZ70.mp3,496.7328958333333,48000,0.09319249,1.0326457,0.0902463346719741,25.812935,0.0541671343027282,3,0.00603946311018342,>60s
lf3Hl_kbEqo.mp3,238.00454166666665,48000,0.20729892,1.3797607,0.1502426564693451,30.680716,0.0651353138445076,0,0.0,>60s
Jx0Up3Qifgc.mp3,78.976,48000,0.058128405,1.0134497,0.0573569722473621,29.297655,0.0706112714171168,0,0.0,>60s
sHyBWRQuJSI.mp3,57.03983333333333,48000,0.22470796,1.0842812,0.2072414010763168,60.990623,0.0597673414711106,0,0.0,45-60s
V4wpOMdFQj4.mp3,52.7093125,48000,0.053265955,0.54396105,0.0979223698377609,53.767647,0.0536410842333569,0,0.0,45-60s
5mNqIttbU70.mp3,10.602666666666666,48000,0.12559213,0.760232,0.1652023792266845,45.22463,0.0533703674623115,0,0.0,10-25s
m_TKmUPJGrY.mp3,20.81670833333333,48000,0.16716522,0.7540542,0.2216885983943939,36.19371,0.0619746974257172,1,0.04803833459100362,10-25s
jtCK4ZoXtbc.mp3,60.09325,48000,0.093632735,0.880754,0.1063097491860389,26.443739,0.0294793088003638,0,0.0,>60s
wRw4zifh0pA.mp3,340.352,48000,0.15713029,1.104234,0.1422979980707168,30.048754,0.0652132363958836,3,0.00881440391124483,>60s
E_3HR3Htp8g.mp3,60.10485416666667,48000,0.103829846,0.8791708,0.1180997490882873,45.015076,0.0341235373225377,0,0.0,>60s
AC1N3kiZUyU.mp3,15.104,48000,0.07529719,0.7677114,0.098080076277256,42.086548,0.0441734297812279,0,0.0,10-25s
UJprtdYoRQY.mp3,20.85152083333333,48000,0.21565211,1.0950339,0.1969364732503891,30.65187,0.0497612292199488,0,0.0,10-25s
tzrZp5bv-No.mp3,26.50558333333333,48000,0.08280695,0.9293945,0.0890977457165718,51.46473,0.0465336943536217,0,0.0,25-35s
4QxqnkOclfY.mp3,13.212166666666668,48000,0.10275004,0.98489463,0.104325920343399,25.15299,0.0302541269420903,0,0.0,10-25s
pUis2Jd-lQg.mp3,15.870854166666666,48000,0.059256885,0.69797206,0.0848986506462097,33.889774,0.039858910345262,0,0.0,10-25s
r_E8NJVURwY.mp3,23.521833333333333,48000,0.08193236,0.9676255,0.0846736282110214,29.534172,0.0404140164607887,0,0.0,10-25s
a1-VzGvkwFo.mp3,486.48533333333336,48000,0.056296982,0.5472607,0.1028705015778541,32.140015,0.0557396883359095,20,0.04111120855990177,>60s
BzpOknkbuWI.mp3,25.704979166666668,48000,0.111338295,0.96410364,0.1154837384819984,30.42269,0.0398520568594398,0,0.0,25-35s
uhf6nmX0kKE.mp3,25.05433333333333,48000,0.13316946,0.78619266,0.1693852692842483,45.823788,0.0555744715171349,0,0.0,25-35s
FuEZ8cKPxqY.mp3,76.25433333333334,48000,0.040494487,0.7410196,0.0546469837427139,31.743855,0.0887644633427752,1,0.0131140088213566,>60s
3Gh43JlORBU.mp3,16.706770833333334,48000,0.13532697,0.7053553,0.1918564587831497,40.20937,0.0253339133296107,0,0.0,10-25s
FSeJM2AQtLo.mp3,132.05333333333334,48000,0.037131228,0.5926088,0.0626572296023368,25.770706,0.0488751744734876,2,0.015145395799676897,>60s
W4c7sgqO1Pc.mp3,51.98947916666667,48000,0.06500948,1.0630527,0.0611535869538784,36.286236,0.0590738181089743,2,0.03846932171773536,45-60s
RCLTEdlyHHM.mp3,467.6963333333333,48000,0.10432195,1.0524316,0.0991246849298477,26.900402,0.0570633484759504,0,0.0,>60s
tikeqh2fmRQ.mp3,19.272979166666666,48000,0.22657742,1.0494611,0.2158988118171692,30.74754,0.0371526096430547,0,0.0,10-25s
nJCLJDtaFwU.mp3,97.68635416666666,48000,0.05679557,0.6263931,0.0906708166003227,34.170933,0.1020614435766732,0,0.0,>60s
NePs_6XyDsc.mp3,118.22497916666669,48000,0.15197787,1.1030519,0.1377794295549392,28.028793,0.0473165412277832,0,0.0,>60s
dIH_yHLarb0.mp3,456.9338958333333,48000,0.095499374,0.8975551,0.1063994541764259,31.756727,0.0694228040998937,0,0.0,>60s
dHX-Lf_0byk.mp3,66.94314583333333,48000,0.19429111,1.1859432,0.1638283431529998,27.168774,0.0491061092106835,1,0.014938049109458866,>60s
A2OGNjZLuiw.mp3,45.604,48000,0.04530108,0.47858185,0.0946569144725799,39.81323,0.0336665125847754,2,0.04385580212262082,45-60s
gcYuT-_yl_8.mp3,14.805333333333332,48000,0.05339151,0.74605733,0.0715648904442787,25.13592,0.0588384179265658,0,0.0,10-25s
ASr8CLWiVuI.mp3,15.4180625,48000,0.22569448,1.0042753,0.2247336655855178,48.34771,0.0223140479123443,0,0.0,10-25s
OkuGLUkSsjk.mp3,18.866229166666667,48000,0.05005164,0.57249427,0.0874273255467414,25.369617,0.0486426388496325,0,0.0,10-25s
TGsga_s3gWE.mp3,31.67202083333333,48000,0.031364657,0.33427167,0.0938298404216766,36.52992,0.0441008391203703,0,0.0,25-35s
08EpF2_ynco.mp3,31.786666666666665,48000,0.09932301,0.9503478,0.1045122817158699,38.986195,0.041845588466538,0,0.0,25-35s
mIQPzGMPzWU.mp3,55.19383333333333,48000,0.21131484,1.1574924,0.1825626194477081,71.36009,0.032155514039855,0,0.0,45-60s
nX1u6TqYhTs.mp3,172.5475,48000,0.0099120615,0.7480676,0.0132502214983105,13.54101,0.0520138002159702,7,0.040568539097929554,>60s
V3yLd6ULrbw.mp3,39.0908125,48000,0.06919113,0.684718,0.1010505408048629,28.791513,0.0387676660555934,0,0.0,35-45s
ML9hWrhyfg4.mp3,585.3170208333333,48000,0.084702834,1.3254366,0.0639056116342544,24.134352,0.0585062626425994,8,0.013667806872607532,>60s
WwkU4tIGF3I.mp3,215.06133333333327,48000,0.013757204,0.35816723,0.0384100005030632,48.342403,0.0313712287822992,0,0.0,>60s
myXS9Rh2hwg.mp3,79.38904166666667,48000,0.037448976,0.36857748,0.1016040816903114,30.70446,0.0570770144766895,0,0.0,>60s
S0H82OSrB6Q.mp3,123.20508333333332,48000,0.07716652,0.9589036,0.0804736986756324,30.246675,0.0814080795223357,5,0.04058274110713776,>60s
sZkC3MbQI24.mp3,12.492354166666669,48000,0.034781523,0.49851918,0.0697696805000305,28.533539,0.0642027350415955,0,0.0,10-25s
UaU-__0ZZXs.mp3,545.8346666666666,48000,0.08973802,0.9293817,0.0965566858649253,48.97339,0.0650666802134426,0,0.0,>60s
fwnxXSCIijA.mp3,300.90739583333334,48000,0.052072212,0.91555053,0.0568752996623516,32.420002,0.0352144228149037,4,0.013293126242119755,>60s
gFJABaz1SZQ.mp3,1653.992208333333,48000,0.07548123,1.0099697,0.0747361332178115,27.470388,0.0713538488334504,68,0.041112648328930815,>60s
emnO7ZEfww0.mp3,92.97270833333332,48000,0.0401164,0.5242301,0.076524406671524,42.79843,0.03714085533297,0,0.0,>60s
6UmzAYDtR4k.mp3,768.97525,48000,0.037373975,0.8711991,0.0428994670510292,19.63067,0.042728937340915,5,0.006502159854949818,>60s
UNGSulYicNk.mp3,489.209625,48000,0.058060203,1.072453,0.0541377589106559,20.665188,0.0390607540091357,1,0.0020441135024683948,>60s
qxZaksQ4ReE.mp3,15.836020833333333,48000,0.24872501,1.2089747,0.2057321816682815,46.23799,0.0918734874789562,0,0.0,10-25s
lflUqvBR-HU.mp3,21.281104166666665,48000,0.026923615,0.58341163,0.0461485758423805,19.578568,0.0331830653494489,0,0.0,10-25s
kkSuPqeR9Fs.mp3,1919.8722916666663,48000,0.09144293,1.1177003,0.0818134546279907,25.995125,0.0501336301280911,82,0.04271117425670784,>60s
zOgIT_9A7EU.mp3,44.26885416666666,48000,0.18028788,0.9776503,0.1844093799591064,31.846375,0.0299567781106962,0,0.0,35-45s
_XBWcZ2R4sM.mp3,40.30985416666667,48000,0.07054776,1.0142422,0.0695571154356002,22.582195,0.0351490162037037,0,0.0,35-45s
gBp6livHhy8.mp3,471.1096666666666,48000,0.049420863,0.30430108,0.162407785654068,32.311157,0.0774821098048316,5,0.010613240087764422,>60s
Fu2zqznGAWM.mp3,18.304,48000,0.11357028,0.87226367,0.1302017718553543,42.49388,0.066390040313774,0,0.0,10-25s
0Tj-MXHXcD4.mp3,824.0,48000,0.07764425,1.0302694,0.0753630548715591,24.105253,0.0357707684912654,12,0.014563106796116505,>60s
oNHjQhZYbK0.mp3,48.05370833333333,48000,0.10888602,0.7977787,0.1364864856004715,27.507221,0.0441224851240013,2,0.041620096957484205,45-60s
cx2fk2OZlpI.mp3,48.98133333333333,48000,0.0328266,0.5028032,0.065287172794342,24.474108,0.0523407095376115,0,0.0,45-60s
KTRHbRJAgqQ.mp3,36.22314583333333,48000,0.03961029,0.3345965,0.1183822527527809,59.530605,0.0091971137919611,0,0.0,35-45s
p1iJU2Sa4A8.mp3,13.606895833333333,48000,0.20539749,1.0247273,0.2004411071538925,35.873188,0.0273181114077194,0,0.0,10-25s
PYcultFmZLk.mp3,15.836020833333333,48000,0.24869452,1.2113328,0.2053065150976181,46.316647,0.0919935027356902,0,0.0,10-25s
5Z9R489Mn9I.mp3,60.1396875,48000,0.0904636,0.9175529,0.0985922440886497,24.437399,0.0377643420819294,0,0.0,>60s
2LzhCA6yQ6I.mp3,15.882458333333334,48000,0.16416037,0.8349945,0.196600541472435,57.44225,0.0347430637172599,0,0.0,10-25s
TRNG_yMcSUs.mp3,36.24635416666667,48000,0.0984018,0.6819755,0.144289344549179,31.07523,0.0427659100102971,0,0.0,35-45s
qkf2JVU0BaE.mp3,69.474125,48000,0.043741785,0.8207065,0.053297720849514,27.14156,0.07538630737642,1,0.014393848069335167,>60s
aK3zBozyhn0.mp3,83.09333333333333,48000,0.018309282,0.15116177,0.1211237609386444,32.1763,0.04362455477474,1,0.012034659820282413,>60s
GDMVPiLe4OU.mp3,388.6672291666667,48000,0.027116492,0.67500675,0.0401721782982349,26.096973,0.060272664032912,12,0.03087474090812583,>60s
AmeZj8QswK4.mp3,22.357333333333333,48000,0.08058841,0.7407677,0.1087903901934623,35.782173,0.0462598168514544,0,0.0,10-25s
s98IyGsnPNU.mp3,40.275020833333336,48000,0.09606029,0.94414216,0.101743459701538,30.95372,0.0403539366641287,2,0.04965857145739113,35-45s
PyLOqSidnjg.mp3,60.16291666666667,48000,0.19845928,1.0606616,0.187108963727951,46.682247,0.0375005366679223,0,0.0,>60s
4WZQsvmRBnM.mp3,50.13189583333333,48000,0.037847802,0.26782116,0.1413174420595169,29.66017,0.0483741273271276,1,0.019947380472595002,45-60s
j5Pla9ndsIw.mp3,19.41333333333333,48000,0.021260623,0.3524955,0.0603145956993103,54.601105,0.0382419944398682,0,0.0,10-25s
dhsR-Pp0cAg.mp3,96.57179166666668,48000,0.06877758,1.0619645,0.0647644847631454,41.758583,0.0426873977489231,0,0.0,>60s
386u-H_vuaw.mp3,58.368,48000,0.031112319,0.62892246,0.049469243735075,22.973858,0.0496585510688836,3,0.05139802631578947,45-60s
-wIgPqAnJr4.mp3,12.416,48000,0.027936785,0.53508765,0.052209734916687,21.969036,0.0323481089055794,0,0.0,10-25s
wpy94PDPhmQ.mp3,19.876291666666667,48000,0.11727998,1.0168953,0.1153314188122749,29.261509,0.0429085007041309,0,0.0,10-25s
j8E1XQNDszE.mp3,26.2385625,48000,0.03591802,0.6175368,0.0581633672118186,28.710674,0.0408675527184959,0,0.0,25-35s
go1WlqouWDs.mp3,207.51675,48000,0.08659247,0.55003834,0.15742988884449,29.975277,0.061321800308404,0,0.0,>60s
xvmUoBwBSsc.mp3,78.13516666666666,48000,0.07649138,1.1488546,0.066580556333065,28.181568,0.0976641814044157,4,0.051193338040276364,>60s
lQd60DP3hRw.mp3,117.98060416666668,48000,0.08321081,0.6580133,0.1264576464891433,31.098406,0.0730613278777913,0,0.0,>60s
c4LqNNgXp1s.mp3,19.992979166666668,48000,0.08316847,1.0159532,0.0818625018000602,26.315077,0.0352375,0,0.0,10-25s
sT_KE4HFU40.mp3,29.338416666666667,48000,0.059421547,0.7180053,0.0827592015266418,34.703564,0.0650484340921483,1,0.03408500231493974,25-35s
LiqXGVAMxcc.mp3,16.137875,48000,0.07393496,0.75136006,0.0984015017747879,55.170425,0.0250779055477528,0,0.0,10-25s
IcjUv4LVPT8.mp3,117.30722916666669,48000,0.013804086,0.33801067,0.0408391989767551,23.466713,0.0504665177049236,1,0.008524623819894588,>60s
MMwlifAi6Fw.mp3,25.2749375,48000,0.044741027,0.6348669,0.0704730823636055,26.400322,0.033958209717827,0,0.0,25-35s
z3O8GGW1I9k.mp3,56.79602083333333,48000,0.15614368,1.0886225,0.1434323489665985,29.698185,0.0561049369131455,0,0.0,45-60s
J6UUUZ1jD_o.mp3,124.39466666666668,48000,0.16066155,0.95434076,0.1683481931686401,49.238586,0.0287498978473591,0,0.0,>60s
ibvNBMM27kM.mp3,44.22241666666667,48000,0.1075731,0.9490106,0.11335289478302,27.306707,0.0524729219428364,0,0.0,35-45s
vWXANviA3NI.mp3,27.701416666666667,48000,0.028993204,0.53498995,0.0541939213871955,21.667934,0.0364211202126635,1,0.03609923680196861,25-35s
A7Lq5Rtn8oo.mp3,42.29516666666667,48000,0.098286346,0.9617367,0.1021967306733131,30.946987,0.0642136628136031,0,0.0,35-45s
E_q53mtmhnM.mp3,50.54985416666667,48000,0.14200403,1.1488817,0.123601958155632,25.306093,0.0391812738989978,0,0.0,45-60s
is8FywXMAqI.mp3,74.41995833333333,48000,0.08265437,1.1038951,0.0748752057552337,42.640842,0.059827715171277,0,0.0,>60s
YyhsDUNyU2s.mp3,28.305125,48000,0.06440248,0.76863337,0.0837882980704307,44.713043,0.0488599534311416,0,0.0,25-35s
XC46yhkbIWw.mp3,26.94677083333333,48000,0.19027148,1.0595484,0.1795779019594192,56.204712,0.0609907143475465,0,0.0,25-35s
OOGKWTPtUqc.mp3,50.13189583333333,48000,0.095360555,0.5703204,0.1672052294015884,39.40631,0.044364922706117,0,0.0,45-60s
FWs2WKmOpCI.mp3,61.7883125,48000,0.0976128,1.0044286,0.0971824154257774,25.426798,0.0449865240106594,0,0.0,>60s
oSpxbNPdZ5s.mp3,19.736979166666668,48000,0.21297431,1.1124101,0.1914530545473098,82.76168,0.0398488675884656,0,0.0,10-25s
vsxL18mF9PY.mp3,59.1760625,48000,0.079432465,1.0315576,0.0770024582743644,25.617722,0.0684031161285598,0,0.0,45-60s
ws3L_0J_gKc.mp3,131.42497916666667,48000,0.119050235,1.3301682,0.0895001292228698,30.276016,0.093251455412575,0,0.0,>60s
ta7-JvyOzBM.mp3,36.15347916666666,48000,0.07974315,0.99678636,0.0800002366304397,30.4351,0.0823220582134955,1,0.027659855235232664,35-45s
RYK5Yx_NWVg.mp3,44.83775,48000,0.104614645,0.58155787,0.179886907339096,27.978916,0.0369130868666746,0,0.0,35-45s
rmDYbAOYTGo.mp3,26.935166666666667,48000,0.14952146,1.0918505,0.1369431614875793,27.64656,0.0340358706947743,0,0.0,25-35s
BINKRHXaK_A.mp3,74.52445833333333,48000,0.046977524,0.33463794,0.1403831392526626,37.690414,0.0648756451713897,0,0.0,>60s
7ZvsQ7jRXe4.mp3,871.168,48000,0.14940901,1.0143324,0.1472978740930557,29.331959,0.0654189262172015,2,0.002295768439612107,>60s
cmRjUOE8nZQ.mp3,185.36,48000,0.036786046,0.4103479,0.0896459966897964,46.445118,0.0632710842642277,0,0.0,>60s
Q7DAzMIKhMM.mp3,20.18133333333333,48000,0.0620073,0.31479543,0.1969764977693557,42.302097,0.0565258415048864,0,0.0,10-25s
itysw_vBOtE.mp3,24.362666666666662,48000,0.11826606,0.760232,0.1555657535791397,39.699974,0.0611806790207877,0,0.0,10-25s
C-oJjXWtogE.mp3,71.70322916666667,48000,0.07636146,0.82828176,0.0921926125884056,32.64062,0.0836096846878253,0,0.0,>60s
Ij62mIP5GrE.mp3,54.18377083333333,48000,0.15592468,0.90796924,0.171729028224945,32.461468,0.0644704263041338,0,0.0,45-60s
S50jt5UD9Y8.mp3,36.608,48000,0.08350601,1.0706732,0.0779939293861389,27.165098,0.0523146494046752,0,0.0,35-45s
SYqbYYFpc9E.mp3,764.3733333333333,48000,0.10480159,1.0551932,0.0993198081851005,25.636868,0.0468637641006788,39,0.05102218811052191,>60s
uAwtn_yG0aY.mp3,15.168,48000,0.086440586,0.5298307,0.1631475538015365,60.40848,0.0433702180692199,0,0.0,10-25s
sU1jn3JO6L8.mp3,69.82241666666667,48000,0.041537184,0.85097885,0.0488110668957233,23.864914,0.0672468307220058,2,0.02864409591475517,>60s
RoQ7-SboUG8.mp3,60.053333333333335,48000,0.23418708,1.1634653,0.2012841254472732,45.966877,0.0361379285706357,0,0.0,>60s
ijihaVNp6j4.mp3,250.61297916666663,48000,0.10129744,0.623388,0.1624950170516967,31.348392,0.0632660165394232,0,0.0,>60s
qaeVv_Xx4Ko.mp3,11.6564375,48000,0.07617769,0.95662034,0.0796321034431457,33.43223,0.0551311077596065,0,0.0,10-25s
t9j6WZe5gZ0.mp3,29.37325,48000,0.08575511,0.74688965,0.1148163080215454,39.448887,0.052368607309822,0,0.0,25-35s
f_-ECUn8UOs.mp3,20.654166666666665,48000,0.15715528,1.0310946,0.1524159759283065,26.768017,0.070384847299303,0,0.0,10-25s
4HjZjDwpfZ0.mp3,45.48266666666667,48000,0.06150828,0.72178435,0.0852169767022132,31.768436,0.0486221653355803,0,0.0,45-60s
3yE_bilmYpE.mp3,53.19691666666667,48000,0.023114283,0.50602293,0.0456783287227153,20.691689,0.0233739686184342,3,0.05639424590710928,45-60s
QPw5jsM7AlI.mp3,30.255604166666668,48000,0.05898042,0.9508774,0.0620273649692535,49.276886,0.0598851050295206,0,0.0,25-35s
RMEf7oTRnHY.mp3,72.46947916666667,48000,0.09280467,0.94415295,0.0982941091060638,73.33309,0.0248232270971302,0,0.0,>60s
UvAOwfMxv5A.mp3,52.976333333333336,48000,0.042787593,0.67356735,0.0635238513350486,29.759323,0.0484976233767867,1,0.018876353591855483,45-60s
PAq66ZCDeBw.mp3,149.73389583333332,48000,0.043341093,0.7439535,0.0582577958703041,20.836143,0.0381406856612409,0,0.0,>60s
zD4my0w51bs.mp3,178.47466666666668,48000,0.06625788,0.7593072,0.0872609615325927,32.32257,0.0775652843090748,0,0.0,>60s
-aD-naRvNA4.mp3,179.85016666666667,48000,0.23935801,1.200284,0.1994178146123886,66.68268,0.0411810689701826,0,0.0,>60s
pGIuqwwjJrs.mp3,20.4451875,48000,0.100820675,1.0427828,0.0966842547059059,21.060888,0.059050447068988,0,0.0,10-25s
6VzKrscxLf8.mp3,3545.621333333333,48000,0.08385963,1.3554443,0.0618687383830547,20.71847,0.0513659306718802,10,0.0028203801421170754,>60s
2QsIouJveHU.mp3,13.200979166666666,48000,0.27440712,0.911419,0.3010767996311188,41.42457,0.0208738262318255,0,0.0,10-25s
hvcRpvRgiSo.mp3,322.00533333333334,48000,0.03142948,0.47760916,0.065805859863758,24.528334,0.0713036192301003,1,0.0031055386246190537,>60s
s-ope2oA2pI.mp3,445.57933333333335,48000,0.05097852,0.91785485,0.0555409379303455,23.513817,0.0503237683165665,2,0.004488538516897103,>60s
y9vET0S2ZxE.mp3,88.1661875,48000,0.037792407,0.69084203,0.0547048449516296,26.491499,0.0811192521511311,0,0.0,>60s
DTQz52o3TkA.mp3,2650.6453333333334,48000,0.08825941,1.2239673,0.0721092820167541,24.58834,0.0627647261344613,146,0.05508092620463746,>60s
NgbhjFxsNBg.mp3,88.896,48000,0.08337288,0.423746,0.1967520266771316,30.63092,0.0613543697510497,0,0.0,>60s
KQVLXmYaeZk.mp3,162.00533333333334,48000,0.07331709,0.5638399,0.1300317496061325,26.168344,0.0596206226031173,1,0.006172636291809323,>60s
2Jcnp2IgXw4.mp3,71.91220833333334,48000,0.09178418,1.260231,0.0728312358260154,35.02999,0.0539987496755413,0,0.0,>60s
iHnZxK7ILzU.mp3,511.1176458333333,48000,0.0371987,1.0401849,0.0357616245746612,15.653036,0.0664762956052527,9,0.017608470522136394,>60s
oc7EvSFWlPI.mp3,136.81066666666666,48000,0.074967675,0.59339887,0.1263360530138015,35.848,0.0241281056316753,2,0.01461874317791985,>60s
DHt9fNpeO04.mp3,92.1135625,48000,0.021411873,0.3272672,0.0654262751340866,76.91534,0.0370664044407132,0,0.0,>60s
lh4oDmhoWJ4.mp3,60.5344375,48000,0.08663683,1.0640726,0.0814200341701507,21.216797,0.0398186649378964,1,0.016519522461904433,>60s
m4U3nRPe7fY.mp3,377.23139583333335,48000,0.033391576,1.023554,0.0326231718063354,18.849548,0.0639583684939277,3,0.007952678470392868,>60s
mUhVlOZ_BXo.mp3,491.8826666666667,48000,0.07301236,1.1898537,0.0613624677062034,21.287823,0.0503772731046026,9,0.018297046450101922,>60s
6HE8HXe-dYA.mp3,912.9813333333332,48000,0.11475415,1.1084247,0.103529043495655,27.976315,0.0492064255948208,6,0.006571875876250118,>60s
vWeZOHWWnLI.mp3,2230.090895833333,48000,0.047388922,1.0411983,0.0455138310790061,20.538368,0.0481786893577631,86,0.038563450557410485,>60s
oheUVkGR3qc.mp3,99.24210416666666,48000,0.11845873,1.038445,0.1140731871128082,39.208042,0.0639288419295464,0,0.0,>60s
0ZzbOgA-WFY.mp3,66.64127083333334,48000,0.05438564,0.999375,0.0544196516275405,25.6015,0.0688299161981834,0,0.0,>60s
wJhMHlglA7A.mp3,15.534166666666666,48000,0.10821832,0.79965866,0.1353306472301483,59.866234,0.0145850983399107,0,0.0,10-25s
1SkcTQVKYRw.mp3,19.07520833333333,48000,0.28228968,1.2112063,0.2330649048089981,52.49653,0.0447889555093627,0,0.0,10-25s
UYuZha4GjwQ.mp3,688.1493333333333,48000,0.06260513,0.9136261,0.0685237944126129,27.225395,0.0522777073403472,13,0.018891248411197572,>60s
1DZPsErzgVA.mp3,23.17352083333333,48000,0.20351325,1.085634,0.1874602735042572,187.87277,0.0446032450816843,0,0.0,10-25s
a_6shvCsgA4.mp3,155.43439583333333,48000,0.059720475,0.49248213,0.12126424908638,27.430555,0.0575512769030503,0,0.0,>60s
EOv7ChneALg.mp3,58.00345833333333,48000,0.063522846,1.0282998,0.0617746338248252,20.170506,0.0351854319430397,0,0.0,45-60s
RyOYMsyQ_-s.mp3,57.748041666666666,48000,0.09856333,0.8896108,0.110793761909008,29.421013,0.1127186533177872,0,0.0,45-60s
Jy_oEoV5YKs.mp3,2075.4111666666668,48000,0.07674052,0.9596453,0.079967588186264,32.082634,0.0611772213245875,114,0.054928874736226964,>60s
UFO3MDECl9g.mp3,597.312,48000,0.06723388,0.6115079,0.1099476963281631,28.570187,0.069127873656226,8,0.01339333547626701,>60s
qmeZf4a_b2M.mp3,53.33625,48000,0.04139702,0.9555274,0.0433237366378307,19.122791,0.0533142394958508,2,0.037497949330895966,45-60s
yyNr-Gc03oY.mp3,539.2834583333333,48000,0.050718524,1.0909835,0.0464888103306293,19.979836,0.0516462547501137,16,0.029668998284220195,>60s
_r6Q6H1hdrk.mp3,271.4026666666667,48000,0.14440039,1.1750578,0.1228879019618034,28.58302,0.0749740747506877,2,0.007369124351517057,>60s
1ASAg4rnGOU.mp3,59.257333333333335,48000,0.19042732,1.3373349,0.1423931419849395,38.184643,0.0505006376833603,1,0.016875548455324796,45-60s
GV5BQzH73Gk.mp3,60.964,48000,0.06476086,0.93153715,0.0695204213261604,27.496773,0.0517572999584499,1,0.016403123154648647,>60s
SZnPHpljl7A.mp3,82.14060416666666,48000,0.14308113,0.9822259,0.1456702947616577,33.02295,0.0545208718835216,0,0.0,>60s
HoMpnsSDdTU.mp3,13.421145833333334,48000,0.09576375,0.91007036,0.1052267551422119,30.45594,0.0451410004219618,0,0.0,10-25s
G4V8eIP7EAI.mp3,21.432979166666662,48000,0.16698672,0.93537414,0.178523987531662,40.583214,0.0575938666044776,0,0.0,10-25s
v5qfRqsJXjs.mp3,13.3863125,48000,0.1961119,0.49666354,0.3948586583137512,51.13746,0.0278094652639442,0,0.0,10-25s
uTtbJJHxpok.mp3,161.75020833333335,48000,0.060997233,0.73081744,0.08346439152956,27.903309,0.0588575796447411,2,0.012364744507026652,>60s
IL4SpRDVkp0.mp3,89.18785416666667,48000,0.07211549,0.70891136,0.1017270907759666,27.9724,0.0477169669150621,0,0.0,>60s
NHpkqHfcz2g.mp3,77.09025,48000,0.036102805,0.9393793,0.0384326167404651,19.797617,0.0652905259926674,2,0.025943618032111714,>60s
FZ8FDQH5SQw.mp3,15.0233125,48000,0.099485025,0.8268157,0.1203230917453765,33.415115,0.0512407680535841,0,0.0,10-25s
PSZZJ3dEfYU.mp3,38.4986875,48000,0.06985905,0.75673294,0.0923166498541832,25.69448,0.0370624404864958,1,0.02597491148237196,35-45s
owrqmt-QtBw.mp3,17.2524375,48000,0.09814097,1.0762273,0.0911898165941238,28.326668,0.0560962125309023,0,0.0,10-25s
dNB0631_qtM.mp3,151.08097916666668,48000,0.05426191,0.92345107,0.0587599202990531,24.81377,0.0401292104432893,8,0.05295173518285654,>60s
-psyizBPigg.mp3,22.03575,48000,0.05939818,0.72789973,0.0816021487116813,26.10329,0.044456046179211,0,0.0,10-25s
UJNaQZhzmjc.mp3,28.514125,48000,0.090540335,1.0891796,0.0831270888447761,24.803274,0.039600084143605,0,0.0,25-35s
bytK-9iuJ6c.mp3,15.04,48000,0.3283869,1.2660625,0.2593765258789062,37.753487,0.0268966490963855,0,0.0,10-25s
KjrWSrtIXxY.mp3,57.144979166666666,48000,0.113627344,1.0360398,0.10967468470335,27.548035,0.0509516654418626,0,0.0,45-60s
KF1gXQXgd-g.mp3,2522.816,48000,0.052862886,0.67351794,0.0784877166152,23.303009,0.0482296602157897,3,0.00118914736548365,>60s
VSWuwWx-deg.mp3,74.14133333333334,48000,0.07639217,0.9144027,0.0835432410240173,40.528103,0.0378786410003956,0,0.0,>60s
6A_z3DLqon0.mp3,832.145125,48000,0.09106496,0.52442586,0.1736469715833664,33.837513,0.0343443401885398,9,0.010815421168272782,>60s
KCs_GpfxsEQ.mp3,204.60264583333333,48000,0.03894649,0.8270674,0.0470898635685443,32.662815,0.0877384030275779,12,0.05865026794313816,>60s
RCPwUQfRlT4.mp3,15.046541666666666,48000,0.0,0.0,,-inf,0.0,0,0.0,10-25s
ihblcsiUw-k.mp3,74.74504166666667,48000,0.042291436,0.41188106,0.1026787608861923,29.819536,0.0362178157998002,1,0.013378813867809515,>60s
i_xmu2odBSU.mp3,102.03733333333334,48000,0.036346022,0.6354885,0.0571938306093215,27.87672,0.0620395345001045,0,0.0,>60s
NM3C5tz8tvE.mp3,61.38195833333333,48000,0.1997235,1.0370874,0.1925811618566513,59.64834,0.0513225591876629,1,0.016291431996508204,>60s
Wdv3zcwwA1E.mp3,18.752,48000,0.2644885,1.0586808,0.2498283684253692,56.017437,0.0398061642801307,0,0.0,10-25s
bCtYYKkrLwc.mp3,106.2196875,48000,0.05123543,0.99035776,0.0517342649400234,31.01538,0.0734256545586906,2,0.018828901186514976,>60s
RARPtG9d2Rg.mp3,78.62277083333333,48000,0.107793786,1.0611379,0.1015831977128982,42.570415,0.0294394973756952,0,0.0,>60s
gSflmxczLKg.mp3,173.44145833333334,48000,0.1423695,1.1457272,0.1242612525820732,24.833786,0.0505838175408185,0,0.0,>60s
Sh6xkP3pyV8.mp3,61.28908333333333,48000,0.20245542,1.081875,0.1871338337659835,29.937075,0.0466069806713365,0,0.0,>60s
B3GgxXhZUbs.mp3,27.30666666666667,48000,0.1149898,1.041445,0.1104137077927589,183.14957,0.031448477462417,0,0.0,25-35s
ry0vi6lZDrQ.mp3,25.984,48000,0.085618734,1.0373228,0.0825381800532341,24.934494,0.0489904179062371,0,0.0,25-35s
iovqf_-GR-E.mp3,23.684354166666665,48000,0.22560222,1.3957582,0.1616341769695282,30.79444,0.061805941510018,0,0.0,10-25s
VJTzCMUz3cI.mp3,360.3969166666666,48000,0.055067897,0.98348904,0.0559923835098743,22.297823,0.0572307013584704,2,0.005549437044295839,>60s
GpwkH0cwQbw.mp3,58.90904166666667,48000,0.08851434,0.947581,0.093410849571228,54.192184,0.0456211878168567,0,0.0,45-60s
R4rbk0fv5bo.mp3,43.92097916666667,48000,0.10512338,1.0139868,0.1036733165383338,36.936935,0.0337305351505585,0,0.0,35-45s
lYz5rFGiouc.mp3,256.3367083333333,48000,0.04804363,0.47507456,0.1011286154389381,26.68229,0.0755228786747877,0,0.0,>60s
5vXxIrcbGDk.mp3,64.87466666666667,48000,0.09498992,1.0156517,0.0935260728001594,22.923214,0.0529612977509041,0,0.0,>60s
8SlFB9PAU3U.mp3,45.30214583333333,48000,0.06491285,0.74860245,0.0867120400071144,25.576614,0.034801418498411,0,0.0,45-60s
rvw0KzheCr8.mp3,14.421333333333331,48000,0.020752631,0.40920788,0.0507141537964344,24.019188,0.0518985587583148,0,0.0,10-25s
sxS0z5MdjjA.mp3,16.085333333333335,48000,0.05282169,0.4268721,0.1237412542104721,57.281948,0.0525509055044731,0,0.0,10-25s
DEtlg0NAXeo.mp3,25.344,48000,0.07557881,0.8204642,0.0921171307563781,26.15801,0.0388381823201514,0,0.0,25-35s
ieieT1kojHM.mp3,30.603916666666667,48000,0.13399205,0.954052,0.1404452323913574,27.491898,0.0534213714067944,0,0.0,25-35s
oJLBXnFuGCQ.mp3,70.240375,48000,0.08531294,1.0359392,0.082353226840496,25.581219,0.0511725570813088,0,0.0,>60s
QIprf7bWhkE.mp3,58.3053125,48000,0.017266389,0.31383047,0.0550182051956653,40.527794,0.0288112731788458,0,0.0,45-60s
Hpn3_bv1o8o.mp3,46.20772916666667,48000,0.058796443,0.75103116,0.078287623822689,49.96649,0.0467043495354339,0,0.0,45-60s
CVJpWtqKy3w.mp3,172.08310416666666,48000,0.08925294,0.94414264,0.0945333242416381,24.074947,0.0505292553500588,2,0.011622291506683605,>60s
cGlEKWTpFj8.mp3,105.06666666666666,48000,0.022120425,0.35615444,0.0621090829372406,31.116486,0.0308629338867881,3,0.02855329949238579,>60s
6gXRLgoXUZE.mp3,77.58947916666666,48000,0.14915353,1.015175,0.1469239592552185,29.017313,0.0670378946520618,3,0.03866503593297524,>60s
br5iBR1nV3A.mp3,689.5862291666666,48000,0.072399914,1.1040113,0.0655789598822593,20.605019,0.050130734512038,7,0.010151014773684184,>60s
U5tWywvOjKI.mp3,80.768,48000,0.20028582,1.1253033,0.1779838651418686,35.178402,0.0374821141926911,1,0.012381141045958796,>60s
iK0rk8SB1GA.mp3,32.055166666666665,48000,0.08335796,0.93868864,0.0888025686144828,25.152214,0.0263095228813206,1,0.03119621901825499,25-35s
4KzuLEFt1Fw.mp3,22.69752083333333,48000,0.3559194,1.4181905,0.250967264175415,46.992393,0.0462726793791118,0,0.0,10-25s
mBlmNcX-RkY.mp3,71.1575625,48000,0.08467368,0.62982154,0.1344407498836517,28.435791,0.0424604896161196,0,0.0,>60s
jrbOSt_69D8.mp3,16.973791666666667,48000,0.11234062,0.8678071,0.1294534504413604,35.86133,0.0255090148005653,0,0.0,10-25s
XPVybBFso6M.mp3,41.06666666666667,48000,0.10545123,0.68037355,0.1549901962280273,33.822483,0.0436702976905349,1,0.02435064935064935,35-45s
3G3QoFANCA8.mp3,61.3006875,48000,0.14106151,1.121949,0.1257289946079254,26.374655,0.0388874766182356,0,0.0,>60s
rHL6Pu0OZaY.mp3,33.599291666666666,48000,0.033097383,0.4076197,0.0811967179179191,29.190407,0.0557552083333333,0,0.0,25-35s
_pNKzKf2Ldo.mp3,56.12264583333333,48000,0.105416074,0.9946025,0.1059881448745727,23.092907,0.041688937191182,0,0.0,45-60s
yRuGGSYVEiM.mp3,13.281833333333331,48000,0.09381746,0.95338607,0.098404474556446,26.308125,0.058603546975321,0,0.0,10-25s
5i2I9g8H6Oc.mp3,12.109208333333331,48000,0.26823106,1.2174512,0.2203218191862106,48.657307,0.0700279558208626,0,0.0,10-25s
gjeUMCj7jFs.mp3,78.66920833333333,48000,0.04406516,0.7481097,0.0589020028710365,22.73636,0.0468287933415808,1,0.01271145370832828,>60s
fKMk7ryEgO8.mp3,1219.9996458333333,48000,0.16322206,1.1162728,0.1462205797433853,25.978262,0.0401654883879781,0,0.0,>60s
ef6dQF2QmKA.mp3,25.01952083333333,48000,0.021704882,0.48062462,0.045159738510847,23.928997,0.0472714943654092,0,0.0,25-35s
EkI5CwSSMQU.mp3,30.836104166666665,48000,0.17733979,1.0799133,0.1642166972160339,32.116364,0.0648699628156347,0,0.0,25-35s
-90aNnaajJ0.mp3,121.57866666666666,48000,0.09877877,1.1262622,0.087704949080944,24.27104,0.0364313327238134,3,0.02467538164590279,>60s
R5FAxXlqbjs.mp3,42.8524375,48000,0.1510492,0.75057495,0.2012446522712707,45.897324,0.0218026449337356,0,0.0,35-45s
U0pzQpQAf6c.mp3,52.72091666666667,48000,0.115923315,1.0832474,0.1070146262645721,31.964226,0.0726043497433238,2,0.03793560746762433,45-60s
hNpaM95w5Wg.mp3,937.5786666666668,48000,0.0665659,0.7601909,0.0875647142529487,24.274292,0.0608124330286038,45,0.04799597260460988,>60s
P4ER531Ezso.mp3,67.52364583333333,48000,0.03152003,0.7802513,0.0403972789645195,26.104296,0.0982006014551413,0,0.0,>60s
rBUbh2RIVLc.mp3,76.90666666666667,48000,0.029932724,0.37149197,0.0805743485689163,26.739113,0.0611678067795728,4,0.052011095700416086,>60s
QOdrLNHJkqs.mp3,62.333979166666666,48000,0.06945866,1.0196902,0.0681174173951149,28.66053,0.0618393497871748,2,0.03208522906346893,>60s
icHeMX6tJbs.mp3,280.7292708333333,48000,0.11889879,1.1258681,0.1056063249707222,24.149033,0.0615233447378794,11,0.03918365892999669,>60s
3nHyEMC1k-A.mp3,21.46133333333333,48000,0.046451606,0.7621678,0.0609466917812824,21.213226,0.0458055355036015,1,0.046595427435387686,10-25s
EtyXqKylzcQ.mp3,15.267125,48000,0.11582227,0.8385514,0.1381218433380127,36.262115,0.0421879091742318,0,0.0,10-25s
2rFf2uurvqQ.mp3,33.73860416666667,48000,0.093666025,0.97200894,0.0963633358478546,25.024502,0.0423216191116029,1,0.029639637581331472,25-35s
72DXlNiF87s.mp3,46.753395833333336,48000,0.07518977,0.7992697,0.0940730944275856,24.442856,0.0536182709854014,0,0.0,45-60s
W7uVdwSt_s4.mp3,1179.9684375,48000,0.08847797,0.8127472,0.1088628470897674,27.12801,0.058775581500626,15,0.012712204431315563,>60s
geq0jczSRHU.mp3,1006.0974166666666,48000,0.022462724,0.27533638,0.0815828368067741,25.72219,0.061637061947703,36,0.035781823314160514,>60s
CRuWmGEWjlU.mp3,60.09325,48000,0.24364166,1.0812857,0.2253258824348449,55.25911,0.0470309137324724,0,0.0,>60s
rjH6uFm8hCc.mp3,71.204,48000,0.033065513,0.9960094,0.0331979915499687,19.422295,0.0402716470378969,1,0.014044154822762767,>60s
BYA5N8696kM.mp3,36.714666666666666,48000,0.020915965,0.23943168,0.0873567163944244,37.164505,0.0314406041243102,0,0.0,35-45s
3JMFyOqUmuU.mp3,179.57152083333332,48000,0.074527666,1.007179,0.0739964470267295,23.76209,0.0335396866646866,0,0.0,>60s
LihHt4oS3Cg.mp3,29.756375,48000,0.08328581,0.82497156,0.1009559780359268,26.487404,0.0653864597334229,0,0.0,25-35s
I6nI0s-aT-Y.mp3,70.1939375,48000,0.08950644,0.93015134,0.0962278246879577,33.70282,0.0551669519734842,0,0.0,>60s
76BjmPPBx1k.mp3,116.6570625,48000,0.055285465,0.62595224,0.088322177529335,27.323542,0.0390287931019703,0,0.0,>60s
xvoA-Pqj_AA.mp3,75.69066666666667,48000,0.085179925,0.54020673,0.1576802432537078,33.757004,0.0716993233276384,0,0.0,>60s
rxpLAghzNdg.mp3,10.24,48000,0.080831654,0.9447293,0.0855606496334075,25.705717,0.0488743618301248,0,0.0,10-25s
1zQdSKjWI5U.mp3,11.0759375,48000,0.24214965,1.0706494,0.2261708229780197,52.805397,0.0600792716855149,0,0.0,10-25s
1vGz4t5FH2c.mp3,47.6,48000,0.021407783,0.5878349,0.0364180207252502,49.7669,0.0308260497773358,2,0.04201680672268907,45-60s
REhRsitMa7E.mp3,102.1678125,48000,0.052951857,0.87367016,0.0606085211038589,21.73185,0.0434206357168023,1,0.009787818448202559,>60s
5-0zs86OH80.mp3,45.90585416666666,48000,0.18707518,1.0659478,0.1755012720823288,34.3911,0.0380410119946561,0,0.0,45-60s
EPyHN_pwiR0.mp3,57.86497916666666,48000,0.09541746,0.64065194,0.1489380747079849,30.704424,0.0453326612903225,0,0.0,45-60s
olJwiFX6Snw.mp3,1228.2453333333333,48000,0.10084099,0.8477727,0.118948146700859,35.329803,0.0488310212135472,8,0.006513356723521034,>60s
rkrXoadWXwU.mp3,319.68097916666665,48000,0.08370735,1.1535721,0.0725636035203933,27.00717,0.0552358164976143,4,0.01251247418731969,>60s
WOjZFkMlyXY.mp3,193.2596875,48000,0.051331125,0.7576269,0.0677525103092193,24.591778,0.0264986426541199,6,0.03104630912745318,>60s
gk_88lsgoqw.mp3,52.949333333333335,48000,0.071619466,0.9185324,0.0779716297984123,28.064278,0.0673026615999496,1,0.018885979049153907,45-60s
dFD-WqMgSnc.mp3,36.75720833333333,48000,0.053948008,0.8752676,0.0616360157728195,54.24355,0.0264687828732588,0,0.0,35-45s
gPA_AEyFQpY.mp3,170.52735416666667,48000,0.088025466,0.90757644,0.0969895869493484,29.18615,0.0445574736993338,6,0.035184970935137116,>60s
IuJJrVhsrUI.mp3,96.86204166666668,48000,0.038529124,0.6977059,0.0552225857973098,20.221973,0.0348227175042671,0,0.0,>60s
k0i8FTusVJ0.mp3,42.771166666666666,48000,0.067528985,1.0691037,0.0631641075015068,25.442722,0.045096730829177,2,0.04676047337185877,35-45s
FMjIQqvI18w.mp3,298.028125,48000,0.080338344,0.8450261,0.0950720310211181,24.15674,0.0575675048260173,11,0.0369092682108442,>60s
WlaecHczIng.mp3,159.59466666666663,48000,0.066440634,0.8753623,0.0759007260203361,24.01662,0.0681936667738755,0,0.0,>60s
74Kr7-eg4oM.mp3,113.29016666666666,48000,0.10731807,1.0166805,0.1055573299527168,30.07147,0.0723688807845306,0,0.0,>60s
G_aMOFVF5_4.mp3,60.186125,48000,0.23420233,1.1313088,0.2070189267396927,35.931458,0.0413608743686868,0,0.0,>60s
ClO8N0AG0Dc.mp3,34.168166666666664,48000,0.14618444,1.0411441,0.1404075026512146,41.57354,0.0607894916510611,0,0.0,25-35s
ukoNVPIoeJg.mp3,25.971520833333333,48000,0.088285975,0.96408427,0.0915749594569206,36.53251,0.0363207055313141,0,0.0,25-35s
lpv1vASYb54.mp3,121.6725625,48000,0.10201851,1.0507143,0.0970944389700889,25.69823,0.0519455141990663,1,0.008218779809129113,>60s
54D-gfIX6wI.mp3,12.086,48000,0.108238,1.014856,0.106653556227684,36.142647,0.0332203483245149,0,0.0,10-25s
gHG88pYfQg0.mp3,11.306666666666668,48000,0.024271978,0.20237486,0.1199357360601425,35.109726,0.0636670888312912,0,0.0,10-25s
5Q8q0GhqJqc.mp3,17.941333333333333,48000,0.06202684,0.74317586,0.0834618583321571,56.442333,0.0407901974710338,0,0.0,10-25s
PAFECwJZIOk.mp3,355.0569791666667,48000,0.030126268,0.37969062,0.0793442502617836,61.311382,0.0818827868002148,0,0.0,>60s
AHesWaGiDrY.mp3,63.6226875,48000,0.030808091,0.49812478,0.0618481412529945,56.899296,0.0355253464218357,0,0.0,>60s
_eL_wYX9jKA.mp3,857.9889375,48000,0.05553678,1.0494721,0.0529187768697738,23.460976,0.0460131004602204,27,0.031468937208762086,>60s
21qS6hmra9o.mp3,19.136,48000,0.022506952,0.21011502,0.1071172952651977,34.562454,0.0348967400766016,0,0.0,10-25s
aTOUTm4qktA.mp3,742.9689791666667,48000,0.034879163,0.8123209,0.0429376661777496,23.766666,0.0565784945161979,20,0.02691902429416706,>60s
dahvuG73dN8.mp3,43.514208333333336,48000,0.051356077,0.6728432,0.0763269588351249,27.487413,0.0428517061121323,0,0.0,35-45s
Dyg01veSCzQ.mp3,28.352,48000,0.1143371,1.1367428,0.1005830839276313,29.412113,0.0820512660422151,0,0.0,25-35s
ixcST1MY7f0.mp3,26.026666666666667,48000,0.31808043,1.3092089,0.242956206202507,51.920685,0.0476391271507578,0,0.0,25-35s
w48uD3bMWTk.mp3,54.090895833333335,48000,0.11410839,1.1407139,0.1000324338674545,27.52341,0.0648979884968947,0,0.0,45-60s
RIVhCuNZOdk.mp3,50.65433333333333,48000,0.17645043,1.157567,0.1524321436882019,28.038734,0.0584079584188776,0,0.0,45-60s
uKUACJtEhyg.mp3,16.741604166666665,48000,0.11920233,0.5362104,0.2223051339387893,75.73518,0.0445231638136942,0,0.0,10-25s
v59VpMQ-tY0.mp3,54.07929166666667,48000,0.051452674,0.721769,0.0712869018316268,70.27156,0.0295163607926528,0,0.0,45-60s
tY0xZNM0syE.mp3,19.157333333333334,48000,0.046206977,0.72303593,0.0639068856835365,26.093342,0.0434390977149415,0,0.0,10-25s
fxUORTmwSIM.mp3,4173.473395833334,48000,0.04761535,1.0148016,0.0469208434224128,25.67278,0.0721974877117016,84,0.020127120034804342,>60s
aoEcWUKUTMo.mp3,64.64,48000,0.062048633,0.85616386,0.0724728479981422,31.237999,0.0359772488811664,1,0.01547029702970297,>60s
DoVZnqSDsWk.mp3,105.76689583333334,48000,0.046747457,0.45383143,0.1030062139034271,31.666237,0.0698563243747478,0,0.0,>60s
8SusBKV4eTo.mp3,96.53697916666668,48000,0.03368057,0.41846308,0.0804863572120666,25.51144,0.0448737535907634,0,0.0,>60s
5mmWw0jAIGE.mp3,658.750125,48000,0.08469152,1.0378723,0.0816010981798172,24.659985,0.0579160717918124,1,0.0015180262774143686,>60s
f7U-ZQ4dRRA.mp3,88.04266666666666,48000,0.083586335,1.0438426,0.0800756141543388,24.392582,0.0507642740195336,0,0.0,>60s
IQLBmrKvfWM.mp3,41.19220833333333,48000,0.09450374,1.0310717,0.0916558355093002,25.446484,0.0747128471323148,0,0.0,35-45s
Vg9eozpsTGg.mp3,88.72345833333334,48000,0.08582816,0.96104264,0.0893073379993438,27.960411,0.0481160139343892,5,0.05635488171814763,>60s
3AUZNmzwpDQ.mp3,15.0233125,48000,0.023031155,0.12485048,0.1844698935747146,50.022186,0.0498625604373669,0,0.0,10-25s
R2Io2wPpyYw.mp3,92.416,48000,0.1771137,1.325144,0.1336561888456344,30.59272,0.0512059109924985,4,0.0432825484764543,>60s
_Q-GmD-8KiY.mp3,572.0235833333334,48000,0.07327604,1.0154059,0.0721642896533012,27.526682,0.0531887766622613,10,0.01748179671496644,>60s
exFenZyA34Y.mp3,1117.3674583333334,48000,0.08567648,0.9793861,0.0874797776341438,26.769487,0.042066892843889,23,0.020584096868461542,>60s
e8Z9YiVvaO0.mp3,359.14666666666665,48000,0.032596175,0.64705694,0.0503760538995265,29.29409,0.0945091844614059,0,0.0,>60s
sGGRQQjcmsQ.mp3,54.18377083333333,48000,0.0419518,0.708079,0.0592473484575748,24.089396,0.0479555625615157,1,0.018455710715962383,45-60s
tTrTrjypvbw.mp3,14.570541666666667,48000,0.06477985,0.5131825,0.1262315958738327,65.52308,0.0204087979273426,0,0.0,10-25s
JhCbU8wX19s.mp3,488.66133333333335,48000,0.027765725,0.44723755,0.0620827227830886,20.056664,0.0448753735464005,7,0.014324849384440758,>60s
9uP4qhYQQCo.mp3,125.2484375,48000,0.040072095,0.98141193,0.0408310666680336,22.928234,0.1287311955792812,2,0.015968263077134198,>60s
PT5bhEIjNkc.mp3,24.264979166666667,48000,0.045474857,0.61339617,0.0741361901164054,30.575884,0.0382881181318681,1,0.041211657060630076,10-25s
I7605V1aPzk.mp3,1683.5512083333333,48000,0.09695458,0.7597641,0.1276114284992218,26.873508,0.048661045837412,3,0.0017819475791116047,>60s
YMmjao7QcQ4.mp3,11.434666666666669,48000,0.023030447,0.22347906,0.1030541583895683,34.299885,0.0894960828285181,0,0.0,10-25s
5RMVjmtd3Qc.mp3,177.470125,48000,0.20232439,1.1974933,0.1689565926790237,131.81398,0.0724912767929588,0,0.0,>60s
P2Oceze6U3g.mp3,55.04291666666666,48000,0.13823816,0.5114976,0.2702615857124328,35.019234,0.0123300240081863,0,0.0,45-60s
SSIWf5bgJcc.mp3,60.00097916666667,48000,0.03273915,0.6708237,0.0488044060766696,79.727036,0.0312911385198187,0,0.0,>60s
cI6OK3LW9bo.mp3,25.99475,48000,0.17222796,1.0478725,0.1643596440553665,35.07339,0.0436901565063576,0,0.0,25-35s
AEj8J4IQU_g.mp3,74.81470833333333,48000,0.09285994,0.93132573,0.0997072607278823,37.39819,0.0569411539643926,0,0.0,>60s
d5_AVeBPB-w.mp3,49.7139375,48000,0.019267065,0.30572826,0.0630202293395996,30.430836,0.0264751939296824,0,0.0,45-60s
Y-nGgsvi1EM.mp3,1314.295875,48000,0.19415149,1.4516625,0.1337442249059677,29.073902,0.0521862989523986,41,0.03119541100286874,>60s
EjxvOjzIZUo.mp3,175.27466666666666,48000,0.030455643,0.47810254,0.0637010708451271,23.512402,0.0301655776486338,0,0.0,>60s
e5sq2y-aDrE.mp3,82.91845833333333,48000,0.07023041,1.0627841,0.0660815387964248,24.065416,0.044370595796083,0,0.0,>60s
K5nI_PPRI_g.mp3,52.88345833333333,48000,0.11349514,0.89137065,0.1273265331983566,30.07449,0.042392424490722,0,0.0,45-60s
1emZHoVXpW4.mp3,173.91747916666668,48000,0.04287004,0.5104839,0.0839792191982269,24.15306,0.0507598081493406,3,0.017249560046377357,>60s
0pcyVt6VUsk.mp3,516.928,48000,0.035152823,1.0132635,0.0346926786005497,21.125566,0.0514310691919608,21,0.04062461309892287,>60s
jtG_rymALGc.mp3,24.915020833333333,48000,0.29103157,1.2403886,0.2346293479204177,190.76553,0.0469696881019905,0,0.0,10-25s
1dqdnifQdm8.mp3,525.2053333333333,48000,0.120405726,0.68763363,0.175101563334465,42.852455,0.0490306309689727,0,0.0,>60s
CaowS-NBVWM.mp3,545.5528541666666,48000,0.07931206,1.139903,0.0695779025554657,22.780567,0.0516576568946007,20,0.036660059327432264,>60s
p8_ea1TmDRc.mp3,40.367895833333336,48000,0.016921904,0.2981041,0.0567650832235813,26.055525,0.0977540352542932,2,0.049544321266022553,35-45s
4_JaD21bsJ8.mp3,37.0346875,48000,0.019676367,0.23519515,0.0836597457528114,29.702106,0.0787104313633746,0,0.0,35-45s
Awjcii6z83A.mp3,42.06295833333333,48000,0.021368254,0.2840437,0.0752287581562995,30.549953,0.0498032018572515,2,0.047547773129762834,35-45s
sjws0rTPb34.mp3,527.5825625,48000,0.06524986,0.9899708,0.0659108906984329,25.610464,0.0593710551305574,2,0.0037908758593589794,>60s
-Xoqljuxt0c.mp3,766.5066666666667,48000,0.047053605,1.0414283,0.0451817996799945,20.652065,0.0560749441630369,0,0.0,>60s
SlqV0FF1kFc.mp3,98.348125,48000,0.14416516,0.97959316,0.1471683979034423,34.66587,0.0444858055830441,0,0.0,>60s
FUMbU4nHXcE.mp3,264.8533333333333,48000,0.013258003,0.23383155,0.0566989444196224,22.824766,0.0665838175440981,0,0.0,>60s
FQMotyGHs6Y.mp3,13.664958333333333,48000,0.30762744,1.2241752,0.2512936294078827,51.182858,0.0657317210657176,0,0.0,10-25s
2lSU9eIWx6s.mp3,31.950666666666667,48000,0.07630845,0.9297563,0.0820736065506935,29.651077,0.0431582930887016,0,0.0,25-35s
KwjX_Ji-xi8.mp3,214.99733333333333,48000,0.10319318,1.0756028,0.0959398597478866,27.097893,0.0828285071563228,1,0.004651220480254019,>60s
x1zqRJvHW7Y.mp3,46.272,48000,0.027951013,0.4709551,0.0593496337532997,23.92315,0.0432357911169048,0,0.0,45-60s
cxF0qE0aWkQ.mp3,59.9075,48000,0.010254775,0.219131,0.0467974655330181,20.41557,0.0343619780076108,3,0.05007720235362851,45-60s
qCdx8rlH5Yo.mp3,97.67475,48000,0.06893717,0.92176133,0.0747885182499885,31.80644,0.0574971165920506,0,0.0,>60s
pmuisNOzGuU.mp3,924.5605625,48000,0.07225812,0.9645089,0.0749170109629631,24.524002,0.0468270777060643,20,0.021631898234897945,>60s
TvTUaK08mFg.mp3,18.73852083333333,48000,0.36459017,1.3464446,0.270779937505722,33.438026,0.0403822766967842,0,0.0,10-25s
Wfg-NSM2x7U.mp3,97.3845,48000,0.036159083,0.7183026,0.0503396242856979,30.531961,0.0452028640128696,4,0.04107429827128547,>60s
d6F-fBK3zxQ.mp3,866.0114375,48000,0.07097165,1.1242757,0.0631265565752983,25.905289,0.0438197314387571,34,0.039260451453333144,>60s
pac2U34VXSk.mp3,59.87266666666667,48000,0.11898357,0.9351595,0.1272334456443786,26.414078,0.0384712395907552,0,0.0,45-60s
TJWZw3qSgKg.mp3,77.42695833333333,48000,0.081076466,1.012388,0.0800843834877014,22.562092,0.033483219107315,0,0.0,>60s
qgA_QFX-95Q.mp3,894.1075833333333,48000,0.049676023,0.8078332,0.061492919921875,27.069824,0.056454826129165,3,0.0033553009234254154,>60s
epW06T71BK0.mp3,67.9648125,48000,0.09313149,0.6746483,0.1380445063114166,28.337929,0.0345570863004158,1,0.014713496046207735,>60s
ogol3dYDNV0.mp3,1353.6769166666666,48000,0.035031486,0.7188454,0.0487329885363578,22.496986,0.0705055609304575,0,0.0,>60s
Rpba1zMW9E8.mp3,62.0785625,48000,0.17982492,1.0311904,0.1743857562541961,35.226513,0.0375299512725515,1,0.016108620427542922,>60s
XmDt7_dKRv4.mp3,63.61108333333333,48000,0.14898765,1.0594589,0.1406261771917343,27.382492,0.0400214601410546,0,0.0,>60s
k_iOYK61De8.mp3,33.81333333333333,48000,0.11612172,1.0540955,0.1101624220609664,27.74743,0.0605573458688111,0,0.0,25-35s
k7_Zn_uCozo.mp3,21.2114375,48000,0.096985556,0.75947034,0.1277015656232834,181.77766,0.0530603868149824,0,0.0,10-25s
msiy8lW4VvU.mp3,31.950666666666667,48000,0.28405887,1.037889,0.2736890614032745,38.35868,0.0345680634074599,0,0.0,25-35s
tBjm07dNphY.mp3,30.000979166666667,48000,0.22060691,1.1928959,0.184933915734291,44.848637,0.0570455877288482,0,0.0,25-35s
HQXEKZEHuJs.mp3,1960.96,48000,0.05755937,1.2107735,0.0475393384695053,16.289577,0.0489761145288251,96,0.0489556135770235,>60s
dorcsaXR83U.mp3,144.28897916666668,48000,0.033921104,0.5116161,0.0663018673658371,33.90328,0.0541607063243827,0,0.0,>60s
O_ZA5_h6XH8.mp3,458.0484375,48000,0.11462173,1.048699,0.1092989742755889,25.822832,0.038245965218429,2,0.004366350447380361,>60s
gzBNePa_L9s.mp3,121.8815625,48000,0.056034695,0.73174083,0.0765772461891174,29.39878,0.0492823073231163,0,0.0,>60s
upooLv3anM4.mp3,116.23910416666666,48000,0.06957746,1.0548934,0.0659568682312965,24.49992,0.0816082491483529,6,0.05161774123273562,>60s
Palbub_eVXE.mp3,52.6048125,48000,0.095306605,0.9261603,0.102905087172985,24.398184,0.0268608148950729,0,0.0,45-60s
acCJH7eZckg.mp3,59.071583333333336,48000,0.1083037,0.91788864,0.1179921999573707,26.146236,0.0481736447329812,0,0.0,45-60s
62hoBAFVjGs.mp3,44.58233333333333,48000,0.042444453,0.27712587,0.1531594842672348,30.76378,0.0567222777736244,0,0.0,35-45s
tAZaweONRTE.mp3,608.64,48000,0.067554854,1.1575313,0.0583611503243446,21.773909,0.0562489457554196,31,0.05093322818086225,>60s
wppOU93m16g.mp3,32.04354166666667,48000,0.044905808,1.0035863,0.0447453372180461,26.086065,0.0427864366680532,1,0.031207536620093748,25-35s
IM_ps-Fbxak.mp3,43.537416666666665,48000,0.08837704,1.0150605,0.0870657861232757,29.071295,0.0756630194298138,0,0.0,35-45s
5LMvYE6JNe4.mp3,72.4114375,48000,0.10095939,1.119359,0.090193934738636,25.200613,0.0500456275776992,3,0.04142991913397659,>60s
tCK2BYnkwqI.mp3,60.720979166666666,48000,0.050385702,0.80510604,0.0625826939940452,22.418444,0.0301427259902511,0,0.0,>60s
De9K59Qol8U.mp3,66.10722916666667,48000,0.054191124,0.87439257,0.0619757361710071,19.411669,0.0443804957244272,0,0.0,>60s
Lbv9a064UyM.mp3,51.03747916666666,48000,0.050150394,0.89468664,0.0560535863041877,19.758207,0.0381974717541797,0,0.0,45-60s
Py6cmi0qcQ4.mp3,11.435833333333331,48000,0.11753027,0.8352746,0.1407085508108139,48.088997,0.042864540860904,0,0.0,10-25s
EStpUKJI52g.mp3,42.4693125,48000,0.112689756,1.1679056,0.0964887589216232,27.397558,0.059083625337456,0,0.0,35-45s
f4Y3fe5tgxA.mp3,28.490895833333333,48000,0.1306808,0.75936127,0.1720930486917495,43.05037,0.04689583235872,1,0.03509893145690546,25-35s
bTKY4dj5Oso.mp3,1073.5146666666667,48000,0.12381613,1.2432812,0.0995881929993629,23.903881,0.062710914328679,0,0.0,>60s
Ky0PJQPRnAU.mp3,80.93316666666666,48000,0.06859282,0.46988052,0.1459792703390121,31.282293,0.047854072116335,2,0.024711747758953375,>60s
wZxV-8pSb_E.mp3,72.3185625,48000,0.12901166,1.7690077,0.0729288309812545,23.402273,0.0601424225663716,0,0.0,>60s
SKSIbn7dgj0.mp3,1487.6792916666666,48000,0.13499697,1.220594,0.110599398612976,39.33808,0.0624800269267136,0,0.0,>60s
BD8mjgn0LMA.mp3,63.25116666666667,48000,0.13522923,1.1779232,0.114803098142147,24.666899,0.0441445773608768,0,0.0,>60s
as3hCgLYx6k.mp3,505.0108125,48000,0.10919258,1.0352367,0.1054759547114372,25.306526,0.0538651619759214,0,0.0,>60s
tOK0Vfo09M4.mp3,20.421958333333333,48000,0.045120057,0.45779932,0.098558597266674,26.355131,0.0512093566416449,0,0.0,10-25s
4fxIRInfuew.mp3,36.0954375,48000,0.012424582,0.13821661,0.0898920968174934,27.726976,0.0401658944204343,0,0.0,35-45s
ibNNL_dDyko.mp3,58.24727083333333,48000,0.2872258,1.2258323,0.2343108505010604,32.22952,0.0430876685245376,0,0.0,45-60s
Qso-fjG14bs.mp3,39.50877083333334,48000,0.07929775,0.8997838,0.0881297811865806,29.017202,0.0500703156638093,0,0.0,35-45s
k1DfJ4UqJkc.mp3,41.38958333333333,48000,0.01063839,0.24664965,0.0431315824389457,20.748878,0.0343920602776346,0,0.0,35-45s
fjp-KkVEkpE.mp3,581.4044583333333,48000,0.08859633,1.1294215,0.0784439891576767,25.389618,0.0512728547193479,7,0.012039811356222401,>60s
uXW9-ST5_4I.mp3,632.9386666666667,48000,0.057388235,1.0082899,0.0569164007902145,23.151718,0.0438393354154729,34,0.053717685125888974,>60s
T43eUnpLzco.mp3,56.2735625,48000,0.15529715,1.0046071,0.1545849591493606,27.987522,0.0602086134441338,0,0.0,45-60s
TB6BXMfAkR8.mp3,70.6235,48000,0.033860054,0.7145444,0.0473869144916534,24.243496,0.0398335286163343,0,0.0,>60s
b_pFnNNR_hE.mp3,19.992979166666668,48000,0.08688541,0.94047314,0.092384785413742,28.85351,0.0420294270833333,0,0.0,10-25s
e-Jk42GXilE.mp3,791.6147083333333,48000,0.07991206,0.5894356,0.1355738639831543,32.05406,0.0566549548644797,0,0.0,>60s
XGYLx1LlgsY.mp3,88.65379166666666,48000,0.095105685,0.7653953,0.1242569535970687,28.799171,0.0759524069116939,0,0.0,>60s
qDAGH-o3SRE.mp3,24.896,48000,0.054233953,0.8234029,0.0658656358718872,25.870499,0.0559676960653104,0,0.0,10-25s
IDbVxv3lHE8.mp3,347.6053333333333,48000,0.021126015,0.18317318,0.1153335645794868,25.4132,0.0427263698784482,5,0.014384129127286118,>60s
SOUubUp5RX4.mp3,11.8421875,48000,0.27009532,1.3103653,0.2061221450567245,49.78802,0.0570379303555355,0,0.0,10-25s
-3kDHy3QQn4.mp3,69.40445833333334,48000,0.031365838,0.5108403,0.0614004768431186,27.286983,0.0766976009009528,0,0.0,>60s
goKisJFhHfs.mp3,140.01697916666666,48000,0.060167506,0.58863723,0.1022149175405502,31.252163,0.0441594911727736,0,0.0,>60s
jVGgv-KeuGw.mp3,31.71845833333333,48000,0.060976245,0.9345554,0.0652462616562843,26.598377,0.0364127450928883,1,0.03152738350303386,25-35s
HSQNaVA9u8k.mp3,228.63529166666663,48000,0.10270323,1.2771649,0.0804150104522705,26.188824,0.0491051935721366,10,0.043737779618814324,>60s
MDNBLC33qkw.mp3,63.1815,48000,0.040497992,0.8877356,0.0456194281578063,20.382812,0.0528742489502447,1,0.01582741783591716,>60s
NA-LNdv5tW8.mp3,45.38341666666667,48000,0.17849831,1.0550929,0.1691778153181076,32.209057,0.0624509997429494,0,0.0,45-60s
xCY4E3Tzo8Y.mp3,22.5698125,48000,0.07631516,0.98721397,0.0773035660386085,27.728428,0.0791121773097826,1,0.04430696976326232,10-25s
9lyWdYB2QJQ.mp3,21.269479166666667,48000,0.006160342,0.15626734,0.0394218116998672,21.151533,0.0315084586466165,1,0.04701572578077939,10-25s
JDR4AS49Cco.mp3,89.30133333333333,48000,0.09143208,0.5719885,0.1598494946956634,33.311954,0.0625941806065627,0,0.0,>60s
ih-vHFIrHzI.mp3,22.07058333333333,48000,0.035993457,0.8639201,0.0416629463434219,21.341219,0.0360528475996376,0,0.0,10-25s
ZvThUbycz8s.mp3,378.1253541666667,48000,0.15352583,1.091069,0.1407113820314407,26.355207,0.0517497961477433,0,0.0,>60s
Evuc72kCJos.mp3,23.12708333333333,48000,0.040722724,0.58983594,0.069040760397911,24.512962,0.0261598536912171,0,0.0,10-25s
lR6VGkjbLX4.mp3,23.03420833333333,48000,0.21982674,1.1329064,0.1940378695726394,29.985535,0.0553376374421296,0,0.0,10-25s
rTG8odtSYak.mp3,73.99039583333334,48000,0.07035946,0.89856106,0.0783023685216903,32.305798,0.0794169709303373,2,0.027030535213044257,>60s
YjEeXjgu0_I.mp3,2779.3473125,48000,0.11258763,0.6503364,0.173122152686119,31.564672,0.0589118194240426,3,0.0010793901095079495,>60s
PFPdCYgWZzg.mp3,23.637916666666666,48000,0.0987848,0.91032475,0.1085159927606582,32.057735,0.0291433648370545,0,0.0,10-25s
ZRdZ3Nof7eA.mp3,493.0989583333333,48000,0.013125213,0.33283108,0.0394350588321685,20.636139,0.0453512823897066,20,0.04055980987589121,>60s
BDraLVSpCIY.mp3,1172.073666666667,48000,0.070148185,0.98648727,0.0711090639233589,22.289293,0.0622537663982726,52,0.04436581204651242,>60s
a-fIf08RAEs.mp3,93.01333333333334,48000,0.061610986,1.0189838,0.0604631640017032,24.99544,0.0438088669769808,0,0.0,>60s
tgKH8AFYAPU.mp3,65.1668125,48000,0.12251678,0.75686795,0.161873385310173,36.575073,0.0482067051963993,1,0.015345234201841619,>60s
LtU88FReQTU.mp3,41.842375,48000,0.11022602,1.0663834,0.10336434841156,24.718227,0.0529477102185827,0,0.0,35-45s
sajSzh7jn4c.mp3,521.4505416666667,48000,0.09730568,1.1339854,0.0858085826039314,22.688953,0.0540986080019075,0,0.0,>60s
TY-z_pHVufw.mp3,23.67275,48000,0.064039595,0.66558063,0.0962161347270011,27.46727,0.0512156443552927,0,0.0,10-25s
xnq8zEJiKWU.mp3,62.14822916666667,48000,0.073543586,0.884305,0.0831654071807861,33.406487,0.0417386197871975,0,0.0,>60s
c9902ll0Cto.mp3,22.36083333333333,48000,0.0815787,0.91408426,0.0892463698983192,69.29942,0.0678396593347639,0,0.0,10-25s
l7IKuqWwAQo.mp3,67.047625,48000,0.044022787,0.49545312,0.0888535901904106,22.113104,0.0423818182270124,0,0.0,>60s
TubXYVS2MR8.mp3,38.30133333333333,48000,0.08703699,0.6237385,0.139540821313858,31.043861,0.0440119395711501,0,0.0,35-45s
BCZQCAkyn1Y.mp3,37.12,48000,0.032221153,0.46309173,0.0695783421397209,24.504871,0.0670314351569233,0,0.0,35-45s
zcwl3h_UU2s.mp3,93.504,48000,0.01927518,1.1477172,0.0167943630367517,30.320312,0.0587650689374928,0,0.0,>60s
cUCbxltkwRQ.mp3,758.784,48000,0.040873338,1.0917983,0.0374367125332355,18.369976,0.0686198621366166,9,0.011861082995951417,>60s
WRUSNWuJCNs.mp3,10.716020833333332,48000,0.033748694,0.3023231,0.1116312071681022,45.98477,0.0515935945273631,0,0.0,10-25s
5q3LTvIfwVg.mp3,45.30214583333333,48000,0.08969342,0.5417985,0.16554756462574,32.307487,0.0588496148923022,0,0.0,45-60s
sneGFMYnTtg.mp3,417.59929166666666,48000,0.03691919,0.46926814,0.0786739811301231,26.806816,0.0622840836526181,9,0.021551760694038535,>60s
kzcCfk4Zmy8.mp3,45.987125,48000,0.08412984,0.9164641,0.0917982906103134,32.29235,0.0744008363288497,0,0.0,45-60s
QcyKC0vHFMo.mp3,487.7003333333333,48000,0.07617837,0.94835234,0.0803270787000656,24.004799,0.059011942674615,6,0.012302636660080201,>60s
xmgmtrrjhk8.mp3,60.5344375,48000,0.063734405,1.0119365,0.0629826113581657,22.206795,0.0623450679120419,0,0.0,>60s
aywlLVTgZIA.mp3,60.488,48000,0.08971688,0.45799372,0.1958910822868347,33.713516,0.0450864148463674,0,0.0,>60s
CotKCohnCTM.mp3,25.194666666666667,48000,0.14961733,1.0404437,0.1438014656305313,43.998394,0.034863033286606,0,0.0,25-35s
DBdBxB6CvxE.mp3,133.14322916666666,48000,0.19670667,1.0700618,0.1838273853063583,39.15518,0.0274667688681607,1,0.007510708627535354,>60s
ThDD-6-ha3s.mp3,180.00110416666666,48000,0.089398056,0.95825636,0.0932924225926399,24.377449,0.0499805162008918,0,0.0,>60s
PLcGKe3E4uk.mp3,98.66666666666669,48000,0.042161893,0.7074359,0.0595981813967227,25.158825,0.065173011279186,3,0.0304054054054054,>60s
llKBEigm64Q.mp3,512.7894791666666,48000,0.09486069,1.1526599,0.0822972059249877,22.544706,0.0556921151846073,0,0.0,>60s
b6c9Uu8hR_g.mp3,73.1776875,48000,0.07402939,1.0669386,0.06938486546278,20.591585,0.03565036699734,3,0.04099610280797682,>60s
M53loiXU6kM.mp3,132.4001875,48000,0.047388922,0.8733547,0.0542607977986335,23.728416,0.0487379269087851,5,0.03776429697276675,>60s
r5D517TKsvs.mp3,175.69379166666667,48000,0.015837628,0.33836272,0.0468066595494747,24.78879,0.041141193199065,6,0.03415032451108711,>60s
0-YzrGM6tCY.mp3,118.16635416666666,48000,0.057497595,0.99228835,0.0579444430768489,28.453556,0.0490435963449995,1,0.008462645793315744,>60s
II84mWg6wmA.mp3,91.66079166666668,48000,0.078005634,0.95710266,0.0815018489956855,29.215439,0.0709315160831684,0,0.0,>60s
ifQKQOoHNAM.mp3,17.983875,48000,0.040462464,0.680657,0.0594461858272552,28.0256,0.041794384360172,0,0.0,10-25s
Pkei9jTSpCs.mp3,49.121833333333335,48000,0.11020852,0.91784537,0.1200730800628662,33.12263,0.0308065609056122,2,0.04071509274558835,45-60s
da_RApZHnGI.mp3,32.9026875,48000,0.054746915,0.9141677,0.0598871670663356,21.222927,0.0568566716470826,0,0.0,25-35s
EYBmRZY7ZXM.mp3,51.882666666666665,48000,0.05392906,0.7012507,0.076904110610485,24.496128,0.0490728176387461,0,0.0,45-60s
vxSttvMi80Q.mp3,53.614895833333335,48000,0.032099657,0.5866535,0.0547165535390377,45.73889,0.0813240338111696,0,0.0,45-60s
eLqRjjsInxs.mp3,57.33008333333333,48000,0.023804726,0.5143932,0.0462772957980632,18.7965,0.0484025254360465,3,0.0523285476938373,45-60s
YEIFUiz7Ej0.mp3,2147.6716666666666,48000,0.06049334,1.0966694,0.0551609583199024,24.652899,0.0517737890421291,93,0.043302708436966236,>60s
rb95h2imOxI.mp3,2614.875020833333,48000,0.024164604,0.6318835,0.038242183625698,18.620108,0.0543247523149564,69,0.026387494411878404,>60s
N7BzQ4m8KCE.mp3,79.00589583333333,48000,0.035680473,0.3557099,0.100307784974575,26.286095,0.0323948603305994,0,0.0,>60s
nfZ2eg7E5Q4.mp3,62.037333333333336,48000,0.09678555,0.79098475,0.1223608329892158,29.834877,0.0577843128169589,0,0.0,>60s
p-4ILAhkRuE.mp3,69.97333333333333,48000,0.13135849,1.2126006,0.1083279103040695,36.611725,0.0609490502591068,0,0.0,>60s
lMA20oU5JIw.mp3,68.3595625,48000,0.08399975,1.0063838,0.0834669172763824,29.221342,0.0392579191615306,1,0.01462853130459985,>60s
Ay67HVnGq-k.mp3,18.9010625,48000,0.12762,1.0413697,0.1225501373410224,37.5056,0.029312306010158,0,0.0,10-25s
8dsHOB-TGd4.mp3,42.66666666666666,48000,0.032396305,0.54886603,0.0590240657329559,37.922558,0.0841854965946013,0,0.0,35-45s
RnbPSYZQ7cU.mp3,31.613979166666667,48000,0.08885968,0.92127335,0.0964531078934669,50.831352,0.0589448051092273,0,0.0,25-35s
9Iv0CQJsNQo.mp3,44.81452083333333,48000,0.09197544,0.92085016,0.0998810082674026,23.735523,0.0420323934287244,0,0.0,35-45s
p2neHddtTHs.mp3,57.30685416666667,48000,0.03730898,0.6064209,0.0615232437849044,23.353218,0.0736059674820863,0,0.0,45-60s
olqvkfpg2Ww.mp3,39.55520833333333,48000,0.06579195,0.9085913,0.0724109411239624,50.14579,0.0386274044132515,0,0.0,35-45s
QjZveRmRNtQ.mp3,80.375875,48000,0.02135225,0.5036328,0.0423964671790599,23.919853,0.0617743166135881,0,0.0,>60s
-bPAj82FEwo.mp3,14.001645833333331,48000,0.07877418,0.6941513,0.1134827211499214,60.329914,0.0299521313309215,0,0.0,10-25s
ShVmMUPaBo8.mp3,32.33379166666667,48000,0.10678116,0.8934821,0.1195112541317939,27.234632,0.0525332327568436,0,0.0,25-35s
HUInSmvW1Ds.mp3,28.1658125,48000,0.026314396,0.6620743,0.0397453792393207,21.28311,0.0522076376727565,0,0.0,25-35s
3F1-I-MVa8A.mp3,65.34095833333333,48000,0.1122588,1.0316851,0.1088111102581024,37.45756,0.0422657397771792,0,0.0,>60s
iLChv3rvcaM.mp3,46.1380625,48000,0.053746708,0.6206701,0.0865946486592292,27.448402,0.0468148395963361,2,0.04334815750011176,45-60s
WegqRmpy4xg.mp3,28.736,48000,0.0673745,0.5454639,0.1235177889466285,35.048252,0.0426698022959183,0,0.0,25-35s
k94vcQaehmE.mp3,5375.048,48000,0.042111136,0.4098579,0.102745696902275,43.851334,0.0433003021072297,1,0.0001860448502041284,>60s
gw0o1nTpHzA.mp3,348.9959375,48000,0.2955197,1.4783336,0.1999005526304245,34.430527,0.0475249323548626,0,0.0,>60s
I-KDqZWicw4.mp3,91.44097916666666,48000,0.05724896,0.96937585,0.0590575486421585,22.177364,0.0540837125823807,0,0.0,>60s
mHVs50ClO8o.mp3,55.68145833333333,48000,0.09020815,1.0652316,0.0846840739250183,23.487242,0.0377173651180329,0,0.0,45-60s
9Op_GOdS4tM.mp3,58.642,48000,0.019837208,0.38396752,0.0516637675464153,27.949532,0.0552665457893779,0,0.0,45-60s
HoZaufUaKxc.mp3,39.311395833333336,48000,0.05851303,0.97404057,0.0600724779069423,28.937428,0.0572224294628323,0,0.0,35-45s
xgwdxUHuoaI.mp3,29.525354166666663,48000,0.080612026,0.7148901,0.1127614229917526,39.948444,0.0424996896442759,0,0.0,25-35s
SHEQnBpb9C8.mp3,218.6739375,48000,0.05520934,0.987815,0.0558903627097606,27.340855,0.0658064793333252,2,0.009146037350701658,>60s
9GsQgXg9w7A.mp3,34.47004166666667,48000,0.11995226,1.1082516,0.108235590159893,29.284454,0.0460551044728496,0,0.0,25-35s
ZtVw1-I4iVI.mp3,61.149770833333335,48000,0.08535088,1.0068378,0.0847712233662605,45.274433,0.0540397799744898,0,0.0,>60s
l-iyLBxW9p0.mp3,21.942875,48000,0.032889295,0.4082628,0.0805591270327568,25.738342,0.0585320623785228,0,0.0,10-25s
7DES5PxseAw.mp3,64.145125,48000,0.15393393,1.2210742,0.1260643452405929,32.970318,0.061739810883979,0,0.0,>60s
3yhiM3Y4Ve0.mp3,60.224,48000,0.037273914,0.6657049,0.0559916459023952,29.681719,0.0281267120539667,0,0.0,>60s
H1fJvBFqfPg.mp3,24.91733333333333,48000,0.12144682,0.5346004,0.2271730899810791,43.613136,0.0592347627834831,0,0.0,10-25s
o2r1njc53s8.mp3,62.67066666666667,48000,0.15372331,1.0939027,0.1405274122953415,28.007248,0.0566180224642614,0,0.0,>60s
XhP0uPNIiIE.mp3,40.192,48000,0.06888554,0.7336796,0.0938904955983161,32.375282,0.0399495421116343,0,0.0,35-45s
t7SfDKmxXbw.mp3,33.785041666666665,48000,0.10189309,0.80679643,0.1262934356927871,30.069603,0.0647906679095643,0,0.0,25-35s
JrYmFHMCbR8.mp3,284.2026666666667,48000,0.040952794,0.62533647,0.0654892176389694,32.704285,0.0756424164946519,8,0.028148926587599456,>60s
XnCmonD4Ye8.mp3,39.148854166666666,48000,0.1279066,1.0670068,0.1198742166161537,30.552986,0.0448900855097384,1,0.025543531765776457,35-45s
J1PUTZE8eZM.mp3,783.661875,48000,0.16937463,1.2448907,0.1360558271408081,25.95334,0.0414957182727579,11,0.014036666004710258,>60s
B_MHzhlkcTI.mp3,61.567729166666666,48000,0.17913803,1.3396028,0.1337247341871261,28.292751,0.0556613554660429,0,0.0,>60s
fWn5XLbPmB4.mp3,63.83166666666666,48000,0.09933668,1.0475843,0.0948245152831077,24.331726,0.0652501207445697,0,0.0,>60s
QcjxmcDZ538.mp3,120.07039583333334,48000,0.10877885,1.0153315,0.1071362867951393,60.143005,0.0472515452190859,0,0.0,>60s
xpexU7x8s_I.mp3,914.3089375,48000,0.0717519,1.0832543,0.0662373527884483,26.722038,0.0537285679638374,28,0.030624222132795243,>60s
dVbwi5oimwA.mp3,13.641729166666666,48000,0.19562693,1.1740475,0.1666260808706283,37.076775,0.0535135634528928,0,0.0,10-25s
YC-ZfdaJ0Y0.mp3,14.918833333333334,48000,0.08767831,0.80856663,0.108436718583107,24.526205,0.0661444837830593,0,0.0,10-25s
PAFUpdp1-xk.mp3,600.7234583333334,48000,0.07692939,1.0196438,0.0754473209381103,25.450245,0.041777299706022,21,0.03495784908793654,>60s
3ISwQ1rwe-Q.mp3,39.55520833333333,48000,0.07231418,1.0116067,0.0714844837784767,35.25366,0.0496568471538824,0,0.0,35-45s
Sa4oZskSJtI.mp3,24.520291666666665,48000,0.12613586,1.0652629,0.1184081956744194,28.071125,0.0350430469089821,0,0.0,10-25s
0pBjMNdXa-g.mp3,347.904,48000,0.20835623,1.0702394,0.1946818828582763,40.200058,0.0437742636125333,0,0.0,>60s
y1mU7U--EEE.mp3,333.90933333333334,48000,0.053197917,0.8328675,0.0638732016086578,33.78897,0.0501494869030506,0,0.0,>60s
rhHJwMJqaz4.mp3,596.9850416666667,48000,0.21144779,1.5465305,0.1367239654064178,32.283073,0.0388011463442279,13,0.02177609000672197,>60s
Y9v8RiywK6Q.mp3,14.001645833333331,48000,0.072757795,0.7035998,0.1034079268574714,27.735916,0.0868013822115384,0,0.0,10-25s
AiAX98AgdZI.mp3,49.81333333333333,48000,0.108738154,0.5710176,0.1904287189245224,36.387978,0.0698688550363947,0,0.0,45-60s
mB3jxTkA4nY.mp3,19.84145833333333,48000,0.03603807,0.55706,0.0646933391690254,24.836948,0.0499311526061257,0,0.0,10-25s
J3gAJ3YLHm8.mp3,918.3027708333332,48000,0.05803131,1.0123968,0.0573207139968872,24.025862,0.0544534521429359,0,0.0,>60s
ezri4WOwM-8.mp3,103.34041666666668,48000,0.085332796,1.0526834,0.0810621678829193,21.73388,0.0483271944989162,0,0.0,>60s
Pe8yllzenJQ.mp3,28.398020833333334,48000,0.09140863,0.9955914,0.0918134003877639,48.687325,0.0445698284359744,0,0.0,25-35s
iJhQkqe2Deg.mp3,105.883,48000,0.22027677,1.1042807,0.199475347995758,31.095062,0.059044501422887,1,0.00944438672874777,>60s
BUOGU1O54KA.mp3,184.20391666666663,48000,0.029451098,0.63100517,0.0466733090579509,29.793541,0.0877153583254921,3,0.016286298653620742,>60s
KwfoY4Ce114.mp3,73.4795625,48000,0.05715947,0.90969574,0.0628336146473884,24.678991,0.0419741135097619,4,0.05443690550008378,>60s
kX3Q3L8Gwwk.mp3,32.98133333333333,48000,0.02432287,0.25310844,0.0960966348648071,33.428318,0.0545108473266246,1,0.030320181112548514,25-35s
QI4YPSLz3dM.mp3,27.6781875,48000,0.02900807,0.9561595,0.0303381085395813,28.16858,0.0611380810452793,0,0.0,25-35s
wojCcJXWsG8.mp3,46.010354166666666,48000,0.0921434,1.17057,0.0787166953086853,53.412476,0.0494508703494436,0,0.0,45-60s
NImS78Ri1mU.mp3,65.6544375,48000,0.22825997,1.2343891,0.1849173605442047,62.305664,0.0391217505025584,0,0.0,>60s
BrAzp4VneqY.mp3,35.88645833333333,48000,0.09863835,0.8611562,0.1145417615771293,31.763868,0.055277065146731,1,0.027865664276798933,35-45s
QHwH5En0Tl4.mp3,175.96083333333334,48000,0.03287426,0.7524251,0.0436910763382911,19.410822,0.0431512820039249,0,0.0,>60s
z_2hy0KWCJE.mp3,37.077354166666666,48000,0.059667967,0.6241981,0.0955913960933685,25.418768,0.0385368639002732,0,0.0,35-45s
33_99W2Dkj0.mp3,56.512,48000,0.10445724,0.69528127,0.1502373814582824,35.479668,0.039057892703812,0,0.0,45-60s
YIFzUTMeucU.mp3,122.94966666666669,48000,0.057592303,0.7232058,0.0796347334980964,25.26068,0.0600751987860024,1,0.008133409606641199,>60s
0Im4UL1bXp0.mp3,71.4478125,48000,0.107898004,0.997475,0.108171135187149,32.607536,0.0598679169698835,0,0.0,>60s
lDOXPx-R0dk.mp3,119.00227083333333,48000,0.031427354,0.50884616,0.0617619939148426,22.310555,0.0663824858412879,0,0.0,>60s
neLALRywe94.mp3,17.152,48000,0.110485114,1.0049425,0.1099417209625244,36.205574,0.0323330800380671,0,0.0,10-25s
W5gg257J2ek.mp3,69.64897916666666,48000,0.03999118,0.7033058,0.0568617284297943,24.061169,0.0328071161944869,3,0.043073136690505456,>60s
25dJKFEU7tM.mp3,145.1595625,48000,0.12552102,0.99150217,0.1265968233346939,28.072933,0.0274134993386729,0,0.0,>60s
JMIZKe8NjEc.mp3,53.046,48000,0.112679385,0.9818939,0.1147571876645088,31.670788,0.0568685681167068,0,0.0,45-60s
IbY8PBh-Pj8.mp3,62.508125,48000,0.061285537,0.7040351,0.0870489776134491,29.891937,0.0532983852478246,0,0.0,>60s
dchK6z1TwR8.mp3,44.3036875,48000,0.07573869,1.0180485,0.0743959546089172,25.035172,0.0483861564155031,0,0.0,35-45s
-OwGv0N_xhY.mp3,32.983958333333334,48000,0.041164756,0.49606928,0.0829818695783615,23.607168,0.0568111208777885,0,0.0,25-35s
hdcqpNakiL8.mp3,68.24533333333333,48000,0.034001853,0.7672935,0.0443140119314193,24.169386,0.0541995239734724,3,0.043959049703032195,>60s
42RFsY3DqYA.mp3,85.33333333333333,48000,0.033957712,0.65606946,0.0517593249678611,25.187452,0.0551010835559617,4,0.046875,>60s
StiTid_zeU4.mp3,20.839916666666667,48000,0.119813465,0.9970651,0.1201661378145217,34.015907,0.0429365144415301,0,0.0,10-25s
ZOShJaITTvY.mp3,28.200979166666663,48000,0.11401292,1.1724652,0.0972420498728752,26.329859,0.0757495227992624,0,0.0,25-35s
4GGNIoD80EY.mp3,60.03520833333334,48000,0.039326433,0.27422112,0.1434113979339599,34.29949,0.0360951656599751,0,0.0,>60s
dPQ5ur8lIHk.mp3,228.24097916666668,48000,0.025945434,0.3140769,0.0826085433363914,28.421667,0.0789937654804187,10,0.04381334165543417,>60s
i74yY-ZOA1o.mp3,18.97070833333333,48000,0.12599017,0.5920249,0.2128122746944427,52.401653,0.050117857205593,0,0.0,10-25s
K0jyZ3Igazo.mp3,91.684,48000,0.06263868,0.39574963,0.1582785546779632,49.941284,0.0625266407522394,0,0.0,>60s
BR3TK1t01GU.mp3,63.05379166666667,48000,0.045267407,0.9080621,0.0498505644500255,22.476072,0.062515031662297,1,0.015859474483096773,>60s
OC95fbcUsnA.mp3,124.87691666666667,48000,0.16257213,1.1267195,0.144288033246994,36.2999,0.0160143571703108,0,0.0,>60s
jSr9BJ_sdrc.mp3,299.16,48000,0.14847264,1.0516009,0.1411872506141662,32.37916,0.0607087649470085,1,0.0033426928733787937,>60s
Rw1_R2Toxgk.mp3,15.0233125,48000,0.18882933,1.3080384,0.1443607062101364,29.203564,0.105891187788325,0,0.0,10-25s
KXzV9xZ8IUY.mp3,55.368,48000,0.12053157,1.088966,0.1106844171881675,29.902576,0.0522291624024754,0,0.0,45-60s
vdLYVMy6Qwo.mp3,105.96427083333332,48000,0.093541056,0.9571514,0.0977285876870155,34.413727,0.0431584105278057,0,0.0,>60s
3MuVza5SSm4.mp3,62.41525,48000,0.07107402,0.903684,0.0786491930484771,25.504702,0.0362981038800837,2,0.03204345091944677,>60s
JVnocB2fVAk.mp3,32.71691666666667,48000,0.09571254,0.9397056,0.1018537506461143,47.87933,0.0326389277929432,0,0.0,25-35s
clRC_04GcTg.mp3,26.540416666666665,48000,0.12528637,0.9467529,0.1323326975107193,183.7271,0.0538802371057653,0,0.0,25-35s
lV8l3_SsXhY.mp3,24.18358333333333,48000,0.12326498,0.8446126,0.1459426283836364,44.14102,0.0470698388585758,0,0.0,10-25s
MgyNxw8CvYY.mp3,2425.770666666667,48000,0.016690118,0.2558511,0.0652337223291397,23.875675,0.0655572258745773,111,0.04575865374467935,>60s
ATT2bfrUGFo.mp3,166.976,48000,0.11513841,0.86659706,0.1328626871109008,35.830776,0.0699433961793356,3,0.017966653890379457,>60s
JPbiYHCACa4.mp3,124.41252083333332,48000,0.06777506,0.9980241,0.0679092481732368,26.010433,0.0628581733860596,0,0.0,>60s
yreTitu2kEg.mp3,25.30977083333333,48000,0.100540936,0.9153076,0.1098438799381256,32.292812,0.0457229196296881,0,0.0,25-35s
pSP7yLCFmWs.mp3,54.32310416666667,48000,0.15553962,1.0388498,0.1497229039669037,29.13955,0.0465551676320439,0,0.0,45-60s
MQaSDUwUBpI.mp3,66.8154375,48000,0.0878455,0.80709815,0.1088411584496498,27.209036,0.0470344865002394,0,0.0,>60s
Sm_I8P8Mzm8.mp3,57.62133333333333,48000,0.11960172,1.0018744,0.1193779483437538,45.98661,0.0330497632970109,0,0.0,45-60s
b64-Gm3mX1k.mp3,935.3173333333332,48000,0.025643611,1.0811639,0.023718524724245,14.793762,0.0492998846393992,26,0.027798052140592572,>60s
eqxf6cuv-mU.mp3,480.48,48000,0.22420627,1.3927007,0.1609866917133331,32.81611,0.0512966302848754,9,0.018731268731268732,>60s
CnwHxEQKe_s.mp3,32.33379166666667,48000,0.15587182,0.9533788,0.1634941101074218,30.72388,0.063268334381184,0,0.0,25-35s
3MAUEApsdhc.mp3,22.11702083333333,48000,0.072025016,0.9523928,0.0756253227591514,27.208378,0.0647151582841128,0,0.0,10-25s
FOLvmjWlI-Y.mp3,38.03429166666667,48000,0.09142572,0.89422774,0.1022398546338081,26.969429,0.0503355530093241,2,0.05258412638594777,35-45s
r9L_D10ZBbQ.mp3,35.64264583333333,48000,0.05991022,0.8431746,0.0710531622171402,25.089235,0.043814987283064,0,0.0,35-45s
yjgnystv2rQ.mp3,60.859520833333335,48000,0.1984559,1.0858475,0.1827659010887146,49.030247,0.0432638067385208,0,0.0,>60s
WeS0eMS_a74.mp3,58.653625,48000,0.074733935,0.86938035,0.0859623029828071,30.37703,0.036641250113657,0,0.0,45-60s
tS4iqZo7Jdc.mp3,81.80391666666667,48000,0.08615675,0.94673324,0.0910042524337768,29.253574,0.0417453094442633,0,0.0,>60s
qEZHp_eHzSw.mp3,177.05216666666666,48000,0.083464585,0.5700681,0.1464115977287292,33.765457,0.0611444672401198,7,0.039536370165855074,>60s
quPxe9o5IUk.mp3,60.67375,48000,0.047364276,1.0055847,0.0471012294292449,20.847286,0.0421632447211724,0,0.0,>60s
BaN7GLVA2s8.mp3,71.296875,48000,0.2282578,1.2444154,0.1834257245063781,33.428825,0.0438716868455497,0,0.0,>60s
vBi8gw9UFE4.mp3,101.47120833333334,48000,0.0845908,0.9598112,0.0881327465176582,25.625917,0.052007624845606,0,0.0,>60s
gz2z5rJtaSU.mp3,59.1760625,48000,0.017239362,0.30091268,0.0572902485728263,24.182692,0.0653351644173576,0,0.0,45-60s
5EZfqB3X-q4.mp3,101.66858333333332,48000,0.03835496,0.45449626,0.0843900442123413,25.086586,0.0707307560224769,1,0.009835880143243202,>60s
KAOAiwf_r3w.mp3,195.0011875,48000,0.11046173,0.62940264,0.1755024790763855,31.858227,0.0494097517794141,0,0.0,>60s
X6bxsWP9D7k.mp3,15.04,48000,0.2559263,1.108036,0.2309729158878326,50.53204,0.0471791808779234,0,0.0,10-25s
aYx_muC0nXs.mp3,63.959375,48000,0.091000676,0.7965424,0.1142446100711822,42.410908,0.0417688499197515,0,0.0,>60s
gFBzh8CbuPM.mp3,101.88916666666668,48000,0.15267782,1.1267745,0.1354998797178268,34.80438,0.0377515571024809,0,0.0,>60s
HuISaB-TG94.mp3,1712.7735208333334,48000,0.07206628,0.60944116,0.1182497665286064,29.22738,0.0485414867283883,24,0.014012360483202141,>60s
CwYJuPeBVgg.mp3,44.2108125,48000,0.063758075,0.67719555,0.0941501706838607,26.221256,0.0660340018094089,1,0.02261890120205323,35-45s
Vn2Fi4Cmtqs.mp3,155.94522916666668,48000,0.059335615,1.005358,0.0590193904936313,23.98888,0.059540487933909,1,0.0064125078102341216,>60s
a3SDRKIkc1A.mp3,181.73097916666663,48000,0.274662,1.5387897,0.1784922182559967,42.381405,0.0818362298153392,1,0.005502639145981235,>60s
6B52Wj8ecRk.mp3,60.1396875,48000,0.08306765,0.9276849,0.0895429551601409,24.406216,0.0418100886404947,0,0.0,>60s
13YyroC0wnY.mp3,70.07783333333333,48000,0.07124875,1.0893197,0.0654066428542137,23.082354,0.0690831757753044,0,0.0,>60s
wFUWbjFG49s.mp3,26.218666666666667,48000,0.17270447,1.0819292,0.1596264094114303,30.891739,0.0418458421233224,0,0.0,25-35s
vTCGIGlgCMs.mp3,55.1241875,48000,0.057358988,0.73733354,0.0777924582362175,27.145935,0.0536995997000774,3,0.05442257085421894,45-60s
6eSzAsYt6Y8.mp3,35.53814583333333,48000,0.100661315,1.0717003,0.0939267352223396,27.744629,0.0766510705844838,2,0.0562775562174682,35-45s
_3nDvw9nkMA.mp3,60.186125,48000,0.16223566,1.0706236,0.1515337973833084,41.21557,0.0413129374889243,0,0.0,>60s
3MxxD-uf0Nk.mp3,42.34160416666667,48000,0.077459954,0.88729703,0.0872987881302833,33.898952,0.0552995119647355,2,0.04723486602273079,35-45s
6qBDj10xNXE.mp3,481.30322916666665,48000,0.091831,1.0557755,0.0869796648621559,24.07882,0.0520392372826773,0,0.0,>60s
uHKEts_Zqqs.mp3,1009.6426666666666,48000,0.116846144,1.4532471,0.0804034918546676,25.061445,0.0413909136716892,50,0.04952247131658462,>60s
Wd05wX3Ze0c.mp3,171.9205625,48000,0.024548266,0.43632698,0.0562611706554889,20.525322,0.0637392431501271,0,0.0,>60s
aC4W9FStRFE.mp3,100.670125,48000,0.06965268,0.92869484,0.0750006064772605,32.195168,0.0704599983941248,0,0.0,>60s
Huo7hpnL3Jc.mp3,692.9066666666666,48000,0.07264485,0.9848863,0.0737596303224563,21.949083,0.0594975975970197,16,0.023091133004926108,>60s
s4wRl8tGpug.mp3,27.28533333333333,48000,0.16389024,0.97801214,0.1675748527050018,36.838223,0.0481908216100039,1,0.036649726348709936,25-35s
CFJyk4V6hR0.mp3,18.808166666666665,48000,0.24275373,1.1813655,0.2054857164621353,32.377396,0.0672878689236111,0,0.0,10-25s
4zkB9JjBM40.mp3,1071.7750625,48000,0.080741554,0.9837685,0.0820737332105636,26.848402,0.0542556428146677,37,0.03452216915151447,>60s
5tHGJuosLow.mp3,142.24545833333335,48000,0.042517368,0.75881475,0.0560312867164611,22.483608,0.0330100605855391,2,0.014060202859435171,>60s
H4a3PEHNTX4.mp3,45.696979166666665,48000,0.12671043,1.0789007,0.1174440160393714,26.641672,0.0352764686041423,0,0.0,45-60s
NMTHEOJUWG4.mp3,48.7503125,48000,0.045407433,0.7216555,0.0629212036728859,26.287594,0.0599813617780573,0,0.0,45-60s
mDHZ9IeQaGg.mp3,58.60716666666666,48000,0.029846413,0.3356898,0.0889106914401054,33.931927,0.0378188267743403,0,0.0,45-60s
h2-jqm0ByRA.mp3,1084.8362916666667,48000,0.053660564,1.031918,0.0520007982850074,19.760267,0.0485363776252654,55,0.05069889385383839,>60s
T8jqk5OxPQI.mp3,43.37489583333333,48000,0.0301586,0.29139248,0.1034982129931449,171.3927,0.0456768079972953,0,0.0,35-45s
9hVXsyawYbA.mp3,179.67602083333333,48000,0.21834059,1.3365245,0.1633644551038742,28.126602,0.0433092859528049,0,0.0,>60s
UNiBswdPBso.mp3,41.38958333333333,48000,0.03816479,0.3804092,0.100325621664524,27.934975,0.0658531749227003,1,0.024160668445160318,35-45s
ZPyMaFwiq2Q.mp3,16.8576875,48000,0.14761192,1.0340968,0.1427447646856308,185.11743,0.0450688844086021,0,0.0,10-25s
absN8I111No.mp3,3030.0415625,48000,0.07450851,1.0921491,0.0682219192385673,22.383661,0.0404653363439567,16,0.005280455620812957,>60s
6wR8nos3D8Q.mp3,75.27910416666667,48000,0.07804993,0.7905357,0.0987304300069809,25.295174,0.0554909018356829,0,0.0,>60s
cH_jRpUB7-k.mp3,561.0986041666666,48000,0.11760071,1.1337906,0.1037234812974929,28.31959,0.0513703379411583,20,0.03564435885507795,>60s
2ClSdLWycFI.mp3,71.61035416666667,48000,0.110423565,1.0686855,0.10332652926445,38.02718,0.0524176539925901,3,0.041893383085604766,>60s
nej4Tq7JaiE.mp3,32.7981875,48000,0.0827799,0.7364197,0.1124085932970047,32.98212,0.0552956681910569,0,0.0,25-35s
JumpW0TyQyw.mp3,105.023875,48000,0.13552701,0.8626451,0.157106339931488,29.678951,0.0324775467988269,0,0.0,>60s
u5G9JEVOToU.mp3,53.34785416666666,48000,0.072906226,1.031555,0.0706760361790657,21.045149,0.0472779638144742,1,0.01874489640906363,45-60s
FbF8iU9OEPs.mp3,62.426854166666665,48000,0.040570643,0.93440557,0.0434186644852161,25.490313,0.0543223527197591,0,0.0,>60s
lWDJuKcXGac.mp3,22.72072916666667,48000,0.08422697,0.880689,0.0956375896930694,28.733538,0.0550341773961755,0,0.0,10-25s
IrX6w3BSKn0.mp3,90.44172916666666,48000,0.21671908,1.1468605,0.1889672577381134,48.9311,0.0414107878656091,0,0.0,>60s
RJ4-z0Z7-X0.mp3,83.64989583333333,48000,0.16537349,1.0079925,0.1640622168779373,30.085243,0.0532276368059097,0,0.0,>60s
fnN7DaHAVEw.mp3,838.9950208333333,48000,0.09241232,1.1492923,0.0804080218076706,29.775238,0.0760925826840133,26,0.03098945685538807,>60s
JcFiMoU57Vw.mp3,19.2,48000,0.022550158,0.31111932,0.0724807381629943,33.82236,0.0547512124340644,0,0.0,10-25s
xpqpjiS29sI.mp3,902.9776041666668,48000,0.107859425,1.088249,0.0991128236055374,34.058235,0.0805146163103183,33,0.036545756891118907,>60s
IiX7vqVuT9U.mp3,19.41333333333333,48000,0.02126091,0.34945264,0.0608406029641628,54.804016,0.0382167893671059,0,0.0,10-25s
KU9_G_s18n0.mp3,27.6781875,48000,0.14263126,1.0522169,0.1355531066656112,184.91539,0.040860579238921,0,0.0,25-35s
89Rfa8QhlDw.mp3,59.234125,48000,0.124390095,0.8958911,0.1388451159000396,34.665634,0.0322624319184371,0,0.0,45-60s
7i_pZh9Pe7w.mp3,90.48816666666669,48000,0.039562512,0.3407606,0.1161006093025207,32.677624,0.0596550883464462,0,0.0,>60s
luc5idx3zJY.mp3,523.136,48000,0.2800899,2.3437865,0.1195031702518463,28.681917,0.0848020034216026,0,0.0,>60s
UMzJnigcvkY.mp3,61.8811875,48000,0.08346609,0.94395417,0.0884217619895935,30.02415,0.049449206631334,2,0.0323200003232,>60s
snHOwJBlFPI.mp3,124.11066666666666,48000,0.060675636,0.81855005,0.0741257518529892,22.579782,0.0357447388492609,2,0.016114650365802563,>60s
FN2HEQUKhVc.mp3,94.482,48000,0.10158626,0.84862036,0.1197075471282005,29.901081,0.0613221827197166,1,0.010584026587074786,>60s
I5NEYTeMfrQ.mp3,10.913395833333333,48000,0.29233122,1.202543,0.243094190955162,47.556015,0.0468192100524902,0,0.0,10-25s
lSq7rMTN1zU.mp3,47.36,48000,0.28420052,1.1929946,0.2382244765758514,46.184677,0.0502323871312767,0,0.0,45-60s
lw5GHQ7n06U.mp3,66.44391666666667,48000,0.019159403,0.31689337,0.0604600943624973,23.593506,0.0489697500752407,0,0.0,>60s
3E1PAFAXeTc.mp3,60.789854166666665,48000,0.04980047,0.87212825,0.057102233171463,24.24576,0.038832151178728,0,0.0,>60s
4TxzrpC7Q2k.mp3,52.010666666666665,48000,0.16995321,1.0272467,0.1654453724622726,32.010006,0.0586540217474882,3,0.057680475799835935,45-60s
y1Poqaw_wz4.mp3,206.158375,48000,0.11780769,1.0878533,0.1082937270402908,32.887424,0.0658989710523592,2,0.009701279416856093,>60s
qyTCFlZ0srY.mp3,60.00097916666667,48000,0.08842862,1.0675476,0.0828334242105484,24.23835,0.0504143013464273,0,0.0,>60s
u-88SXY93Dg.mp3,50.8749375,48000,0.03193605,0.3592737,0.0888905823230743,30.172655,0.0414698186910377,0,0.0,45-60s
LXKWo-jUI2w.mp3,40.008,48000,0.0,0.0,,-inf,0.0,0,0.0,35-45s
CYk1AF__mRE.mp3,34.04045833333333,48000,0.07822718,0.7017447,0.1114752665162086,30.190077,0.0640693224761121,1,0.02937680774470575,25-35s
6_VsDLnJrQ8.mp3,72.98033333333333,48000,0.0901673,0.760954,0.1184924393892288,25.97396,0.0410999073964118,0,0.0,>60s
wywisekEqgk.mp3,28.804354166666663,48000,0.35276413,1.1781404,0.2994245290756225,40.585907,0.023710113152536,0,0.0,25-35s
XLu0Pj-UC_Y.mp3,11.4590625,48000,0.07416291,0.8293959,0.0894179865717887,28.639004,0.0367768895348837,0,0.0,10-25s
axmaaGxcaHY.mp3,1681.008979166667,48000,0.060748857,1.1259682,0.0539525486528873,18.681719,0.0451655462280687,37,0.022010590341011833,>60s
7klJxnzELxk.mp3,32.9026875,48000,0.07106537,0.6801635,0.104482777416706,28.346848,0.0285417405287682,0,0.0,25-35s
q8E_aJ6RyRk.mp3,540.119375,48000,0.016881797,0.34104162,0.0495006963610649,22.959797,0.0322530801340916,5,0.00925721281522256,>60s
lADnluF8zS0.mp3,102.44645833333334,48000,0.033728942,0.9534755,0.0353747345507144,16.166914,0.0618094416970327,0,0.0,>60s
YMOQOKv8PwU.mp3,29.4196875,48000,0.09091026,0.7265036,0.1251339465379715,85.20229,0.0478538632090431,0,0.0,25-35s
ZLKMMHk1bvI.mp3,37.26804166666667,48000,0.11635021,1.0268078,0.1133125498890876,35.77971,0.0279857545971665,0,0.0,35-45s
4u4leJxCaiU.mp3,499.9024166666667,48000,0.08204672,1.0274081,0.0798579603433609,31.693367,0.0532252713354297,24,0.048009369828678226,>60s
VBnqwXHLQzI.mp3,2309.2709375,48000,0.017688548,0.34041262,0.0519620813429355,25.314648,0.0652874286032876,101,0.04373674754220996,>60s
Vw0bcwWl6Jg.mp3,13.248,48000,0.11704263,1.0473114,0.1117553263902664,48.09853,0.0473401045856798,0,0.0,10-25s
8WcGxQKgkE4.mp3,25.042729166666668,48000,0.060036242,1.0207596,0.0588152632117271,20.63313,0.0417746652736371,0,0.0,25-35s
iU9rI0LgMJc.mp3,85.77452083333333,48000,0.28659618,1.4257493,0.2010144293308258,42.59827,0.0457189598358617,0,0.0,>60s
W-N1PbdSpHg.mp3,66.74577083333334,48000,0.11594601,1.2186484,0.0951431170105934,32.486843,0.0618352259108341,0,0.0,>60s
_3HMr80vQPM.mp3,102.63220833333334,48000,0.043927323,0.8300212,0.052923135459423,21.151749,0.0375812144369673,4,0.03897411996640106,>60s
qWT00zjS8bo.mp3,73.56097916666667,48000,0.07121859,0.8160182,0.0872757285833358,25.992325,0.0500652882367333,0,0.0,>60s
A3Uljt-1sxc.mp3,17.368541666666665,48000,0.042299185,0.34265035,0.1234470754861831,35.59156,0.0675908341006752,1,0.05757535774688434,10-25s
YXFOhHQJtWA.mp3,60.10485416666667,48000,0.27225122,1.0728278,0.2537697255611419,80.76578,0.0504013697870452,0,0.0,>60s
Oqy2qcA-TDc.mp3,23.104,48000,0.07422374,0.8020466,0.0925429314374923,33.754257,0.0640520448777111,0,0.0,10-25s
qBcIgtnn2Qg.mp3,1026.5991875,48000,0.06401279,1.0038748,0.063765712082386,20.701674,0.0482323137107897,16,0.015585439960227905,>60s
tJPt-SpjUrI.mp3,1560.0326666666667,48000,0.027937304,0.45439947,0.0614818148314952,21.795033,0.0374531155985477,22,0.014102268798644815,>60s
b64qDfmswPM.mp3,254.4675,48000,0.039469678,1.0189615,0.0387351997196674,22.249004,0.070936272798602,0,0.0,>60s
IC4WyhvS5fE.mp3,506.816,48000,0.047961008,1.028069,0.0466515459120273,23.363796,0.0527744630807376,4,0.007892410657911353,>60s
wZPcq7RikDI.mp3,393.216,48000,0.12580198,0.6876018,0.1829576045274734,48.530243,0.0495574673852231,0,0.0,>60s
2Gtp_tr9DBY.mp3,85.76,48000,0.06890001,0.9442283,0.0729696527123451,27.552685,0.051580012786034,0,0.0,>60s
_XKrWK8eDHE.mp3,137.34604166666668,48000,0.19761696,1.2347703,0.1600435078144073,27.718662,0.0604191642560379,7,0.050966157561269355,>60s
mcGZYvfmTpQ.mp3,26.6216875,48000,0.06790133,0.62042487,0.1094432696700096,46.921494,0.0557301839192708,0,0.0,25-35s
97FWQQv8res.mp3,22.198291666666663,48000,0.04788777,0.80221915,0.0596941225230693,24.81533,0.0403134568623919,0,0.0,10-25s
isRAz3KvgUk.mp3,54.33470833333333,48000,0.075039096,0.9996256,0.0750671997666359,56.754555,0.0383806891379564,1,0.018404442218870228,45-60s
Qn27cxAJV9c.mp3,111.688,48000,0.040917702,0.8080609,0.0506369061768054,21.273115,0.0277348040122719,0,0.0,>60s
4ECb88B4L8Q.mp3,11.157208333333331,48000,0.16758344,0.65037286,0.2576728463172912,34.24456,0.0414805658460803,0,0.0,10-25s
0o_k879jk9M.mp3,480.606625,48000,0.066845976,0.6486783,0.1030495017766952,27.618069,0.0613884955792107,13,0.027049148563026988,>60s
Sgty0D9Ep7Q.mp3,55.542145833333336,48000,0.02161101,0.3751061,0.0576130598783493,30.66059,0.0740372383832565,0,0.0,45-60s
-dSZJFxUt68.mp3,75.69066666666667,48000,0.06493508,0.9496549,0.0683775544166565,25.471556,0.0374791119927434,0,0.0,>60s
lwoTPWO-pFE.mp3,26.709333333333333,48000,0.14090265,1.1469187,0.1228532195091247,46.207954,0.0643305186501996,0,0.0,25-35s
hr16BzHz6Is.mp3,31.3005,48000,0.08053428,0.267098,0.3015158474445343,124.17046,0.0449228731899488,0,0.0,25-35s
1CajYPizWD0.mp3,37.97625,48000,0.0534976,1.0733709,0.0498407408595085,43.399563,0.0480472315097584,0,0.0,35-45s
DRLsqgReeeE.mp3,38.38260416666667,48000,0.206149,1.159528,0.1777869910001754,32.47051,0.0598728596485134,0,0.0,35-45s
UxlbMa68xM4.mp3,46.091625,48000,0.04240972,0.6386305,0.0664072930812835,26.215494,0.0327256894232994,0,0.0,45-60s
_kQTOX6hLnE.mp3,83.3364375,48000,0.05019468,0.56779945,0.0884021297097206,175.75275,0.0273291259359401,0,0.0,>60s
DHF5w-RhxfA.mp3,54.891979166666665,48000,0.094363846,1.0414325,0.0906096622347831,41.25406,0.0646907672248397,0,0.0,45-60s
zUDUuG-crjE.mp3,35.4104375,48000,0.10654772,0.69102395,0.1541881710290908,33.980003,0.0399005200489457,0,0.0,35-45s
cdRmq6ZrgWA.mp3,23.684354166666665,48000,0.18037233,1.0976341,0.1643282920122146,32.488995,0.029789113504615,0,0.0,10-25s
-zcJygCxg0g.mp3,49.09860416666667,48000,0.033321112,0.6566412,0.050744779407978,27.674583,0.063273103139257,2,0.04073435556764385,45-60s
9sxhUL9zXDk.mp3,33.90114583333333,48000,0.19093794,1.0149052,0.1881337612867355,29.054298,0.0585028212488203,0,0.0,25-35s
ZyXGxEVop9M.mp3,1266.3466666666666,48000,0.07471159,1.0302625,0.0725170448422432,24.600574,0.0588577947456642,64,0.05053908355795149,>60s
tTe3N8VX2AY.mp3,1000.0021875,48000,0.11868801,1.0897771,0.1089103519916534,31.534548,0.0360698444216595,1,0.000999997812504785,>60s
ux-34ZUgVlk.mp3,28.0106875,48000,0.054140735,0.82636505,0.0655167326331138,24.542782,0.078341910627617,0,0.0,25-35s
rVztYAp8pnI.mp3,23.010979166666665,48000,0.23481442,1.2250206,0.1916820108890533,46.39811,0.0525090144230769,0,0.0,10-25s
WBW52NmiY4I.mp3,1001.1093333333332,48000,0.11708423,1.1116779,0.1053220778703689,22.785118,0.0518719919107266,0,0.0,>60s
_TvH1MB4LYY.mp3,148.096875,48000,0.104898855,0.5336013,0.1965865939855575,51.69817,0.0301572838832373,0,0.0,>60s
BskfX7e8_4Y.mp3,34.655791666666666,48000,0.14947222,0.7912396,0.1889089196920395,29.107243,0.040542522699292,0,0.0,25-35s
8--hOfADD5A.mp3,64.85333333333334,48000,0.06564001,0.8998971,0.0729416832327842,31.95668,0.0410208442536178,2,0.030838815789473683,>60s
7m5tGwZfKRI.mp3,170.4693125,48000,0.07138292,0.85100853,0.0838803797960281,26.895065,0.0308660536560662,0,0.0,>60s
XAODxG-_fK8.mp3,202.4780208333333,48000,0.08079818,1.0287225,0.0785422474145889,24.696964,0.0656040056810699,0,0.0,>60s
SfCNOvDtbD0.mp3,40.70497916666667,48000,0.096170954,0.6607734,0.145543023943901,74.942535,0.0572620738636363,0,0.0,35-45s
JbqWcgNn4J4.mp3,161.22777083333332,48000,0.027051166,0.5083853,0.0532099679112434,24.43431,0.0520656532192709,9,0.05582164879835502,>60s
yikrAJTfVnc.mp3,178.3873125,48000,0.13377202,1.2914099,0.1035860255360603,37.6301,0.0545309486927469,0,0.0,>60s
Tpf2NRgs0f0.mp3,63.44533333333333,48000,0.08059754,1.0513258,0.0766627639532089,21.650452,0.0459449756524205,1,0.015761600537995964,>60s
7U1B5obs0iY.mp3,88.51447916666666,48000,0.10470612,1.0805271,0.0969028249382972,26.244553,0.0457872371671285,0,0.0,>60s
IvOEQ3F8ey8.mp3,87.6205,48000,0.062364865,0.82700324,0.0754106640815734,27.61042,0.0354065424338101,0,0.0,>60s
Jwh2Vkd-51g.mp3,14.953666666666669,48000,0.08359378,0.5312969,0.1573390960693359,56.94029,0.1036789658746433,0,0.0,10-25s
tdbul8QY-lg.mp3,1040.4266666666667,48000,0.03445562,0.7490796,0.0459972769021987,23.887764,0.0418924748230872,34,0.032678900963707194,>60s
i-rJ9gf1Spk.mp3,25.774166666666662,48000,0.1942876,1.1001695,0.1765978634357452,187.56126,0.0403410817257964,0,0.0,25-35s
rXMHjLSj7EY.mp3,60.058416666666666,48000,0.06267963,0.67882454,0.092335544526577,25.677322,0.0646598489389096,0,0.0,>60s
39661vdie6k.mp3,44.416,48000,0.065657645,0.84316206,0.0778707340359687,22.597656,0.0297756602641056,1,0.02251440922190202,35-45s
VyQWWST1r0E.mp3,329.13125,48000,0.057315167,0.67919517,0.0843868926167488,26.917988,0.0447916751061347,4,0.012153206357646076,>60s
ZSFWjvAv728.mp3,58.874208333333335,48000,0.09779287,1.000806,0.0977141186594963,34.476044,0.0411398182744565,0,0.0,45-60s
hlnVasMRcnc.mp3,526.4776458333333,48000,0.029392263,0.60157603,0.0488587655127048,34.64724,0.0551733278736476,30,0.05698247634524844,>60s
xk_79sXGNmg.mp3,31.497875,48000,0.063547306,0.608965,0.1043529734015464,55.7568,0.0464206156874365,0,0.0,25-35s
oU7WBcoqc9Y.mp3,58.363375,48000,0.046530094,0.2798574,0.1662635803222656,62.49472,0.0739788925438596,0,0.0,45-60s
erkIeYvuFmA.mp3,30.56908333333333,48000,0.07112352,1.1159708,0.0637324154376983,24.0078,0.044166282765614,0,0.0,25-35s
l-iYMv5NayU.mp3,45.1628125,48000,0.07100289,0.97777236,0.0726169943809509,22.516552,0.0496362391159976,0,0.0,45-60s
XIWggoRfO0w.mp3,70.91375,48000,0.058781564,0.7420089,0.0792194828391075,29.29525,0.0703594261120093,0,0.0,>60s
l0BDz39qLDY.mp3,832.6329791666667,48000,0.097013466,1.0087372,0.0961731821298599,29.786022,0.0818502994491416,46,0.055246430481337275,>60s
FcosKjbFqM0.mp3,117.88772916666667,48000,0.07523902,0.673968,0.1116358861327171,27.318926,0.0642735318692318,1,0.008482647066568103,>60s
D8uK1MK22Dk.mp3,60.696979166666665,48000,0.07465215,0.72745,0.1026216894388198,33.406994,0.0337905039206642,0,0.0,>60s
lXCcc4kmyzA.mp3,58.95547916666667,48000,0.06666434,0.5413509,0.1231444105505943,24.737995,0.0651562217348046,0,0.0,45-60s
Be1b99roHcY.mp3,20.4451875,48000,0.23625918,1.0921524,0.2163243740797042,43.03776,0.0218188107231351,0,0.0,10-25s
c9rsh_T8-PM.mp3,52.6048125,48000,0.105874516,0.79303813,0.1335049569606781,36.74682,0.0447653517525851,0,0.0,45-60s
pi3vkHifcys.mp3,63.0421875,48000,0.041853327,0.6523762,0.0641552060842514,21.101416,0.054692456331416,0,0.0,>60s
fKcn9MMgPhU.mp3,44.6868125,48000,0.106584705,0.9743655,0.1093888357281684,27.28819,0.0501285379997016,0,0.0,35-45s
diBjv9SESl0.mp3,60.406729166666665,48000,0.05641591,0.4826234,0.1168942749500274,32.4744,0.039727507338012,0,0.0,>60s
yfd0OWKFtQE.mp3,21.849979166666667,48000,0.14758912,0.9199791,0.1604266017675399,39.929054,0.0163887586170083,0,0.0,10-25s
J62cusgjp7k.mp3,248.40708333333333,48000,0.20600092,1.1027467,0.1868071109056472,56.715084,0.0324720973756387,0,0.0,>60s
q6KPX9rHPLQ.mp3,27.0048125,48000,0.016860075,0.4301826,0.0391928330063819,25.78086,0.0509098770117496,0,0.0,25-35s
INVoE5vQxV8.mp3,10.948229166666666,48000,0.10709682,0.77316296,0.1385177820920944,54.923534,0.0385437903176728,0,0.0,10-25s
HRCUZJD0qhw.mp3,59.64097916666667,48000,0.1688683,1.0345117,0.1632348001003265,33.72348,0.0453165515468526,0,0.0,45-60s
ZhA9D1GrtV0.mp3,61.6954375,48000,0.05069924,0.59982324,0.0845236405730247,36.92335,0.0256046279337396,0,0.0,>60s
REijmhewAqw.mp3,16.207541666666668,48000,0.09245041,1.0052637,0.0919663310050964,23.405273,0.0355108963815789,0,0.0,10-25s
SxM6-yKvKM4.mp3,60.1396875,48000,0.086579055,0.9374452,0.0923563912510871,24.474613,0.0546804862065525,0,0.0,>60s
C45JV5WBFRQ.mp3,163.37560416666668,48000,0.08488205,0.99255455,0.0855187773704528,25.455956,0.0626801766419664,1,0.006120864893511615,>60s
eyA0vmCK_sI.mp3,44.71004166666667,48000,0.1041094,0.7181243,0.1449740678071975,33.049213,0.0262472138150047,0,0.0,35-45s
w1wZcoPwQHE.mp3,48.703875,48000,0.07068929,0.95541763,0.0739878416061401,27.092445,0.0390086029894875,0,0.0,45-60s
5V-SSqdDXdw.mp3,224.52245833333333,48000,0.22299822,1.2908555,0.1727522611618042,37.344807,0.0686703820178512,0,0.0,>60s
TdZGUpyDaZs.mp3,374.8629583333333,48000,0.11461991,0.8733394,0.1312432587146759,37.51431,0.0777764063122439,1,0.002667641541447758,>60s
TmQhHTT4zL4.mp3,23.637916666666666,48000,0.13846773,0.9768518,0.1417489647865295,48.98854,0.0608065428366035,0,0.0,10-25s
r4Pivra23Hs.mp3,95.52689583333331,48000,0.083265886,0.69636536,0.1195721253752708,30.120377,0.0923382042241234,0,0.0,>60s
qnkVq3R35LI.mp3,39.71775,48000,0.047514245,0.8214658,0.057840809226036,38.074406,0.0368167209317937,0,0.0,35-45s
pjBxyGEPmQ8.mp3,206.464,48000,0.10417219,0.92719734,0.1123516932129859,34.34792,0.0434276945194245,0,0.0,>60s
rIIZIvKW2Yo.mp3,83.584,48000,0.072293974,0.8198247,0.088182233273983,29.271511,0.0766762308400854,0,0.0,>60s
yuKNgiLi4r4.mp3,32.26414583333333,48000,0.16626416,0.9003938,0.1846571564674377,29.554485,0.0510256327479338,0,0.0,25-35s
jgzkD-91ywU.mp3,67.01279166666667,48000,0.076914124,1.0579828,0.0726988390088081,25.051289,0.0385199739127407,1,0.014922524120084038,>60s
JlsM2nhRtk8.mp3,46.9043125,48000,0.092026316,0.95168424,0.096698373556137,25.294912,0.0353621985490563,1,0.021320001225900068,45-60s
6F8oWPmib1Y.mp3,501.4117083333333,48000,0.07459504,0.9901547,0.075336754322052,26.364235,0.0364162998186478,9,0.017949321586277944,>60s
Eo25bych-sI.mp3,384.011625,48000,0.033390097,0.4826244,0.0691844373941421,27.585331,0.0585708020561357,0,0.0,>60s
JUnAumRTR2Q.mp3,97.22195833333332,48000,0.06298565,1.0170422,0.0619302280247211,26.132465,0.0791094907089961,2,0.020571484408314824,>60s
DyUfbGKrPQc.mp3,344.7698958333333,48000,0.086273946,0.6094093,0.1415697932243347,30.647785,0.0470928027739535,0,0.0,>60s
Eu-5SPvWqp8.mp3,34.04802083333333,48000,0.06052451,0.73825514,0.0819831863045692,31.737274,0.0620256346891638,0,0.0,25-35s
9sDSz658e68.mp3,125.67802083333332,48000,0.079974174,0.91796637,0.0871210321784019,25.709953,0.0414642072397734,0,0.0,>60s
DjtNy0wZs-A.mp3,1358.8053333333332,48000,0.09551612,0.93834716,0.1017918810248375,29.280682,0.0504213893750147,16,0.011775049455207713,>60s
aH_GhuyTvKY.mp3,93.52997916666666,48000,0.0467982,0.75032043,0.0623709522187709,24.229046,0.028786042272494,1,0.01069175903715364,>60s
eMGY5hthVt0.mp3,27.47733333333333,48000,0.24770544,1.2320819,0.2010462582111358,50.01863,0.0463509076688009,0,0.0,25-35s
Cg7Jq6mQTXk.mp3,23.312854166666668,48000,0.09197507,1.0837512,0.0848673284053802,33.4718,0.0542968303265096,0,0.0,10-25s
uBjv2L8dSfs.mp3,527.6386458333334,48000,0.09442963,1.0705404,0.0882074385881424,24.310257,0.0461762525237784,2,0.00379047292269745,>60s
yTgOy8U4rYM.mp3,775.442,48000,0.035157207,0.47136968,0.0745852142572403,24.05539,0.0411975365983245,16,0.02063339360003714,>60s
VhFITHgzMCw.mp3,33.309041666666666,48000,0.10346593,0.98358685,0.1051924675703048,50.039017,0.0347242547730547,0,0.0,25-35s
mVc2Q9i1A1k.mp3,17.4381875,48000,0.09392547,1.4575335,0.0644413828849792,30.540745,0.0816173308486238,0,0.0,10-25s
_Qn1N3mgq2A.mp3,44.9770625,48000,0.065250635,0.97568,0.0668770894408226,36.82327,0.0442854999110742,0,0.0,35-45s
6HExn1qmQZU.mp3,44.76808333333334,48000,0.05174721,0.5851207,0.0884385257959365,25.666655,0.0550919197013458,0,0.0,35-45s
Su5SVaaMSFk.mp3,28.177416666666662,48000,0.3070703,1.2535294,0.2449645847082138,37.478916,0.0169399587788607,0,0.0,25-35s
vm5rqHQeGA0.mp3,198.73960416666668,48000,0.035963845,0.89114237,0.0403570123016834,29.588816,0.0458773411922364,9,0.04528538756901435,>60s
yq-9hd7tUhA.mp3,114.0448125,48000,0.059043426,0.8591305,0.0687246322631836,25.024012,0.0340898130611672,1,0.008768483003117743,>60s
86xr1ZwuRjg.mp3,24.578333333333333,48000,0.085263446,1.006128,0.0847441405057907,85.02196,0.0449557687093275,0,0.0,10-25s
WsGUa7mAMbI.mp3,121.20816666666668,48000,0.088895954,1.0030224,0.0886280834674835,25.18939,0.0744008027680614,0,0.0,>60s
J1PUMmUxppg.mp3,736.9317083333333,48000,0.16730033,1.145366,0.1460671424865722,28.62585,0.0492557174025337,2,0.0027139556859661525,>60s
I1ACqe9RgAQ.mp3,635.6694791666666,48000,0.031215362,0.98642933,0.0316448025405406,20.334635,0.0386761928826873,6,0.009438867519431203,>60s
sL0CHC0qn0w.mp3,2840.0094375,48000,0.074611716,1.030912,0.0723744705319404,27.01412,0.0542825462686055,35,0.012323902708862038,>60s
cbjfPlZYEaU.mp3,35.8051875,48000,0.08103418,1.1013608,0.073576420545578,23.511024,0.0408773004635835,1,0.027928913931815045,35-45s
ivicmTom1ug.mp3,34.911208333333335,48000,0.028669672,0.17342094,0.1653183996677398,45.049843,0.0221034911587228,0,0.0,25-35s
iuI0zwW-Ea0.mp3,1287.168,48000,0.06787834,1.2816976,0.0529597178101539,24.224108,0.0532282199363155,58,0.0450601630867144,>60s
FhHE14PQfY8.mp3,679.8454583333333,48000,0.07582461,0.80151093,0.0946020931005477,28.48267,0.065267113500906,2,0.0029418450553498955,>60s
zYowJD14aZ4.mp3,38.10395833333333,48000,0.17649679,1.0542057,0.1674215942621231,34.63111,0.0605304759655751,0,0.0,35-45s
bheGYBuPjQ0.mp3,84.50133333333333,48000,0.061364263,0.82570994,0.0743169710040092,31.173962,0.0359144017023223,2,0.0236682655894976,>60s
jiZURRt6ot0.mp3,30.000979166666667,48000,0.07379145,0.9498231,0.0776896774768829,27.972242,0.0519999569520974,0,0.0,25-35s
9zXvQCANvv8.mp3,68.71945833333334,48000,0.16652644,1.1130128,0.1496177166700363,31.51545,0.0727465551276579,0,0.0,>60s
-mN-OitGQIE.mp3,28.618604166666668,48000,0.13349359,1.476619,0.0904048979282379,24.090225,0.0530271981573798,1,0.034942305158430595,25-35s
wGZoBlvHw9Y.mp3,13.1425,48000,0.55446476,1.1541811,0.4803966581821441,41.378136,0.0315656205646796,0,0.0,10-25s
_Na0ErA3bJM.mp3,13.455979166666667,48000,0.08672643,0.846313,0.1024755910038948,30.262112,0.0687439641937401,0,0.0,10-25s
HDXIqFCNcCE.mp3,347.8349375,48000,0.25079405,1.215267,0.2063695192337036,39.733833,0.0488316287660993,0,0.0,>60s
FyydZNlxiDs.mp3,138.816,48000,0.07499838,0.58113945,0.1290540099143982,37.724747,0.0645132644424702,1,0.007203780544029506,>60s
M_NbAutaCas.mp3,739.7666666666667,48000,0.051639896,1.0893211,0.0474055744707584,23.105492,0.0532340898911742,11,0.014869553462803588,>60s
W_JJLQDg7nY.mp3,34.168166666666664,48000,0.13498019,0.60645384,0.2225728929042816,37.294342,0.0399186685588327,0,0.0,25-35s
ERxRT8NKM00.mp3,135.02497916666667,48000,0.06596278,0.51672304,0.1276559680700302,41.357582,0.0439472796651591,0,0.0,>60s
gpg1bpxDam8.mp3,15.476104166666667,48000,0.27017352,1.1074455,0.2439610064029693,39.346806,0.0653849311896967,0,0.0,10-25s
prxlTcYYa1c.mp3,49.40045833333333,48000,0.07034434,0.9710214,0.0724436491727829,24.588278,0.0531097570231541,0,0.0,45-60s
HezIsnS0P5s.mp3,42.29516666666667,48000,0.14535128,0.9375981,0.1550251394510269,27.949467,0.0506711835760211,0,0.0,35-45s
QYEn2iFAlSE.mp3,139.65697916666667,48000,0.10914468,0.9380846,0.1163484379649162,31.623592,0.0757716805377873,4,0.028641604765246992,>60s
_KqpVrJ_Ug8.mp3,42.43447916666667,48000,0.11883021,1.057354,0.1123845130205154,33.404804,0.0700733293148404,0,0.0,35-45s
gS9ElLHN-uY.mp3,29.22233333333333,48000,0.087965675,0.7993455,0.1100471243262291,38.419853,0.0547705434534671,0,0.0,25-35s
tjeNy8uZRts.mp3,65.9446875,48000,0.19729982,1.0842819,0.1819635778665542,32.874485,0.0554820330189632,0,0.0,>60s
NLDYUAVkg3o.mp3,170.41125,48000,0.08974962,0.9157019,0.0980118289589881,29.463413,0.0439781966850785,5,0.029340785892950142,>60s
rUK0LUfZlgs.mp3,64.80689583333333,48000,0.07967815,0.8813354,0.0904061645269393,23.153227,0.0487323331550362,0,0.0,>60s
NRWN4X3wcTc.mp3,60.964,48000,0.031988066,0.50333583,0.0635521337389946,20.673227,0.0371522576430196,0,0.0,>60s
QH5DEuepN-Q.mp3,133.77016666666665,48000,0.09808046,0.6162843,0.1591480821371078,33.61288,0.0535189110966031,0,0.0,>60s
LgAY_kF_4gI.mp3,39.104,48000,0.08682158,1.035687,0.0838299393653869,26.16872,0.0479359830924461,0,0.0,35-45s
G0w_jQOrQSY.mp3,619.8826666666666,48000,0.08794643,1.148593,0.0765688419342041,17.074078,0.0447183957723909,0,0.0,>60s
nueSlu07nJ4.mp3,60.19775,48000,0.18726902,1.1048696,0.1694942265748977,33.71621,0.0387475049554837,0,0.0,>60s
rXGyJwiHUfk.mp3,105.55791666666669,48000,0.018317373,0.23430564,0.0781772658228874,26.11295,0.0373061281196322,0,0.0,>60s
EIBqTGfx8yQ.mp3,54.29333333333334,48000,0.013745072,0.29427594,0.0467081069946289,21.378077,0.0339974572161657,1,0.018418467583497054,45-60s
euuUKArC_q8.mp3,11.401,48000,0.044138826,0.43278998,0.101986713707447,63.426804,0.0539388629852666,0,0.0,10-25s
dQ-qX8vvErQ.mp3,340.77697916666665,48000,0.05676817,1.0392256,0.0546254552900791,25.95475,0.0532236802528718,5,0.01467235261086873,>60s
8sBLvUFVy3s.mp3,14.036479166666666,48000,0.24313943,1.0955429,0.2219351083040237,46.68247,0.0576004909526975,0,0.0,10-25s
OtqMATFjwJo.mp3,53.522,48000,0.23746106,1.0591719,0.2241950184106826,35.171715,0.0396510063770426,0,0.0,45-60s
bF7wxDF-Qdk.mp3,31.9855,48000,0.17071883,1.0442731,0.1634810119867324,32.407795,0.0301057383711237,0,0.0,25-35s
d5WBVfL2ZLU.mp3,55.96010416666667,48000,0.047880262,0.6022058,0.0795081332325935,24.426407,0.0528274341290261,1,0.01786987381263065,45-60s
yvoQClRUIPI.mp3,21.87320833333333,48000,0.14596315,1.0266185,0.1421785652637481,38.144135,0.0542889710811799,0,0.0,10-25s
MpzTDmv-z3Y.mp3,150.09379166666668,48000,0.15600589,1.2129472,0.1286172121763229,32.154392,0.0482014303115228,6,0.03997500451800832,>60s
U1AcJHsAOPo.mp3,11.946666666666667,48000,0.12647365,0.760232,0.1663619130849838,44.4675,0.0527030134924174,0,0.0,10-25s
U4UOxTDH0tk.mp3,11.242666666666668,48000,0.12789638,0.760232,0.1682333648204803,44.66579,0.0528704457938388,0,0.0,10-25s
GkYnlm3k6EI.mp3,27.37633333333333,48000,0.12925084,0.65162873,0.1983504295349121,34.229782,0.0232552742744448,0,0.0,25-35s
OVTCkaZkftU.mp3,64.81066666666666,48000,0.08614874,0.93630207,0.0920095592737197,21.1923,0.0360727114015961,0,0.0,>60s
cfjAJqrEV6g.mp3,2469.39575,48000,0.12285664,1.4755089,0.083263911306858,26.460487,0.0422797745387808,116,0.046975054524978424,>60s
gOiB235ekDE.mp3,3554.633333333333,48000,0.15788059,1.3903137,0.1135575249791145,28.404942,0.065337497118785,129,0.036290662890687275,>60s
LTYmpvTaOnE.mp3,64.50504166666667,48000,0.09577276,0.6779079,0.1412769556045532,33.84372,0.0667337084573412,2,0.031005328394873525,>60s
fNCB7FNCuCM.mp3,705.3990208333333,48000,0.096697845,1.0662754,0.0906874984502792,26.924076,0.0447298466513941,4,0.005670549408013839,>60s
wT2kjxLh4Kc.mp3,1581.5893333333331,48000,0.036571477,0.32502773,0.1125180199742317,32.017426,0.0837328628182431,2,0.0012645507641258753,>60s
AbaUjJaAHJo.mp3,1119.2831041666666,48000,0.18874477,1.3146933,0.1435656249523162,29.978424,0.086540856539113,60,0.053605740832362025,>60s
uutQurZciIs.mp3,56.203916666666665,48000,0.08021646,0.5704842,0.1406111866235733,65.04453,0.0351721863140417,0,0.0,45-60s
apy5443C6K4.mp3,140.34141666666667,48000,0.17919193,1.1965448,0.1497578173875808,24.557652,0.0530651282133492,0,0.0,>60s
0eAktzjID6k.mp3,82.70947916666667,48000,0.031163102,0.5695435,0.0547159314155578,22.730276,0.0252337201805286,0,0.0,>60s
SRV-akGfE3M.mp3,74.5360625,48000,0.13467142,1.0894096,0.1236187219619751,30.23349,0.0807523416258228,0,0.0,>60s
r2o0kO73d4o.mp3,65.92145833333333,48000,0.07480885,1.0507452,0.0711959898471832,20.554707,0.0292631432262174,0,0.0,>60s
Krri7qXBxik.mp3,134.54933333333332,48000,0.08221646,0.936189,0.0878203585743904,26.20052,0.090555909074019,0,0.0,>60s
26jmN2yOEIE.mp3,60.00097916666667,48000,0.17334223,1.0996792,0.1576298028230667,28.408869,0.0483218781938766,0,0.0,>60s
4H2ifenJ20U.mp3,46.11483333333333,48000,0.06416933,0.99138945,0.0647266656160354,21.095146,0.0560894453558626,0,0.0,45-60s
pyTH1oel87c.mp3,116.50133333333332,48000,0.07781212,0.6114701,0.1272541731595993,26.202667,0.0668360608778494,0,0.0,>60s
yDmfrp_L-qo.mp3,72.81779166666666,48000,0.21889447,1.2649549,0.17304527759552,32.70135,0.0802425542652336,0,0.0,>60s
16qaweNHjzk.mp3,411.41116666666665,48000,0.105015844,1.0625516,0.09883364289999,26.960297,0.064708570658867,1,0.002430658380282175,>60s
hSg-0j7zpqE.mp3,15.1278125,48000,0.23227617,1.0969185,0.2117533683776855,43.524963,0.0922263147463002,0,0.0,10-25s
8ydb3b_jSJ4.mp3,50.89814583333333,48000,0.035471316,0.5521569,0.0642413720488548,25.540564,0.0396873813063181,1,0.019647081119114115,45-60s
NcosHcNAjIM.mp3,35.242666666666665,48000,0.0058199833,0.1119999,0.0519641824066638,22.88662,0.0638751654689863,2,0.05674939467312349,35-45s
OrppZ8Zbl4U.mp3,817.7371458333333,48000,0.020763032,0.44729894,0.0464186929166317,21.240156,0.0485761152401582,1,0.0012228868470698217,>60s
lz9siymHrWk.mp3,22.604645833333333,48000,0.31573525,1.2517223,0.2522406578063965,33.37058,0.047815632370283,0,0.0,10-25s
kYm6BA-ph5w.mp3,87.808,48000,0.025490949,0.62922335,0.0405117645859718,25.743702,0.0447456121705332,0,0.0,>60s
shMpp20MQcs.mp3,50.94458333333333,48000,0.069699064,0.90866804,0.0767046511173248,27.376656,0.019448046956772,0,0.0,45-60s
_rFJ-tZXDds.mp3,107.13697916666666,48000,0.09215274,0.9459201,0.0974212661385536,29.878113,0.0542105447361871,0,0.0,>60s
dc7_xlEq1-0.mp3,72.748125,48000,0.02671283,0.55970126,0.0477269403636455,23.36792,0.083074887640192,0,0.0,>60s
KTaLH6c6w5Q.mp3,656.5449791666666,48000,0.098757,1.1550465,0.085500456392765,23.287355,0.0548518919343603,26,0.039601247172739086,>60s
zcFMcDGvhss.mp3,361.3257291666667,48000,0.11720671,1.0535555,0.1112487241625785,26.41717,0.0454388981780442,0,0.0,>60s
0RQEg4B2PrI.mp3,69.62504166666666,48000,0.109100625,0.6227255,0.1751985847949981,52.16949,0.0369327769559972,0,0.0,>60s
4RjoXTXOMPc.mp3,58.4098125,48000,0.24768977,1.4905427,0.1661742180585861,29.165714,0.0377658261618882,0,0.0,45-60s
e2-ZA2Pu_FU.mp3,44.224,48000,0.13502014,1.0242002,0.1318298280239105,25.564577,0.0350694732261273,0,0.0,35-45s
s_sT7H7UMt0.mp3,10.808895833333333,48000,0.12486202,1.0439943,0.1196002885699272,56.015316,0.0156615970167652,0,0.0,10-25s
1T9Y47Bjis8.mp3,58.86260416666666,48000,0.16678473,1.160441,0.1437252908945083,34.370327,0.0778218037971099,2,0.033977429784402595,45-60s
Cy2slSd9aFE.mp3,33.90114583333333,48000,0.117280245,0.99158144,0.1182759553194046,44.30479,0.0417730062028153,0,0.0,25-35s
eamLhOXbOu8.mp3,41.842375,48000,0.04657724,0.6682601,0.0696992725133895,24.396055,0.0512297020376625,0,0.0,35-45s
pJny1d7t7Do.mp3,64.384,48000,0.14712511,1.090255,0.1349455863237381,43.19156,0.0484973199126221,1,0.015531809145129225,>60s
VLsz0aDTBbc.mp3,163.07375,48000,0.16115072,1.0856553,0.148436352610588,42.514496,0.0460976590604356,0,0.0,>60s
pWls0wRvAZQ.mp3,57.504979166666665,48000,0.18038917,1.161519,0.1553045213222503,31.270655,0.0386033779789503,0,0.0,45-60s
RyFYVbjcMYI.mp3,35.17825,48000,0.067951925,0.8454587,0.0803728476166725,24.85342,0.0640393147835809,1,0.028426655675026474,35-45s
fmhMgNlkezk.mp3,35.84,48000,0.074668884,1.1582386,0.064467616379261,23.583706,0.041156109370351,1,0.027901785714285712,35-45s
hpJN4bChD70.mp3,41.08772916666667,48000,0.04849864,0.81635934,0.0594084486365318,22.537807,0.0591497213298286,1,0.02433816665661027,35-45s
MmF4Erfs2l4.mp3,600.2358333333333,48000,0.081531145,0.94102204,0.0866410583257675,24.353636,0.0255482515204894,0,0.0,>60s
R_j8EGi5TQo.mp3,48.71547916666667,48000,0.25172606,1.0514195,0.2394154369831085,34.67533,0.0384717096171738,0,0.0,45-60s
d16rJFf4fic.mp3,36.21152083333333,48000,0.04327297,0.53758574,0.0804950073361396,25.922806,0.054660892627025,0,0.0,35-45s
AIIlXisK63w.mp3,47.60091666666667,48000,0.07041193,0.7482031,0.0941080376505851,27.667652,0.0466779588771566,0,0.0,45-60s
1lLFVuN6-sk.mp3,59.025125,48000,0.10511686,0.8730665,0.1203996017575264,27.110271,0.0437609938279273,1,0.016941937861207408,45-60s
Lqbq_W2PIJg.mp3,62.10177083333333,48000,0.19732755,1.306507,0.1510344445705413,29.39198,0.0530020366434827,0,0.0,>60s
f8vYHqyCyfQ.mp3,64.02904166666667,48000,0.1877523,1.1278691,0.166466400027275,27.157705,0.0389814044800516,0,0.0,>60s
MyJWHw2zrjU.mp3,43.59547916666666,48000,0.093312435,0.8998293,0.1037001460790634,41.71791,0.0175574614343811,0,0.0,35-45s
9wEe3IFx5oc.mp3,60.010666666666665,48000,0.084128894,0.6087523,0.138198897242546,55.423958,0.0190957277690154,0,0.0,>60s
jSenuaIDts8.mp3,56.08533333333333,48000,0.05455309,0.62657094,0.0870661064982414,24.601088,0.0455986352265164,2,0.03565994674781286,45-60s
CEK9J-GjDqo.mp3,33.018791666666665,48000,0.070760764,0.95404875,0.0741689205169677,27.73146,0.0636265481165213,0,0.0,25-35s
CdxHfaXVAwk.mp3,107.5780625,48000,0.046282046,0.9456687,0.0489410795271396,24.13767,0.0429007798557406,5,0.046477877401816935,>60s
FdM7GFlZuFo.mp3,643.7905416666666,48000,0.055304755,0.94598866,0.0584623850882053,26.875257,0.0705126147359003,2,0.0031066004710512407,>60s
MakCoz-JU0A.mp3,1011.93725,48000,0.0601269,0.9921993,0.0605996213853359,25.147526,0.0521762870819937,13,0.012846646370612407,>60s
eiRhvvisMLI.mp3,45.19764583333333,48000,0.05812607,0.5797596,0.1002589166164398,30.665071,0.0518164569446083,0,0.0,45-60s
wlm9SK8gjDI.mp3,781.9733333333334,48000,0.09436875,0.7030118,0.1342349350452423,29.914371,0.0499114338763111,14,0.01790342381666894,>60s
Ehur4YZhrnY.mp3,38.475479166666666,48000,0.0787523,0.97482103,0.0807864218950271,25.900766,0.0467645683203991,0,0.0,35-45s
cB1W2qipPo0.mp3,161.50639583333333,48000,0.07771827,0.40949154,0.18979212641716,31.098463,0.0581519686550653,2,0.012383410512509373,>60s
uvdyJ3SOsDs.mp3,61.25425,48000,0.06271506,0.71205103,0.0880766361951828,26.760563,0.0373506673885599,0,0.0,>60s
Q_ad4HPkCUI.mp3,78.93333333333334,48000,0.07666513,0.9794612,0.0782727599143982,24.003654,0.0752716456179908,0,0.0,>60s
nsSvO1AvMQk.mp3,46.41697916666666,48000,0.07146359,1.0743942,0.0665152445435524,32.62784,0.0254454893224379,0,0.0,45-60s
aNV0jxEmEQQ.mp3,65.7473125,48000,0.18856442,1.1204537,0.1682929098606109,29.142166,0.0379755910072599,0,0.0,>60s
3ElrIegvNGs.mp3,185.01697916666663,48000,0.06755525,0.5112307,0.1321423947811126,40.802185,0.0456709613797849,0,0.0,>60s
NFLFVM5DpCg.mp3,31.0186875,48000,0.06652605,0.72408515,0.0918760001659393,34.02073,0.0493872397623753,0,0.0,25-35s
xwc7QstzPpc.mp3,93.98277083333332,48000,0.10633807,1.1078713,0.0959841385483741,37.286503,0.1020228509639938,1,0.010640248112852246,>60s
LryxGA71JTc.mp3,107.34933333333332,48000,0.023328513,0.6711173,0.0347607098519802,21.57894,0.0483167516610779,0,0.0,>60s
4G0QpzCqLMo.mp3,59.96554166666667,48000,0.10089444,1.0383515,0.0971679016947746,22.27767,0.0424685700429117,0,0.0,45-60s
_ZcDarL11kU.mp3,29.570625,48000,0.17742358,1.1297607,0.1570452749729156,97.31874,0.068537219955824,0,0.0,25-35s
J_Ue6dJHi-U.mp3,61.950854166666666,48000,0.06089062,1.0765004,0.05656348913908,25.283142,0.0645532529216167,0,0.0,>60s
zLfVijlr5lI.mp3,40.286625,48000,0.066659145,0.88976187,0.0749179646372795,26.545631,0.0772055781705056,0,0.0,35-45s
MVDkTdI_PxQ.mp3,201.5724375,48000,0.18129408,1.1610285,0.1561495512723922,31.654615,0.0453731824713594,2,0.009921991442902504,>60s
2CHcCuAd47w.mp3,116.6570625,48000,0.055291347,0.62534106,0.0884179100394249,27.413664,0.0390255340244125,0,0.0,>60s
z75wfl8-BSA.mp3,100.84266666666667,48000,0.041096203,0.4795042,0.0857056155800819,25.58056,0.0472498739919354,0,0.0,>60s
Zf2m_zXD2zk.mp3,17.809708333333333,48000,0.030361967,0.27805656,0.1091934889554977,171.63593,0.0397648063248503,0,0.0,10-25s
egISJO69t-o.mp3,27.840979166666667,48000,0.13575347,0.9772075,0.1389198005199432,26.314465,0.0606198086221754,0,0.0,25-35s
10ArhPM-YTE.mp3,28.421229166666667,48000,0.07111447,0.92474294,0.0769018828868866,23.78112,0.0526053881332082,0,0.0,25-35s
xqvu5pwdDFY.mp3,15.046541666666666,48000,0.080555595,0.78015983,0.1032552495598793,27.07911,0.04611229845854,0,0.0,10-25s
upE_IOp4Jt8.mp3,42.318375,48000,0.14842889,1.0967623,0.1353336870670318,39.12914,0.0524747294764364,0,0.0,35-45s
JwQp-JrNKA0.mp3,61.28908333333333,48000,0.045271605,0.43944168,0.1030207350850105,37.400772,0.0313234206404455,0,0.0,>60s
clKE3S2PtCk.mp3,13.281833333333331,48000,0.06461879,0.77932346,0.0829165205359458,53.60463,0.0311869074789325,0,0.0,10-25s
LYPYRvsVqWs.mp3,14.272,48000,0.07041198,1.1287961,0.0623779445886611,22.77642,0.0700700003500746,0,0.0,10-25s
MGCfvwIiRg4.mp3,26.29660416666667,48000,0.0775932,0.98678774,0.0786321088671684,58.07656,0.0395345448094079,0,0.0,25-35s
8BEq3jfDAuo.mp3,56.807625,48000,0.12520213,1.0671453,0.1173243522644043,40.51854,0.0405276187863781,1,0.017603270687693774,45-60s
FoTIUXOk3V0.mp3,60.00097916666667,48000,0.22895885,1.0929505,0.2094869315624237,28.912287,0.0495101218116779,0,0.0,>60s
UvHgMf_UuyM.mp3,2355.501875,48000,0.16614409,1.0520383,0.1579258888959884,32.50843,0.0631530899085095,2,0.0008490759532933931,>60s
c-3SorZCq3I.mp3,19.144854166666665,48000,0.10289744,1.092131,0.0942171216011047,43.965435,0.0447388035341225,0,0.0,10-25s
oPz0jXlg2PI.mp3,31.137979166666668,48000,0.16158915,1.0759172,0.1501873433589935,39.749046,0.0379162095997431,0,0.0,25-35s
0aoTb61CtfY.mp3,82.1754375,48000,0.03406298,0.48362,0.0704333633184433,32.444298,0.0641328013450804,1,0.01216908641344319,>60s
k4KP7qSjztk.mp3,50.04802083333333,48000,0.068000875,0.73438567,0.0925955921411514,31.555204,0.0635662489345834,0,0.0,45-60s
FGLsx7v2dYU.mp3,60.511208333333336,48000,0.20168844,1.047994,0.1924518942832946,36.66867,0.03776833520624,0,0.0,>60s
XdbP65jX-bs.mp3,14.860791666666668,48000,0.11612813,0.85460424,0.1358852684497833,37.901497,0.0418688912302726,0,0.0,10-25s
p_DCPWNUspE.mp3,18.390208333333334,48000,0.12427197,0.9109789,0.1364158540964126,52.347984,0.0553207087862318,0,0.0,10-25s
Xa8WfQDV5_Q.mp3,59.62885416666666,48000,0.03540588,0.73580897,0.048118308186531,29.458525,0.0382849704044446,0,0.0,45-60s
kGI371jvj_s.mp3,58.81614583333333,48000,0.13196102,1.0477488,0.1259471923112869,184.24957,0.0442860026631913,0,0.0,45-60s
eDzO8uc7KDY.mp3,10.1006875,48000,0.01707945,0.23074755,0.0740179046988487,28.643787,0.0205810289070749,0,0.0,10-25s
vG4UDIt32no.mp3,326.135875,48000,0.029079376,0.28456298,0.1021896004676818,33.73533,0.0664739444079915,14,0.04292689358384753,>60s
seyaNBEin_Q.mp3,55.68145833333333,48000,0.09969142,1.1115879,0.0896837934851646,28.007854,0.0602511566869373,3,0.053877899210913266,45-60s
mx2ji6aqNu8.mp3,10.133333333333333,48000,0.114362895,0.86906946,0.1315923482179641,56.85447,0.0417904056585173,0,0.0,10-25s
mqrZlP_CL8Y.mp3,11.9350625,48000,0.24710259,1.047,0.2360101044178009,46.870426,0.0221205805965147,0,0.0,10-25s
IHdh2I6N0io.mp3,53.93995833333334,48000,0.10752412,1.0394807,0.1034402251243591,26.111563,0.035515822745699,1,0.01853913185880288,45-60s
N0MZq-dcNJY.mp3,193.3990208333333,48000,0.051433705,0.75720924,0.0679253563284874,33.379025,0.0458034580179379,2,0.010341313991054549,>60s
fiPYgVxFXGc.mp3,38.38260416666667,48000,0.07101254,0.6997816,0.1014781519770622,29.858885,0.0488804941476799,0,0.0,35-45s
rFxaz4y8fdY.mp3,255.72266666666667,48000,0.115459085,1.0148745,0.1137668639421463,43.56076,0.0281145928375912,0,0.0,>60s
okQ7CfndqPc.mp3,75.2210625,48000,0.08797941,0.93004584,0.0945968553423881,24.272768,0.048913567294739,0,0.0,>60s
y4ScsIxJQE0.mp3,62.809979166666665,48000,0.06440518,0.72756094,0.0885220393538475,29.762194,0.0568663172334012,0,0.0,>60s
BwDltvjn1aU.mp3,1221.48,48000,0.089627914,1.0940447,0.0819234475493431,24.79081,0.0350524570822126,6,0.004912073877591119,>60s
fupuRyUJzbE.mp3,66.38933333333334,48000,0.08161935,0.8865653,0.0920624211430549,26.206718,0.0815173192771084,2,0.03012532133676092,>60s
LlC7V2rd014.mp3,60.00097916666667,48000,0.10274132,0.9085355,0.1130845472216606,30.988398,0.0399602570654105,0,0.0,>60s
cqnAMfRRCaU.mp3,210.512125,48000,0.026841557,0.4608295,0.0582461766898632,22.421963,0.0616111183243818,8,0.03800256161016854,>60s
AmiqZsXj7qA.mp3,27.771083333333333,48000,0.07940796,0.6911141,0.1148984730243682,27.841127,0.0493915985623079,0,0.0,25-35s
OGzLbrYH0lA.mp3,35.3175625,48000,0.05416278,1.0144796,0.0533897168934345,28.993683,0.0534647328842089,0,0.0,35-45s
cy4IR_zk1So.mp3,30.0930625,48000,0.0697717,0.9161588,0.07615677267313,43.914074,0.0970674402573529,0,0.0,25-35s
CfObUKzyUiQ.mp3,506.176,48000,0.045662478,0.9081491,0.0502808131277561,23.613983,0.0565056595557633,1,0.0019755974206600076,>60s
wPmeBD0pUYw.mp3,557.801375,48000,0.101141326,0.9287783,0.1088971719145774,27.126404,0.0607603054664493,6,0.010756517048743381,>60s
oaTIoHyxmLA.mp3,35.59620833333334,48000,0.024341147,0.44766808,0.0543732047080993,22.76854,0.0521246816956261,0,0.0,35-45s
EFHo_E6brK0.mp3,118.3056875,48000,0.05720722,0.66615385,0.085876889526844,20.745518,0.043074312426749,2,0.016905357994728698,>60s
IrDraod9Jok.mp3,114.99683333333331,48000,0.0714859,0.9029359,0.0791705101728439,27.040802,0.0714711772301966,1,0.008695891626001297,>60s
N5XcLZRLPLE.mp3,188.290625,48000,0.28536168,1.6732488,0.1705434918403625,32.0137,0.0578969403217583,1,0.005310938874412892,>60s
XwJkUxPAtF0.mp3,20.654166666666665,48000,0.16830893,1.0709448,0.1571592986583709,36.70566,0.0342969052497418,0,0.0,10-25s
dE2W3E6vuEY.mp3,69.555375,48000,0.0025354999,0.03980481,0.0636983290314674,25.487377,0.0458287258233016,3,0.04313110237706288,>60s
5W_QxuXZNcU.mp3,558.5211875,48000,0.0765136,1.1051307,0.0692348927259445,23.538868,0.0460940316182298,1,0.0017904423724301418,>60s
m8RK7tvVgws.mp3,76.98577083333333,48000,0.083393134,0.7588949,0.1098875924944877,66.340355,0.0400951424606885,0,0.0,>60s
X-XUbrIbR4Q.mp3,107.60127083333332,48000,0.035698257,0.6540767,0.0545780919492244,24.503544,0.057094879513407,1,0.009293570533650375,>60s
SE65q4swYfU.mp3,280.0329791666667,48000,0.032344777,0.5255116,0.0615491196513175,22.972809,0.0343054495862535,0,0.0,>60s
DlG8ZAGQ8Qk.mp3,58.53752083333333,48000,0.07594744,0.96201456,0.0789462476968765,24.776192,0.0456704898756377,0,0.0,45-60s
EY3JalzeLKU.mp3,42.32997916666667,48000,0.11550843,0.9722431,0.1188061237335205,30.284054,0.068161183744331,0,0.0,35-45s
j2xI-6P7Jkw.mp3,2068.004,48000,0.049513627,0.9908741,0.0499696433544158,27.722815,0.0484407332803892,74,0.035783296357260436,>60s
ac67OR5K304.mp3,126.12266666666666,48000,0.009502405,0.16920267,0.0561599023640155,28.996887,0.0501621135042283,7,0.055501522327469556,>60s
CLHzW_2746Q.mp3,58.048,48000,0.039309062,0.79740226,0.0492964014410972,28.73331,0.0894763952840804,0,0.0,45-60s
53PhsbtYPMI.mp3,39.00954166666666,48000,0.08993749,1.0227795,0.0879343971610069,28.398876,0.0537804822050984,1,0.02563475389034094,35-45s
Sa6an6knG1A.mp3,37.205333333333336,48000,0.1165082,0.9900276,0.1176817715167999,28.076391,0.0433915352267841,0,0.0,35-45s
VkZDzsFJd5w.mp3,55.78595833333333,48000,0.10864425,0.9897775,0.1097663342952728,27.176083,0.0495741776708891,1,0.017925657815624153,45-60s
hDJvOMBTnD4.mp3,59.74495833333334,48000,0.046529353,0.91292405,0.0509673878550529,18.261215,0.0360547153918243,0,0.0,45-60s
Sagz7W6wuJk.mp3,34.45333333333333,48000,0.034279384,0.35753876,0.0958759933710098,29.205853,0.051747233828536,0,0.0,25-35s
24XCzUvYIHg.mp3,4072.269208333333,48000,0.10753429,1.2681916,0.0847934111952781,24.68813,0.0464157629510662,1,0.00024556333308064186,>60s
RUXke3NqlwQ.mp3,22.244729166666666,48000,0.06784724,0.60195744,0.1127110198140144,34.19636,0.0326198091442953,0,0.0,10-25s
d1MicpXiPns.mp3,45.23247916666666,48000,0.08607666,0.70911545,0.1213859617710113,30.996035,0.0376751411076397,0,0.0,45-60s
kkP89BIq-A4.mp3,12.492354166666669,48000,0.07496248,0.37896195,0.1978100538253784,55.14622,0.0371493707337884,0,0.0,10-25s
9H_oAxi0xFQ.mp3,1033.3692708333333,48000,0.104226254,1.1595254,0.0898869931697845,26.88625,0.0477554676774636,40,0.03870833121227135,>60s
coUo2cxNbLI.mp3,48.13497916666667,48000,0.065184526,0.9267713,0.0703350752592086,21.626188,0.0494476460364502,0,0.0,45-60s
pAeFWiviBkQ.mp3,55.751125,48000,0.076328024,1.0394228,0.0734330862760543,80.91328,0.0475964455890089,0,0.0,45-60s
Y3wQu6ckvNc.mp3,178.97941666666668,48000,0.23973045,1.2401356,0.193309873342514,30.551165,0.0567961009665524,0,0.0,>60s
MIDZhwJInJo.mp3,39.891895833333336,48000,0.10872736,1.2116959,0.0897315517067909,20.618023,0.0452609301888368,0,0.0,35-45s
ciX0maQxyi8.mp3,814.5444166666666,48000,0.1326516,1.3125525,0.101063847541809,27.29166,0.0554633124328872,43,0.05279024583578571,>60s
yqO3m2-A0lI.mp3,34.203,48000,0.14733326,0.98453164,0.1496480703353881,45.407757,0.0625338005729653,0,0.0,25-35s
mkiVKlH7HPE.mp3,14.849166666666669,48000,0.05489768,0.6224555,0.0881953537464141,28.658201,0.0610821265927853,0,0.0,10-25s
dtv699k8GpU.mp3,1023.8026458333334,48000,0.10245417,0.83108306,0.1232778951525688,27.439873,0.0629751816665494,10,0.00976750747880751,>60s
V5LXBwFjx5U.mp3,33.13489583333333,48000,0.19871505,1.1387925,0.1744962632656097,37.138542,0.0387653194902639,0,0.0,25-35s
n0ZOHn6CtCs.mp3,177.28435416666667,48000,0.07231557,0.9618273,0.0751856118440628,22.548714,0.0547179937090126,0,0.0,>60s
uod0W8kvZ34.mp3,30.016,48000,0.10054106,0.8393875,0.1197790801525116,49.438534,0.0311268455817051,0,0.0,25-35s
71Psbsk-1Sg.mp3,30.151125,48000,0.022364939,0.29143098,0.076741799712181,24.36637,0.031619622170145,0,0.0,25-35s
x801bY6n5kU.mp3,17.1015,48000,0.24338013,1.1100774,0.2192460894584655,48.732067,0.0527748621610037,0,0.0,10-25s
bqwtlF0x-SM.mp3,35.8051875,48000,0.09104567,1.0616505,0.0857586115598678,27.568642,0.0361015403913464,2,0.05585782786363009,35-45s
yUGsPqS-OHc.mp3,36.722375,48000,0.13311832,1.0442195,0.1274811625480651,25.624718,0.0453805161741214,0,0.0,35-45s
I-5GswXrwWQ.mp3,65.96789583333333,48000,0.094947405,0.9530812,0.0996215268969535,91.74004,0.0334893043906628,0,0.0,>60s
eZHbxNIl6Jo.mp3,23.614708333333333,48000,0.0885556,1.0570803,0.0837737694382667,27.462288,0.0655340041356142,0,0.0,10-25s
6jIjUaLHHyM.mp3,66.39747916666667,48000,0.08275062,1.0914756,0.0758153647184372,24.042032,0.0462143888052208,0,0.0,>60s
x-YX_UbIbEA.mp3,47.57333333333333,48000,0.028415913,0.4822436,0.0589243955910205,21.28459,0.0807900239576328,0,0.0,45-60s
UiP61C-C3zQ.mp3,428.3733333333333,48000,0.07416793,1.0308638,0.0719473659992218,25.353367,0.0375852549931836,13,0.03034736055776893,>60s
g5fpxOi9SPg.mp3,138.01941666666667,48000,0.3004235,1.2061572,0.2490749210119247,36.351513,0.038115030610027,0,0.0,>60s
a_uotI7LQ-Y.mp3,33.80827083333333,48000,0.09139789,0.7988337,0.1144141554832458,25.569637,0.0374425460863564,0,0.0,25-35s
brkLdpFckH4.mp3,665.4729791666666,48000,0.049946297,1.0931816,0.0456889271736145,22.943392,0.0542027328034589,12,0.01803228737405222,>60s
Gsq1wZh6PmY.mp3,26.401104166666663,48000,0.056966506,1.0189396,0.0559076368808746,21.613953,0.0397245194492124,0,0.0,25-35s
C8YgXANlfnc.mp3,143.0349375,48000,0.062442724,0.74282694,0.0840609297156333,31.712934,0.0414218342188665,1,0.006991298891573256,>60s
448RtcilO_s.mp3,730.6391041666667,48000,0.1049893,0.6199365,0.1693549156188964,34.23685,0.0541376222321272,5,0.006843323840027382,>60s
YJc8oX2hgmI.mp3,15.371625,48000,0.11178792,0.9604912,0.116386204957962,31.082247,0.0402930229282246,0,0.0,10-25s
9qOBMrkU8ew.mp3,60.4299375,48000,0.03366704,0.54134744,0.0621911846101284,28.880796,0.0291234860351217,0,0.0,>60s
q2MK9RD-Kic.mp3,23.010979166666665,48000,0.089886375,1.0595651,0.0848332718014717,23.570686,0.032994734346038,0,0.0,10-25s
DILUbk2BwDE.mp3,946.4453541666668,48000,0.03088792,0.44721407,0.0690674185752868,25.8894,0.0502265255198354,11,0.011622435412222359,>60s
i2utrFbG_SY.mp3,44.67520833333333,48000,0.091274835,0.93296266,0.0978333204984664,35.174488,0.0394419116659704,0,0.0,35-45s
QjNeJxTOdtw.mp3,163.30666666666667,48000,0.03301258,0.4759568,0.0693604573607444,22.886364,0.0795156974560773,1,0.006123448726322664,>60s
njlxYln9pzU.mp3,66.88508333333333,48000,0.11125456,1.1464314,0.0970442295074462,24.468922,0.039398246890448,0,0.0,>60s
L8FmZM_EjTE.mp3,53.824,48000,0.05404542,0.7826794,0.0690518021583557,38.792614,0.0327862429103923,1,0.018579072532699168,45-60s
6OgtsevPmY8.mp3,70.64672916666666,48000,0.08636925,0.63107735,0.1368600130081176,28.578873,0.055465477100317,0,0.0,>60s
lOJ_f4tLNOQ.mp3,14.048083333333333,48000,0.061931893,0.65304065,0.0948361977934837,30.714901,0.0265424204523899,0,0.0,10-25s
HYGyhj1NhmU.mp3,47.31066666666667,48000,0.04751937,0.43549317,0.1091162264347076,50.816017,0.0281386930089044,0,0.0,45-60s
bfG2AS-He0M.mp3,66.93152083333334,48000,0.16709946,1.1097062,0.1505799144506454,30.233559,0.0607668544571713,1,0.014940643624251527,>60s
tXixm-B_nyI.mp3,313.9454166666667,48000,0.07967546,1.020855,0.0780477747321128,25.549204,0.0600856347732562,0,0.0,>60s
hCM_mVFSENE.mp3,664.2133333333334,48000,0.04044391,0.91616523,0.0441447757184505,18.79177,0.0588378396570032,35,0.05269391360205556,>60s
VUKA1i5XuPA.mp3,18.986666666666668,48000,0.03526362,0.2379184,0.1482172906398773,30.183147,0.0383335051410724,0,0.0,10-25s
Ka6rT2aQBr0.mp3,59.837833333333336,48000,0.02255754,0.26411554,0.0854078456759452,35.258457,0.0324685271836007,2,0.0334236700860938,45-60s
mX74mBWBTbI.mp3,62.902875,48000,0.04995768,0.7172425,0.0696524307131767,25.997908,0.043691568513691,2,0.03179504911341493,>60s
GSI-tclJB3Q.mp3,44.0134375,48000,0.10768575,1.0472023,0.1028318479657173,24.441105,0.0644369160028471,0,0.0,35-45s
59OuLcAKTfs.mp3,25.9483125,48000,0.087399274,0.9846163,0.0887648090720176,180.7655,0.040462319859741,0,0.0,25-35s
Ith-eJRpNZM.mp3,37.20997916666666,48000,0.1995488,1.5488452,0.1288371533155441,47.267975,0.0717942775508741,0,0.0,35-45s
AMDfkg-Xfx4.mp3,32.3221875,48000,0.08643067,0.62404716,0.1385002136230468,41.548077,0.0407221085244143,1,0.03093850006284383,25-35s
ciSYr_QKZmc.mp3,817.8333333333334,48000,0.087121055,1.2539117,0.0694794133305549,21.492268,0.0454170723789323,11,0.013450173221927857,>60s
JdW5E4BxLLQ.mp3,29.733166666666666,48000,0.1687175,1.1121278,0.1517069339752197,30.744564,0.0643466418579627,0,0.0,25-35s
2e5_5qT6zfg.mp3,29.31520833333333,48000,0.23855343,1.0902009,0.2188160270452499,36.313316,0.0426992983243906,0,0.0,25-35s
gxY-U6eq11I.mp3,59.9539375,48000,0.20187017,1.036906,0.1946851164102554,39.793144,0.0654114453611457,0,0.0,45-60s
v5YBf3gFNws.mp3,59.7565625,48000,0.14194432,1.1449075,0.123978853225708,25.74369,0.0533950318188916,0,0.0,45-60s
JsYAh2oy99s.mp3,64.04266666666666,48000,0.12056095,1.2099054,0.0996449440717697,54.41004,0.0590783721898418,0,0.0,>60s
Ss28NGExkEg.mp3,175.53125,48000,0.08353082,0.9485177,0.0880645886063575,25.98937,0.0435329274301968,3,0.017090973829446323,>60s
gIz3_Nsa7j0.mp3,417.2373333333333,48000,0.026062218,0.35468107,0.0734807103872299,23.488276,0.0726266587856622,0,0.0,>60s
SSzaaGiwdQk.mp3,19.79733333333333,48000,0.034559593,0.17967702,0.1923428624868393,46.605988,0.1207403574313408,0,0.0,10-25s
PGfZZP2GlYE.mp3,78.2048125,48000,0.021392029,0.3185301,0.0671585723757743,66.06446,0.0384520152456696,0,0.0,>60s
werMU9xJWxw.mp3,40.54204166666667,48000,0.105008975,0.9149132,0.1147748008370399,37.89072,0.0393823685378847,0,0.0,35-45s
j2bmtuPbM1U.mp3,46.848979166666666,48000,0.072832316,0.92692155,0.0785744115710258,30.73151,0.024279460042966,0,0.0,45-60s
pRAlEENJdSI.mp3,81.31629166666667,48000,0.023564365,0.36852798,0.0639418587088584,24.972233,0.0378895746573321,3,0.03689297603852446,>60s
lkcb5WAugSM.mp3,114.12608333333333,48000,0.057581566,0.7366097,0.0781710669398307,30.093304,0.0600399751752336,4,0.035048955358583676,>60s
hZFYohnp0Fw.mp3,3809.024583333333,48000,0.09746032,1.0194983,0.0955963507294654,29.22916,0.0556960738368181,203,0.05329448407559285,>60s
cuUJ7iPnSNo.mp3,28.467666666666663,48000,0.12510873,0.7972164,0.1569319516420364,31.025242,0.0396254229697452,0,0.0,25-35s
6MHjsLAdV-M.mp3,1318.1271666666669,48000,0.036573112,0.44326273,0.082508884370327,27.483444,0.0494625567405927,72,0.054622954310301106,>60s
3z2RiQyQQvQ.mp3,151.06904166666666,48000,0.037331518,0.35198984,0.1060585081577301,28.915236,0.0765874467141495,0,0.0,>60s
j85jJat8VxQ.mp3,127.29179166666668,48000,0.09640276,1.0390658,0.0927782952785492,39.077972,0.0346040183902086,0,0.0,>60s
AMHtogSOLZk.mp3,167.04435416666666,48000,0.051220976,1.0439245,0.0490657873451709,28.122662,0.0732876764434742,0,0.0,>60s
QMk2dTdo77I.mp3,563.7572916666667,48000,0.053007666,0.3479644,0.1523364633321762,43.17832,0.0703943991028182,0,0.0,>60s
rKynawabD4M.mp3,40.867125,48000,0.10400619,0.94513524,0.1100437194108963,26.383884,0.0464059594777531,0,0.0,35-45s
xa4oSxyukbA.mp3,219.1035,48000,0.15445852,1.0726233,0.1440007239580154,28.705639,0.069348773869943,1,0.004564053061680895,>60s
yR74Q2y1UOs.mp3,31.38177083333333,48000,0.18214798,1.0641253,0.1711715459823608,36.7726,0.0488248067448182,0,0.0,25-35s
ky-lz0UwIg0.mp3,857.07175,48000,0.053452976,1.15081,0.0464481338858604,23.432905,0.0499693337668479,26,0.030335849944885012,>60s
XfEh6Dg1tnw.mp3,67.50041666666667,48000,0.033747178,0.5801095,0.0581738092005252,26.472515,0.056102196362972,0,0.0,>60s
bR5sa7l1boU.mp3,2220.0106666666666,48000,0.11685612,0.91186297,0.1281509697437286,33.20606,0.0462945884416426,31,0.01396389687016519,>60s
hWjIbd1b5Iw.mp3,45.534333333333336,48000,0.1998701,1.157069,0.1727382689714431,28.881025,0.0613177851955961,0,0.0,45-60s
SMjfKgE5vWI.mp3,61.44,48000,0.113956295,0.83866215,0.1358786672353744,27.144081,0.0886723326842128,0,0.0,>60s
E9F5e07s_jo.mp3,37.40735416666666,48000,0.022901352,0.2952701,0.0775606930255889,168.75485,0.0415938491320929,0,0.0,35-45s
PT0h0VKiKgc.mp3,260.0170625,48000,0.06552537,0.52053535,0.1258807331323623,178.25491,0.048017955097274,0,0.0,>60s
ZfDbHKRP-ms.mp3,27.08608333333333,48000,0.021434952,0.42169583,0.0508303605020046,23.43594,0.0364159771776574,0,0.0,25-35s
6ze3Sp1CSpo.mp3,23.115479166666667,48000,0.13536538,1.1441889,0.11830685287714,36.74933,0.0639558348708487,0,0.0,10-25s
UzzCMLWcEb0.mp3,28.200979166666663,48000,0.06871503,0.6136322,0.1119808033108711,40.043262,0.0313512020139939,1,0.03545976166607691,25-35s
px6mDul9f98.mp3,18.11158333333333,48000,0.32575813,1.1352427,0.2869502007961273,55.88741,0.0434708342535335,0,0.0,10-25s
SZJns2U7Jko.mp3,30.6735625,48000,0.10117817,1.0705636,0.0945092588663101,26.515627,0.0645215454950452,0,0.0,25-35s
a5rcpKsSeTk.mp3,550.1387916666666,48000,0.19981197,1.3469684,0.1483419835567474,34.079346,0.0572295238458779,3,0.005453169355520967,>60s
HvDJBYXgm68.mp3,19.969166666666663,48000,0.054181136,0.5272497,0.1027618199586868,27.845142,0.0377691933896155,0,0.0,10-25s
AZVvdNJqe5o.mp3,56.61025,48000,0.042410314,0.6243987,0.0679218471050262,24.665386,0.0358754253603052,1,0.017664645536806498,45-60s
XyIaGH_XaCw.mp3,73.45066666666666,48000,0.06529679,0.89694583,0.0727990344166755,24.692734,0.0290907007768259,0,0.0,>60s
Tpa9tgY9bxs.mp3,54.218604166666665,48000,0.11339996,0.8417542,0.1347186118364334,37.14583,0.0331081200509049,0,0.0,45-60s
uWvh1DqkcZU.mp3,60.26739583333333,48000,0.08322132,1.0091785,0.0824644118547439,44.352226,0.034514424991152,0,0.0,>60s
vZQoiElQYHU.mp3,203.09333333333333,48000,0.04067195,0.5667018,0.0717695727944374,29.283407,0.0643550379362297,10,0.04923844537815126,>60s
EKTC5Vlb10Y.mp3,10.147125,48000,0.034633443,0.3277977,0.1056549251079559,56.113525,0.0300498128939075,0,0.0,10-25s
yP3kfifOmYM.mp3,75.90604166666667,48000,0.2202069,1.1381232,0.1934824883937835,30.407349,0.0608599320948082,0,0.0,>60s
quImdkbMD-Y.mp3,60.544,48000,0.07643322,0.62425625,0.1224388554692268,28.394192,0.0705129903282984,0,0.0,>60s
VvBlkHzuGn0.mp3,17.763270833333333,48000,0.07347501,0.9452418,0.0777314454317092,30.26181,0.0534993294192677,1,0.056295938365330145,10-25s
Q3VOKpkVJ5E.mp3,232.75683333333333,48000,0.05734217,0.9418356,0.0608834214508533,22.113129,0.0426570206524105,0,0.0,>60s
eSOii7KCS30.mp3,91.300875,48000,0.0281752,0.46280518,0.0608791783452034,25.889942,0.0409289778950058,2,0.021905595099718376,>60s
S-yFHBKyemI.mp3,23.3825,48000,0.07220282,0.41868538,0.1724512428045272,68.03156,0.0392219205996352,0,0.0,10-25s
-r4e3Q4WYMo.mp3,54.39275,48000,0.107347965,1.0794878,0.0994434282183647,21.601318,0.0242491000306372,0,0.0,45-60s
UsfM1UYEnGA.mp3,24.77570833333333,48000,0.06392024,0.707479,0.0903493091464042,21.804035,0.0302425389447912,0,0.0,10-25s
EKRzhlZdX9Q.mp3,29.675104166666667,48000,0.11931025,0.7663981,0.1556766033172607,36.5537,0.0646462969929033,0,0.0,25-35s
JIm7al8hf0g.mp3,21.641,48000,0.0490763,0.91379905,0.0537057891488075,23.409014,0.048027959817028,0,0.0,10-25s
eSKowjq7qQc.mp3,82.95329166666667,48000,0.034754746,0.5225715,0.0665071606636047,25.099213,0.0423232543678475,0,0.0,>60s
_cW1gQaSacM.mp3,60.17452083333333,48000,0.08471011,1.0109253,0.0837946310639381,33.042133,0.0345254307814161,0,0.0,>60s
-X0KxzMjYgs.mp3,97.3845,48000,0.09926658,1.0414789,0.0953131020069122,27.070807,0.0399880416552573,0,0.0,>60s
OV26UOqB3a8.mp3,16.242375,48000,0.09376426,0.9301354,0.1008071079850196,33.08029,0.0417100551953381,0,0.0,10-25s
SeSK-T7HROw.mp3,846.912,48000,0.09432605,0.7012052,0.1345198899507522,29.345718,0.0484813794490484,10,0.0118076022066047,>60s
lqAlKjWENpM.mp3,83.82404166666667,48000,0.04671932,0.9768247,0.0478277429938316,21.797577,0.0537173369107074,0,0.0,>60s
B8XpSLvtyH8.mp3,113.51466666666668,48000,0.092889644,1.0766757,0.0862744897603988,28.288786,0.0378905424193131,0,0.0,>60s
S7Nx6ZQNcRY.mp3,72.04266666666666,48000,0.09658851,0.9236001,0.1045782789587974,28.287563,0.0627282741950407,2,0.027761326621261476,>60s
xoxRqx8kjWE.mp3,24.71764583333333,48000,0.11805121,1.0249636,0.1151759997010231,34.229347,0.064800693620578,0,0.0,10-25s
3ZnpeSX8T_U.mp3,1120.5717916666667,48000,0.1110829,0.86416626,0.1285434365272522,29.90726,0.0551686467123455,1,0.0008924015466359938,>60s
-shTbGn2YTs.mp3,850.2826666666666,48000,0.081841156,0.71709514,0.1141287311911583,28.312645,0.0507774032882769,4,0.004704317936623429,>60s
EX-37hjCytg.mp3,33.657333333333334,48000,0.050018672,0.76004106,0.0658104866743087,25.393784,0.049936504871673,1,0.029711207067305786,25-35s
8-8KL6KPyAs.mp3,36.416,48000,0.049944896,0.40774983,0.1224890649318695,31.561485,0.0547768633327232,1,0.027460456942003518,35-45s
i25HSvWcslY.mp3,43.71158333333333,48000,0.053123143,0.9462081,0.0561431907117366,34.86658,0.0357354435471571,0,0.0,35-45s
1jcfdUdeZJs.mp3,63.05379166666667,48000,0.037064884,0.7727257,0.0479664169251918,18.350115,0.0391264258605378,3,0.04757842344929032,>60s
0nKrlcinQPQ.mp3,27.654979166666667,48000,0.018504806,0.22407755,0.0825821459293365,24.675919,0.0483773169350173,0,0.0,25-35s
bhYnwa_YHLc.mp3,29.210708333333333,48000,0.008796133,0.19876435,0.0442540757358074,28.287258,0.0378524039339174,0,0.0,25-35s
RR0KJ4KzP74.mp3,1985.1946666666668,48000,0.08501407,1.0637324,0.0799205377697944,24.988739,0.047065854522857,13,0.006548476186382393,>60s
hZGTnIvDNNo.mp3,27.701416666666667,48000,0.06829002,0.9323776,0.0732428804039955,27.774506,0.0494917589852771,1,0.03609923680196861,25-35s
krPsTdOJXeA.mp3,146.6108125,48000,0.055472292,0.84745175,0.0654577612876892,27.589901,0.056056925529738,0,0.0,>60s
Bj1Icl6TbvQ.mp3,159.68364583333334,48000,0.051156614,0.78454065,0.0652058199048042,26.686588,0.0294894021671064,0,0.0,>60s
pJRtXSSsdss.mp3,3094.7671666666665,48000,0.03480718,0.36631328,0.0950202494859695,29.118795,0.0582957879521602,0,0.0,>60s
7jY-HG7kP-s.mp3,110.848,48000,0.03962556,0.38533533,0.1028339639306068,46.673378,0.0828396648435245,1,0.00902136258660508,>60s
9Xyc7iGUMPY.mp3,149.0605,48000,0.09998179,0.63946855,0.1563513875007629,30.176765,0.0635365188953488,0,0.0,>60s
t5XYy2t36H0.mp3,10.855333333333334,48000,0.11740858,1.029697,0.1140224635601043,35.593483,0.0944852997605599,0,0.0,10-25s
EqpPUDjscIA.mp3,13.630125,48000,0.07003665,0.82543015,0.0848486721515655,43.176727,0.0698926086903364,0,0.0,10-25s
ygV4ZWsmtIA.mp3,25.8554375,48000,0.105868034,1.0498347,0.100842572748661,30.568623,0.1103380662773308,0,0.0,25-35s
Tb3VLxuvCQA.mp3,53.08083333333333,48000,0.17537673,1.0338271,0.1696383655071258,40.642822,0.0594271735922744,0,0.0,45-60s
9Woug593kmk.mp3,21.68745833333333,48000,0.0812773,0.9690815,0.0838704481720924,41.955513,0.0649183605272861,0,0.0,10-25s
tAAj_RPAjU4.mp3,63.4253125,48000,0.09840132,0.5411917,0.1818234175443649,38.654156,0.0460871979832268,0,0.0,>60s
GUKOgzBNtbk.mp3,32.97235416666667,48000,0.12260648,1.07884,0.1136465817689895,29.938667,0.0295340672501617,1,0.030328438028575704,25-35s
hc0j02bwtZQ.mp3,42.3764375,48000,0.05770967,0.9086215,0.0635134354233741,20.735493,0.0447537479549458,0,0.0,35-45s
ksqirb4a7EA.mp3,160.55439583333333,48000,0.057253044,0.69584054,0.0822789743542671,26.213608,0.0441582786444492,0,0.0,>60s
GDwFrgrBb1g.mp3,100.63529166666666,48000,0.038395602,0.5033762,0.0762761607766151,27.065678,0.0498689118806306,0,0.0,>60s
vux6NXRgVvE.mp3,621.458875,48000,0.05246067,0.5837378,0.0898702666163444,33.334003,0.0676117084785108,0,0.0,>60s
FGKHctQ9Eeo.mp3,27.584,48000,0.20508306,1.1775723,0.17415751516819,39.50228,0.0360710931460185,0,0.0,25-35s
vdRyu3Vxr0k.mp3,50.085458333333335,48000,0.014313449,0.4873093,0.0293724108487367,19.925629,0.0606238188085604,1,0.01996587499199285,45-60s
jbVskortbac.mp3,54.6365625,48000,0.05962967,0.45544705,0.1309255808591842,34.3592,0.0367748313366191,0,0.0,45-60s
TDvYGZXEYF8.mp3,17.844541666666668,48000,0.06482489,0.6954936,0.0932070240378379,35.22881,0.0435717321054991,0,0.0,10-25s
S62Rd5iIqvM.mp3,26.192125,48000,0.28335434,1.1300164,0.2507524192333221,61.07318,0.0437200589754682,0,0.0,25-35s
94bV3hmi0Lc.mp3,32.949125,48000,0.029545648,0.30479723,0.0969354212284088,27.793036,0.075828386765539,0,0.0,25-35s
6Az6Mc2e_bg.mp3,97.3380625,48000,0.05427991,1.0072865,0.0538872554898262,28.500023,0.0376176668995178,0,0.0,>60s
B-9PpS8fFAA.mp3,34.911208333333335,48000,0.045717157,0.7342839,0.0622608736157417,97.63149,0.0258956149270546,0,0.0,25-35s
xrBeEJ9rHms.mp3,28.2586875,48000,0.120251104,1.3018218,0.0923713967204094,23.045042,0.0477743587853773,0,0.0,25-35s
jOxSCtxsp90.mp3,1635.2769166666667,48000,0.07764363,0.94522256,0.0821432322263717,26.012032,0.0579945967890211,31,0.01895703393354938,>60s
2ct1963ZM6Y.mp3,38.08,48000,0.046194676,0.7759054,0.0595364831387996,22.86442,0.0497844506965835,0,0.0,35-45s
qX8T_dFwlpI.mp3,59.837833333333336,48000,0.0380076,0.49052712,0.0774831771850586,22.217133,0.0490743545287433,0,0.0,45-60s
ge1Svq8tJyU.mp3,30.549333333333333,48000,0.016774591,0.25130677,0.0667494609951973,26.261208,0.0455695080715532,0,0.0,25-35s
6PZgYIQKgnI.mp3,42.68989583333333,48000,0.14460646,1.0633618,0.1359898895025253,35.30575,0.0333272994472895,1,0.023424746780927378,35-45s
uND7IFkKNrQ.mp3,63.63429166666667,48000,0.058309443,0.798018,0.0730678290128707,26.212759,0.0544237168171723,0,0.0,>60s
MHHZ7VYyuGc.mp3,18.0186875,48000,0.115011394,1.0102372,0.1138459295034408,30.420599,0.0378802237426035,0,0.0,10-25s
syfL6K2ydIE.mp3,11.157333333333334,48000,0.12731606,0.760232,0.1674700081348419,43.40618,0.0532016699498567,0,0.0,10-25s
9V2lVAOiLXs.mp3,45.720979166666666,48000,0.08212178,0.9128435,0.0899626091122627,56.122795,0.0637949077516328,0,0.0,45-60s
IdfMZiLDOfM.mp3,11.923458333333333,48000,0.24767664,1.0405858,0.2380165606737136,37.080444,0.0395953292710196,0,0.0,10-25s
2o-mBP7k0xk.mp3,51.3509375,48000,0.04879809,0.9248235,0.0527647621929645,22.396183,0.0724855797313084,1,0.019473841154311933,45-60s
qCHEpglLwV8.mp3,696.2133333333334,48000,0.1235906,1.3498724,0.0915572494268417,26.322208,0.0278215506072758,7,0.010054389459169602,>60s
xMkH93h9i18.mp3,27.75945833333333,48000,0.21638606,1.0890176,0.1986984014511108,39.22383,0.0493415425110449,0,0.0,25-35s
l2n47n6HifM.mp3,174.46314583333333,48000,0.038741663,0.7226247,0.0536124259233474,23.059212,0.0449764767612038,7,0.04012308712286537,>60s
7XgwXz8x6h0.mp3,172.57070833333333,48000,0.037487194,0.6682148,0.0561005137860775,20.313168,0.0309382713992675,1,0.005794726171422004,>60s
rXUOqRVhOiA.mp3,66.6180625,48000,0.043335553,0.96644163,0.044840320944786,19.008467,0.0490031588966938,1,0.015010943916298978,>60s
QoJAt98B3BM.mp3,20.282645833333333,48000,0.25880378,1.1589932,0.2233005166053772,50.44194,0.0247429206920347,1,0.04930323234045526,10-25s
9exG60xrMvk.mp3,37.72083333333333,48000,0.07019998,0.87395495,0.0803244858980178,51.235413,0.0714144114892564,0,0.0,35-45s
bIlnD_8hcPk.mp3,984.6189583333334,48000,0.10670082,1.3978777,0.0763305872678756,24.466837,0.0477554973732924,27,0.027421775471094888,>60s
oDTbdazAEdk.mp3,42.550583333333336,48000,0.047683373,0.3021823,0.157796710729599,33.544895,0.0351633478226817,0,0.0,35-45s
vMsApohLlbg.mp3,70.79764583333333,48000,0.04609406,0.6884791,0.0669505521655082,22.866692,0.0557558634942753,0,0.0,>60s
zKvp4si8ivA.mp3,194.467125,48000,0.06031699,0.37607944,0.1603836417198181,33.153618,0.0646086454705325,10,0.05142257335269393,>60s
Z27Tws28FaE.mp3,276.608,48000,0.015534071,0.16397633,0.0947336181998252,53.106956,0.0471370936644429,0,0.0,>60s
BTixboxM9-8.mp3,107.7638125,48000,0.10226123,0.9732515,0.1050717383623123,26.316242,0.0396401440166287,0,0.0,>60s
ZYcJZJ5xzOk.mp3,49.9,48000,0.072628945,0.96310556,0.0754112005233764,25.482998,0.0078355626536118,2,0.04008016032064128,45-60s
w7awrpfKE34.mp3,54.80533333333333,48000,0.062498573,0.93830705,0.0666078031063079,31.978188,0.052341488646867,0,0.0,45-60s
n6SCzc_72lQ.mp3,510.7345208333333,48000,0.11545606,1.1408399,0.1012026816606521,29.344105,0.0513441776463493,15,0.02936946571679832,>60s
F9KsMyLZCTE.mp3,563.2232291666667,48000,0.24412216,1.2763526,0.1912654489278793,33.224636,0.0536017924969935,6,0.010652969709501284,>60s
mRSYfxkYTMM.mp3,529.1363333333334,48000,0.16545233,1.2430961,0.1330969780683517,28.32488,0.0404852255919023,11,0.020788593235895724,>60s
IM5640FuD7E.mp3,73.81625,48000,0.07388407,1.2320186,0.0599699318408966,19.328955,0.0271931948508163,0,0.0,>60s
C5dZVf6ZgZs.mp3,151.92816666666667,48000,0.07846936,0.937335,0.0837153792381286,26.800863,0.0786507147746419,4,0.0263282318727381,>60s
qYwAm6D_Dlw.mp3,70.7744375,48000,0.105498806,1.0218163,0.1032463535666465,36.337223,0.0421765070496157,0,0.0,>60s
mpSlnRpBqtc.mp3,21.002458333333333,48000,0.051835317,0.5755671,0.0900595486164093,26.294624,0.0562847674104875,0,0.0,10-25s
DmIOUbl_TLg.mp3,21.908041666666666,48000,0.06274077,1.0143609,0.0618525147438049,21.472027,0.0562474326010224,0,0.0,10-25s
JYaUa_5p5WM.mp3,60.07004166666667,48000,0.094998844,1.1329036,0.0838543102145195,22.25758,0.0651751431551846,0,0.0,>60s
qQdeTpD9BRk.mp3,116.35520833333334,48000,0.025954504,0.4234366,0.0612948983907699,57.022453,0.0558104260243835,1,0.008594372476522144,>60s
GJ-5nDxOWag.mp3,86.28535416666666,48000,0.07108992,0.73427165,0.0968169271945953,23.052387,0.0379285890180778,0,0.0,>60s
iCxYZk2TpyI.mp3,279.09225,48000,0.088830024,0.624997,0.1421287208795547,29.168615,0.0570240092919931,0,0.0,>60s
ZgTKErUF7Z0.mp3,78.90141666666666,48000,0.053928774,0.8569048,0.0629343837499618,24.511253,0.0412763320745471,1,0.012674043664192764,>60s
KHpvPdOt4mc.mp3,25.0775625,48000,0.07117794,0.99252343,0.0717141106724739,21.851269,0.0493392425329506,0,0.0,25-35s
tNZDZ1JT2_Q.mp3,36.50177083333333,48000,0.19332242,1.3650417,0.1416238099336624,24.763174,0.0457022976464358,0,0.0,35-45s
jTIHRxtFho0.mp3,60.41833333333334,48000,0.025167307,0.46741414,0.0538436993956565,20.763788,0.0305484781829214,1,0.016551267551239965,>60s
cBEkMmg32hY.mp3,953.3068541666668,48000,0.060535483,1.0093043,0.0599774345755577,24.95937,0.0515519731035939,8,0.00839184147793965,>60s
37X_07L-_DU.mp3,21.257875,48000,0.08805625,1.0304846,0.0854513049125671,24.990395,0.0714015166363522,0,0.0,10-25s
FdAI1PeNhYs.mp3,54.764270833333335,48000,0.08472576,1.0429673,0.08123529702425,26.964146,0.0454207111124634,0,0.0,45-60s
_ykRzqdKw-E.mp3,85.47266666666667,48000,0.052692454,0.8226397,0.0640528947114944,24.226675,0.0426119525205889,2,0.023399293341341092,>60s
sCFeXghDiLo.mp3,79.08716666666666,48000,0.095482334,0.9563103,0.0998445153236389,28.3003,0.0334106198373229,3,0.03793282938867031,>60s
OHrmfyXrxmg.mp3,78.75047916666666,48000,0.12016778,1.2927674,0.0929539054632186,27.347061,0.0548926535199106,0,0.0,>60s
OWSeUd9Ptuo.mp3,20.1433125,48000,0.05975596,0.7556071,0.0790833681821823,68.855774,0.0667091963340391,0,0.0,10-25s
_yetPpEQaN0.mp3,24.512,48000,0.060412917,0.80183566,0.0753432661294937,23.702187,0.0401771150500217,0,0.0,10-25s
dIJgzBTwwrk.mp3,50.782041666666665,48000,0.100149184,1.0671796,0.0938447341322898,23.980253,0.0580212681815795,2,0.03938400139813205,45-60s
2PkEl4AgXck.mp3,845.009,48000,0.04340764,0.8742013,0.0496540591120719,21.491768,0.0362385923890747,2,0.002366838696392583,>60s
yeHOCPnKQ_o.mp3,45.10477083333333,48000,0.040857162,0.6480224,0.0630489960312843,26.80109,0.0249374436554149,0,0.0,45-60s
xPWN1M8oAQU.mp3,82.67466666666667,48000,0.027899083,0.5823042,0.0479115284979343,20.120724,0.0287404321821377,4,0.04838241460503822,>60s
TOpiHqLCqUI.mp3,1040.5674583333334,48000,0.06117321,1.0575949,0.0578418187797069,28.770311,0.070594755532833,4,0.003844056402077728,>60s
pI6Lr5HlZGM.mp3,175.542875,48000,0.06358985,1.0147018,0.06266850233078,26.501717,0.0657427179696044,3,0.01708984201153137,>60s
e2U458Y8Y34.mp3,2813.2600625,48000,0.06311248,0.51709616,0.1220517307519912,30.675728,0.0674065337890388,97,0.034479570976385696,>60s
STtpqpLk-4k.mp3,638.8390208333333,48000,0.04606727,0.3657063,0.1259679496288299,29.812672,0.0748303733830269,33,0.05165620590450653,>60s
AWziD0nBQUI.mp3,131.2,48000,0.075908214,0.99223405,0.0765023306012153,33.984657,0.0673521287014267,4,0.030487804878048783,>60s
DL1ObpHS5qY.mp3,11.401,48000,0.08198136,0.5902454,0.1388936787843704,32.990425,0.0830872895229186,0,0.0,10-25s
6yTX9HfPyyo.mp3,122.67102083333332,48000,0.09663813,0.90575624,0.1066933050751686,42.102703,0.043589577468807,0,0.0,>60s
bYUcR7TnS3A.mp3,28.781145833333333,48000,0.264992,1.1807781,0.2244215011596679,31.265173,0.0651132725662282,0,0.0,25-35s
icQjJFdJSOo.mp3,105.3489375,48000,0.02203849,0.4989013,0.0441740453243255,33.757492,0.0837612200377138,0,0.0,>60s
ZKoG6R4Ue78.mp3,42.41125,48000,0.09548663,0.92202246,0.1035621538758277,29.011066,0.0320826687044254,2,0.04715729906569601,35-45s
Y5de23dt9iE.mp3,176.86639583333334,48000,0.047458693,1.0830605,0.0438190586864948,24.361412,0.0886402730558738,5,0.02826992644047349,>60s
2CqQyxTl1aU.mp3,50.99102083333333,48000,0.095805444,0.85812587,0.1116449758410453,37.03961,0.0386609267151223,0,0.0,45-60s
ldI-aY3Abps.mp3,13.746229166666666,48000,0.16416806,0.9667369,0.1698166877031326,186.1737,0.0340910468386346,0,0.0,10-25s
3oPUt1PXubA.mp3,77.06704166666667,48000,0.045353804,0.64015937,0.070847675204277,22.5923,0.0377503708396761,1,0.012975715407959195,>60s
V26eoVfpqbU.mp3,21.20533333333333,48000,0.037674956,0.40586585,0.0928261280059814,37.248837,0.041798986221091,1,0.04715794768611671,10-25s
NawkcJIAXMk.mp3,3590.0139791666666,48000,0.054607302,1.0336295,0.0528306327760219,29.988909,0.0632080704863153,139,0.03871851218592342,>60s
-f7uy3RlA44.mp3,42.6550625,48000,0.1340973,1.0790914,0.1242687031626701,24.819956,0.0444145460193173,0,0.0,35-45s
tH2y7Mr34PQ.mp3,1412.7485,48000,0.03968511,1.0840833,0.0366070680320262,20.103178,0.0666575021612581,58,0.041054724177728735,>60s
__lW3u36jPw.mp3,29.675104166666667,48000,0.0430869,0.4495902,0.0958359465003013,30.22084,0.0202693740455443,0,0.0,25-35s
a6LLDVCLH7o.mp3,87.5856875,48000,0.059565213,0.9766364,0.0609901621937751,21.67469,0.0561661383493667,3,0.034252171623360264,>60s
zZigZ-nMITY.mp3,62.9493125,48000,0.041156583,0.54729563,0.0751999095082283,28.65859,0.0972066870870044,0,0.0,>60s
3dRhSuJDxgA.mp3,74.51285416666667,48000,0.06898042,1.075331,0.0641480833292007,45.654587,0.0633281071070712,0,0.0,>60s
0e7DA1JPp60.mp3,55.77433333333333,48000,0.20849374,1.1259531,0.1851708889007568,74.26103,0.0712076356019315,0,0.0,45-60s
ObvjBMcC6DU.mp3,30.592291666666668,48000,0.16783863,1.0733484,0.1563691943883896,43.32565,0.0441851132254269,0,0.0,25-35s
eM22HrVkIs8.mp3,17.763270833333333,48000,0.0643287,1.3597667,0.0473086312413215,38.791706,0.036128416210234,1,0.056295938365330145,10-25s
Iiruulv9I_E.mp3,74.965625,48000,0.060243774,0.899817,0.0669511407613754,23.400997,0.047506660464682,0,0.0,>60s
fiv3j55a8Y8.mp3,38.475479166666666,48000,0.15464963,1.0549748,0.1465908288955688,30.732777,0.0189724602879018,0,0.0,35-45s
bTxIZHhBuKk.mp3,137.152,48000,0.0632597,0.99219453,0.0637573525309562,37.03243,0.057645552543452,1,0.007291180587960804,>60s
BEVT3NN6Wxs.mp3,60.00097916666667,48000,0.08595265,1.0820358,0.0794360488653183,24.12709,0.0593419676779683,0,0.0,>60s
UruiKBTNT0k.mp3,45.29054166666667,48000,0.05699694,0.8975134,0.0635053962469101,23.503887,0.0352212238356688,0,0.0,45-60s
8lscGJ3DGAU.mp3,83.328,48000,0.07747429,0.8127703,0.0953212603926658,29.486658,0.0467152602233457,1,0.012000768049155145,>60s
ecp_trTnSsc.mp3,34.60935416666667,48000,0.09418637,0.90306246,0.1042966321110725,51.122215,0.027728657068567,0,0.0,25-35s
jKjWhUFXgTY.mp3,37.013333333333335,48000,0.2741408,1.203568,0.2277734279632568,45.98722,0.049933545357966,0,0.0,35-45s
4YdjALeSHl4.mp3,54.4508125,48000,0.047648262,0.9293475,0.0512706637382507,26.757832,0.0581381802460822,0,0.0,45-60s
Vo_6_S8F9VM.mp3,58.28210416666667,48000,0.05240897,0.61728454,0.0849024504423141,25.288488,0.0467002946845259,0,0.0,45-60s
rOudGB6sVLQ.mp3,301.3021458333333,48000,0.089184694,0.9974636,0.0894114822149276,29.74327,0.0699123057384593,11,0.03650820331722662,>60s
M2yRaxWkvV4.mp3,49.87647916666667,48000,0.13556021,1.0195248,0.1329641193151474,33.631958,0.0341573410099444,0,0.0,45-60s
P_67rAKin1s.mp3,85.9370625,48000,0.025536934,0.60174495,0.0424381345510482,23.199821,0.079129743061158,2,0.02327284575266929,>60s
pmO3vZH0hE4.mp3,60.00097916666667,48000,0.023659894,0.46093836,0.0513298436999321,22.332867,0.0459379270074209,0,0.0,>60s
V5E0XLXxYA0.mp3,850.129,48000,0.21837564,1.2866096,0.1697295159101486,34.20878,0.0541181652877979,0,0.0,>60s
elha2MgAgA4.mp3,36.002541666666666,48000,0.07825639,0.6487905,0.1206188946962356,34.75162,0.0503279699533471,0,0.0,35-45s
xhMkZlsybiM.mp3,38.88183333333333,48000,0.12397304,0.804023,0.1541909128427505,26.55694,0.0615847739817608,0,0.0,35-45s
mzGUeArTphY.mp3,1649.03475,48000,0.081077635,0.962963,0.084196001291275,28.191652,0.061126553828316,0,0.0,>60s
iAGDcpEv6Go.mp3,648.0921666666667,48000,0.07885853,1.0202827,0.0772908627986908,24.779367,0.0483739822109687,10,0.01542990413143398,>60s
kBlMoNtYLHM.mp3,22.45370833333333,48000,0.061896935,0.6949321,0.0890690386295318,25.922415,0.0514014552914292,0,0.0,10-25s
fKoSHn6XIOc.mp3,51.652791666666666,48000,0.12502716,1.1237848,0.1112554371356964,27.360594,0.0353020387027668,0,0.0,45-60s
IAJpX0VeMwY.mp3,58.293708333333335,48000,0.06950031,0.65629745,0.1058975830674171,178.57597,0.0338694422052232,0,0.0,45-60s
HZ03cqgDYOI.mp3,30.023416666666662,48000,0.0703515,0.8958031,0.0785345509648323,29.943209,0.0569792129218472,0,0.0,25-35s
fJOYF_YiqQY.mp3,70.98341666666667,48000,0.056212436,0.97370225,0.0577306225895881,26.981987,0.0751803449004508,4,0.05635119000799482,>60s
ra7lclhmrO8.mp3,37.5815,48000,0.071335025,0.8024665,0.088894709944725,38.714314,0.0557501075216373,0,0.0,35-45s
YT4P98cD6pM.mp3,2181.8514375,48000,0.090526596,1.2964826,0.0698247700929641,24.978449,0.055652007587424,81,0.03712443414241397,>60s
v8IyF_tMEHY.mp3,12.178875,48000,0.026258048,0.33573592,0.0782104209065437,31.246338,0.045183118295753,0,0.0,10-25s
o8bWdqE8BcU.mp3,153.99475,48000,0.18089314,1.1474171,0.1576524674892425,26.868343,0.0377702355005021,2,0.01298745574118598,>60s
DKqmGJK3hPk.mp3,80.36266666666667,48000,0.018912518,0.36724722,0.0514980554580688,25.41763,0.0673511892418712,0,0.0,>60s
1QveCOecDI0.mp3,107.32264583333334,48000,0.07674133,0.6954049,0.1103548929095268,28.88689,0.0543272821786175,0,0.0,>60s
u9Yq0lZIT9I.mp3,40.13570833333333,48000,0.04563105,0.4361764,0.1046160534024238,85.569756,0.0463646598043449,0,0.0,35-45s
zOJCax8ADOA.mp3,355.136,48000,0.05347272,0.7416373,0.0721009075641632,25.480146,0.0601229011018921,0,0.0,>60s
fuJedqnGh8k.mp3,62.3688125,48000,0.06876004,0.87792253,0.0783213004469871,24.78062,0.037723233370383,0,0.0,>60s
uuYkvImSPno.mp3,84.0098125,48000,0.031719442,0.5692513,0.0557213351130485,23.404907,0.0500968750991937,0,0.0,>60s
VG-DmdXKCEQ.mp3,112.33814583333331,48000,0.07325701,1.0187738,0.0719070360064506,23.456097,0.0456039480867831,1,0.0089016957915935,>60s
ueiSk6ZsWWo.mp3,1233.76,48000,0.023762153,1.0171418,0.0233616922050714,18.544662,0.0419448774177913,40,0.03242121644404098,>60s
fowxDIen9ww.mp3,76.39366666666666,48000,0.16893348,1.1125975,0.151837021112442,35.164093,0.048018322614144,0,0.0,>60s
_trA-Al7WIM.mp3,500.8428125,48000,0.11675037,1.0988417,0.1062485799193382,28.248291,0.0503197459668831,14,0.027952881923407856,>60s
Iu8G9ftE_Xk.mp3,178.22497916666666,48000,0.096012324,0.88890624,0.1080117598176002,26.52647,0.0262128042428481,0,0.0,>60s
KbZtD_nrgM8.mp3,50.921375,48000,0.15406872,1.1057751,0.139330968260765,49.96488,0.0479772637266966,0,0.0,45-60s
7aKyps1QV4Y.mp3,33.889541666666666,48000,0.055664785,0.80848014,0.0688511505722999,19.837606,0.0298888660812618,0,0.0,25-35s
OtBkS5xFTEw.mp3,55.70497916666667,48000,0.21239758,1.2578042,0.1688637882471084,26.711073,0.0469107119351905,1,0.01795171661420153,45-60s
5zvvaXPHNxw.mp3,49.73714583333334,48000,0.006596414,0.13337514,0.049457598477602,26.353148,0.0548491783722925,2,0.040211394652638476,45-60s
wzB5-uS_gz0.mp3,156.416,48000,0.10171677,0.8592964,0.1183721646666526,28.28804,0.0628256984103307,0,0.0,>60s
NwZdnDU56Xo.mp3,47.38033333333333,48000,0.063260056,0.6111688,0.1035066843032836,35.648705,0.0565856631303466,0,0.0,45-60s
AdTGdHcNuFI.mp3,29.489354166666665,48000,0.14622843,1.1013072,0.1327771544456482,34.119164,0.0435213113132911,0,0.0,25-35s
JBuZrh7ROkU.mp3,32.27575,48000,0.056265622,0.8159683,0.0689556524157524,22.330177,0.0359483757951916,0,0.0,25-35s
QSmHjx_Xl8k.mp3,87.01679166666666,48000,0.18605894,1.1720743,0.1587432920932769,30.664042,0.0800632215884714,0,0.0,>60s
K7Cr2lPX7o8.mp3,22.337604166666665,48000,0.11778105,0.53254914,0.221164658665657,80.74257,0.0794665498210023,0,0.0,10-25s
marnILDTx-U.mp3,35.5149375,48000,0.07900341,0.9994064,0.0790503323078155,24.761297,0.0278909769144144,0,0.0,35-45s
fyAodjclILU.mp3,590.7626666666666,48000,0.026936365,0.49184552,0.0547659061849117,24.212053,0.0728289138671346,0,0.0,>60s
R2MXDZ6xd7c.mp3,33.84310416666667,48000,0.2873734,1.1544199,0.2489331662654876,45.359436,0.0563271585939962,0,0.0,25-35s
cjp1R9Zj3d8.mp3,60.757333333333335,48000,0.033953108,0.6139796,0.0553000606596469,22.034605,0.0299429455744251,2,0.03291783707865169,>60s
xEI7dnqBQlE.mp3,98.99829166666666,48000,0.057884008,1.0128146,0.0571516305208206,24.32676,0.0331514141113176,2,0.020202368811919735,>60s
FdqxWcLXJ-U.mp3,33.053625,48000,0.15936832,1.0580722,0.1506213992834091,31.34666,0.0367086976141497,0,0.0,25-35s
qWSg3MY8-kc.mp3,86.20408333333333,48000,0.0083243195,0.23684278,0.035147026181221,26.456738,0.0883268881658314,2,0.02320075711804062,>60s
nTp4nLNImWI.mp3,86.08,48000,0.06468116,0.5319201,0.1215993911027908,29.436605,0.0395863542118386,0,0.0,>60s
hJnJjFQHZSk.mp3,154.83066666666667,48000,0.08312487,1.0164509,0.0817795246839523,21.734037,0.051686198365166,0,0.0,>60s
OdbqB5ClBO0.mp3,61.31229166666667,48000,0.043093823,0.6733608,0.0639981105923652,26.08774,0.0540617967526961,0,0.0,>60s
PsbSYPgfMKg.mp3,142.23383333333334,48000,0.06730002,0.76799,0.08763138204813,27.042118,0.0440827342871203,5,0.03515338005608136,>60s
wf9yFbaveOs.mp3,113.01152083333334,48000,0.06049839,0.98873603,0.0611876063048839,23.36564,0.0545556018463898,4,0.035394621455445266,>60s
LeKzy0Rxh48.mp3,86.23891666666667,48000,0.026904713,0.56150126,0.0479156784713268,20.574715,0.0327399674358379,0,0.0,>60s
QupPqqoTzlk.mp3,25.15883333333333,48000,0.2902977,1.251499,0.2319599688053131,43.910023,0.0578666062817931,0,0.0,25-35s
hO8cNNA7f0c.mp3,60.00097916666667,48000,0.12530957,0.9397078,0.1333495080471038,42.136337,0.0662922945642996,0,0.0,>60s
nxI5Ib8znys.mp3,28.804354166666663,48000,0.07994389,0.76471007,0.1045414358377456,34.434948,0.0367158213971677,0,0.0,25-35s
1DU1NgSfT9s.mp3,127.26858333333334,48000,0.07532135,0.9415226,0.0799995064735412,33.89937,0.0918434851528453,2,0.01571479738060519,>60s
I6fyiHuqQkU.mp3,20.004,48000,0.083003126,1.0167913,0.0816324055194854,26.33236,0.0350029463452825,0,0.0,10-25s
LOT0PXMHPnc.mp3,43.955375,48000,0.04900923,0.66347003,0.0738680362701416,23.623636,0.0472630420028512,1,0.022750346231831718,35-45s
YpyTRFQUuIY.mp3,107.50839583333334,48000,0.03508032,0.5076498,0.0691033899784088,23.256132,0.0775145878807421,5,0.04650799559646795,>60s
U_M8FkwJboI.mp3,1613.64,48000,0.19481525,1.3435687,0.1449983566999435,31.275688,0.0470574385479395,6,0.0037183014798839887,>60s
C3oWwXEqtc0.mp3,62.45008333333333,48000,0.16400146,1.0357771,0.1583366394042968,29.486685,0.0280285112884286,0,0.0,>60s
5NPQoFvLUOg.mp3,12.689708333333334,48000,0.19376402,1.164881,0.1663380414247512,27.793392,0.0346954602153361,0,0.0,10-25s
-b4YWpHq5iU.mp3,57.99185416666667,48000,0.154898,1.0188117,0.1520379036664962,53.978394,0.0428016189707099,0,0.0,45-60s
7RF4sHqeI5w.mp3,61.61066666666667,48000,0.06326506,0.80992526,0.0781122222542762,26.02198,0.0276252914304569,0,0.0,>60s
Sri-a3m5GRo.mp3,40.576875,48000,0.122209385,1.0406204,0.1174389645457267,36.625896,0.0551367700804862,0,0.0,35-45s
Jmizp1SudRg.mp3,148.03883333333334,48000,0.07837643,1.1036876,0.0710132345557212,23.99373,0.0785645903320664,1,0.006754984334065498,>60s
MbLNbVcE7RA.mp3,95.20183333333334,48000,0.039904617,0.5697998,0.0700327008962631,33.96543,0.1152922510433004,0,0.0,>60s
in2OBTR1sGE.mp3,58.66522916666667,48000,0.13358879,1.0353632,0.1290260255336761,39.44919,0.0347634055397727,0,0.0,45-60s
puI184PdLWI.mp3,59.710125,48000,0.032554455,0.7518247,0.0433005951344966,22.507328,0.0629258286999821,0,0.0,45-60s
R5TobBwPri8.mp3,40.93679166666666,48000,0.07343326,1.0623299,0.0691247209906578,20.21716,0.0701067806718994,0,0.0,35-45s
UofZANbcfhM.mp3,30.63875,48000,0.104287796,0.97893894,0.1065314635634422,49.302326,0.0331796711843021,0,0.0,25-35s
QgoxXR0UlZo.mp3,48.70402083333333,48000,0.05709837,0.6313008,0.0904455855488777,24.840366,0.0458897773771075,0,0.0,45-60s
2zHNdIcSGpk.mp3,136.510125,48000,0.10249915,0.678493,0.1510688364505767,35.36818,0.0684317129629629,0,0.0,>60s
Xyk6LcpVcus.mp3,21.629395833333334,48000,0.2162974,1.2074035,0.1791425943374633,31.94527,0.1003381853272929,0,0.0,10-25s
Jl2Q_Kx8l6E.mp3,28.328354166666667,48000,0.1081352,1.0364922,0.1043280363082885,25.334183,0.0355423157473644,0,0.0,25-35s
6NsQywgrR78.mp3,61.1033125,48000,0.10990477,1.0694058,0.1027718111872673,26.081102,0.0380258505247425,0,0.0,>60s
qTb_uHvFHw4.mp3,76.71875,48000,0.03845804,0.584951,0.0657457485795021,25.709475,0.0291585976600514,0,0.0,>60s
eeRD86yKoUI.mp3,33.15810416666667,48000,0.14792779,0.8860824,0.1669458597898483,28.92582,0.0549122444415406,0,0.0,25-35s
SNWTreDb3ig.mp3,64.13352083333334,48000,0.04383211,0.51477516,0.0851480662822723,27.37941,0.059376721530434,1,0.015592470006422148,>60s
_rjXoFjFAgg.mp3,814.289,48000,0.049553815,1.068903,0.04635950922966,20.892338,0.0596220636605154,0,0.0,>60s
fzUWuBGvt7E.mp3,16.660333333333334,48000,0.043824244,0.9672362,0.0453087277710437,20.400007,0.0512204530449743,0,0.0,10-25s
DwRIfRzHHcE.mp3,60.0468125,48000,0.13365804,1.0261848,0.1302475333213806,29.457409,0.0371689574544849,0,0.0,>60s
BqqrJPB5AvU.mp3,138.944,48000,0.06536065,0.5242893,0.1246652379631996,64.349236,0.0574492670271359,0,0.0,>60s
asIKJLM0jco.mp3,18.239291666666663,48000,0.33083072,1.1136379,0.2970720827579498,50.3941,0.046894988121345,0,0.0,10-25s
VzZb97XOIEw.mp3,175.41516666666666,48000,0.16085203,1.0917816,0.1473298519849777,25.864536,0.0410421678333637,0,0.0,>60s
U1UG3VqbJsk.mp3,46.43333333333333,48000,0.095278524,0.9923543,0.096012607216835,48.365017,0.0508156786503789,1,0.021536252692031587,45-60s
bHsUFvbawGs.mp3,25.4606875,48000,0.09863681,1.0129967,0.0973713099956512,27.275274,0.0616848341930247,1,0.0392762371401008,25-35s
V784e-G6BVs.mp3,110.55020833333332,48000,0.2092706,1.2093872,0.1730385422706604,30.543806,0.0595289039887843,0,0.0,>60s
J42yj-heGbc.mp3,40.30985416666667,48000,0.090576485,1.0065153,0.0899901762604713,34.103703,0.0561113952959656,0,0.0,35-45s
bp49LZlxEek.mp3,67.0011875,48000,0.055537988,0.54527694,0.1018528044223785,32.48555,0.0791502196255173,0,0.0,>60s
GeEs0cYuBr0.mp3,99.8458125,48000,0.069660164,0.9375613,0.0742993205785751,26.566885,0.0527800682352312,0,0.0,>60s
5yTs77M-TBY.mp3,59.87266666666667,48000,0.06175842,0.93704695,0.0659075006842613,20.905003,0.0584333669175276,1,0.016702112260463874,45-60s
7gbpQe8sPI8.mp3,15.104,48000,0.08352688,0.8634628,0.0967347770929336,33.623806,0.0388237004895906,0,0.0,10-25s
lwZqvmoiEM4.mp3,47.8795625,48000,0.010390843,0.37163675,0.0279596764594316,33.877148,0.0483309243776453,1,0.02088573804324131,45-60s
oznwTJVBs3k.mp3,24.08533333333333,48000,0.05157549,0.48838046,0.1056051477789878,37.323383,0.041090196505644,0,0.0,10-25s
Vr_N1_Fw_lY.mp3,1159.5929375,48000,0.0580814,0.32309625,0.1797650158405304,64.60773,0.0604060346589497,0,0.0,>60s
aROo8kjYEM8.mp3,203.2213333333333,48000,0.09281036,1.1544895,0.0803908258676529,23.051958,0.067242322403296,1,0.004920743229057318,>60s
ZWKZmcKwsBo.mp3,98.33652083333334,48000,0.085351884,1.0228682,0.0834436789155006,25.909346,0.0466177255626355,0,0.0,>60s
0ya4L9xpWc0.mp3,68.68464583333333,48000,0.054870114,0.7709775,0.0711695402860641,27.22734,0.0539112541246118,0,0.0,>60s
1EtSllpzTmE.mp3,57.98022916666667,48000,0.11920247,1.0392122,0.1147046461701393,26.281048,0.0420927001414183,0,0.0,45-60s
ObGgrVbRycM.mp3,55.9949375,48000,0.037323173,1.0516443,0.0354903005063533,16.576168,0.0422965959821428,1,0.017858757320695286,45-60s
NzXA9FzRv8w.mp3,49.4236875,48000,0.042736214,0.39571494,0.1079974770545959,27.885471,0.0390711402810746,0,0.0,45-60s
OpMyH7at9Ek.mp3,173.5575625,48000,0.07247975,0.86262476,0.0840223357081413,57.695614,0.0406219272369714,0,0.0,>60s
ucA7ro8zQAI.mp3,781.5040208333334,48000,0.04313191,0.62916905,0.0685537680983543,23.974155,0.0777627160654694,26,0.033269182636163123,>60s
D_QnUhWOg_A.mp3,30.499416666666665,48000,0.066403925,0.7754986,0.0856273919343948,84.11882,0.0427797544252622,0,0.0,25-35s
ujAAbn_2_Co.mp3,377.9626666666667,48000,0.10901394,0.6525456,0.1670594960451126,32.016853,0.053484662167525,0,0.0,>60s
7rY3M6K0sFo.mp3,83.84727083333334,48000,0.06682569,0.5222849,0.1279487162828445,27.214556,0.065399189332623,0,0.0,>60s
YIqAkD1o4qQ.mp3,37.511854166666666,48000,0.22613797,1.0664333,0.2120507359504699,42.944702,0.0350736434194626,0,0.0,35-45s
OLkWvzMCyeU.mp3,88.502875,48000,0.10978326,1.1505551,0.0954176485538482,28.735859,0.0741040645147927,1,0.011299067968130978,>60s
nsXKck5vTeI.mp3,15.777979166666666,48000,0.05661469,0.7461591,0.0758748278021812,30.526695,0.0514476879222973,0,0.0,10-25s
uCRnL3mluj0.mp3,2831.6967083333334,48000,0.048556656,1.0499489,0.0462466850876808,20.761051,0.0264587917346273,25,0.008828629113572824,>60s
Dg3TwW41brU.mp3,40.37952083333333,48000,0.18685369,1.053835,0.1773082911968231,33.591885,0.0573245540725699,0,0.0,35-45s
jfxyyOhAF_k.mp3,60.5344375,48000,0.086654,1.0612073,0.0816560536623001,21.229364,0.0398130732745331,1,0.016519522461904433,>60s
W6yyThqpLbg.mp3,180.05914583333333,48000,0.017359035,0.34660488,0.0500830672681331,26.474525,0.0573646152664237,1,0.005553730666509002,>60s
kMPFsr7_KXk.mp3,433.3013333333333,48000,0.023952264,0.86981416,0.0275372210890054,18.804525,0.0368742071725069,21,0.04846511742405594,>60s
TSHQT5MtGcw.mp3,36.10704166666667,48000,0.07608809,0.674223,0.11285300552845,24.102201,0.039504058531453,0,0.0,35-45s
FnhIPVZoDL8.mp3,41.70304166666666,48000,0.15287742,1.051759,0.1453540325164795,28.905464,0.0562156579683503,0,0.0,35-45s
7WMmXhTTNVM.mp3,22.105416666666667,48000,0.07205469,0.9502372,0.0758281126618385,26.854183,0.0656197709388567,0,0.0,10-25s
WuL2sQELG6U.mp3,16.207541666666668,48000,0.19262609,1.2967074,0.1485501527786255,33.1064,0.0689067639802631,0,0.0,10-25s
I0g6jBeVX6w.mp3,35.352979166666664,48000,0.06967684,0.84786963,0.0821787193417549,33.34981,0.069563949377828,0,0.0,35-45s
2JhDwKleMGk.mp3,65.536,48000,0.05579928,0.8788505,0.0634912028908729,22.275536,0.0539235722640358,3,0.0457763671875,>60s
VXcSbsZYGqk.mp3,31.230854166666667,48000,0.079147995,1.0141838,0.0780410766601562,27.86496,0.0440555426592383,0,0.0,25-35s
2aByr0h1VNE.mp3,55.9485,48000,0.04790109,0.60834116,0.078740507364273,24.446737,0.0528536995448913,1,0.017873580167475447,45-60s
iyP-ZuoEkqE.mp3,19.07520833333333,48000,0.09629928,0.9997155,0.0963266864418983,28.264885,0.0781162660704304,0,0.0,10-25s
OYJwandgPOk.mp3,35.72391666666667,48000,0.060393102,0.6212331,0.0972148776054382,31.930677,0.0509797691231343,0,0.0,35-45s
EBk2UKn8fBA.mp3,18.088354166666665,48000,0.27342096,1.4872936,0.1838379204273224,38.246353,0.0819918074697818,0,0.0,10-25s
9GFSpaohtfE.mp3,258.24,48000,0.05303878,0.40564057,0.130753144621849,30.139494,0.0768719377297509,1,0.0038723667905824037,>60s
HfyYs9hPWwM.mp3,30.1975625,48000,0.14284775,0.88845885,0.1607815027236938,30.6371,0.0319396627824858,0,0.0,25-35s
Sj5JC991jtg.mp3,63.61108333333333,48000,0.03751515,0.7918496,0.0473766066133976,19.725197,0.0331546571093226,1,0.015720530882327895,>60s
X_vGrnIPmIo.mp3,1101.888,48000,0.035799775,0.9664477,0.0370426401495933,20.403824,0.0404665585174801,22,0.01996573154440379,>60s
N6Q7ex-PC6A.mp3,124.633125,48000,0.05921771,0.9311837,0.0635940134525299,27.768074,0.0542354063034873,2,0.016047098233314776,>60s
pbwUnVl39Rg.mp3,132.736875,48000,0.01996049,0.41706508,0.0478594116866588,26.417297,0.055614312349337,5,0.03766850771498124,>60s
aG1gRBIZAuc.mp3,407.5689791666667,48000,0.100504085,0.7997374,0.1256713569164276,34.103123,0.0626045057331196,18,0.04416430327156788,>60s
rVdqe3cRP8Y.mp3,45.30214583333333,48000,0.08969342,0.5417985,0.16554756462574,32.307487,0.0588496148923022,0,0.0,45-60s
s_jtlOu-_mI.mp3,481.83729166666666,48000,0.08398384,1.095679,0.0766500383615493,22.184158,0.0502414740103325,3,0.00622616815237163,>60s
WPDatqSRIvc.mp3,53.89352083333333,48000,0.084820755,1.0762203,0.0788135603070259,19.651104,0.0354864413776469,1,0.018555106152602606,45-60s
Lkju3D-7pe0.mp3,61.2078125,48000,0.01898677,0.32077795,0.0591897629201412,26.82349,0.0838551365928297,2,0.032675567355065986,>60s
H_PiEcd9oAg.mp3,19.969166666666663,48000,0.063786,0.81193125,0.0785608366131782,28.193363,0.0651202428423651,0,0.0,10-25s
d5avzO3H3eo.mp3,579.6165208333333,48000,0.014522511,0.4412038,0.0329156517982482,20.173058,0.0552078511024337,4,0.0069011145407813276,>60s
bAz7NROfrks.mp3,98.624,48000,0.012672305,0.17958759,0.070563368499279,19.461315,0.0664339722511355,0,0.0,>60s
w-lig5z-DHo.mp3,61.04527083333333,48000,0.06685755,0.6442316,0.1037787422537803,31.59852,0.054760106560152,0,0.0,>60s
MpoZwGxEtiM.mp3,120.08533333333334,48000,0.123475306,1.1250412,0.1097518056631088,27.855654,0.0446616665001332,6,0.04996446971042814,>60s
KnaScddZLLg.mp3,565.9631875,48000,0.053222578,0.6102419,0.0872155427932739,36.591152,0.0542527953319355,16,0.02827038993591787,>60s
N6YkVJ4uCM8.mp3,29.9073125,48000,0.041436333,1.0400186,0.0398419164121151,27.530209,0.0446751223141048,0,0.0,25-35s
ZzrG8BgHoZ0.mp3,815.3813333333334,48000,0.06612588,0.985355,0.0671086832880973,28.564627,0.0357855166083716,43,0.052736061327542445,>60s
OjrhyIGLq70.mp3,18.944,48000,0.102216154,0.80107915,0.1275980770587921,44.440887,0.0423004888857625,0,0.0,10-25s
EUXMGDhyCww.mp3,24.415791666666667,48000,0.014766361,0.21282923,0.069381259381771,49.534332,0.0386019498825906,0,0.0,10-25s
BZqd8nIgWGw.mp3,57.237208333333335,48000,0.060821332,0.53692937,0.1132762283086776,42.164173,0.0519987682864331,1,0.017471152579215297,45-60s
VoiAgswQ-v4.mp3,24.369354166666668,48000,0.049452405,0.79616773,0.0621130503714084,24.166777,0.0343326894146608,0,0.0,10-25s
PmcMjKXIfcY.mp3,39.2765625,48000,0.08729366,1.0641365,0.0820323899388313,23.941431,0.0306164143106842,0,0.0,35-45s
9gK0a3sQoAw.mp3,792.25325,48000,0.08455828,0.9014108,0.0938065946102142,25.177689,0.0383635597794988,6,0.007573335925097183,>60s
xqbnEdpssY0.mp3,897.408,48000,0.057552464,1.152589,0.0499332062900066,19.4884,0.0515229896878305,40,0.044572814149194125,>60s
lX5y9_mRHn8.mp3,45.27891666666667,48000,0.20086935,1.1328844,0.177307903766632,32.016872,0.0592474372423439,0,0.0,45-60s
Wr85z-CTagA.mp3,59.03675,48000,0.08290985,0.74528885,0.111245259642601,49.254776,0.0402986852134146,1,0.016938601803114163,45-60s
m6uC4mkTZUU.mp3,94.66777083333334,48000,0.03749837,0.64283395,0.0583329014480114,22.832981,0.0532631996570808,0,0.0,>60s
sL4nLMw6uic.mp3,12.701333333333332,48000,0.10171005,0.9456556,0.1075550690293312,26.537828,0.0347692327875734,0,0.0,10-25s
Q741CJoXLCE.mp3,171.07302083333337,48000,0.06525755,0.8280939,0.0788045302033424,27.440664,0.046913663082954,10,0.05845457075164661,>60s
BIwW4jGyprU.mp3,86.72654166666666,48000,0.060395647,0.51674604,0.1168768405914306,79.23844,0.0495880806289201,0,0.0,>60s
73H8SJ4Cmqw.mp3,68.82133333333333,48000,0.12929675,0.808848,0.1598529517650604,35.660664,0.0577664791327677,2,0.029060756354618723,>60s
uKxFv_U5OLE.mp3,21.3043125,48000,0.055214714,0.9548824,0.0578235760331153,17.815964,0.0394840641422672,0,0.0,10-25s
0CGhcrFpcv4.mp3,23.521833333333333,48000,0.25343236,1.1891832,0.2131146490573883,49.571075,0.0583203921832502,0,0.0,10-25s
marHoToUZR4.mp3,65.2596875,48000,0.04533903,0.95248955,0.0476005524396896,21.140802,0.0478618563848259,0,0.0,>60s
MQhT-sffSHQ.mp3,261.712125,48000,0.06739917,0.9681246,0.0696182772517204,22.71926,0.0510575898042672,6,0.02292595346891169,>60s
7AHEL2YljF0.mp3,736.2118958333333,48000,0.0863383,0.6902841,0.1250764727592468,31.649368,0.0441600232496015,13,0.017657959717270032,>60s
zr0NpAoZjc8.mp3,14.512479166666669,48000,0.10551124,1.0408098,0.1013741865754127,37.38533,0.0632326012582659,0,0.0,10-25s
Rb1TkdEunz8.mp3,2911.6197916666665,48000,0.07561773,1.0302389,0.0733982473611831,27.03273,0.0626504045419055,93,0.03194098359482748,>60s
sBzTkYA8Se8.mp3,60.27902083333333,48000,0.08940699,1.0036342,0.0890832394361496,27.288757,0.0729623674418347,0,0.0,>60s
ro7gU2cvwhE.mp3,22.442666666666668,48000,0.06632321,0.7504616,0.0883765593171119,24.417524,0.0357908996437054,0,0.0,10-25s
sWKkN3A4tmo.mp3,36.992,48000,0.09260872,1.0130534,0.0914154350757598,44.06192,0.0266159026826895,0,0.0,35-45s
qOFKu7o9x90.mp3,115.93725,48000,0.19549613,1.1580542,0.1688143163919448,31.60748,0.0564016951040708,0,0.0,>60s
zbK6HYh7p6Q.mp3,74.41066666666667,48000,0.09098403,0.95723116,0.0950491726398468,26.417984,0.0684933951510319,0,0.0,>60s
Nqj-EN4EO0Y.mp3,691.7546666666667,48000,0.096723884,0.91339874,0.1058944761753082,25.041077,0.0435763741654202,3,0.004336797631530253,>60s
xi3vO6M01TM.mp3,92.171625,48000,0.09481792,1.041382,0.0910500884056091,26.487968,0.0549655976987387,1,0.010849325917819067,>60s
Q8vSQOp3avQ.mp3,32.368625,48000,0.1555892,0.9639391,0.16140978038311,32.115498,0.0608979226729818,0,0.0,25-35s
nVKC4FW_0og.mp3,44.2108125,48000,0.012709952,0.3463192,0.0367001071572303,30.24768,0.0431786697074788,0,0.0,35-45s
19kdl0bL-YI.mp3,320.80689583333333,48000,0.07381972,1.072167,0.0688509494066238,24.120163,0.0657559767858924,11,0.03428853975045087,>60s
NyRAIUpTL1Q.mp3,120.48835416666668,48000,0.14049189,1.08533,0.1294462382793426,36.134712,0.0697343518308472,5,0.041497786525357475,>60s
burZFP3PJ6Y.mp3,60.720979166666666,48000,0.023889206,0.6764103,0.035317625850439,20.405817,0.0423784897571579,2,0.03293754526768103,>60s
2YfkPJhiy_Q.mp3,45.83620833333333,48000,0.042602144,0.5927954,0.0718665271997451,26.137264,0.0438802159071079,0,0.0,45-60s
fAfntmK2ZYs.mp3,21.87320833333333,48000,0.102494694,1.0050983,0.1019747927784919,182.09521,0.0450918568686006,0,0.0,10-25s
iYz4LZBEZj0.mp3,73.792,48000,0.03159932,0.5449927,0.0579811818897724,33.373493,0.0680545785382642,0,0.0,>60s
a29Z_c2HpXM.mp3,59.234125,48000,0.021856396,0.16569746,0.1319054365158081,40.59921,0.0409164566078502,2,0.033764320820135356,45-60s
22lWtHbpTkU.mp3,62.49697916666667,48000,0.16177562,1.28608,0.1257897019386291,30.940037,0.050763001946459,1,0.016000773370712918,>60s
RHI1a5N5wd4.mp3,88.32870833333334,48000,0.13081148,1.0755745,0.1216201037168502,26.8825,0.0564963399838485,0,0.0,>60s
oiMYJsrZjI8.mp3,32.17066666666667,48000,0.09849695,0.8858844,0.1111848801374435,39.651665,0.0734142269327974,0,0.0,25-35s
oHB23oB03xk.mp3,36.87329166666667,48000,0.06306584,0.65041006,0.0969632044434547,25.539644,0.0553084095675441,1,0.027119900469965274,35-45s
NokEgWQCx1I.mp3,59.0831875,48000,0.05462226,1.0251545,0.0532819777727127,56.752388,0.0653083222867779,0,0.0,45-60s
Uaeh36SlJOE.mp3,43.35166666666667,48000,0.30282712,1.0896661,0.2779081761837005,62.06122,0.0278015211792742,0,0.0,35-45s
iWEwd_MNivU.mp3,17.217604166666668,48000,0.042229608,0.53185606,0.0794004425406456,40.803165,0.0315862035603715,0,0.0,10-25s
QG69RonwPYA.mp3,78.37895833333333,48000,0.098915346,1.3917406,0.0710731223225593,26.06242,0.0570119021295414,3,0.038275578851679475,>60s
eaDargaMISA.mp3,78.41379166666667,48000,0.04517411,0.9423359,0.0479384362697601,19.30783,0.064949708093886,0,0.0,>60s
T5njR0lIAhc.mp3,119.21066666666668,48000,0.075682335,1.0883436,0.0695390105247497,27.600592,0.0436590364839626,4,0.03355404438081603,>60s
LQGV4AcwZKg.mp3,207.616,48000,0.0,0.0,,-inf,0.0,0,0.0,>60s
rI9fPLly0p8.mp3,89.14141666666667,48000,0.07408666,1.1053971,0.0670226663351059,21.410856,0.0580677288974635,1,0.011218129993820679,>60s
3VnS7RqzoqE.mp3,89.373625,48000,0.04447243,0.7659103,0.0580647997558116,29.013262,0.04541062244525,0,0.0,>60s
UHt579LOllE.mp3,54.28897916666666,48000,0.09316896,0.8951024,0.1040874868631362,26.973629,0.0557980760375736,0,0.0,45-60s
eYSmeI51UFs.mp3,111.17714583333331,48000,0.14170483,1.0464549,0.1354141682386398,25.095922,0.0312867276695768,0,0.0,>60s
0KVr4J7uUWI.mp3,1759.0160625,48000,0.095226124,0.95692044,0.0995131060481071,29.581774,0.0543667304743402,101,0.05741846373844582,>60s
P7spn4W14xw.mp3,23.289625,48000,0.18657976,1.0203211,0.1828637719154358,43.70766,0.0365365835336538,0,0.0,10-25s
xReXCG5P6r8.mp3,59.071583333333336,48000,0.043580115,0.60695934,0.0718007162213325,23.567654,0.0345654279241152,0,0.0,45-60s
ltRTgG9_Nzk.mp3,21.385583333333333,48000,0.27784967,1.1554118,0.2404767423868179,41.174965,0.0402984238622194,0,0.0,10-25s
4ixCxm4DeDs.mp3,77.48266666666666,48000,0.016573578,0.23660973,0.0700460523366928,29.575367,0.0335868273614934,0,0.0,>60s
fAfvn_f4rTQ.mp3,50.41066666666666,48000,0.06891503,0.9756016,0.0706385001540184,26.547768,0.0364201825946689,0,0.0,45-60s
OgCmRUuQdn0.mp3,112.45425,48000,0.029228669,0.5671009,0.0515405088663101,24.21624,0.0522297914641231,4,0.03557002069730579,>60s
oq3f7VCZu4U.mp3,31.48627083333333,48000,0.059923805,0.8521036,0.0703245550394058,28.130491,0.0402143938431571,0,0.0,25-35s
c8umYnocmRE.mp3,38.12716666666667,48000,0.24091774,1.0846002,0.222125843167305,42.665554,0.0328120902534965,0,0.0,35-45s
CNhQ9yKVSi0.mp3,52.976333333333336,48000,0.09685111,0.9075978,0.1067114919424057,41.39486,0.0339048265426817,0,0.0,45-60s
EqQooEG93nM.mp3,1221.5466666666666,48000,0.069907896,1.0942358,0.0638874173164367,22.065151,0.0634274917714327,11,0.009004977296542089,>60s
fMT_r47HoB0.mp3,744.1763333333333,48000,0.11015227,1.113688,0.0989076569676399,23.824213,0.052497754523539,4,0.005375070155863597,>60s
77t2se7yZFc.mp3,73.85108333333334,48000,0.0869679,1.0888135,0.0798740088939666,32.87645,0.0350580154850881,1,0.013540762773734982,>60s
C8w2nZSVP5I.mp3,229.15775,48000,0.0921791,0.9094722,0.101354494690895,44.278763,0.064094982385147,1,0.004363806155366773,>60s
dxPdzPcYjYU.mp3,25.8438125,48000,0.05199339,0.5075319,0.102443590760231,35.67246,0.0952486989914362,1,0.0386939813930317,25-35s
19xdt08RQJk.mp3,26.2385625,48000,0.08388867,0.99796224,0.0840599685907363,40.65573,0.0420360534171748,0,0.0,25-35s
4OM9EZzK1UQ.mp3,131.968,48000,0.06770677,1.471107,0.0460243672132492,22.815514,0.0547989447789541,6,0.045465567410281287,>60s
0qDPl7bo6CA.mp3,31.91583333333333,48000,0.09398476,1.0196118,0.092177003622055,27.974064,0.0431015468384564,1,0.03133241076790517,25-35s
cxQHqch-NMM.mp3,44.22241666666667,48000,0.15255186,1.0419818,0.1464054882526397,42.005653,0.0464550263054751,0,0.0,35-45s
EUCVUywuzPE.mp3,39.6713125,48000,0.094625324,1.018071,0.0929456949234008,29.980942,0.0643787014868951,0,0.0,35-45s
StEP_tiigRA.mp3,260.7609791666667,48000,0.045422066,0.5025259,0.0903875082731247,42.110283,0.0689170226663803,9,0.03451436648520791,>60s
ietOJ0S8Zmw.mp3,36.778666666666666,48000,0.08442288,0.8023706,0.1052168160676956,29.752684,0.0757262068715569,2,0.05437935034802784,35-45s
XcVsuWJKCDc.mp3,131.5410625,48000,0.055216268,0.4774794,0.1156411543488502,31.469872,0.0884551655499918,6,0.045613133161365484,>60s
7pznVuSArfY.mp3,29.26933333333333,48000,0.17149016,1.0360861,0.1655172854661941,49.722523,0.0454146032559198,0,0.0,25-35s
xYgzTqJuku0.mp3,1432.1719791666667,48000,0.074489206,1.1290312,0.0659762173891067,23.284458,0.0525797485432477,56,0.03910144927747053,>60s
eZxexrXNWGE.mp3,22.476916666666668,48000,0.12566824,0.97220176,0.1292614787817001,54.66434,0.0405241008953984,0,0.0,10-25s
bqFv8A1heqQ.mp3,640.29025,48000,0.03965328,1.0061065,0.0394126065075397,22.433746,0.0498469041270323,27,0.04216837598261101,>60s
68qlLiXrenk.mp3,78.29333333333334,48000,0.11942111,0.99414283,0.1201246976852417,56.208206,0.0315002266806293,1,0.012772479564032697,>60s
v358qExI-v4.mp3,59.584,48000,0.06977792,0.91045946,0.0766403377056121,31.531475,0.0499793046357615,0,0.0,45-60s
8qyjScsrXnU.mp3,59.776,48000,0.031455662,0.5405185,0.0581953451037406,32.87606,0.0461197974743532,0,0.0,45-60s
s5f0KoIgpG4.mp3,65.20164583333333,48000,0.12139735,1.0043917,0.1208665445446968,26.422432,0.074308370736545,1,0.01533703616249462,>60s
kbV9J1AjquM.mp3,23.545041666666663,48000,0.025837464,0.44325316,0.0582905374467372,28.105974,0.0713551839192708,0,0.0,10-25s
s_KplZwMERY.mp3,71.9238125,48000,0.09714593,0.5372714,0.1808135211467743,32.848206,0.0375289362579712,0,0.0,>60s
uAKxemOk76c.mp3,125.31810416666669,48000,0.11418928,1.1509345,0.0992144122719764,24.166962,0.0374763859557196,6,0.04787815806741144,>60s
e-5HnPGUbgo.mp3,69.38122916666667,48000,0.16224076,1.2040794,0.1347425729036331,34.722477,0.0671938803084166,0,0.0,>60s
2cU8gtVX7U4.mp3,83.35964583333333,48000,0.17666063,1.1081505,0.1594193428754806,88.26843,0.0418960307701535,0,0.0,>60s
Q5Q5FKbPQ7o.mp3,1749.6700416666667,48000,0.023761267,0.6299887,0.0377169735729694,32.367165,0.0671068891807315,69,0.039436006993794855,>60s
4IXIP2K7kK4.mp3,43.293625,48000,0.051097576,0.9022354,0.0566344186663627,26.253511,0.0685743438577851,0,0.0,35-45s
MS6qPMQH6fo.mp3,1553.2640416666666,48000,0.083207384,1.1648917,0.0714292824268341,23.936962,0.0349755793318093,72,0.046353999106773465,>60s
1ujCstU1M0k.mp3,62.113395833333335,48000,0.20717797,1.0720965,0.1932456344366073,43.10677,0.0495149381868131,0,0.0,>60s
keAM6Kvvo4I.mp3,806.592,48000,0.106588066,1.0724294,0.0993893519043922,24.075588,0.0595638360047574,2,0.0024795683567404585,>60s
QUD-CqIWu1A.mp3,32.86785416666667,48000,0.027376492,0.51349,0.0533145554363727,21.46084,0.0593264887349935,0,0.0,25-35s
otAyeNZwC80.mp3,39.0186875,48000,0.0627067,0.8273195,0.0757950246334075,25.14947,0.0679176666268106,0,0.0,35-45s
P4ucE-u6ERQ.mp3,16.78933333333333,48000,0.27918705,1.09828,0.2542039155960083,66.84189,0.0444928075396825,0,0.0,10-25s
7kAOy3E9CWw.mp3,1494.8266666666666,48000,0.048867024,0.5125127,0.0953479334712028,28.294605,0.0467066497424914,62,0.04147638076209505,>60s
O73U3VsRcWk.mp3,1107.150666666667,48000,0.053334303,0.50614756,0.1053730323910713,27.84004,0.0581946705406518,0,0.0,>60s
0gvMPBxyeYg.mp3,62.18304166666667,48000,0.07360372,0.8600726,0.0855784937739372,23.839426,0.0461840359669811,0,0.0,>60s
yrnja6_G0Z0.mp3,60.032,48000,0.11947292,1.0474514,0.1140605881810188,23.855392,0.0179110479769941,2,0.03331556503198294,>60s
Hc9aYdL5qjc.mp3,12.7146875,48000,0.050456423,0.9513781,0.0530350916087627,22.93702,0.0361622812761944,0,0.0,10-25s
FmqHc0lHD8g.mp3,88.23583333333333,48000,0.11309475,0.65794235,0.1718915700912475,31.478785,0.0630312485834945,0,0.0,>60s
5ucpJb-6nJU.mp3,60.720979166666666,48000,0.064244255,0.9071141,0.0708226859569549,23.32117,0.0575100623847268,0,0.0,>60s
VEx08fKHvZg.mp3,48.23466666666667,48000,0.08886265,0.95580554,0.0929714739322662,39.418724,0.0727770086571412,0,0.0,45-60s
sT_G9j07a-E.mp3,19.876291666666667,48000,0.04073211,0.52039075,0.0782721638679504,28.170012,0.0393165948564914,0,0.0,10-25s
BZr_tywUSEA.mp3,30.000979166666667,48000,0.029659009,0.30597937,0.0969313979148864,25.429659,0.0455550957607536,0,0.0,25-35s
iyY2W-zQ0zU.mp3,1740.0106666666666,48000,0.019289669,0.4742241,0.0406762734055519,25.384193,0.0604087989869472,55,0.03160900163064135,>60s
eQCTzarsSN0.mp3,58.3981875,48000,0.09489262,0.9773531,0.097091443836689,28.618631,0.0387592751141552,0,0.0,45-60s
ANUOTun97eU.mp3,11.122375,48000,0.12559801,0.9871216,0.1272366195917129,36.56668,0.0128081368348513,0,0.0,10-25s
n914FQpBmZA.mp3,414.8477291666667,48000,0.078162864,0.97851366,0.0798791721463203,22.342155,0.0592277673589684,17,0.04097889130103008,>60s
EtLQS9kM2F0.mp3,16.346854166666667,48000,0.048675936,0.43076235,0.1129995137453079,41.94409,0.0408496794479778,0,0.0,10-25s
OTWpkKF9VNM.mp3,509.2948958333333,48000,0.115657225,1.1200614,0.1032597199082374,27.753641,0.0500874073240203,7,0.013744492743337347,>60s
a7S-Brf-bww.mp3,111.872,48000,0.12331599,0.8319218,0.1482302695512771,29.425356,0.0475791882418486,0,0.0,>60s
qKf-FTwBpAQ.mp3,31.892625,48000,0.13186438,0.95640725,0.1378747224807739,29.83159,0.0377701060827759,0,0.0,25-35s
vZlduojo2P4.mp3,60.37189583333333,48000,0.052357227,0.49624428,0.1055069640278816,28.397257,0.097911605565371,0,0.0,>60s
UgvzGyEyb40.mp3,20.87475,48000,0.05459362,0.6744641,0.0809436962008476,66.204994,0.036803139364147,0,0.0,10-25s
rPlffwaN9m0.mp3,19.30739583333333,48000,0.0911047,0.5227024,0.1742955446243286,32.311802,0.0644620224496134,0,0.0,10-25s
JLNv9Q0fgeM.mp3,49.4236875,48000,0.07101236,0.95675474,0.0742221176624298,23.598396,0.0423780498084808,0,0.0,45-60s
nWamOzgdpYw.mp3,79.36,48000,0.06969561,0.711859,0.0979064777493476,30.309147,0.0818870820244254,2,0.02520161290322581,>60s
ZNFJLaau2-A.mp3,837.0677708333334,48000,0.050330415,0.62710774,0.0802580043673515,25.685291,0.0486026567338262,0,0.0,>60s
B0tPi-Ywnf8.mp3,25.34497916666667,48000,0.09313347,0.5581409,0.166863739490509,62.943245,0.0687870576093815,0,0.0,25-35s
Ico7m9-hKD0.mp3,36.58304166666667,48000,0.13866447,1.0605372,0.1307492703199386,31.736412,0.0330190586279154,0,0.0,35-45s
YHgcbhQ0x-c.mp3,6905.5913125,48000,0.049055345,1.0057852,0.0487731806933879,21.54367,0.0546552616716867,264,0.03822989054132502,>60s
mUNwiDxc65c.mp3,64.4005625,48000,0.15281686,1.0669084,0.1432333588600158,38.77118,0.0264335801641686,0,0.0,>60s
uZtoWzuTskA.mp3,138.5386875,48000,0.01553884,0.15125246,0.1027344539761543,31.890598,0.0584775534226075,4,0.02887280132490067,>60s
dEeWvlXbazg.mp3,23.278020833333333,48000,0.22043642,1.1482185,0.1919812560081482,37.588608,0.0368080855617269,1,0.042958978650282593,10-25s
5ed1U5VB6zY.mp3,66.83733333333333,48000,0.059008412,1.0440117,0.0565208345651626,27.703154,0.0472539692037657,0,0.0,>60s
Vwymfnl9XBA.mp3,29.686729166666662,48000,0.21508116,1.1536634,0.18643319606781,40.548214,0.0389388511920797,0,0.0,25-35s
Wp8MRoBmxEE.mp3,43.11945833333333,48000,0.08798298,1.0106635,0.0870546773076057,26.27386,0.0412252852151867,0,0.0,35-45s
gEaRCm8TLPY.mp3,37.845333333333336,48000,0.03199184,0.53572786,0.0597165860235691,18.848415,0.0453060060932657,1,0.02642333709131905,35-45s
za0LD0QjrJs.mp3,39.694520833333335,48000,0.06404255,0.7273673,0.0880470648407936,28.222448,0.0766808839333691,1,0.025192393786506007,35-45s
gUWGpjlZsYk.mp3,13.014791666666667,48000,0.10009868,0.91813827,0.1090235337615013,31.233294,0.0553893293151105,0,0.0,10-25s
SM8xSCK0BNc.mp3,27.167354166666662,48000,0.08818747,0.93066454,0.0947575271129608,40.537003,0.0406170632729682,0,0.0,25-35s
tBHA5WDLKZE.mp3,18.332166666666662,48000,0.046707284,0.5203152,0.0897672921419143,36.39785,0.0621568680919139,1,0.054548925840735334,10-25s
gEUy9D9jcEM.mp3,60.13333333333333,48000,0.09225127,1.0294411,0.0896129682660102,34.318832,0.0428472426226055,1,0.01662971175166297,>60s
5qRAQFl65qc.mp3,104.64097916666668,48000,0.035551533,0.903118,0.0393653251230716,24.951733,0.0554130289025073,4,0.038225941995716696,>60s
3tEVVR8Ahl4.mp3,333.0346666666667,48000,0.08452197,0.81655216,0.1035108044743537,24.062635,0.046861128640145,2,0.006005380821215809,>60s
DD3HM9fnpFg.mp3,494.619875,48000,0.18122172,1.1623986,0.1559032499790191,27.857769,0.0489014340522632,9,0.01819579126293702,>60s
u0r_wRk4Atc.mp3,1564.4792916666668,48000,0.07827985,0.6220397,0.1258438229560852,31.044834,0.0541028808294129,37,0.023650041388904076,>60s
lh1GPismSIE.mp3,65.03910416666666,48000,0.12646379,1.1744374,0.1076803132891655,31.27022,0.0345235982852984,0,0.0,>60s
8cJyXfoLcNg.mp3,175.57333333333332,48000,0.08297346,0.9690902,0.0856199488043785,26.425283,0.0415377516364437,3,0.017086877278250305,>60s
_4YkOYZfwP4.mp3,26.026666666666667,48000,0.38827765,1.4219973,0.2730509042739868,43.25521,0.0832156470836747,0,0.0,25-35s
t4AEteggXpo.mp3,42.422875,48000,0.031641535,0.42072895,0.075206458568573,48.59154,0.0361492603852438,0,0.0,35-45s
rJw2sWHSN6E.mp3,770.304,48000,0.06646689,1.0089753,0.0658756420016288,24.530388,0.057722819386796,1,0.0012981887670322366,>60s
WA5EdJkpUjU.mp3,15.424,48000,0.16263327,0.77766705,0.2091296911239624,44.623848,0.0850223522805805,0,0.0,10-25s
R_j5wx69XMY.mp3,60.63891666666667,48000,0.07474754,0.6610819,0.1130684986710548,33.442196,0.0246397798482849,0,0.0,>60s
xrlYFk29rlI.mp3,33.785041666666665,48000,0.107935965,1.028557,0.1049392223358154,29.330767,0.0269202030066287,0,0.0,25-35s
Oy6S3P5HcW0.mp3,24.042666666666666,48000,0.052485228,0.8062769,0.0650957822799682,31.268238,0.0300846209811529,1,0.0415927240461402,10-25s
EmSuimFOC-g.mp3,45.397333333333336,48000,0.08183209,0.6284404,0.1302145570516586,28.810217,0.0436325234540169,0,0.0,45-60s
ywiKLj7NhtM.mp3,60.20935416666666,48000,0.06997927,1.038626,0.0673767775297164,19.605396,0.0255670809344552,0,0.0,>60s
SxsirXarGgY.mp3,39.9035,48000,0.06994566,0.67199355,0.1040868088603019,25.124643,0.0431732773239107,0,0.0,35-45s
JbKl49dtaa0.mp3,47.902770833333335,48000,0.17010319,1.2970953,0.1311416327953338,27.651379,0.0661484644636495,0,0.0,45-60s
KGkrpiIyo6Y.mp3,30.53425,48000,0.03545232,0.49920467,0.0710176080465316,38.43004,0.0356718190599895,0,0.0,25-35s
903bWB5z8QA.mp3,89.01370833333333,48000,0.023883065,0.73057556,0.0326907522976398,49.493412,0.0410315968165887,0,0.0,>60s
3eZLCLf5Wcw.mp3,45.141333333333336,48000,0.06945782,0.5387394,0.1289265751838684,26.562843,0.0822554925584691,0,0.0,45-60s
B5qYxZrMeC0.mp3,54.578520833333336,48000,0.10135845,1.0065203,0.1007018461823463,24.750145,0.0483511991279069,0,0.0,45-60s
fKUEztNga2o.mp3,33.61089583333333,48000,0.11779911,1.0434434,0.1128945797681808,42.63022,0.0460940908054409,0,0.0,25-35s
u0nuCJLlRKY.mp3,115.09333333333332,48000,0.06688794,0.8630134,0.0775050967931747,23.754538,0.0263386354224585,0,0.0,>60s
CLuMweayO3o.mp3,102.597375,48000,0.11499237,0.91556245,0.1255975216627121,36.003563,0.0289159049634837,0,0.0,>60s
gBVYnG8IEGM.mp3,62.798375,48000,0.047994085,0.74955153,0.0640304014086723,23.475758,0.0331797392471976,1,0.015923978924613894,>60s
o_9sk0K_9h4.mp3,511.6865416666666,48000,0.03479405,0.81635493,0.0426212288439273,21.65304,0.0450205165458037,5,0.009771607405803538,>60s
kw1SqvMz0pg.mp3,60.08164583333333,48000,0.0528816,0.652795,0.0810079723596572,23.926113,0.0589043325880969,0,0.0,>60s
CFSQuJWavew.mp3,62.784,48000,0.018667223,0.24256477,0.0769576877355575,32.432846,0.0556196883758705,2,0.031855249745158,>60s
dTPh9m4COzI.mp3,21.803541666666668,48000,0.18356661,0.7374748,0.2489123940467834,46.59569,0.0211739761613691,0,0.0,10-25s
FQIXXMi8XIc.mp3,60.0468125,48000,0.09668249,1.0813682,0.0894075557589531,46.338837,0.035151393206039,0,0.0,>60s
JizZt1z4ZxI.mp3,58.88,48000,0.05708242,0.828894,0.0688657611608505,32.93386,0.0361056611970204,0,0.0,45-60s
2gxm66sVNWM.mp3,322.8586666666667,48000,0.050777707,0.98165125,0.0517268292605876,22.83229,0.0432419029421602,1,0.0030973305140742694,>60s
Kof_l5U_HTA.mp3,125.96827083333334,48000,0.064824335,0.9029349,0.0717929229140281,29.599102,0.033331417694221,0,0.0,>60s
oPlrOvVlcI4.mp3,68.68464583333333,48000,0.1103808,0.7526835,0.1466496884822845,29.41481,0.0577632927746506,0,0.0,>60s
nIMrtDNqSis.mp3,40.286625,48000,0.016904509,0.33489096,0.0504776500165462,29.81485,0.0401817848987291,0,0.0,35-45s
JkOeHlDFgzk.mp3,52.79058333333333,48000,0.06680654,0.78945017,0.0846241414546966,37.744316,0.0342304884785353,0,0.0,45-60s
XjzLJ0LwsLI.mp3,33.45995833333333,48000,0.118472256,0.814075,0.1455299109220504,47.838436,0.0477715572202741,0,0.0,25-35s
cJpeJNUIbrY.mp3,53.01116666666667,48000,0.0538768,0.91299576,0.0590110048651695,21.661417,0.0315715582557847,0,0.0,45-60s
JLJZi_h--yU.mp3,12.190479166666666,48000,0.32444066,1.2445977,0.26067915558815,41.894005,0.046622529117454,0,0.0,10-25s
X_L5Tq9RLSg.mp3,21.234666666666666,48000,0.08906139,1.0654548,0.0835900157690048,24.693363,0.0713422804966097,0,0.0,10-25s
-LVOO-rhNCs.mp3,56.71475,48000,0.09201214,0.9793329,0.0939538925886154,25.320564,0.0968779197712956,0,0.0,45-60s
_iJTKbdEfcU.mp3,13.247,48000,0.09487473,1.0542164,0.0899955034255981,43.276516,0.0546564418528582,0,0.0,10-25s
O48R_3mML3I.mp3,11.238458333333334,48000,0.072313756,0.8458611,0.0854912921786308,43.9241,0.0314084366105313,0,0.0,10-25s
iIzkvy5-SHk.mp3,74.368,48000,0.06082513,0.9964037,0.0610446669161319,25.329836,0.0473346412053635,0,0.0,>60s
cyZWt157FlM.mp3,30.27883333333333,48000,0.09356896,1.0505292,0.0890683978796005,28.17591,0.0443899081432722,0,0.0,25-35s
DDK1ev5WuvI.mp3,3381.653333333333,48000,0.14338225,1.1363721,0.1261754482984542,24.923317,0.0675418580295578,0,0.0,>60s
Yx2c7uJwGDI.mp3,70.12427083333333,48000,0.02328223,0.28274167,0.0823445320129394,25.725233,0.0460824619771863,0,0.0,>60s
lUBiz7WwGRM.mp3,51.008,48000,0.036158845,0.9191853,0.0393379293382167,19.902416,0.0699273264360756,0,0.0,45-60s
i6sb-G9Buc8.mp3,110.34122916666666,48000,0.029028423,0.4830083,0.060099221765995,24.222912,0.0549108491420976,0,0.0,>60s
_VecZymwtmM.mp3,30.011791666666667,48000,0.19757208,1.2802398,0.1543242782354354,56.077747,0.0573919603988983,0,0.0,25-35s
P8DO7Uo_bxw.mp3,640.1741666666667,48000,0.06582086,1.1203828,0.0587485432624816,20.463566,0.0401594792282811,12,0.018744898849141316,>60s
xyvaA-eVHtM.mp3,758.7236458333333,48000,0.14794481,1.1635618,0.1271482110023498,27.820398,0.0423586095219559,19,0.025042055963777985,>60s
pr76MoY3YKo.mp3,438.35791666666665,48000,0.2874748,1.7151567,0.1676084846258163,37.16591,0.0836722680297527,1,0.0022812408809772078,>60s
gvgBCqRl6X0.mp3,40.85552083333334,48000,0.14367068,1.0311055,0.1393365412950515,30.816814,0.0517281154153615,0,0.0,35-45s
pITMJ0OduH8.mp3,45.67366666666667,48000,0.15431167,1.0302818,0.1497761756181717,36.891457,0.0617546926085941,0,0.0,45-60s
N6hPaEKswBI.mp3,624.8257708333333,48000,0.056862943,1.0239043,0.0555354058742523,22.693026,0.0568227989683626,0,0.0,>60s
e1wTpbVxnZo.mp3,37.709208333333336,48000,0.20138158,1.1094075,0.1815217286348343,66.90362,0.0417425233314479,0,0.0,35-45s
ZuANkEuvoZ4.mp3,32.064,48000,0.1057216,0.7954216,0.132912665605545,68.53476,0.0338365753346358,0,0.0,25-35s
T8Ma63ghCMM.mp3,55.1241875,48000,0.057358988,0.73733354,0.0777924582362175,27.145935,0.0536995997000774,3,0.05442257085421894,45-60s
-wDoAGedTY8.mp3,129.068125,48000,0.030267252,0.34107637,0.0887403935194015,30.079062,0.0802251621766796,5,0.03873923170418722,>60s
JmNTvpqaDFI.mp3,97.54704166666669,48000,0.10660339,0.90870506,0.1173135265707969,40.51751,0.0258117982758856,0,0.0,>60s
G6BMF9_3IKU.mp3,84.224,48000,0.024843853,0.40653414,0.061111357063055,24.311113,0.0578048452933075,1,0.011873100303951367,>60s
dnS5GYFvPMA.mp3,15.046541666666666,48000,0.020304767,0.291838,0.0695754736661911,25.344584,0.0514730106086109,0,0.0,10-25s
h4Jg_MX8IUg.mp3,19.22133333333333,48000,0.044652246,0.49666578,0.0899040102958679,26.724424,0.0311771504957016,0,0.0,10-25s
PxW5R45tT2k.mp3,136.27733333333333,48000,0.035172082,0.35476077,0.0991431027650833,29.68608,0.0647029024321045,5,0.03668988728866625,>60s
zoLyQtPr2jA.mp3,15.058145833333333,48000,0.29281047,1.3499861,0.216898888349533,50.8052,0.0606848524920325,0,0.0,10-25s
8G60ahci4is.mp3,14.2570625,48000,0.045508206,0.32745826,0.1389740705490112,25.212727,0.0109054348588257,0,0.0,10-25s
Bne10Ndvkf0.mp3,162.00533333333334,48000,0.22023726,1.2270546,0.179484486579895,36.039978,0.033799966772829,1,0.006172636291809323,>60s
q9sgg9BGig8.mp3,81.7806875,48000,0.08764141,1.0360177,0.0845945179462432,24.324,0.0568139785362592,0,0.0,>60s
mm-rvmKk744.mp3,60.511208333333336,48000,0.031956635,0.54379374,0.058766096830368,21.214985,0.0593003935858452,0,0.0,>60s
qrtVhk2q4Mc.mp3,141.10766666666666,48000,0.055260174,0.66596913,0.0829770788550376,23.455486,0.0601616462294013,0,0.0,>60s
iG93nzD3bHY.mp3,15.0233125,48000,0.05971825,0.81296784,0.0734570920467376,29.367723,0.0333621889416252,0,0.0,10-25s
TjXKwkg2TDU.mp3,46.37866666666667,48000,0.06791259,0.6951758,0.0976912453770637,28.061125,0.071198007983157,0,0.0,45-60s
KSXyM7ShB-o.mp3,39.40266666666667,48000,0.036192022,0.49102658,0.0737068504095077,33.44103,0.0666780753129228,0,0.0,35-45s
xpujlmGrgk0.mp3,26.36627083333333,48000,0.114437014,1.0107307,0.1132220551371574,28.790121,0.0380000142217839,0,0.0,25-35s
WLUXMk9vi84.mp3,38.88183333333333,48000,0.04453211,0.44450876,0.1001827493309974,72.565544,0.0539215975126851,0,0.0,35-45s
c_1-40YwOC8.mp3,17.333708333333334,48000,0.06503181,0.6312095,0.103027306497097,29.402325,0.0451203706373001,1,0.0576910595684228,10-25s
iq_pIMHUE_4.mp3,45.12,48000,0.09755972,1.0649866,0.0916065275669097,25.062983,0.0418399674648428,0,0.0,45-60s
kQ8CLr-6gDc.mp3,13.444354166666669,48000,0.101326056,1.0140588,0.099921278655529,61.188427,0.0483712083663758,0,0.0,10-25s
CTB8827vfsU.mp3,109.92327083333332,48000,0.06350035,0.9862155,0.0643879100680351,27.825191,0.0369035160798321,2,0.018194509541409283,>60s
wccnUBw3n4Y.mp3,54.24183333333333,48000,0.11780637,1.0409908,0.1131675392389297,35.81784,0.0353364513185705,0,0.0,45-60s
cGko-YIr2JI.mp3,48.5065,48000,0.095870726,0.9689472,0.0989431887865066,54.982372,0.0492362070209432,0,0.0,45-60s
6cWornHKqxA.mp3,75.56935416666667,48000,0.1882176,1.1908941,0.1580472886562347,31.327955,0.0520168048694424,2,0.026465754829517806,>60s
JtHXC_ccZVo.mp3,142.26866666666666,48000,0.063570134,1.0071198,0.0631207302212715,24.772358,0.0600265615042547,1,0.007028954607011148,>60s
VoyUZjYWuHY.mp3,70.17070833333334,48000,0.03759313,0.67518866,0.0556779652833938,22.09318,0.02414197873917,0,0.0,>60s
SXYRkjxVcPU.mp3,36.26958333333334,48000,0.10477371,0.88841295,0.1179335638880729,27.808058,0.0462196033795207,1,0.02757131204981217,35-45s
X7ksSgcAPq4.mp3,75.81866666666667,48000,0.04113668,0.9247331,0.0444849207997322,19.157692,0.0486336779302644,0,0.0,>60s
yC3UHormiJA.mp3,325.5466666666667,48000,0.07156655,1.0358863,0.069087266921997,23.82249,0.0639851614718144,1,0.00307175622542595,>60s
caPHOrWNAy8.mp3,120.1400625,48000,0.20239632,1.0804865,0.1873196065425872,39.231457,0.0526071028275923,0,0.0,>60s
kLjlN9YrSOA.mp3,62.89125,48000,0.060505185,0.65431774,0.092470645904541,27.577467,0.067873246592547,0,0.0,>60s
JW9uqvyzYyY.mp3,150.65108333333333,48000,0.080857806,1.0329936,0.0782752260565757,25.173798,0.075455079231273,1,0.006637854689616681,>60s
IBtFaHxR_rg.mp3,3580.458666666667,48000,0.08119158,1.0960543,0.074076235294342,23.382053,0.0449710436588015,31,0.00865810860731437,>60s
wZI0l7AyasI.mp3,60.511208333333336,48000,0.03094845,0.62260985,0.0497076138854026,19.486382,0.0338505516812092,0,0.0,>60s
XAkxxDRrxV8.mp3,27.353125,48000,0.03406741,0.7452694,0.0457115359604358,19.509003,0.0520781935307017,0,0.0,25-35s
ziQKgpjn22A.mp3,1185.6108958333334,48000,0.15478587,1.2644539,0.1224132180213928,29.05612,0.0715193830154878,33,0.027833752301006986,>60s
VIYg_tDiV70.mp3,65.32935416666666,48000,0.07059214,1.0180283,0.0693420246243476,26.936821,0.0841108099489796,0,0.0,>60s
3uG45DCDL5M.mp3,238.7708125,48000,0.07613593,0.8897085,0.0855740159749984,29.942593,0.0639138670566227,6,0.025128699513890542,>60s
onmQfofianc.mp3,54.299875,48000,0.06601475,0.7360594,0.0896867141127586,24.117086,0.0350812478516008,0,0.0,45-60s
Sf1JsjFAJCc.mp3,28.778666666666663,48000,0.065300174,0.7934345,0.0823006480932235,33.197952,0.0935452077158206,1,0.0347479614529281,25-35s
kVdYI7NEPZ0.mp3,2364.074666666667,48000,0.048093613,0.338117,0.1422395557165146,29.491829,0.0666355802370924,16,0.006767975743574934,>60s
dTW8-Gpe-4k.mp3,311.424,48000,0.02053417,0.41646808,0.049305509775877,27.02218,0.0733723813394783,8,0.02568845047266749,>60s
27TMnxN4FAQ.mp3,58.76970833333333,48000,0.066620335,1.0115623,0.0658588483929634,20.716448,0.0451474059947822,0,0.0,45-60s
y0r7PjGFB9M.mp3,40.35629166666666,48000,0.029181683,0.5004183,0.0583145804703235,28.34063,0.0270281221095401,1,0.024779283692856653,35-45s
rLZFmJKoYLM.mp3,189.649,48000,0.30256614,1.1972029,0.2527275383472442,33.016453,0.0349857634983127,0,0.0,>60s
8_-Q3LdpIeA.mp3,41.93525,48000,0.08137256,0.7326743,0.1110623925924301,30.808235,0.0413602283745549,1,0.023846286835061195,35-45s
wFkYYmsW4HA.mp3,27.5853125,48000,0.06520581,0.6997708,0.0931816697120666,29.109774,0.07364874251063,0,0.0,25-35s
oXLyStKKcMI.mp3,28.781145833333333,48000,0.02708417,0.65020716,0.0416546761989593,21.205883,0.0381691569794368,1,0.03474496831331275,25-35s
4JCdQPibPes.mp3,88.38677083333333,48000,0.13026735,0.9618486,0.1354343593120575,36.8693,0.06425196750181,0,0.0,>60s
VR1WqCO_VZ8.mp3,116.00689583333332,48000,0.13815415,1.0584972,0.130519151687622,32.177147,0.0315644466600772,2,0.017240354425769593,>60s
v-mPdHM_XKM.mp3,61.60254166666667,48000,0.19072309,1.2119472,0.1573691368103027,38.565063,0.098675503294884,2,0.032466192885710204,>60s
GlBH3uvRQi0.mp3,88.95566666666667,48000,0.050932936,0.80770206,0.0630590617656707,23.817768,0.0328955780687949,0,0.0,>60s
ns94bJhufXg.mp3,159.86939583333333,48000,0.109583125,1.0222356,0.1071994751691818,46.327206,0.0700261055198325,0,0.0,>60s
p9DBXIm_VSo.mp3,75.92927083333333,48000,0.21833463,1.1439672,0.1908574253320694,31.951015,0.0643872114894999,0,0.0,>60s
ugTt8KFhdI0.mp3,28.67664583333333,48000,0.2011154,1.0168729,0.1977783143520355,28.6282,0.0504770956326701,0,0.0,25-35s
HKGSRwWsLMs.mp3,19.71375,48000,0.050130956,0.32650197,0.1535395234823227,37.20038,0.0360636239183342,0,0.0,10-25s
92UP4pQLg-M.mp3,305.8068125,48000,0.078174144,1.0030823,0.0779339298605918,44.003304,0.0622181184873125,2,0.006540076670136314,>60s
3teiuqmqyM4.mp3,36.68754166666667,48000,0.11809283,1.0708812,0.1102763041853904,28.803026,0.048080799191497,0,0.0,35-45s
ZHNeiATD86Y.mp3,42.44608333333333,48000,0.070008546,1.0215303,0.0685330107808113,30.74579,0.0621946401931532,0,0.0,35-45s
jRUMKLuT0Vw.mp3,14.762666666666666,48000,0.09237747,1.0502095,0.0879609882831573,28.021206,0.066925555618231,0,0.0,10-25s
g27WCKZOa3g.mp3,39.891895833333336,48000,0.06427649,1.0030184,0.0640830621123313,34.8183,0.033450137867647,0,0.0,35-45s
JbV89UkGkWA.mp3,64.47020833333333,48000,0.060628373,0.9593096,0.0632000118494033,27.214542,0.0432406366315136,2,0.03102208061216906,>60s
BVpdzmMuwSY.mp3,1400.2329791666666,48000,0.1124527,1.1054933,0.101721741259098,28.498068,0.048093255618582,49,0.034994176489945135,>60s
gxzq_at3n7o.mp3,1617.6426666666666,48000,0.05797495,1.0967069,0.0528627559542655,22.755745,0.0494350966987158,70,0.0432728447650573,>60s
fhZFETA6VUM.mp3,19.586041666666667,48000,0.03462022,0.6779622,0.051065120846033,23.8064,0.0339298320971693,0,0.0,10-25s
1cVXxwOrm_g.mp3,81.90839583333333,48000,0.05762218,0.5949396,0.0968538299202919,35.28025,0.0598591862750683,3,0.036626281951661954,>60s
CMUaY6TZz7k.mp3,11.006270833333334,48000,0.12710595,1.0414284,0.1220496222376823,34.34918,0.0491493875666182,0,0.0,10-25s
mdfrYElHNPw.mp3,912.2986666666668,48000,0.04083301,1.0536988,0.0387520715594291,24.321068,0.070539676463904,39,0.04274915817042371,>60s
D6A_rXI--U0.mp3,614.272,48000,0.034487315,0.82028794,0.0420429371297359,20.467403,0.0430562419553864,25,0.04069858303813294,>60s
pbmDUBShGyM.mp3,185.6,48000,0.01826881,0.1778613,0.1027138009667396,30.718647,0.087410509363686,7,0.03771551724137931,>60s
nFkzzCpR7-M.mp3,15.000979166666667,48000,0.11397589,0.74346983,0.1533026397228241,48.02021,0.0341835049084932,0,0.0,10-25s
4UjhQitt0ak.mp3,42.03972916666667,48000,0.08344705,0.95284754,0.0875764936208725,35.29097,0.0646316164462836,1,0.023787022890549465,35-45s
duLkceigKmk.mp3,1131.136875,48000,0.11620122,1.0886247,0.1067413017153739,31.91376,0.03886136284272,0,0.0,>60s
_EO_zfEwBPg.mp3,501.57425,48000,0.16332178,1.0784758,0.1514375805854797,29.737728,0.0439408993504508,1,0.0019937227638779304,>60s
Fv2CawW_xW0.mp3,29.6635,48000,0.21088976,1.0743141,0.1963017582893371,188.16444,0.0469789419273642,0,0.0,25-35s
coAxoLWvfFU.mp3,1302.3956666666666,48000,0.12237642,1.542532,0.0793347731232643,25.539558,0.0419680573684479,2,0.0015356316449660588,>60s
9ngfY7kFg0s.mp3,57.99185416666667,48000,0.086244546,0.8246118,0.1045880615711212,27.678604,0.0350598869723652,0,0.0,45-60s
VRLhws6zrV8.mp3,23.010979166666665,48000,0.053421143,0.75550634,0.0707090571522712,34.236862,0.0573649013119786,1,0.04345751620376868,10-25s
OTOUuxll3qM.mp3,18.332166666666662,48000,0.11734009,0.94989234,0.1235298812389373,27.51641,0.0240882576170738,0,0.0,10-25s
1HGmWgrkWho.mp3,390.48533333333336,48000,0.0773139,0.89235306,0.0866404846310615,27.257252,0.0557349259019298,0,0.0,>60s
bqZUiXMMGDw.mp3,33.28,48000,0.06914721,1.1285465,0.0612710304558277,25.94035,0.0800979941825536,0,0.0,25-35s
nSG-rWqJ_S8.mp3,90.30241666666667,48000,0.02655384,0.6062798,0.0437979958951473,27.253574,0.0718372686518131,4,0.04429560301542317,>60s
H5QV3YPbxbU.mp3,329.25895833333334,48000,0.11312083,1.0475907,0.1079818904399871,29.64902,0.0542166342042178,0,0.0,>60s
-cMWlb-_0ig.mp3,629.0053541666666,48000,0.03398817,0.62182593,0.054658655077219,26.963783,0.0511446415417797,0,0.0,>60s
qSi31sbru6o.mp3,40.41433333333333,48000,0.070188135,0.38377506,0.1828887313604354,30.134642,0.0425059846347981,2,0.04948739308661119,35-45s
qjerwYxhyn8.mp3,483.84,48000,0.019596327,0.39594808,0.0494921617209911,21.131416,0.0284368795434128,0,0.0,>60s
hVDcxPKxCbA.mp3,171.3865,48000,0.31307253,1.2535334,0.2497520595788955,33.42513,0.0502215255573966,0,0.0,>60s
bTRzAs_oDzM.mp3,77.74041666666666,48000,0.13452487,1.2427472,0.1082479730248451,32.566055,0.0715686066975922,3,0.03858996553701689,>60s
rFd8NRvpST0.mp3,76.11502083333333,48000,0.061403546,0.4839351,0.1268838495016098,34.993694,0.0550758122328685,0,0.0,>60s
dAcWgfGrn3U.mp3,57.457791666666665,48000,0.117103316,1.062138,0.1102524548768997,55.799713,0.0353093420793113,0,0.0,45-60s
V_ZZIOImReg.mp3,10.048,48000,0.11692631,0.846667,0.1381018906831741,58.355743,0.0397791291092258,0,0.0,10-25s
bQQ9pzVyjJU.mp3,25.386666666666667,48000,0.019814124,0.355552,0.0557277835905551,24.659739,0.0410080372611297,0,0.0,25-35s
H8SWiwQUUDQ.mp3,36.76897916666667,48000,0.10171214,0.8482812,0.1199037954211235,40.016598,0.0329054547020011,0,0.0,35-45s
66_fjtURbWs.mp3,85.10114583333333,48000,0.107892826,1.0585625,0.1019239053130149,31.173666,0.03483362576764,0,0.0,>60s
GVSuT5Dn8EU.mp3,12.364645833333332,48000,0.10030292,0.84099746,0.1192666143178939,40.207172,0.055054131869612,0,0.0,10-25s
iUwqYq_ZBhs.mp3,34.3539375,48000,0.08575891,0.80520606,0.1065055429935455,41.321457,0.0430616765464917,2,0.058217489625461416,25-35s
5T9gKkLqALo.mp3,179.38577083333334,48000,0.098008096,0.9581276,0.1022912785410881,26.464806,0.0324335986275865,1,0.005574578158315,>60s
EQmde03J41Y.mp3,20.86314583333333,48000,0.4705428,1.2967598,0.3628603816032409,54.93155,0.0161537217216257,1,0.04793141015207239,10-25s
6Ms4cwgsgl0.mp3,48.100145833333336,48000,0.10107288,1.1769228,0.0858789384365081,24.64708,0.0571886692766075,0,0.0,45-60s
pUfLK1jrglg.mp3,85.8441875,48000,0.03021678,0.38939762,0.0775987803936004,34.001556,0.0183896013567035,1,0.011649012345768896,>60s
63lBbV42njg.mp3,45.7085,48000,0.104041316,1.0145104,0.1025532260537147,27.954025,0.0615601212523331,0,0.0,45-60s
