arquivo,duracao_segundos,frequencia_amostragem,amplitude_media,amplitude_maxima,amplitude_ratio (mean/max),snr_estimado_db,zero_crossing_rate,regioes_silencio,silencio/tempo,cluster
KKIOPyCfj4c,174.567625,48000.0,0.35350338,1.4571716,0.2425955832004547,51.099495,0.0585150151705517,0.0,0.0,15.0
HDgjOUbnI10,4.288,48000.0,0.2665177,1.1256461,0.2367686331272125,45.733635,0.0410010856079404,0.0,0.0,57.0
1UdrvDEMCQo,33.401916666666665,48000.0,0.18571082,1.0784311,0.1722046136856079,40.462532,0.0381726183349297,0.0,0.0,4.0
EynhnYNmP54,13.815875,48000.0,0.058367003,0.65217096,0.0894964784383773,34.20217,0.0380019199701003,0.0,0.0,9.0
LDsNgfhl6Vs,14.933333333333334,48000.0,0.13811876,1.0382018,0.1330365240573883,33.2531,0.041850687009279,0.0,0.0,36.0
9PVThI6OBG0,24.3113125,48000.0,0.016104335,0.4213292,0.0382226891815662,21.536606,0.0149219178316885,2.0,0.0822662289417735,70.0
BO6_wo7ov-I,13.606895833333333,48000.0,0.040591925,0.29343706,0.138332650065422,39.39248,0.0472718241820141,0.0,0.0,50.0
0zExQK2Lyiw,35.59620833333334,48000.0,0.01779027,0.38817832,0.0458301454782485,23.519608,0.0387870555441132,1.0,0.028092879742575575,70.0
u4y-4rBIPUQ,31.5559375,48000.0,0.09602285,0.6329863,0.1516981571912765,42.301735,0.045792002418469,0.0,0.0,55.0
iB3mTo1S0rg,10.727625,48000.0,0.11497979,0.9292847,0.1237293481826782,45.989,0.0318504014972664,0.0,0.0,61.0
LhbgeONAbZo,29.094604166666667,48000.0,0.085237026,0.9979315,0.085413709282875,38.414207,0.0256773649422653,0.0,0.0,48.0
0C3lpoaCu7c,6.037208333333333,48000.0,0.23433805,1.1676363,0.2006943821907043,188.96147,0.0526964167402826,0.0,0.0,3.0
AXY329DrfeU,21.013333333333332,48000.0,0.100617275,0.5621254,0.1789943575859069,54.31627,0.0487087178145611,0.0,0.0,55.0
fbLVXvMYo2E,21.536520833333334,48000.0,0.07201536,0.81244624,0.0886401534080505,43.261818,0.0386409344059405,0.0,0.0,61.0
uKFFwIAG6m4,25.774166666666662,48000.0,0.055808466,0.94344103,0.0591541640460491,53.948933,0.0226696236941456,2.0,0.07759707717675969,48.0
8qThIkCPjpo,45.47629166666667,48000.0,0.27690488,1.2633114,0.2191897332668304,79.23854,0.0484863052225023,0.0,0.0,27.0
EGIP1styF0A,28.723104166666666,48000.0,0.19340697,1.0815952,0.17881640791893,60.693165,0.0428797243432046,0.0,0.0,27.0
tAIjTGi9D68,30.037354166666667,48000.0,0.041299433,0.26722798,0.1545475572347641,34.446857,0.0328188440162406,0.0,0.0,50.0
ZcnUhFxb59s,20.7354375,48000.0,0.07346853,1.0008354,0.0734072029590606,179.11548,0.0255541389371141,0.0,0.0,33.0
FobEptIIzFI,29.47775,48000.0,0.25141424,1.2070092,0.2082952111959457,30.478111,0.0594042544772069,0.0,0.0,41.0
EMuSkcDEgqU,12.010666666666667,48000.0,0.08164127,0.79360235,0.1028742790222168,42.23784,0.0462528421694764,0.0,0.0,22.0
ZSoJpFVrfp4,4.771708333333334,48000.0,0.12630032,0.6446091,0.1959331929683685,35.3525,0.0301099504743303,0.0,0.0,26.0
jG6b_cqJW-g,15.893333333333333,48000.0,0.19014983,1.0554588,0.1801584661006927,35.479546,0.0664959810949027,0.0,0.0,58.0
qpyLckxirXM,23.881729166666663,48000.0,0.44614473,1.4711459,0.3032634258270263,38.87016,0.0091547827573693,0.0,0.0,10.0
ZShSH96yXxI,19.71375,48000.0,0.19705452,0.9997745,0.197098970413208,36.00617,0.0380941239352352,0.0,0.0,4.0
xPTnmxv6EjE,58.73489583333333,48000.0,0.18768594,1.2090796,0.1552304178476333,33.631226,0.0287778267999818,2.0,0.034051307517003485,4.0
4q-_1JD2vGc,15.018666666666666,48000.0,0.042743072,0.46227166,0.0924631059169769,81.210526,0.0138323251197657,0.0,0.0,73.0
MlhuR3BppXU,11.8421875,48000.0,0.077120006,0.9334058,0.0826221629977226,58.587452,0.0404530687443744,0.0,0.0,61.0
oeNwBL1ADEU,3.3493333333333335,48000.0,0.10699871,0.717443,0.1491389721632003,46.341778,0.053386966765873,0.0,0.0,18.0
x_Imetp5n88,11.904,48000.0,0.12653695,0.760232,0.166445180773735,44.99992,0.0526976555505819,0.0,0.0,18.0
vcsNGlznRgM,58.81614583333333,48000.0,0.19376323,1.0104634,0.1917567998170852,63.922432,0.0663819908771532,0.0,0.0,27.0
B1XQ4cfdwgU,338.24508333333335,48000.0,0.037691157,0.361216,0.1043452024459838,173.39658,0.0677016250029563,0.0,0.0,69.0
_wAA49mOOHc,33.1000625,48000.0,0.044386797,0.68649507,0.0646571218967437,36.77048,0.0307175154538498,0.0,0.0,48.0
C1ykP5OOJ8c,26.773333333333333,48000.0,0.042024545,0.45015022,0.0933567136526107,35.28665,0.0323533483920748,0.0,0.0,9.0
w1ujX_5c_-Q,170.55058333333332,48000.0,0.017897377,0.39862284,0.0448980219662189,22.592052,0.053100448522514,0.0,0.0,42.0
g1xBrUIqtRA,21.083729166666668,48000.0,0.07066311,0.45283195,0.1560470908880233,45.491043,0.0383632970567779,0.0,0.0,50.0
bhlN13chuhU,117.70195833333334,48000.0,0.035306748,0.4658242,0.0757941529154777,24.610262,0.0406072563859311,1.0,0.00849603536049917,70.0
SEdosmxc1-U,14.7330625,48000.0,0.005588171,0.20173392,0.0277007017284631,19.595655,0.042618261577424,0.0,0.0,70.0
nDDlfHNaEI4,24.822145833333337,48000.0,0.16000529,1.0864288,0.147276371717453,27.597254,0.0400818500322164,0.0,0.0,36.0
VWzwYElNPFo,5.027125,48000.0,0.05946861,0.3819198,0.1557096689939499,45.406883,0.0234343965174788,0.0,0.0,50.0
CN23owcVjS4,17.043458333333334,48000.0,0.055685285,0.44797015,0.1243057921528816,43.510727,0.0413459329044117,0.0,0.0,50.0
-NG0wZnDz_k,8.568979166666667,48000.0,0.08869373,0.95595396,0.0927803367376327,36.61019,0.023857761971393,0.0,0.0,20.0
tiE_WWjENPg,6.0255833333333335,48000.0,0.077738814,0.7289792,0.1066406518220901,36.820553,0.0601199529867256,0.0,0.0,56.0
2tjTeG9ZhTY,5.572791666666666,48000.0,0.02990116,0.4664876,0.0640985146164894,46.57989,0.0242217375717017,0.0,0.0,9.0
6jHeW6hGqTM,45.685270833333334,48000.0,0.034371205,0.61276793,0.0560917146503925,29.373203,0.0259064953376721,1.0,0.021888892891718838,70.0
3AVEJ0LvZ8Y,40.44916666666666,48000.0,0.18222119,1.108198,0.164430171251297,27.92657,0.0543763542627867,0.0,0.0,36.0
IJ_upj2T0xQ,8.916479166666667,48000.0,0.1679372,1.1359186,0.1478426307439804,33.247322,0.0895131672398325,0.0,0.0,58.0
c1MLGPtn2MA,22.209895833333334,48000.0,0.20617951,1.0571797,0.1950278878211975,44.15405,0.044199181243999,0.0,0.0,41.0
nQaOpR8ZYFU,71.84254166666666,48000.0,0.014877291,0.2946559,0.0504903905093669,25.249626,0.0451097646971496,0.0,0.0,0.0
VLno1jwi4-8,20.245333333333335,48000.0,0.12027726,0.767991,0.1566128581762313,45.212395,0.065444086525803,0.0,0.0,18.0
blRxU_CnnC0,15.000979166666667,48000.0,0.09770708,0.64774466,0.1508419662714004,26.463346,0.0489787391169154,0.0,0.0,55.0
pcnx-bpXBo4,68.7426875,48000.0,0.14880039,1.0903614,0.1364688724279403,62.427475,0.0340258921644685,0.0,0.0,61.0
RqtNqoLspMY,46.25416666666667,48000.0,0.20502068,1.1521764,0.1779420971870422,36.697113,0.0341704555280147,0.0,0.0,4.0
rsKMknV4YNY,13.2934375,48000.0,0.10183265,1.0116144,0.1006634980440139,58.356255,0.0498802594977947,0.0,0.0,28.0
OwBxGug9ZEc,20.712979166666667,48000.0,0.18344872,1.0688791,0.1716271787881851,36.945778,0.057687839936277,0.0,0.0,41.0
UU6eDtjvPuQ,14.0713125,48000.0,0.13258518,1.0613532,0.1249208822846412,64.74731,0.0220558860085227,0.0,0.0,61.0
ZF7sGl-5anY,62.49697916666667,48000.0,0.11508202,1.032161,0.1114961877465248,25.72257,0.0335999993334044,11.0,0.17600850707784207,35.0
neNA_S-hPsc,9.728,48000.0,0.1473966,1.1394143,0.1293617188930511,54.680954,0.0696840986103504,0.0,0.0,28.0
6ueuLBpobMw,14.721458333333333,48000.0,0.17784359,0.7547645,0.2356279194355011,34.81851,0.0627375995655322,0.0,0.0,41.0
WdosslqkWJQ,18.715291666666666,48000.0,0.04295135,0.46391317,0.0925848856568336,28.924742,0.0284405048076923,0.0,0.0,9.0
4_WE4TsU1ys,10.517333333333331,48000.0,0.27378953,1.2409687,0.2206256538629531,38.900284,0.0505665447695035,0.0,0.0,15.0
h8gtvfMaT10,10.716020833333332,48000.0,0.09834095,0.84933794,0.1157854199409484,50.149025,0.061172166511194,0.0,0.0,28.0
Rg_eq-bSgDQ,7.7786875,48000.0,0.10663456,0.5844593,0.182449921965599,43.206272,0.0235532159674657,0.0,0.0,26.0
6etl5rawJls,17.426583333333333,48000.0,0.03020589,0.95738095,0.031550545245409,20.575844,0.0232262302057833,0.0,0.0,48.0
71ERWt7oM0Q,15.000979166666667,48000.0,0.17456286,1.0413041,0.1676386892795562,39.74974,0.0492764969793887,0.0,0.0,4.0
MUV6xJX2Dxo,74.71020833333333,48000.0,0.2741036,1.1939764,0.229572057723999,49.014122,0.041811303867773,0.0,0.0,57.0
qYYRlyDMjrE,73.45633333333333,48000.0,0.0764662,0.95145345,0.0803677812218666,27.689564,0.0395922571511543,6.0,0.08168118020229706,53.0
r9uUJfXjBnM,14.373166666666666,48000.0,0.06876091,0.5248515,0.1310102194547653,32.579887,0.0523710618740727,0.0,0.0,22.0
w22lrhGXy_I,26.273395833333332,48000.0,0.14842215,1.1298223,0.1313676983118057,28.604752,0.0448180359679383,0.0,0.0,36.0
8fHgmtOXwRA,37.17516666666667,48000.0,0.18222815,1.0575478,0.1723119765520095,57.57305,0.0445034882834911,0.0,0.0,4.0
6nDLpZiAFi4,5.0851875,48000.0,0.072578155,0.462919,0.1567836999893188,106.71384,0.0242093324161425,0.0,0.0,31.0
1wZ-QiFR9Y4,12.16,48000.0,0.11585364,0.83761585,0.1383135765790939,41.280746,0.0435152312938212,0.0,0.0,61.0
SdU4GXJ7wc4,21.504,48000.0,0.01849918,0.24561465,0.0753179043531417,34.545135,0.034094232229177,0.0,0.0,70.0
LzJVsqFXUK8,41.737875,48000.0,0.142073,0.7795656,0.1822463870048523,33.65164,0.0684288798955405,0.0,0.0,18.0
Ht0_KbBejnQ,13.653333333333334,48000.0,0.11587987,0.916626,0.1264200210571289,36.954998,0.0288741553229898,1.0,0.0732421875,20.0
_Oa7f8RV21c,57.37652083333333,48000.0,0.17185925,1.1009907,0.1560951024293899,52.967354,0.040634166618262,1.0,0.017428731918144508,4.0
gyUk3EeT6_s,6.989208333333333,48000.0,0.057121973,0.83733326,0.0682189241051673,29.488619,0.011213349133003,0.0,0.0,48.0
n8SeuvA_ccQ,50.15510416666667,48000.0,0.1400844,1.1058629,0.1266742944717407,184.70549,0.0408535567390495,0.0,0.0,33.0
xY9ifOFW2RE,5.607625,48000.0,0.0016954249,0.019699842,0.0860628709197044,39.029133,0.0227997638426806,0.0,0.0,70.0
5WnIHDJ58p4,6.506666666666667,48000.0,0.24825549,1.1256461,0.2205448895692825,51.28982,0.0519168435454173,0.0,0.0,57.0
P_ItMhJ-mdk,22.61625,48000.0,0.16646402,1.1465055,0.1451925188302993,42.19712,0.0693799081359028,0.0,0.0,58.0
lgRkYmN_PlE,42.24870833333333,48000.0,0.12503098,1.0562975,0.1183671951293945,58.80175,0.040019338945342,0.0,0.0,61.0
2yeDNf1ts4o,35.84,48000.0,0.10062911,0.55827355,0.1802505403757095,34.760597,0.0694828141271199,0.0,0.0,18.0
UD4-f9JyT9s,10.065854166666666,48000.0,0.061615147,0.87939465,0.0700654089450836,29.487633,0.0373897229210805,4.0,0.39738306692800124,52.0
vVWqGo-uf3o,20.619333333333337,48000.0,0.33177745,1.1898928,0.2788296937942505,59.912422,0.0609803697808945,0.0,0.0,15.0
sIUon1pkvlE,34.330708333333334,48000.0,0.098727494,0.92950845,0.106214739382267,65.9088,0.0382209391503572,0.0,0.0,61.0
3wKey6S8Pw0,65.17333333333333,48000.0,0.106782146,0.85815364,0.1244324296712875,45.482803,0.0517177815875061,17.0,0.2608428805237316,63.0
LlBleCBJt-U,40.843916666666665,48000.0,0.045626845,0.99766713,0.0457335337996482,31.879332,0.0990366963120104,15.0,0.3672517531170493,40.0
aNpciQ4E3jg,12.821333333333332,48000.0,0.013555561,0.17073902,0.0793934538960456,69.07155,0.0048844360453034,0.0,0.0,73.0
J9kMUkOxO-g,84.17235416666666,48000.0,0.12242038,1.054316,0.1161135509610176,31.504208,0.0301398592918461,12.0,0.14256462372715903,35.0
t-XueGt8lhI,10.176,48000.0,0.05478754,0.90640974,0.0604445599019527,59.06017,0.0259724721858638,0.0,0.0,61.0
U33PfB8mkSs,44.443,48000.0,0.28668875,1.2122537,0.2364923655986786,33.31505,0.0621358103851691,0.0,0.0,15.0
6xxi70O9EpI,7.325895833333333,48000.0,0.1292801,0.633016,0.2042288184165954,46.680153,0.0304120326146288,0.0,0.0,26.0
KOqJDdlkyFw,22.024145833333332,48000.0,0.15945636,1.0622044,0.1501183360815048,30.702084,0.024145212242736,1.0,0.04540471206318066,4.0
FuwidnO8zNM,20.503229166666667,48000.0,0.11956288,1.0855117,0.1101442575454711,183.35162,0.054791605726729,0.0,0.0,33.0
F06SKi-4UWQ,26.325333333333333,48000.0,0.17864434,1.0491326,0.1702781319618225,42.05255,0.0314056408844673,0.0,0.0,4.0
nk_4DZIEfYY,13.815875,48000.0,0.26889747,1.1108203,0.2420710921287536,41.469326,0.0369974772135416,0.0,0.0,57.0
r9njGhlhKro,8.4636875,48000.0,0.09355646,0.611452,0.1530070453882217,57.240658,0.0464746585721032,0.0,0.0,55.0
6iFojANMgvM,15.168,48000.0,0.1689443,1.0827117,0.1560381203889846,38.981407,0.048995231794624,0.0,0.0,36.0
lyDRORLR4EM,15.522541666666667,48000.0,0.25499445,1.0428796,0.2445099651813507,39.42451,0.0366257887620192,0.0,0.0,57.0
wEi8E5_vQHE,29.5241875,48000.0,0.1610684,1.0289359,0.1565387994050979,30.407413,0.0440800837698699,0.0,0.0,36.0
QON6N0B0L6s,27.178958333333338,48000.0,0.04541507,0.3444602,0.1318441778421402,56.924343,0.0359040922910945,0.0,0.0,50.0
5m-hwR4LCMg,13.1425,48000.0,0.050528847,0.65313953,0.077363021671772,30.25204,0.0391310098590835,0.0,0.0,9.0
xzmogxyvxQ8,32.11320833333333,48000.0,0.121434025,0.6173698,0.1966957747936248,37.01435,0.0621466407028395,0.0,0.0,18.0
mGUDWqu64AM,41.4011875,48000.0,0.2485218,1.1917957,0.2085271924734115,36.29373,0.0509218729875064,0.0,0.0,41.0
I7pKazmlhnM,11.5055,48000.0,0.21090859,1.188451,0.1774651110172271,30.08503,0.0653400863067655,0.0,0.0,41.0
XrUDiEEzyno,30.023416666666662,48000.0,0.06153567,1.0514462,0.0585247948765754,177.51385,0.0430114204040852,0.0,0.0,33.0
N5Gq1IXHyOw,10.936604166666667,48000.0,0.1726875,0.8040747,0.2147654891014099,42.00888,0.0108492667214912,0.0,0.0,26.0
ErkrUvuJJ0g,32.833020833333336,48000.0,0.18317299,1.047573,0.1748546361923217,37.452843,0.040769026317392,0.0,0.0,4.0
sMElajK9uJU,32.98133333333333,48000.0,0.065143354,0.82871306,0.0786078497767448,45.03633,0.029207680397268,1.0,0.030320181112548514,48.0
dHhKrpG98EM,10.170354166666666,48000.0,0.10772543,0.79905164,0.1348166018724441,35.693085,0.073693105509696,0.0,0.0,18.0
Luuxbx8pvwY,26.737791666666663,48000.0,0.07077622,0.89743865,0.078864686191082,27.71574,0.0275426072621659,5.0,0.1870012326497919,35.0
pdoT9YuhZ-U,42.144979166666666,48000.0,0.055294923,0.9934703,0.0556583553552627,45.906693,0.0338575849648912,0.0,0.0,48.0
_p0j_1bN2II,18.053520833333337,48000.0,0.2207199,1.145298,0.1927183121442794,34.675045,0.0580630722090962,0.0,0.0,41.0
axuEcDA13Rg,9.984,48000.0,0.11599176,0.8594731,0.1349568217992782,55.66091,0.0426503510205442,0.0,0.0,61.0
UUZ516bWiZs,18.645625,48000.0,0.09980337,0.76608807,0.1302766352891922,52.961357,0.0570493406946826,0.0,0.0,28.0
MVZZMaJzskU,9.543416666666667,48000.0,0.06352299,0.34677964,0.1831796914339065,32.065395,0.0544807306215083,1.0,0.10478427537307568,50.0
MktTrDVEneY,10.922666666666666,48000.0,0.1119122,0.3108392,0.3600324392318725,53.852028,0.0812819169207317,0.0,0.0,62.0
tx7Nz71N_No,14.605354166666666,48000.0,0.11196116,0.83025974,0.1348507702350616,25.473694,0.057318872604927,0.0,0.0,18.0
TLf0F38J2aM,35.81679166666667,48000.0,0.27852055,1.1550696,0.2411288022994995,49.924984,0.0271218568530375,0.0,0.0,57.0
VuD8Oi2sOPQ,40.948395833333336,48000.0,0.23554678,1.2376785,0.190313383936882,44.8778,0.0659435338792654,0.0,0.0,41.0
6poWLr0o13s,61.02204166666667,48000.0,0.3080317,1.1889933,0.2590693235397339,44.436344,0.0410446436374759,0.0,0.0,15.0
lp3aYnHrdeI,17.298875,48000.0,0.07942116,0.5330245,0.1490009576082229,28.630774,0.0556797163995067,0.0,0.0,18.0
lLbgkvVln7c,29.290666666666667,48000.0,0.10311175,0.56253403,0.1832986921072006,31.86443,0.0398202513537495,0.0,0.0,55.0
bn5IIwSBiow,32.35702083333333,48000.0,0.18091644,1.0487928,0.1724996864795684,186.69495,0.0344124016356295,0.0,0.0,3.0
aaUyUkPsHDE,25.019520833333335,48000.0,0.21222483,1.0390292,0.2042529881000518,187.85211,0.0306607739903026,0.0,0.0,3.0
WVHL3pxl4G8,30.615520833333335,48000.0,0.039385207,0.5054882,0.07791518419981,40.38849,0.0323842207092476,1.0,0.03266317125368737,9.0
FLkZw6PLoLo,22.732354166666667,48000.0,0.078699246,0.75882053,0.1037125959992408,49.59206,0.0385648287259615,0.0,0.0,61.0
6b-QZZnAXF8,27.608541666666667,48000.0,0.23841311,0.85146505,0.2800033986568451,29.05878,0.0523609501738122,0.0,0.0,57.0
WV9ia70IbnM,9.938145833333332,48000.0,0.059181836,0.49218687,0.1202426105737686,31.450712,0.0504139912486588,0.0,0.0,22.0
nopTPtqDek8,37.314479166666665,48000.0,0.031266216,0.9120897,0.0342797599732875,33.549427,0.0948835548996141,8.0,0.2143939880352522,8.0
CrwEu20U5MY,8.021333333333333,48000.0,0.27939877,1.2729247,0.219493567943573,31.436987,0.0776393125415006,0.0,0.0,32.0
PjdIpFTcm30,4.45825,48000.0,0.038606122,0.27018356,0.1428884863853454,34.292065,0.0379329115580143,0.0,0.0,50.0
rnfO2ZJlOs8,10.274833333333332,48000.0,0.34253752,1.1038213,0.310319721698761,56.316063,0.0423847372601141,0.0,0.0,10.0
bkswvQHam0k,18.5063125,48000.0,0.0920042,1.0248774,0.0897709354758262,181.03137,0.0423327179394812,0.0,0.0,33.0
-YCaIZ0geac,64.704,48000.0,0.06715541,0.46718144,0.1437458992004394,40.90216,0.0597290220145871,11.0,0.17000494559841742,46.0
g8nOoW7K7_U,26.644916666666667,48000.0,0.16931449,0.96266955,0.1758801788091659,28.482637,0.0467796111889511,0.0,0.0,4.0
kLnOd31bSus,34.57452083333333,48000.0,0.038117353,0.55989623,0.0680793151259422,36.674774,0.0238747240804287,0.0,0.0,9.0
YgfwpTQvLpg,31.521104166666667,48000.0,0.2631447,1.0719175,0.2454896867275238,40.211685,0.0365229749873139,0.0,0.0,57.0
PY-_lZCtzwA,37.604729166666665,48000.0,0.022507181,0.35015014,0.0642786622047424,34.39696,0.0295635879005955,0.0,0.0,70.0
TEORVjzXufc,29.675104166666667,48000.0,0.02890225,0.40946683,0.0705850794911384,25.131903,0.0279730941766978,0.0,0.0,70.0
ExDFV4xCS1Y,10.15875,48000.0,0.08998455,0.48647815,0.1849714070558548,50.79298,0.0144532274724554,0.0,0.0,26.0
CKlHsYQ81WU,68.81235416666667,48000.0,0.07486837,1.0063939,0.0743927136063575,40.587303,0.0724716990613375,17.0,0.24704866162295833,54.0
1lwKn503WVw,275.516375,48000.0,0.038942464,0.26972425,0.1443787962198257,173.564,0.0560079009690766,0.0,0.0,69.0
HthZGPocHIk,29.268770833333335,48000.0,0.21065795,1.0681949,0.1972092986106872,188.1167,0.0563594718021137,0.0,0.0,3.0
KRyaxwPHM3M,11.4590625,48000.0,0.19058833,1.0349517,0.1841519027948379,31.290922,0.0203129542151162,0.0,0.0,4.0
my9kLRBX23U,5.013333333333334,48000.0,0.16729467,1.0114844,0.1653952002525329,56.03312,0.0038886262606157,1.0,0.19946808510638298,4.0
O5ot5C8YROc,18.346666666666668,48000.0,0.08552092,0.58180004,0.1469936668872833,27.189789,0.0288352633824811,0.0,0.0,55.0
Z72IEwpwCwM,11.2616875,48000.0,0.03486412,0.37093598,0.0939895883202552,32.24939,0.0265512177438446,0.0,0.0,9.0
K1aD3sWl9dI,60.00097916666667,48000.0,0.07692391,1.1759703,0.0654131397604942,24.48463,0.031980686072476,15.0,0.24999592020546887,35.0
prv_8zqQzvM,5.537979166666666,48000.0,0.0363851,0.3517449,0.1034417301416397,43.12042,0.0228309044471153,0.0,0.0,9.0
LmucOA-qz3U,41.30133333333333,48000.0,0.37526777,1.225131,0.3063082695007324,37.72759,0.0419212083252646,0.0,0.0,10.0
QcA-DTLX4Oc,1088.574708333333,48000.0,0.023170201,1.7130456,0.0135257355868816,28.330463,0.1453836106757819,568.0,0.52178320481985,40.0
KXJU2AZKtDU,10.9714375,48000.0,0.16635913,1.0836935,0.1535112261772155,31.926243,0.0332543731778425,1.0,0.09114575915872464,4.0
X3YS7fkq26o,23.936,48000.0,0.0824887,0.50214386,0.1642730385065078,32.403873,0.0388162931514476,0.0,0.0,55.0
m8XtyJ0D9TM,58.316916666666664,48000.0,0.18001993,1.16324,0.1547573506832122,67.941696,0.0550318329370885,0.0,0.0,27.0
Uiz9wEh4aIs,47.07845833333333,48000.0,0.17407699,1.1868474,0.1466717422008514,27.685526,0.0416063413287267,2.0,0.042482274713399534,36.0
MKZVSH1EApM,6.373895833333333,48000.0,0.1559217,0.748989,0.2081762254238128,90.02723,0.0601467783235785,0.0,0.0,27.0
8G73vO1SRwE,58.003458333333334,48000.0,0.00028586085,0.04299821,0.0066482033580541,23.167746,0.014810060569143,20.0,0.34480702659252355,65.0
yvNNydemYQk,19.539604166666667,48000.0,0.18804194,1.0483779,0.1793646663427353,29.489399,0.0479288559293122,0.0,0.0,41.0
SnKBSSVuX6M,12.770979166666669,48000.0,0.23994555,1.1611681,0.2066415250301361,35.586426,0.084519120409015,0.0,0.0,32.0
-swyIbASKeo,42.49252083333333,48000.0,0.19675916,1.1700857,0.1681579202413559,28.379036,0.0376200848315135,0.0,0.0,4.0
WDZ8niNlrqc,58.769708333333334,48000.0,0.110887334,0.84105766,0.1318427324295044,47.341633,0.0497700381408802,17.0,0.28926466511588667,63.0
F8UbGGA1Vu0,56.43610416666667,48000.0,0.14289118,1.5513744,0.0921061858534812,24.051273,0.0454252910307597,0.0,0.0,43.0
azGFIxktV-I,41.319916666666664,48000.0,0.117310256,1.5556307,0.0754100903868675,32.496593,0.0364240923060789,5.0,0.12100702042396827,43.0
oMNXI5Avcc4,60.07004166666667,48000.0,0.20092995,1.1519378,0.1744277775287628,30.572035,0.0430545806884765,0.0,0.0,4.0
96Ly2HXGu1w,30.812895833333332,48000.0,0.0687211,1.0352029,0.0663841888308525,29.586239,0.0256727092527691,8.0,0.25963155307673536,35.0
uIcUAM9FBBE,13.653333333333334,48000.0,0.03919155,0.2720914,0.1440381854772567,36.831383,0.0165428620218579,0.0,0.0,50.0
sweOddUh-zo,58.839375,48000.0,0.13643195,0.9760552,0.1397789269685745,33.18857,0.0711253285299981,2.0,0.03399084371647388,58.0
awb4SkMgqVg,23.510208333333335,48000.0,0.02447521,0.400408,0.0611256770789623,21.974651,0.0182891776502267,0.0,0.0,70.0
s_SUmC_Goy8,17.647166666666667,48000.0,0.015487661,0.3497151,0.0442865081131458,22.409946,0.0375079659176737,1.0,0.05666632037248661,70.0
i2KivehAkK8,17.229208333333332,48000.0,0.17600034,1.0947869,0.1607621908187866,53.120007,0.0532906409537438,0.0,0.0,41.0
Wk-n7Z1wpbw,15.058145833333333,48000.0,0.031591073,0.37574142,0.0840766280889511,21.731844,0.0326142135490439,0.0,0.0,70.0
GRqrruTXm44,19.110041666666667,48000.0,0.12663887,1.0282301,0.1231620013713836,32.707005,0.0461842673165457,0.0,0.0,36.0
rIsuIFagqNw,15.04,48000.0,0.09568641,0.5324958,0.1796942204236984,47.298313,0.0625789001594613,0.0,0.0,23.0
6bDY7VRI7sY,33.36708333333333,48000.0,0.095457606,0.62910354,0.1517359167337417,39.42967,0.0450654412352189,0.0,0.0,55.0
4NzeIM0mtEA,11.853791666666666,48000.0,0.250786,1.1100771,0.225917637348175,47.588127,0.0342530175078687,0.0,0.0,57.0
6KUPWXmzAhE,17.078291666666665,48000.0,0.17415443,1.0268086,0.1696074903011322,49.18773,0.0325682374570848,0.0,0.0,4.0
HHDWq8F9HNM,117.771625,48000.0,0.023424227,0.27378017,0.0855585262179374,27.647243,0.0435802291817605,0.0,0.0,0.0
KGLN4qHbwGE,23.010979166666665,48000.0,0.17040156,1.1867027,0.1435924619436264,29.039679,0.0598235037505792,0.0,0.0,36.0
SoYT7mWJlT4,15.000979166666667,48000.0,0.050050605,0.5510016,0.0908356755971908,42.271507,0.0287648670708955,0.0,0.0,9.0
bd58JK4eubs,30.371708333333338,48000.0,0.3098787,1.2971843,0.2388856410980224,191.25378,0.037200927734375,0.0,0.0,3.0
FRLw07eC5XI,6.0255833333333335,48000.0,0.22905132,0.95376074,0.2401559501886367,46.061665,0.0517958379424778,0.0,0.0,57.0
qACFSOCd0D0,10.077479166666668,48000.0,0.257004,1.0936146,0.2350041717290878,72.484116,0.0247917700066137,0.0,0.0,57.0
-GTkMkyjrhk,26.772625,48000.0,0.10641961,0.6776692,0.1570376902818679,31.69409,0.0560348449950199,0.0,0.0,18.0
5hSQ-p5WoLA,10.321270833333331,48000.0,0.39906752,1.1387033,0.3504578471183777,47.232285,0.0398615056818181,0.0,0.0,10.0
oc7L8ZLBJxs,14.338333333333331,48000.0,0.35116106,1.2306021,0.2853570878505707,50.450584,0.0290394836198884,0.0,0.0,10.0
sHfJIOFtyLE,38.2665,48000.0,0.023904156,0.3543602,0.067457228899002,24.98661,0.0346789918216973,0.0,0.0,70.0
HfZvUS6jVKs,52.24491666666667,48000.0,0.21180615,1.1499155,0.184192806482315,65.62769,0.0559780857620457,0.0,0.0,27.0
PeO-01gRTDI,24.5435,48000.0,0.08638474,1.0686412,0.0808360576629638,26.993952,0.0703606702928074,0.0,0.0,76.0
VcLaaybYkig,87.65533333333333,48000.0,0.061422788,1.0239844,0.0599841028451919,32.481075,0.0260903680373874,31.0,0.3536578873314421,52.0
RtvU-D9UQ80,6.455166666666667,48000.0,0.10545402,0.56001663,0.1883051544427871,62.407196,0.0099622266914191,0.0,0.0,26.0
_HP_gzqFL80,16.938958333333332,48000.0,0.23088206,1.1584208,0.1993075907230377,79.60088,0.0638268712633731,0.0,0.0,27.0
MuDg8htp9pU,14.767895833333334,48000.0,0.1161559,0.83884305,0.1384715586900711,55.967278,0.0416086134927797,0.0,0.0,61.0
iIibtyK_kZU,36.4205,48000.0,0.1952022,1.1355805,0.1718963980674743,38.76365,0.0567738836017569,0.0,0.0,41.0
qUzmwhwy7pk,32.8,48000.0,0.03320665,0.516722,0.0642640516161918,60.177414,0.0158027877113133,1.0,0.030487804878048783,73.0
Rtwmj3e_d1E,48.23945833333333,48000.0,0.023892185,0.38006002,0.0628642439842224,22.617916,0.0322109089998341,0.0,0.0,70.0
lXtxJX4wUBw,39.104,48000.0,0.2677863,1.1882017,0.2253710776567459,37.433445,0.0436157526162394,0.0,0.0,57.0
UVgk7jxarYs,37.45379166666667,48000.0,0.017501708,0.31469667,0.0556145310401916,26.224878,0.0353069609552961,0.0,0.0,70.0
GFKVf3x3yb4,36.513395833333334,48000.0,0.25012785,1.1028506,0.2268012166023254,31.861656,0.0541391818322868,0.0,0.0,41.0
JXcWoRrSYbQ,28.177416666666662,48000.0,0.1894372,1.1788741,0.1606933176517486,32.896027,0.0694043190528009,0.0,0.0,58.0
5jK4ccLczAA,15.116208333333333,48000.0,0.064531945,0.9805405,0.0658126249909401,34.973267,0.0261843402900211,0.0,0.0,48.0
c-HOyBgLsvA,7.73225,48000.0,0.34442553,1.2590435,0.2735612690448761,37.02332,0.0535203394396551,0.0,0.0,15.0
we29HaFZ7rk,37.0590625,48000.0,0.15149511,1.2164497,0.1245387345552444,27.513195,0.0405498257643884,3.0,0.08095185894138579,36.0
u2zL3IgeG_4,31.764916666666668,48000.0,0.06054004,0.83844835,0.0722048506140708,37.642914,0.0256696897036601,0.0,0.0,48.0
hKJBRWYm_Ec,12.501333333333331,48000.0,0.2062095,1.185671,0.1739179790019989,36.84942,0.023515758205456,0.0,0.0,4.0
fLVmjs426fM,31.196020833333332,48000.0,0.18507543,1.1087977,0.1669154167175293,36.643513,0.0446778178418803,0.0,0.0,4.0
WcV7Tgb_hms,22.848,48000.0,0.039234392,0.7778934,0.050436720252037,55.69542,0.0467510499300046,0.0,0.0,78.0
l0k_6E4cegw,15.069770833333331,48000.0,0.1757424,1.1042546,0.1591502577066421,45.85965,0.0657831989782378,0.0,0.0,58.0
0kIZl2OfDkQ,15.267125,48000.0,0.13069753,1.0120653,0.1291394233703613,44.875626,0.0412294185361382,0.0,0.0,61.0
jPd6nozbczU,24.079104166666667,48000.0,0.29134777,1.9773563,0.1473420709371566,190.93764,0.0618125570886846,0.0,0.0,3.0
mDu7IGbtZAY,78.5415,48000.0,0.021982962,0.5794436,0.0379380546510219,23.586922,0.038070885918828,19.0,0.24191032766117276,19.0
dEnGq2aGURM,58.491083333333336,48000.0,0.3002072,1.3895847,0.2160409539937973,33.53079,0.0682963365016411,0.0,0.0,15.0
LJ8xrO3dKoM,88.00364583333334,48000.0,0.011757177,0.20006424,0.0587670095264911,29.950024,0.0308320819067385,0.0,0.0,70.0
YOI_IfJ-164,13.978416666666666,48000.0,0.11077291,1.0094689,0.1097338497638702,90.18097,0.030563948083524,0.0,0.0,31.0
C77rYdMP2SI,22.941333333333333,48000.0,0.0325043,0.31145614,0.1043623685836792,26.678236,0.0323480085570664,0.0,0.0,9.0
l5UMchhjvRg,56.64508333333333,48000.0,0.25226447,1.3481232,0.1871227174997329,28.36905,0.0445675470132743,0.0,0.0,41.0
eOkw3zsx2n0,17.043458333333334,48000.0,0.12654392,1.0339992,0.1223829984664917,30.09097,0.0480055635951189,0.0,0.0,36.0
9j7-V4zmZv4,31.126354166666665,48000.0,0.17434305,0.9752742,0.1787631064653396,33.085846,0.0534983285692874,0.0,0.0,41.0
gsH03k_6S5E,11.958291666666666,48000.0,0.16158155,1.0007385,0.1614623069763183,185.95676,0.0253040225323083,0.0,0.0,3.0
JBIYMWmbsfc,29.338416666666667,48000.0,0.18167262,1.0204551,0.1780309677124023,186.65617,0.0586347507156488,0.0,0.0,3.0
x0ZiJl3F3Nc,28.827583333333333,48000.0,0.22153518,1.1136342,0.1989299207925796,48.726295,0.0391797380803736,0.0,0.0,57.0
aKJjf00qfH8,16.021770833333335,48000.0,0.115734264,0.8484673,0.1364039182662964,99.61948,0.0404561969810379,0.0,0.0,31.0
38TUSjhwNvs,21.034666666666663,48000.0,0.20899849,1.2094159,0.172809436917305,35.48218,0.0421676519735174,0.0,0.0,41.0
N1dDwPSEIVM,18.343770833333338,48000.0,0.32151577,1.1352277,0.2832169830799103,58.99177,0.0430771938590116,0.0,0.0,15.0
Mry8Xd0-PXs,10.472208333333333,48000.0,0.08159421,0.9255172,0.0881606563925743,29.725975,0.0363287216776985,0.0,0.0,53.0
VDJ25OcZ0Wg,96.10739583333331,48000.0,0.035536923,0.6327918,0.0561589486896991,38.50704,0.0383192135827044,0.0,0.0,25.0
iw-8aqUQMgM,14.675020833333331,48000.0,0.22999954,1.1779552,0.1952532231807708,36.06305,0.0330785706985828,0.0,0.0,4.0
n3kNh-pMRj0,20.271020833333335,48000.0,0.12583674,1.1920929,0.1055595129728317,41.8083,0.0143969765090741,0.0,0.0,20.0
fa9lXPZw2J4,22.012520833333333,48000.0,0.12198352,0.64864737,0.1880583018064499,32.43294,0.0513080922208091,0.0,0.0,55.0
Rjchj2O5drU,12.6665,48000.0,0.14818929,1.1382923,0.1301856189966201,44.52097,0.0665069477325336,0.0,0.0,58.0
-51adwKMOrU,13.653333333333334,48000.0,0.17626497,1.0679045,0.1650568693876266,46.380764,0.0465132678327478,0.0,0.0,4.0
RAH8V7eH9ME,29.768,48000.0,0.13461824,1.0462856,0.1286629885435104,90.75397,0.0387535409575421,0.0,0.0,31.0
Ex_ZMIRGs9c,4.7949375,48000.0,0.09029453,0.49606794,0.1820205003023147,74.56203,0.0198546006944444,0.0,0.0,26.0
0NxywK1ms6s,32.1706875,48000.0,0.04568694,0.73237395,0.062381986528635,31.949688,0.0311307214845044,0.0,0.0,48.0
bousdUlyYlM,59.8610625,48000.0,0.104953386,1.011062,0.1038050949573516,34.853622,0.0409293144155381,16.0,0.26728559988389783,35.0
Oc-Lxz91504,23.695979166666667,48000.0,0.09154274,0.57766116,0.1584713459014892,32.136143,0.0614748730732448,0.0,0.0,18.0
HuZr1Tni-M4,13.723,48000.0,0.113681085,0.8961899,0.1268493235111236,28.694698,0.0574540476884226,0.0,0.0,18.0
TEKnyOt5W3w,31.3005,48000.0,0.16907595,1.0514218,0.1608069688081741,36.41257,0.0341766929301533,0.0,0.0,4.0
1zp8IeHzVkg,10.553479166666667,48000.0,0.4009773,1.2794944,0.3133873045444488,37.252136,0.0241077769886363,0.0,0.0,10.0
J_XkgfX1oR8,19.221333333333337,48000.0,0.15858583,1.099791,0.144196331501007,43.121033,0.0546742300159456,0.0,0.0,36.0
oDDk-8FHwnk,90.1863125,48000.0,0.040803567,0.4892211,0.0834051668643951,26.942657,0.050302439846984,0.0,0.0,42.0
hmWxFMN0TV0,22.546583333333334,48000.0,0.27780947,1.234221,0.2250889241695404,190.54541,0.0418348934927861,0.0,0.0,3.0
m5_oqEPdklY,15.530666666666669,48000.0,0.27285373,1.1136839,0.2450010478496551,46.08828,0.0427448846087851,0.0,0.0,57.0
xVQXumGW5hE,35.08535416666667,48000.0,0.23387012,1.1970992,0.1953640282154083,30.990635,0.0668201759593465,0.0,0.0,41.0
Pqyh-3PvPhU,12.968354166666666,48000.0,0.12872134,0.90752566,0.1418376863002777,91.283676,0.0528439973530016,0.0,0.0,31.0
bQ5YiUToFU8,50.1435,48000.0,0.25932455,1.4290488,0.1814665496349334,41.960747,0.065863126695118,0.0,0.0,32.0
JCwQHl3qLOA,59.9075,48000.0,0.016036253,0.21877977,0.0732986107468605,30.168295,0.0356821715884813,0.0,0.0,70.0
kIanEgiRRFs,19.136,48000.0,0.020284325,0.26221457,0.0773577317595481,34.440224,0.0240922593140668,0.0,0.0,70.0
98ODbNVsM7c,19.911125,48000.0,0.287203,1.0902951,0.2634176909923553,48.767105,0.0149457999966523,0.0,0.0,57.0
8OMjn3VvMQc,3147.776,48000.0,0.0024578227,0.7937288,0.0030965521000325,14.365528,0.0515023270980879,1649.0,0.5238619266428107,39.0
yFPcYdItNp0,11.1688125,48000.0,0.12938221,0.60936314,0.2123236507177353,45.43418,0.043468679180582,0.0,0.0,55.0
wJVt0Fnz2dU,10.309666666666669,48000.0,0.08307358,0.92628163,0.0896850079298019,29.175442,0.0376834968006721,0.0,0.0,53.0
VIXMH5t-0vI,21.269479166666667,48000.0,0.30307937,1.108264,0.2734721899032593,30.866432,0.019672227443609,0.0,0.0,57.0
FWZ1hDK8vpQ,25.913479166666665,48000.0,0.07925734,0.7847159,0.1010013148188591,63.92067,0.0362483523019547,0.0,0.0,61.0
m_nT6vswaDE,15.637333333333334,48000.0,0.016237443,0.15541384,0.1044787466526031,35.174675,0.0188163024028629,0.0,0.0,70.0
NcEn1B2WJXA,49.412083333333335,48000.0,0.084115915,0.92089534,0.0913414508104324,62.21641,0.0320356975434383,1.0,0.020237964735346448,61.0
w7-ylWOsPzU,20.928,48000.0,0.062397525,0.702434,0.0888304412364959,33.522285,0.0244911726311767,1.0,0.047782874617737,9.0
ygw47GphPnI,10.042645833333331,48000.0,0.03559855,0.69357586,0.0513261072337627,62.042812,0.0208473286557855,1.0,0.09957535261084502,73.0
CP7csGr7JzE,93.55320833333332,48000.0,0.022250116,0.4093719,0.0543518364429473,25.702663,0.048383099311652,1.0,0.010689104284237538,42.0
zv2HwrvKhaU,27.225416666666668,48000.0,0.15064575,1.0438423,0.1443184912204742,39.05021,0.0387079079759106,0.0,0.0,4.0
D8BeGV_pmdE,22.360833333333332,48000.0,0.0934492,0.89763016,0.104106567800045,43.446598,0.0363596059847401,0.0,0.0,61.0
-aRa1Rl0VpU,11.904,48000.0,0.12653305,0.760232,0.1664400547742843,44.99965,0.0526941584601611,0.0,0.0,18.0
SdpXZnBD5Xk,25.429333333333332,48000.0,0.11921503,0.98707694,0.120775818824768,45.249924,0.0430852414177148,0.0,0.0,61.0
bKIxXP_9Eak,63.872,48000.0,0.1715601,1.2873099,0.1332702338695526,28.912218,0.0523446631324094,0.0,0.0,36.0
SWUYFOZ8TLM,33.274208333333334,48000.0,0.15718558,1.3138721,0.1196353808045387,39.034756,0.051647479717548,0.0,0.0,36.0
67saea7hWZQ,4.608,48000.0,0.04209252,0.3166194,0.1329436004161834,44.91917,0.0225804705542725,0.0,0.0,50.0
PXLNZSG87Hk,12.411083333333334,48000.0,0.17060752,1.0244906,0.16652911901474,42.159508,0.0255634530713058,0.0,0.0,4.0
RjgS_tigFq0,32.240916666666664,48000.0,0.24483435,1.083051,0.2260598540306091,45.919987,0.0284595445335759,0.0,0.0,57.0
Kkrgn6tJuL0,14.11775,48000.0,0.17906782,1.1707432,0.1529522538185119,57.09877,0.0582633119335347,0.0,0.0,41.0
8NReyGEfRC8,8.870041666666667,48000.0,0.11674017,0.8446728,0.1382075548171997,103.00816,0.0376851008488581,0.0,0.0,31.0
yeqfHo04Gh4,25.62322916666667,48000.0,0.15793353,1.0527548,0.1500193029642105,41.1265,0.060986998673533,0.0,0.0,36.0
q2xtGug02rw,16.776979166666667,48000.0,0.13795422,0.7765132,0.1776585578918457,33.187874,0.0308607408216783,0.0,0.0,55.0
W938BP88cQ0,4.074666666666666,48000.0,0.06721962,0.41817933,0.1607435345649719,54.564114,0.0243758159268929,0.0,0.0,26.0
-GqvQrLeKBg,3.3436875,48000.0,0.11449157,0.55948627,0.2046369612216949,40.26661,0.0503194043590764,0.0,0.0,55.0
jH4wh7IJFFQ,26.552020833333337,48000.0,0.102853164,0.5759492,0.1785802692174911,46.26758,0.0579409434613453,0.0,0.0,18.0
B4CXzSQz3as,5.015520833333333,48000.0,0.036803976,0.16777703,0.2193624228239059,47.267067,0.0195053327361995,0.0,0.0,26.0
e6Xn1kze2Bc,15.116208333333333,48000.0,0.09802818,0.90017223,0.1088993623852729,45.869785,0.0315151456717207,0.0,0.0,61.0
W6fF3ebBlmY,77.485,48000.0,0.15326881,1.5847862,0.0967126116156578,28.205889,0.0396315677692704,1.0,0.01290572368845583,43.0
6G2CTP_ggLk,15.975333333333332,48000.0,0.23838824,1.2320414,0.193490445613861,86.54787,0.0310355213200934,0.0,0.0,27.0
nNQkCUq0V34,17.368541666666665,48000.0,0.22890161,1.518691,0.1507229655981063,35.77028,0.0330067933740024,1.0,0.05757535774688434,4.0
3y09NySu2sQ,102.91085416666668,48000.0,0.30171123,1.4594567,0.206728458404541,38.89505,0.0581564325993729,1.0,0.00971714799277125,15.0
yOVkX7EH1aM,19.934333333333335,48000.0,0.087809235,1.0101438,0.0869274660944938,30.002445,0.0243142639780631,0.0,0.0,48.0
PHVuTWKAMMc,14.976979166666666,48000.0,0.14365123,1.0585554,0.1357049793004989,29.12177,0.0301396380115658,0.0,0.0,20.0
yF82DbRQtw8,19.1796875,48000.0,0.1768091,1.0998137,0.1607627719640731,29.775064,0.0550821419886047,0.0,0.0,36.0
9UrWmiyRScY,12.6084375,48000.0,0.22464116,0.9485029,0.2368376106023788,38.46109,0.0286273972421808,0.0,0.0,57.0
gtjn3QC7Rok,16.64870833333333,48000.0,0.120283544,1.0039073,0.1198153868317604,72.8297,0.0377381035794362,0.0,0.0,31.0
x-NYM45LBnc,14.140958333333334,48000.0,0.064263366,0.44859058,0.1432561725378036,55.52809,0.0464787778092006,0.0,0.0,50.0
UlhVg2avOXM,7.6858125,48000.0,0.037625067,0.25206617,0.149266630411148,54.874863,0.048336457610957,0.0,0.0,50.0
ndv7SDaMBQg,111.386125,48000.0,0.24194777,1.4501979,0.1668377518653869,31.702602,0.0467159801272383,0.0,0.0,41.0
tQcxySECRXY,18.761729166666665,48000.0,0.2553687,1.2658892,0.2017306983470916,30.279793,0.0732049904064809,0.0,0.0,32.0
rlKN6OvT6mw,21.408979166666665,48000.0,0.12707925,1.1360904,0.1118566319346427,30.219795,0.036036761158491,3.0,0.14012811991853108,35.0
4FhSHoe_Tpc,5.013333333333334,48000.0,0.08942105,0.7929687,0.1127674430608749,31.92815,0.0476670315817409,0.0,0.0,22.0
6ue_1n9JWl0,15.673479166666668,48000.0,0.063412555,0.28775692,0.2203684747219085,39.2809,0.0327128507653061,2.0,0.12760408705257154,26.0
bXJCJneckUE,15.777979166666666,48000.0,0.20847914,1.0564508,0.1973391771316528,44.004017,0.0357887061866554,0.0,0.0,4.0
5_ZMBjlQWmk,6.16,48000.0,0.01211097,0.073987916,0.1636884808540344,77.77358,0.0168997688689446,0.0,0.0,73.0
ehGh7O-nhRw,26.493979166666666,48000.0,0.19034185,1.051311,0.1810518950223922,35.241627,0.0413651274406199,0.0,0.0,4.0
CfEMzsFzyj4,33.73860416666667,48000.0,0.20660394,1.0481443,0.1971140205860138,60.910015,0.0499731082536357,0.0,0.0,27.0
uB5VINOvdLQ,13.839104166666669,48000.0,0.42553172,1.4573843,0.2919831871986389,47.229618,0.068115234375,0.0,0.0,10.0
f4Z9UwgLPfo,12.434291666666669,48000.0,0.12764254,0.80161095,0.1592325270175933,58.329502,0.0472221570808319,0.0,0.0,55.0
Rn1XvHR8ukI,18.133333333333333,48000.0,0.063763574,0.7469072,0.0853701457381248,55.93197,0.0450852095274838,0.0,0.0,61.0
08OSHTGTJoc,16.439729166666666,48000.0,0.15980585,1.1663982,0.1370079666376114,61.857563,0.0840850711332684,0.0,0.0,58.0
t7vpz_J2t0g,37.6395625,48000.0,0.18962811,1.0732809,0.1766807734966278,36.73837,0.0363651231315528,0.0,0.0,4.0
d1dxvXd66Xc,5.015520833333333,48000.0,0.13151126,0.7218163,0.1821949034929275,47.538033,0.0599652916003184,0.0,0.0,18.0
7Iq0wY_BCK8,133.30577083333333,48000.0,0.023285946,0.44381678,0.0524674765765666,18.730585,0.0589032135766722,0.0,0.0,42.0
elVlYLiyG3Y,74.32708333333333,48000.0,0.012332985,0.37860715,0.0325746238231658,16.361847,0.0453760347162433,1.0,0.013454046024049107,70.0
Ec2WbbsKjO8,13.7694375,48000.0,0.025305284,0.432055,0.0585695914924144,33.302254,0.0405742429560418,0.0,0.0,70.0
yxwvHFwRrFE,11.726083333333332,48000.0,0.064719014,1.0006378,0.0646777674555778,37.417747,0.0438494318181818,0.0,0.0,53.0
E_ZHAXng7dc,53.2898125,48000.0,0.03815063,0.5399886,0.0706508085131645,43.848938,0.0624827010045536,16.0,0.3002450046150941,67.0
ge9QUkygkeg,11.528708333333332,48000.0,0.13705422,0.9335549,0.1468089520931244,54.513092,0.0217102220166512,0.0,0.0,61.0
nuFlteMWaAw,12.991583333333333,48000.0,0.065283746,0.63232005,0.1032447814941406,35.71402,0.033481741969417,0.0,0.0,9.0
-9XrNHBkbnE,20.70060416666667,48000.0,0.18498978,1.1057603,0.1672964543104171,39.465473,0.0383339773312725,0.0,0.0,4.0
TVtDd48yrDg,6.848,48000.0,0.051091097,0.43688628,0.1169436946511268,40.78058,0.0349694425544323,0.0,0.0,9.0
tNO_QVyRDWA,10.0078125,48000.0,0.22932282,1.2583236,0.1822447180747985,40.76345,0.0841185353434504,0.0,0.0,32.0
6SYCX0lUhhg,26.8190625,48000.0,0.40237466,1.503174,0.2676833570003509,44.117184,0.0467447269507952,0.0,0.0,10.0
n7ct0UdtTlM,15.000979166666667,48000.0,0.15360859,1.0104749,0.1520162373781204,33.689407,0.0171460637659914,1.0,0.06666231509887549,4.0
667SBj9PoXs,5.003916666666667,48000.0,0.056338307,0.30530804,0.1845293939113617,38.5246,0.042182305518617,0.0,0.0,50.0
z9Dg2vjSJvo,22.453708333333335,48000.0,0.12262313,0.9737219,0.1259323954582214,35.613407,0.0278382912660256,0.0,0.0,20.0
ggxPfSRx3V8,17.450666666666667,48000.0,0.11577074,0.9607333,0.1205024793744087,43.266373,0.0408494840981979,0.0,0.0,61.0
ZI5oNApyXNs,28.374791666666667,48000.0,0.14548774,0.963341,0.1510241329669952,33.983414,0.0376985787180571,0.0,0.0,4.0
X4zf_OzxRcQ,35.7935625,48000.0,0.24474278,1.2303171,0.1989265829324722,39.00068,0.0572304617662395,0.0,0.0,41.0
4pS7_80eaXI,36.4785625,48000.0,0.16774127,1.12121,0.1496073603630066,186.25934,0.0402243809393274,0.0,0.0,3.0
SIGP5jbT76I,39.84545833333333,48000.0,0.09342849,0.6653514,0.1404197812080383,81.788414,0.0159770957407655,1.0,0.02509696316288661,73.0
hkn5bozQNQ8,27.933625,48000.0,0.20040366,1.1497486,0.1743021607398986,26.384535,0.0276953721601756,0.0,0.0,4.0
OTqe4C7xD2c,82.4540625,48000.0,0.052337263,0.61243165,0.0854581296443939,45.527843,0.0631360098548053,30.0,0.3638389557821969,67.0
A5cuMaqgGIw,31.997104166666663,48000.0,0.24484447,1.1251888,0.2176029980182647,43.78544,0.0345787760416666,0.0,0.0,57.0
L-pW1qqmsiE,22.2795625,48000.0,0.1565404,1.0335691,0.1514561474323272,84.93994,0.0314210971158449,0.0,0.0,31.0
nYw8rWJwIsQ,8.9396875,48000.0,0.11929266,0.886812,0.1345185488462448,76.0414,0.0413269843191299,0.0,0.0,31.0
ZBzZWZ3FS7g,120.74377083333331,48000.0,0.040567398,0.74235916,0.0546465925872325,23.696583,0.0481284421240061,1.0,0.008282000745034985,25.0
hV11G2CkT2s,59.43333333333333,48000.0,0.006478776,0.981823,0.0065987207926809,132.4277,0.0012785397411162,1.0,0.01682557487380819,37.0
8IUBdSyR7_A,9.6,48000.0,0.115519986,0.82951784,0.1392616033554077,56.237152,0.0395009234531076,0.0,0.0,61.0
t-zvbcT57y4,18.007083333333334,48000.0,0.116622545,0.90873945,0.1283344179391861,62.723125,0.0573546893502072,0.0,0.0,28.0
HpYRSL662qM,41.19220833333333,48000.0,0.05039428,0.90777403,0.0555141270160675,28.009663,0.0349609122135551,15.0,0.3641465366124055,52.0
sP6YqcQO8UM,22.209895833333334,48000.0,0.046005193,0.36968848,0.1244431361556053,44.04737,0.0262612330472875,0.0,0.0,9.0
pwgPvk9IEAs,20.665770833333333,48000.0,0.12689884,0.61955273,0.2048233151435852,52.7349,0.039259021865325,0.0,0.0,26.0
VDae0PrCoXk,18.378604166666666,48000.0,0.1405564,0.9327394,0.1506920307874679,46.955204,0.0481530896329077,0.0,0.0,36.0
ldI8tZSBE-U,6.466770833333333,48000.0,0.121657506,0.6849538,0.1776141822338104,102.72736,0.0563582745572487,0.0,0.0,31.0
3Q-2XD6_SsA,30.464583333333337,48000.0,0.104407504,0.6189267,0.1686912328004837,36.195206,0.0735940849776863,0.0,0.0,18.0
P10BOgq1vYY,61.370354166666665,48000.0,0.12128993,0.97324765,0.124623917043209,183.44695,0.0484624656488964,0.0,0.0,33.0
WJSKZQDnVKc,50.44535416666667,48000.0,0.02428896,0.52185726,0.0465433001518249,27.559586,0.0315868418010042,2.0,0.039646862095411,70.0
KU7QVFBjkk8,49.09860416666667,48000.0,0.19237237,1.1149786,0.1725345849990844,30.906044,0.0394437476238322,0.0,0.0,4.0
3Llfu0gsBiM,10.7740625,48000.0,0.24186109,0.91064453,0.2655932903289795,36.51799,0.0536877550074183,0.0,0.0,57.0
67p6MdLcJHA,8.243104166666667,48000.0,0.28948662,1.1306996,0.2560243308544159,47.900547,0.0628366803444372,0.0,0.0,15.0
xLtcSYRRvz4,13.548854166666668,48000.0,0.20771335,1.1923163,0.1742099374532699,29.29184,0.0585123057631786,0.0,0.0,41.0
CNOnnPUDOOg,11.029333333333334,48000.0,0.070820145,0.9284297,0.0762794911861419,31.552994,0.0435627075785024,1.0,0.09066731141199226,17.0
Utm3gfppK64,6.060416666666667,48000.0,0.14893259,0.91481197,0.1628013104200363,30.444792,0.0627994906085237,0.0,0.0,18.0
uOzdOtrUnUY,59.51275,48000.0,0.041246396,0.5214467,0.0790999233722686,42.231323,0.0227940713205645,1.0,0.01680312202007133,9.0
cw1Bs1ed2K4,5.108395833333334,48000.0,0.11135673,0.55434227,0.2008808106184005,97.33035,0.0087707137265135,0.0,0.0,31.0
cpX-bggZvAA,18.819791666666667,48000.0,0.07552866,0.5246678,0.1439552009105682,33.059772,0.0316785255842776,0.0,0.0,9.0
RtrO2BySMpA,7.0008333333333335,48000.0,0.059684686,0.5739782,0.1039842441678047,90.65225,0.0355873049847793,0.0,0.0,73.0
Tj0cCEInpgA,11.760979166666669,48000.0,0.039841678,0.9373897,0.0425027906894683,31.907265,0.0256009002436536,1.0,0.08502693405275566,48.0
F5Kx9Sw5f-s,46.99720833333333,48000.0,0.07344915,1.009056,0.0727899670600891,179.04706,0.0674611635766568,0.0,0.0,33.0
F0AC2m7s5dc,15.058145833333333,48000.0,0.2333976,1.0710424,0.2179162949323654,102.23766,0.034032718993449,0.0,0.0,27.0
W_bFD8ywTdM,21.281104166666665,48000.0,0.08590222,0.7409626,0.1159332692623138,37.881763,0.035517079080035,0.0,0.0,22.0
LVwwB3YNneo,15.168,48000.0,0.2678961,1.1175579,0.2397156208753585,48.26867,0.0576755204673225,0.0,0.0,15.0
B7G5IPOP-RY,17.408,48000.0,0.03320709,0.4015515,0.0826969593763351,37.783028,0.0369123282493876,0.0,0.0,9.0
GKKXLFSh_D0,4.806541666666667,48000.0,0.086509585,0.68749726,0.1258326321840286,49.661922,0.0313604316796008,0.0,0.0,61.0
xN10046hBLc,75.13979166666667,48000.0,0.020764029,0.42059863,0.0493678003549575,38.333706,0.0782621623270049,28.0,0.3726387760590677,34.0
MgdNw9Xfw5s,10.286458333333334,48000.0,0.022471685,0.12485048,0.1799887716770172,55.691284,0.050179626781088,0.0,0.0,50.0
6yyg74Q8Eeg,20.5380625,48000.0,0.19636554,1.1068716,0.1774058789014816,30.907724,0.0575494974201713,0.0,0.0,41.0
uLqz73zJzA0,60.906666666666666,48000.0,0.20481308,1.242189,0.1648807674646377,32.692413,0.059679237436526,0.0,0.0,41.0
9hFAy9SjRS0,14.890666666666666,48000.0,0.18247704,1.1141872,0.1637759208679199,45.4953,0.0599456983715103,0.0,0.0,41.0
6nZBUzL3OFo,18.090666666666667,48000.0,0.18080625,1.045209,0.1729857325553894,30.54832,0.0401688296442251,0.0,0.0,4.0
qrL_ZwQuhIc,10.922666666666666,48000.0,0.13301104,0.3089243,0.4305619597434997,52.99541,0.0527034108231707,0.0,0.0,62.0
AIJ3q4Kz61g,71.80772916666666,48000.0,0.05686498,0.74574375,0.076252706348896,27.895994,0.0421614032094845,2.0,0.027852154958945635,25.0
TwbNjNuLtpU,15.975333333333332,48000.0,0.11937318,0.5765387,0.20705147087574,85.529396,0.0309038353220961,0.0,0.0,31.0
BcUqALMQBl0,51.501875,48000.0,0.14013745,1.0787967,0.1299016177654266,50.82157,0.0355398778862083,0.0,0.0,61.0
-9cbCjzOXxM,24.6015625,48000.0,0.2889434,1.2050287,0.2397813647985458,55.487602,0.0510020030748808,0.0,0.0,15.0
8yLDHVAel3w,21.8964375,48000.0,0.062695816,0.9122051,0.0687299594283104,30.917585,0.0301597509741841,0.0,0.0,48.0
_ZsSKMpDlPA,44.28097916666667,48000.0,0.21319403,1.0996234,0.1938791275024414,97.26719,0.0262180688523603,0.0,0.0,27.0
wdL_3v2GWns,13.6765625,48000.0,0.16670154,1.1711484,0.1423402279615402,34.82772,0.0450223475253312,0.0,0.0,36.0
GnWOJ6T3jP4,19.202916666666667,48000.0,0.10127521,0.64734447,0.156447172164917,51.53261,0.0371771541851749,0.0,0.0,55.0
ECaXXAGUQiU,8.512,48000.0,0.11350932,0.849847,0.1335644125938415,45.208508,0.042371079083229,0.0,0.0,61.0
q7tY_J0Miiw,60.19775,48000.0,0.00023633725,0.0051300265,0.0460694022476673,38.041935,0.0171488458429305,0.0,0.0,70.0
yAYN7uLmNms,24.926625,48000.0,0.030303936,0.83043647,0.0364915765821933,28.150215,0.0244928310200042,7.0,0.28082421908300864,2.0
j82LGOhOjwc,6.060416666666667,48000.0,0.06342667,0.9981618,0.0635434761643409,38.79918,0.0954182227592267,2.0,0.33001031282227566,40.0
AqFRTTF7224,12.757333333333332,48000.0,0.27879032,1.0592144,0.26320481300354,40.983505,0.0348197153038847,0.0,0.0,57.0
rckgaTnZ_uI,20.747041666666668,48000.0,0.30660152,1.2077146,0.2538692057132721,48.205605,0.0197314804406474,0.0,0.0,57.0
7pea_sK3ffs,41.51466666666666,48000.0,0.2756792,1.203568,0.2290516197681427,43.94738,0.0504489980012201,0.0,0.0,15.0
KADCk3LesBg,62.47329166666667,48000.0,0.2171812,1.406927,0.1543656587600708,30.27674,0.0544850012538415,0.0,0.0,41.0
G-L9YcBzSmg,22.506666666666668,48000.0,0.462528,1.4960756,0.309160828590393,43.40744,0.0577370026054002,0.0,0.0,10.0
mZjqsSM-SEo,31.602375,48000.0,0.16989821,1.1008383,0.1543353050947189,186.63084,0.0583661710576274,0.0,0.0,3.0
rS5NGt063ec,13.978416666666666,48000.0,0.08411076,0.7458211,0.1127760484814643,33.468647,0.0274398419622425,0.0,0.0,9.0
BEb9a6DG2QU,28.437333333333335,48000.0,0.21324344,1.0744711,0.1984636336565017,61.880413,0.0586241417088488,0.0,0.0,27.0
MCqALEtg8JI,17.493333333333332,48000.0,0.022688827,0.47600707,0.0476648919284343,40.30115,0.044157168837599,0.0,0.0,42.0
MMLUK9Pex7U,8.1734375,48000.0,0.13971327,0.7833954,0.1783432364463806,59.91027,0.0321520789194915,0.0,0.0,26.0
pyFx1d1ZSUc,24.241645833333333,48000.0,0.12784284,1.0155151,0.1258896589279174,112.27377,0.0345807526534315,0.0,0.0,31.0
utjwVu0Zjnc,10.727625,48000.0,0.27225047,1.348227,0.2019322216510772,34.878838,0.0412854901838966,0.0,0.0,15.0
3EZSLZD602Q,19.876291666666667,48000.0,0.17544258,1.1441262,0.1533419787883758,27.840586,0.0384421942060085,0.0,0.0,4.0
rnP_mx1Ks0M,23.08064583333333,48000.0,0.27977112,1.088304,0.2570707201957702,61.832485,0.0436594287921672,0.0,0.0,57.0
GdtNVUSuHTE,67.18695833333334,48000.0,0.026225878,0.4946661,0.0530173331499099,20.995693,0.0344120067421416,0.0,0.0,70.0
yNYTXYIYH0E,20.956020833333337,48000.0,0.2894167,1.3158416,0.2199479937553405,34.761112,0.0591960877862595,0.0,0.0,15.0
j7nR1DPbnuY,26.552020833333337,48000.0,0.1937585,1.0886915,0.1779737472534179,37.896404,0.0294378686621485,0.0,0.0,4.0
SXu0pC-PaQ0,106.86985416666668,48000.0,0.031979896,0.564661,0.0566355660557746,25.779493,0.0378113402102045,0.0,0.0,70.0
asKjTnQTDnM,14.048083333333333,48000.0,0.2028472,1.0811265,0.1876257807016372,53.322678,0.1031462650559559,0.0,0.0,32.0
h75cHisIfaM,64.13352083333334,48000.0,0.030146081,0.63216543,0.0476870127022266,42.90448,0.0263895186730833,19.0,0.2962569301220208,19.0
YXY8t-unEM8,5.607625,48000.0,0.05113019,0.5744178,0.0890121906995773,38.52102,0.0251130658864068,0.0,0.0,9.0
m5Iycpcup1Y,7.5465,48000.0,0.12058649,1.0760211,0.1120670363306999,26.68063,0.0423652950653248,0.0,0.0,20.0
evCDW0v6N3I,46.416979166666664,48000.0,0.093137376,0.5149715,0.1808592826128006,42.0343,0.0610992207246668,0.0,0.0,18.0
Upuw-b79MEE,20.096875,48000.0,0.33691117,1.3125741,0.2566797137260437,43.87129,0.0463450140915119,0.0,0.0,15.0
hGEIlL0d7QM,10.472208333333333,48000.0,0.26600632,1.0279458,0.2587746679782867,45.17723,0.0258605086876272,0.0,0.0,57.0
2B7Mi1C3L28,6.060416666666667,48000.0,0.16683006,0.97939634,0.1703396886587143,49.12747,0.0307385489894551,0.0,0.0,4.0
iAyNgeyF2-Q,11.401,48000.0,0.104781345,0.59259564,0.1768176108598709,31.137493,0.070101474801216,0.0,0.0,18.0
wdRwbLM4VDY,31.788125,48000.0,0.09396195,1.0191696,0.0921946167945861,29.828865,0.0150327071452532,0.0,0.0,20.0
kTQElGqLCe0,22.40727083333333,48000.0,0.32044885,1.2624792,0.2538250386714935,58.895966,0.0434851521596858,0.0,0.0,15.0
fAQkc5nQpuQ,132.00545833333334,48000.0,0.23983872,1.3319132,0.1800708323717117,42.62699,0.0536006244444893,5.0,0.03787722161741418,41.0
VkckCgpEe-c,112.96508333333334,48000.0,0.027867468,0.42962316,0.0648649111390113,25.685835,0.0495190768547587,0.0,0.0,42.0
uKSAIGlrzOo,29.942145833333335,48000.0,0.1781321,1.2408354,0.1435582041740417,29.639095,0.0391214484842414,0.0,0.0,4.0
eaZnPwYZWwY,13.248,48000.0,0.11698662,1.0475339,0.1116781234741211,48.07197,0.0471539056214802,0.0,0.0,61.0
28jNrzfLotk,18.367,48000.0,0.035269234,0.63752294,0.0553222969174385,29.651619,0.0337872477497096,1.0,0.054445472858931775,25.0
eF_F-Wpung4,20.201375,48000.0,0.10827277,0.51274014,0.2111649960279464,51.651234,0.0386564583058342,0.0,0.0,26.0
lVCg2cpUD1k,9.822041666666667,48000.0,0.10803388,0.64980674,0.1662553995847702,28.511963,0.0438127714440825,0.0,0.0,55.0
iac0ZrhXWto,18.111583333333332,48000.0,0.12303894,1.0088587,0.1219585463404655,183.52576,0.0412485506846289,0.0,0.0,33.0
EXG5zEv59M4,5.027125,48000.0,0.24202824,1.0109682,0.2394024133682251,43.543476,0.0561544127383474,0.0,0.0,57.0
BY_WB-Xuwek,60.01197916666667,48000.0,0.105922215,0.57284296,0.1849061995744705,67.78451,0.0681748052081482,0.0,0.0,23.0
JOsAOq3tORA,77.46177083333333,48000.0,0.024484498,0.5450423,0.0449221991002559,19.177334,0.0225487380386892,0.0,0.0,70.0
yI_MbPpnAQk,105.24445833333333,48000.0,0.17576824,1.1132839,0.1578826755285263,65.59739,0.041913405322033,0.0,0.0,27.0
DIcue-AQjcY,7.140145833333333,48000.0,0.20616707,0.9708128,0.2123654186725616,50.582832,0.0422450734608208,0.0,0.0,57.0
8SuVwgNmYuM,75.0236875,48000.0,0.10452453,1.0063746,0.1038624495267868,37.455826,0.0551147634480736,1.0,0.013329123551811553,1.0
D3N9mgqEXMI,18.483104166666667,48000.0,0.17836346,1.2164376,0.1466277092695236,49.450012,0.048992669864397,0.0,0.0,36.0
tfWanVntUZQ,37.909333333333336,48000.0,0.12252398,0.5422481,0.2259555757045745,37.684753,0.0697364517405063,0.0,0.0,18.0
flWeOskXNDE,43.74639583333333,48000.0,0.23434427,1.2199903,0.1920870095491409,37.95844,0.0406494735799609,0.0,0.0,41.0
vbYSfCG9RXA,28.189041666666668,48000.0,0.12843749,1.0361266,0.1239592581987381,45.061066,0.0319596058574536,0.0,0.0,20.0
PFU_d2x41Qs,29.303583333333332,48000.0,0.033163097,0.18535756,0.178914189338684,29.278908,0.0521499655999818,0.0,0.0,50.0
IYFFAv0xiu8,19.005541666666662,48000.0,0.119741425,1.0166692,0.1177781596779823,30.157177,0.0305255243406285,0.0,0.0,20.0
jKYmnLLkkdc,5.013333333333334,48000.0,0.14477067,0.7682471,0.1884428411722183,36.764553,0.0235069582669851,0.0,0.0,26.0
A4_lzDqw4Gk,14.0596875,48000.0,0.1471439,1.0535156,0.1396694183349609,34.090313,0.0523652950862395,0.0,0.0,36.0
byLCqmeJ41U,6.3390625,48000.0,0.08876869,0.50655115,0.1752413213253021,45.241302,0.0149151457457983,1.0,0.15775203352230713,26.0
V4d4OBZxGPw,8.777145833333334,48000.0,0.13379672,1.1435792,0.1169982105493545,24.669384,0.0629265786376063,0.0,0.0,76.0
XBA2PoZuWmc,33.343875,48000.0,0.11759128,0.61425865,0.1914360970258712,48.181805,0.0429598465990882,0.0,0.0,55.0
PksWYMTfSkQ,60.186125,48000.0,0.28608516,1.2589893,0.2272339761257171,37.797718,0.0435838822711766,0.0,0.0,15.0
MpjgvEauicY,113.70666666666666,48000.0,0.112488985,1.0305215,0.1091573387384414,38.431927,0.0371638320308835,41.0,0.3605769230769231,35.0
AObM2KXPr0Y,7.786666666666667,48000.0,0.12860613,0.48809916,0.2634836137294769,38.27141,0.0187831309849521,0.0,0.0,26.0
sNxJgh3kRas,9.740791666666668,48000.0,0.066644706,0.63351214,0.105198785662651,48.961597,0.0385688765043763,0.0,0.0,9.0
esx7smo_1VI,14.431208333333334,48000.0,0.1257,0.73684216,0.1705928444862365,34.782066,0.031846186714708,0.0,0.0,55.0
E9800se18QU,26.459145833333334,48000.0,0.024087258,0.38932377,0.0618694759905338,22.678396,0.0307928144523377,0.0,0.0,70.0
PigiX1-MR3A,9.601458333333332,48000.0,0.17746145,0.6479063,0.2738998532295227,40.105873,0.0617884425291343,0.0,0.0,62.0
AlJQdPV18nU,12.480979166666666,48000.0,0.06207555,0.5273883,0.1177036985754966,51.878315,0.0233599420900939,0.0,0.0,9.0
iHjGvAXx5Ks,25.7509375,48000.0,0.18998782,1.0898378,0.1743267029523849,34.53449,0.0581347858436853,0.0,0.0,41.0
uTQ4F4j_2Ac,12.503958333333332,48000.0,0.053613566,0.39415723,0.1360207647085189,48.545498,0.0328896759111253,0.0,0.0,50.0
0v6di-fIXps,49.435291666666664,48000.0,0.0071167233,0.22156861,0.0321197248995304,19.986141,0.0178701456310679,4.0,0.08091385455903213,70.0
vm4fbPWoUb0,15.685083333333331,48000.0,0.16899386,1.0808475,0.1563531011343002,186.14145,0.0264770590797076,0.0,0.0,3.0
O3NLxaJSuzM,23.022604166666667,48000.0,0.26213503,1.0737753,0.2441246658563614,62.024834,0.0422500108557202,0.0,0.0,57.0
4Aegg62pnUM,34.562916666666666,48000.0,0.08342823,1.0132186,0.082339808344841,55.744156,0.0447095984553378,0.0,0.0,61.0
7aEm9egeLV8,60.70858333333333,48000.0,0.22684567,1.0658131,0.2128381431102752,58.736107,0.0513871408061753,0.0,0.0,27.0
_pETaqv_pCg,17.589125,48000.0,0.07949477,0.97092503,0.0818752869963646,33.835617,0.0286960729040327,0.0,0.0,48.0
2FvraZup3XM,20.5380625,48000.0,0.20108986,1.2774355,0.1574168354272842,84.687485,0.0817475601148753,0.0,0.0,27.0
nZqtwhdhuVo,57.0,48000.0,0.054487173,0.9173546,0.0593959763646125,176.5416,0.0517217213522174,0.0,0.0,33.0
M-vbMaurXJI,25.867041666666665,48000.0,0.063784964,0.87030536,0.0732903257012367,34.280785,0.0260427401071723,3.0,0.11597770006555962,48.0
_SxgIs6cleA,33.111666666666665,48000.0,0.18773103,1.2171626,0.1542365998029709,187.22176,0.0372439865136876,0.0,0.0,3.0
Qs57r4bFEsc,10.432,48000.0,0.07169092,0.6508497,0.1101497262716293,30.86709,0.0196314997765577,0.0,0.0,9.0
TfobYyj8450,86.16927083333333,48000.0,0.19444811,1.2707458,0.1530188918113708,27.022753,0.0512323012400977,2.0,0.023210130254767446,41.0
tXDYbLktjc8,11.192020833333334,48000.0,0.11371281,0.85349286,0.133232295513153,42.011562,0.0419256882440476,0.0,0.0,61.0
MpvBLSAOK84,26.076020833333335,48000.0,0.12723646,1.0850039,0.1172682046890258,40.723415,0.0374079355189161,0.0,0.0,20.0
0qQSgvFWUKY,17.751666666666665,48000.0,0.22288302,1.0420628,0.2138863652944564,35.040405,0.0507841826201201,0.0,0.0,41.0
TXUW4v53Bik,15.594666666666669,48000.0,0.119450435,1.069787,0.1116581484675407,56.20705,0.0537873670326384,0.0,0.0,28.0
eW98Luz6aOU,7.801916666666667,48000.0,0.11034222,0.68565226,0.1609302908182144,52.21296,0.0360534334443306,0.0,0.0,55.0
jKsm9FCOWHc,25.6580625,48000.0,0.06612469,0.40194196,0.1645130366086959,38.406246,0.0481780980491479,0.0,0.0,50.0
p657zY4VmT4,19.946666666666665,48000.0,0.19870941,1.134329,0.1751779466867447,187.30191,0.0257557268005077,0.0,0.0,3.0
VTJ7Jh3irbU,16.346854166666667,48000.0,0.09815655,0.8434676,0.116372637450695,32.42783,0.0264761191291585,0.0,0.0,20.0
PnobetspWm8,47.2990625,48000.0,0.22699077,1.1264572,0.201508566737175,57.302162,0.0331039273886696,0.0,0.0,57.0
PK6yL5CrcQg,107.2,48000.0,0.037064772,0.46489906,0.0797264948487281,22.893272,0.0398661164001094,0.0,0.0,70.0
yuZbpSUaINU,19.5628125,48000.0,0.08425788,0.9518557,0.0885195881128311,36.758236,0.0338550536444141,0.0,0.0,53.0
Po8eJu_SAPI,20.619333333333337,48000.0,0.28568396,1.4510643,0.1968789100646972,47.815598,0.0658043562564632,0.0,0.0,15.0
uqqJRvdeSpk,85.9370625,48000.0,0.05180352,0.64315766,0.0805456042289733,44.502506,0.0582472200027926,34.0,0.39563837779537786,67.0
bJUXhjW2xlw,33.111666666666665,48000.0,0.0676053,0.88232505,0.076621763408184,48.796127,0.0381522997181964,0.0,0.0,61.0
cJWA1PvRECA,13.305041666666666,48000.0,0.0288871,0.4819272,0.0599408000707626,43.361343,0.0407397930438701,0.0,0.0,70.0
sIJ4OdjYJzM,43.67675,48000.0,0.10277298,1.0549558,0.09741922467947,53.772743,0.033814698756105,0.0,0.0,61.0
vTuHqV3hCng,5.805,48000.0,0.25914448,1.1423317,0.2268557250499725,106.84348,0.0434274655963302,0.0,0.0,27.0
WAcoDMQNWjE,35.86322916666666,48000.0,0.010010745,0.09885396,0.1012680232524871,32.698315,0.0297112534381504,0.0,0.0,70.0
r_4XVzq7Hxs,7.7786875,48000.0,0.10663753,0.5871651,0.1816142052412033,43.2189,0.0236187660530821,0.0,0.0,26.0
zHTxIvF3Mv8,11.041104166666669,48000.0,0.11820259,0.5948414,0.1987127810716629,40.272957,0.0857018430260617,0.0,0.0,23.0
s0bEl7boWqk,9.195104166666669,48000.0,0.18676719,0.97838223,0.1908938884735107,42.20275,0.0650992631083429,0.0,0.0,41.0
8EjN9LL_Tjs,11.435833333333331,48000.0,0.026355624,0.15157902,0.1738738268613815,47.56913,0.0205633300326188,0.0,0.0,50.0
zzmKXTvRvjI,15.081375,48000.0,0.101096,0.7543338,0.1340202391147613,44.0488,0.0572532211368458,0.0,0.0,18.0
B62wVCQnTRo,28.31675,48000.0,0.24465956,1.2146926,0.2014168500900268,45.607155,0.0777290416078154,0.0,0.0,32.0
3gSmuVMqAZ0,18.3089375,48000.0,0.17340909,1.6208763,0.1069847792387008,44.513187,0.0376289381006115,1.0,0.054618133903182535,43.0
Cqg4SJnwL1A,16.265583333333332,48000.0,0.04660901,0.7937419,0.0587206147611141,42.827843,0.0374455686475409,0.0,0.0,48.0
akD02ntVdB0,19.712,48000.0,0.0378825,0.50744,0.074654147028923,37.842182,0.0296488917151162,1.0,0.05073051948051948,9.0
KcGUqFAvbgc,4.2028125,48000.0,0.01826539,0.11430127,0.1598004102706909,33.882645,0.0536478935917721,0.0,0.0,50.0
85YYrM2HzXE,85.68164583333333,48000.0,0.15405162,1.1143991,0.1382373869419098,84.25244,0.0297268032063052,0.0,0.0,31.0
r8V6TFrP3K0,17.46141666666667,48000.0,0.05202468,0.55542696,0.0936661064624786,20.846422,0.0149283496451465,0.0,0.0,9.0
cIaXLXarFbo,53.928979166666664,48000.0,0.20484933,1.1812665,0.1734149903059005,65.18876,0.0397937629796281,0.0,0.0,27.0
hxPAys4NPdU,14.384770833333333,48000.0,0.14759648,1.0465896,0.1410261243581771,41.17832,0.0722207422164566,0.0,0.0,58.0
75aC5zwLFj0,10.4838125,48000.0,0.016252905,0.81739354,0.019883818924427,40.414635,0.0413638296350457,1.0,0.09538514734024478,25.0
etMtzlSeamU,38.10395833333333,48000.0,0.029457575,0.99174666,0.0297027211636304,32.384926,0.0904155296669465,7.0,0.18370794810250468,8.0
4Jfy5uDQyQg,25.507125,48000.0,0.08130414,0.8294474,0.0980220586061477,31.292408,0.0372093991691053,8.0,0.31363785608923,35.0
DieZSryTAVQ,46.056979166666665,48000.0,0.03432684,0.3237725,0.1060214862227439,54.728104,0.0156090556608962,0.0,0.0,73.0
uI6VTIGMNaU,19.005541666666662,48000.0,0.21067302,1.1852922,0.1777393072843551,52.895103,0.0555002060535914,0.0,0.0,41.0
bvxIv0B8BVw,32.48472916666667,48000.0,0.18913594,1.0664648,0.1773485094308853,34.828545,0.0418443886449441,0.0,0.0,4.0
iqbS3F-vEUQ,6.037333333333334,48000.0,0.021813547,0.14240123,0.1531836986541748,45.270454,0.0098508804563492,0.0,0.0,50.0
iaB7dy4ve8E,135.27945833333334,48000.0,0.03617672,0.58832455,0.0614910908043384,46.091293,0.032028832270559,0.0,0.0,9.0
tUNz0HHdrgs,21.095333333333333,48000.0,0.21626043,1.1120791,0.1944649666547775,31.921333,0.0422239853229272,0.0,0.0,41.0
BZEvMtjJFZc,18.773333333333333,48000.0,0.136531,0.69688225,0.1959168761968612,32.35839,0.0350048578577512,0.0,0.0,55.0
yYlZ0flhiqA,7.929625,48000.0,0.12297615,1.0199509,0.1205706596374511,31.640188,0.0097564369119623,2.0,0.2522187366994026,35.0
EC8szzEDAfU,21.176604166666667,48000.0,0.088407114,0.3496245,0.2528630197048187,33.340805,0.0266243587927995,1.0,0.047221924352444766,26.0
LBh3pQabCQo,14.210625,48000.0,0.07158871,0.7463521,0.0959181487560272,35.83973,0.015639285798012,0.0,0.0,48.0
G71R21xYTiQ,30.360979166666667,48000.0,0.15569472,0.9853425,0.1580107659101486,37.87449,0.0276769886613101,0.0,0.0,4.0
bYMUUsnO74g,12.596833333333333,48000.0,0.032731414,0.55333394,0.0591530911624431,23.787941,0.0359889328429297,0.0,0.0,70.0
aYc_63HY-RU,59.97714583333333,48000.0,0.01317468,0.7586594,0.0173657368868589,23.786827,0.0208642760481504,1.0,0.01667301746533315,25.0
bXXNscpF0vg,20.073666666666668,48000.0,0.11716264,0.5832116,0.2008921653032302,43.20152,0.0452282831595377,0.0,0.0,55.0
sYdyVyqkOSM,11.5055,48000.0,0.10224982,0.41663814,0.2454163879156112,33.14583,0.0729706687326228,0.0,0.0,23.0
l6cfVG4gkP4,7.244645833333333,48000.0,0.04681789,0.7024855,0.0666460618376731,28.534912,0.0274708467371323,2.0,0.27606594525267225,19.0
UyAA2h59QJY,23.231583333333333,48000.0,0.15581752,1.1160322,0.1396173983812332,53.560364,0.058484794679752,0.0,0.0,28.0
V29RzLw-yDU,5.108395833333334,48000.0,0.12918207,1.125616,0.1147656738758087,26.358974,0.062432721163883,0.0,0.0,76.0
6UWl0uKScRo,14.0713125,48000.0,0.17213377,0.9593499,0.1794275194406509,42.72083,0.0533554539535984,0.0,0.0,41.0
kzKVvPajROY,46.02195833333333,48000.0,0.0452758,0.7400164,0.0611821562051773,40.53156,0.0727535667728852,16.0,0.3476601296301494,11.0
x9G9HDw8O8E,19.110041666666667,48000.0,0.3262899,1.3438272,0.2428064197301864,40.100838,0.0454485757010323,0.0,0.0,15.0
odnXJw91Kxs,55.86722916666667,48000.0,0.18077463,1.1725137,0.1541769802570343,41.729298,0.0451735663659793,0.0,0.0,4.0
F5txp_WMv6Y,14.651791666666666,48000.0,0.10937305,1.0509787,0.1040678098797798,31.027245,0.0305580905431222,0.0,0.0,20.0
ykN6jYa6o1g,62.36666666666667,48000.0,0.03570086,0.69219047,0.0515766441822052,100.6585,0.0197598995745681,1.0,0.016034206306787813,73.0
Rd7Jyrvz5zs,47.95733333333333,48000.0,0.12250088,0.9032283,0.1356256008148193,86.999855,0.0635182569629753,0.0,0.0,31.0
naHLTm_l8TY,18.2625,48000.0,0.18046515,1.0697017,0.1687060594558715,30.822987,0.0407633606063922,0.0,0.0,4.0
NDzrbXJCmYk,20.596104166666667,48000.0,0.06469644,0.38453194,0.1682472378015518,33.997456,0.0281589849818746,0.0,0.0,50.0
LhIcqf0h_4M,71.38133333333333,48000.0,0.015055954,0.5130276,0.0293472595512866,16.154305,0.0351831700330569,2.0,0.028018529587567245,70.0
dlNRFsLmSUg,20.189770833333338,48000.0,0.29957438,1.4004121,0.2139187306165695,41.845306,0.0455724007857897,0.0,0.0,15.0
ONrqVKumPbY,5.050354166666667,48000.0,0.04960191,0.21995893,0.2255053222179412,33.08867,0.0183713244989451,0.0,0.0,26.0
81SgOIy33qs,20.212979166666667,48000.0,0.20242125,0.97209525,0.2082319110631942,27.672897,0.0573989425296833,0.0,0.0,41.0
4uaGQKpgvOc,12.817416666666666,48000.0,0.37769923,1.1194078,0.3374098539352417,41.522255,0.0222789491472545,0.0,0.0,10.0
mEcpzWWxthA,34.946041666666666,48000.0,0.19118665,1.1191756,0.1708281189203262,30.848274,0.0388148578158376,1.0,0.028615544202073434,4.0
Dbru19NyzQs,21.269479166666667,48000.0,0.18381462,1.0987105,0.1673003137111663,35.214428,0.0291789042919799,0.0,0.0,4.0
IzTTuB5KcaE,81.68,48000.0,0.002101788,0.42242682,0.004975507967174,80.08223,0.0023350530082919,1.0,0.012242899118511263,73.0
Mn1ZolVCcgk,14.7446875,48000.0,0.08107883,0.8711963,0.0930660814046859,32.693066,0.0297276075560376,0.0,0.0,48.0
siNqDK9jS5o,171.81866666666667,48000.0,0.041064683,0.61578804,0.0666863918304443,22.9407,0.0487134581697343,0.0,0.0,42.0
YcmUaujLKsA,36.58304166666667,48000.0,0.1728284,1.0282443,0.1680810749530792,80.10622,0.031762339422376,0.0,0.0,27.0
-KUWeiHJKSM,10.2980625,48000.0,0.36733407,1.1407598,0.3220082521438598,48.6444,0.0454222874611801,0.0,0.0,10.0
e8c5eHhbOSU,34.37714583333333,48000.0,0.30149117,1.3597804,0.2217204868793487,37.374474,0.051255441843779,0.0,0.0,15.0
ocAZWCW_dac,36.049,48000.0,0.027969943,0.7340152,0.0381053984165191,21.924208,0.0785820774778106,7.0,0.19418014369330633,30.0
HKD1EAxwzX4,74.71020833333333,48000.0,0.015201319,0.2964074,0.0512852221727371,24.36037,0.0319621726668451,0.0,0.0,70.0
ptvp5UjilSE,30.3485,48000.0,0.11177299,0.51845014,0.215590626001358,31.74758,0.0518161454673225,0.0,0.0,55.0
X-t4n_xnwG0,60.00097916666667,48000.0,0.2322531,1.1455277,0.2027476876974105,32.76451,0.0531872458785104,0.0,0.0,41.0
6KSi0RYBLDk,10.901770833333334,48000.0,0.058355313,0.39533076,0.1476113647222519,28.161499,0.0198319510630498,0.0,0.0,9.0
5LZthZB_z7A,55.2635,48000.0,0.21788935,1.1974938,0.1819544732570648,38.447678,0.037074221765827,0.0,0.0,4.0
SrDqYKaabSQ,64.16835416666666,48000.0,0.16463728,1.0705183,0.1537921279668808,64.285484,0.0547229685681931,0.0,0.0,27.0
SsHHy4oRywo,16.602270833333332,48000.0,0.10594701,0.40714857,0.2602170705795288,69.005745,0.0533709908879255,0.0,0.0,62.0
Me38IkZh7YM,12.353020833333334,48000.0,0.15821679,1.0081706,0.1569345444440841,64.19592,0.0226408305921052,0.0,0.0,4.0
30J4s_A5utg,65.6544375,48000.0,0.015364043,0.33149838,0.0463472642004489,20.002825,0.041541344318551,0.0,0.0,70.0
BSgm2Km_oao,25.386666666666667,48000.0,0.15654689,1.1399093,0.1373327672481537,32.270172,0.0572099104892902,0.0,0.0,36.0
HrzvDdfYwo4,25.878645833333337,48000.0,0.25229594,1.1674685,0.2161051332950592,34.573036,0.0478296330989905,0.0,0.0,41.0
w5tGPwkcGXE,63.738791666666664,48000.0,0.23562354,1.1835732,0.1990781277418136,38.580967,0.0511035025518741,0.0,0.0,41.0
C3qIAO9pyuk,40.9251875,48000.0,0.21338776,1.1230378,0.1900094151496887,31.560162,0.0424477639594735,0.0,0.0,41.0
6D8WSct_F7g,68.47566666666667,48000.0,0.01731521,0.42055273,0.0411725081503391,18.957153,0.032584863585475,4.0,0.058414911379711526,70.0
FbvRywk7hEM,18.15802083333333,48000.0,0.083126254,0.93254536,0.0891390964388847,42.17225,0.0415976631312389,0.0,0.0,61.0
Vje_Xo-_BB4,6.838291666666667,48000.0,0.07828593,0.3760183,0.208197146654129,70.36107,0.0325186185747663,0.0,0.0,26.0
9W0cGdYz_uY,14.2570625,48000.0,0.17674105,1.0860225,0.1627416163682937,46.00785,0.0553233247241959,0.0,0.0,41.0
9VuWDzId6VQ,5.143229166666667,48000.0,0.09493769,0.7739766,0.122662216424942,58.2362,0.0755774456521739,0.0,0.0,28.0
fvE5TidZYvo,3.9129791666666662,48000.0,0.18771484,0.8906287,0.2107666730880737,29.534857,0.029118592472752,0.0,0.0,4.0
-6RiImLPC-A,35.05054166666667,48000.0,0.092829436,0.9733188,0.0953741297125816,181.30608,0.04195414732958,0.0,0.0,33.0
5lnsocbVItE,56.87466666666667,48000.0,0.033163026,0.41130215,0.0806293562054634,30.112251,0.0390180025900056,18.0,0.31648537134283566,19.0
5wEbAimX6TQ,30.56908333333333,48000.0,0.046405256,1.0601988,0.0437703356146812,25.017513,0.0243377366102582,2.0,0.06542557976604904,48.0
csE4g-fDgxM,63.61108333333333,48000.0,0.17890339,1.3161887,0.1359253376722335,28.816856,0.0552112315822015,0.0,0.0,36.0
GEVdNn8_dSg,33.4831875,48000.0,0.1563496,1.0583556,0.1477288007736206,39.900177,0.0333045133359872,0.0,0.0,4.0
KfEpfMUjw0I,17.902604166666666,48000.0,0.12576056,0.7670768,0.1639478057622909,36.075256,0.046882852051072,0.0,0.0,55.0
lM9IQbwqFZY,7.604541666666667,48000.0,0.13838334,0.7180482,0.1927215158939361,92.62721,0.0583410490445301,0.0,0.0,31.0
fCjDnebs46g,29.2339375,48000.0,0.21677157,1.1906395,0.1820631474256515,188.61398,0.0540962539333272,0.0,0.0,3.0
8kw0bvcCWq0,27.6781875,48000.0,0.16768657,1.0049256,0.166864663362503,28.341019,0.0636451559489402,0.0,0.0,58.0
gXHbU4x13tI,42.167458333333336,48000.0,0.18207557,1.1581957,0.1572062224149704,38.04447,0.0468745060381891,0.0,0.0,4.0
oTyFPDFBqss,10.216791666666667,48000.0,0.29567862,1.0537627,0.2805931866168976,58.375298,0.0344156731145615,0.0,0.0,57.0
uuQfkM0LrRM,15.0233125,48000.0,0.110070705,0.46970183,0.2343416661024093,182.07855,0.0908650167450319,0.0,0.0,69.0
50b_Dkc6fTA,8.362666666666666,48000.0,0.113538384,0.84003794,0.1351586431264877,46.462616,0.0450363256369426,0.0,0.0,61.0
RlvXFpXw3zY,5.2709375,48000.0,0.11576865,0.901308,0.1284451633691787,33.582306,0.0142390703914141,0.0,0.0,20.0
1BgqS0_azJc,22.151854166666663,48000.0,0.18128714,1.0302031,0.1759722381830215,34.254692,0.0329278349933798,0.0,0.0,4.0
ei0M0upzm8M,8.777145833333334,48000.0,0.016497709,0.16472071,0.1001556441187858,30.379139,0.0267118915173147,0.0,0.0,70.0
zllAzXIyrbE,17.386666666666667,48000.0,0.15966627,1.0987356,0.1453181952238083,35.316036,0.0550003472754445,0.0,0.0,36.0
Zw4pKKmOC-M,7.1053125,48000.0,0.11879364,0.6419735,0.185044452548027,57.21905,0.0223745549100449,0.0,0.0,26.0
20yOA_ikNQU,19.934333333333335,48000.0,0.39502355,1.2691064,0.3112611770629883,40.544556,0.0418184544709737,0.0,0.0,10.0
Dm9Ol5llC-8,19.899520833333337,48000.0,0.22742057,1.0441678,0.2178007960319519,46.178764,0.0274570542771972,0.0,0.0,57.0
V3pqAUaKI0E,5.445083333333334,48000.0,0.042536907,1.0009334,0.0424972400069236,18.694801,0.0317421034124266,0.0,0.0,48.0
aewLZ3rlehs,33.93597916666667,48000.0,0.22872962,1.1383069,0.2009384483098983,49.08844,0.0583796857813482,0.0,0.0,41.0
qUwIQv8D9Co,60.010666666666665,48000.0,0.013513028,0.26012182,0.0519488416612148,20.48321,0.0356081726497245,0.0,0.0,70.0
7LmroLCXNEw,9.589854166666669,48000.0,0.26823208,1.080396,0.2482719868421554,52.809135,0.0263617621527777,0.0,0.0,57.0
R3YFPvAG_tI,29.37325,48000.0,0.089169115,1.1223543,0.0794482752680778,22.95443,0.0526269318491285,0.0,0.0,1.0
1GY-OR__8uE,19.1796875,48000.0,0.1692574,1.0125121,0.1671658158302307,33.562218,0.057846264417732,0.0,0.0,36.0
iA9DrJ5s3jE,12.968354166666666,48000.0,0.09004089,1.0230025,0.0880162939429283,29.37996,0.03320995130037,0.0,0.0,53.0
Bzs7mysiIN4,26.888708333333337,48000.0,0.1487304,1.0439191,0.1424731016159057,31.178501,0.0454622576606505,0.0,0.0,36.0
zjwROQylTsQ,5.282541666666667,48000.0,0.12188405,0.72039974,0.1691894680261612,56.025032,0.0450075211063508,0.0,0.0,55.0
UAVc3--ABEo,13.339875,48000.0,0.041785818,0.41292375,0.1011949926614761,36.436813,0.0251743917366107,0.0,0.0,9.0
ekEw7dcko6M,28.8391875,48000.0,0.23013978,1.1201246,0.2054590880870819,189.02238,0.0368238821537537,0.0,0.0,3.0
gP3NtzfQMSE,13.6765625,48000.0,0.15030159,1.1393948,0.1319135278463363,45.687313,0.0777113119885035,0.0,0.0,58.0
MiKcubQXgGw,162.67902083333334,48000.0,0.022213416,0.41204032,0.0539107806980609,23.442307,0.0524160893858182,0.0,0.0,42.0
OtjbewzR5_U,95.85066666666668,48000.0,0.031063706,0.5195271,0.0597922727465629,19.394915,0.0262037026573105,0.0,0.0,70.0
e-0WTB4On4o,5.99075,48000.0,0.07455259,0.579188,0.12871915102005,65.963196,0.0213948857317615,0.0,0.0,73.0
-Xwf-LU9Q1M,60.053333333333335,48000.0,0.05224489,0.7868643,0.0663963183760643,35.60696,0.0910265161605398,25.0,0.4162966252220249,40.0
B4r13WNG6sU,23.800458333333335,48000.0,0.17132775,1.1501048,0.1489670872688293,186.61447,0.0442852717573924,0.0,0.0,3.0
3ckpwGkOoOE,12.933520833333333,48000.0,0.0842812,0.5164862,0.1631818860769271,31.894386,0.0424530960171063,0.0,0.0,55.0
18-zmis0m-Y,38.568979166666665,48000.0,0.1516599,1.1327738,0.1338836699724197,31.280691,0.0313673441388965,10.0,0.2592757240679713,35.0
QYwOl719978,12.678104166666667,48000.0,0.120171785,0.55875725,0.2150697559118271,79.075516,0.0609497378311606,0.0,0.0,23.0
SAm9eMoCrBE,12.643270833333334,48000.0,0.17830813,1.1183497,0.1594386249780655,31.046406,0.0419497819614249,0.0,0.0,4.0
NMC324uiAQo,9.880104166666667,48000.0,0.22202319,1.0073872,0.2203950881958007,40.329437,0.0242549892125134,0.0,0.0,57.0
1_cGk60AxMc,15.267125,48000.0,0.11588016,0.869689,0.1332432180643081,41.0971,0.0422472394378491,0.0,0.0,61.0
CHByVQ0Pkt8,10.379333333333332,48000.0,0.27818996,1.1186552,0.2486824840307235,40.586174,0.0482666516940451,0.0,0.0,15.0
uKCnsUSDLLs,92.18322916666666,48000.0,0.02522642,0.51740974,0.0487552098929882,24.0844,0.0383695959700046,1.0,0.010847960187986111,70.0
N6U9JttNrVM,29.048166666666667,48000.0,0.16166018,1.0417352,0.1551835685968399,29.988018,0.0351931758214023,0.0,0.0,4.0
QwDsS7fFRvs,52.44227083333333,48000.0,0.18830925,1.1045952,0.1704780608415603,37.580807,0.0311386794221578,4.0,0.07627434770535378,4.0
Gb6xywcu8P0,3.9241875,48000.0,0.26999038,0.9541509,0.2829640209674835,51.35159,0.010726265285326,0.0,0.0,57.0
fP9GiAG5s00,15.058145833333333,48000.0,0.009470008,0.23478557,0.0403347127139568,25.54163,0.0385593489952195,0.0,0.0,70.0
Zj3J8iqFR9g,20.015604166666662,48000.0,0.2289514,1.1867063,0.1929301172494888,36.55874,0.0635363945125199,0.0,0.0,41.0
qRhR2VJi00o,36.71075,48000.0,0.08609118,0.93973386,0.0916123017668724,27.024673,0.0365687475032684,0.0,0.0,53.0
mHSgJtllIIc,5.013333333333334,48000.0,0.14477067,0.7682471,0.1884428411722183,36.764553,0.0235069582669851,0.0,0.0,26.0
Jip6QBO4i90,25.332979166666668,48000.0,0.078126796,1.0018334,0.0779838189482688,29.998863,0.0284919819078947,6.0,0.23684541642440723,35.0
_YGiQeOeecI,12.0279375,48000.0,0.06296719,0.55957556,0.1125266924500465,28.467205,0.0396728515625,0.0,0.0,9.0
A7wiqMjS0eA,7.024041666666666,48000.0,0.06227245,0.8712969,0.0714709907770156,42.907448,0.0270577461115326,1.0,0.1423681759670655,17.0
HGYRx5yyxbo,31.370166666666663,48000.0,0.14858149,0.8790525,0.1690245866775512,57.901054,0.0490233710897653,0.0,0.0,55.0
_sPPHrqUgkQ,10.402541666666666,48000.0,0.07800899,0.47397014,0.1645862907171249,33.545456,0.0682207951780225,0.0,0.0,21.0
p228zjTN8SY,46.416979166666664,48000.0,0.14542614,1.2288994,0.1183385252952575,38.765823,0.0339437372544232,0.0,0.0,20.0
pa3Tg0aebW8,43.131083333333336,48000.0,0.2542474,1.1253577,0.2259258478879928,51.939476,0.0364013430390702,0.0,0.0,57.0
_D03CoSszD4,25.100791666666662,48000.0,0.1009926,0.5473675,0.1845060139894485,47.23528,0.0464655407019966,0.0,0.0,55.0
HZFXFVlSn3w,12.202104166666668,48000.0,0.052072898,0.3274535,0.1590237915515899,44.37919,0.0468690245301573,0.0,0.0,50.0
L9P4cXgBQxg,8.510125,48000.0,0.08738172,0.69860667,0.1250800043344497,51.379883,0.0523807076284461,0.0,0.0,61.0
Wa3eHzHGln4,16.613895833333334,48000.0,0.08768203,0.86578685,0.1012743860483169,34.32084,0.0292238521943196,0.0,0.0,20.0
3VXp0xmObnA,14.848,48000.0,0.12682086,1.0985887,0.1154398024082183,40.45333,0.0491330817031586,0.0,0.0,36.0
6q66atnD6Mk,5.717333333333333,48000.0,0.25989485,1.1256461,0.2308850437402725,43.87841,0.0426641425162942,0.0,0.0,57.0
lj3XpaVpOVo,8.149333333333333,48000.0,0.11883339,0.7754331,0.1532477587461471,39.136868,0.0550851460375816,0.0,0.0,18.0
lNTFbI46eY4,118.77008333333332,48000.0,0.008708222,0.19214822,0.0453203357756137,24.168964,0.0570308991917377,0.0,0.0,0.0
akR0dQRs4g0,13.212166666666668,48000.0,0.15398826,0.6808237,0.2261793464422226,61.20979,0.0557952954751816,0.0,0.0,55.0
7u2ii0LhO2Q,57.237208333333335,48000.0,0.115010686,0.99863386,0.1151680201292038,82.06448,0.0407871355816716,0.0,0.0,31.0
-j-BUtjqjy0,10.843729166666666,48000.0,0.035357438,0.4802513,0.0736227855086326,42.00261,0.0442689128564405,0.0,0.0,9.0
O0_NazLNBcs,6.060416666666667,48000.0,0.10019638,0.6647881,0.1507192701101303,29.2226,0.0436243684094903,0.0,0.0,55.0
tjaUVTSBQGs,22.826666666666668,48000.0,0.091216475,0.5577999,0.1635290384292602,54.780006,0.0683614275601354,0.0,0.0,23.0
QnMmUFPPjSM,43.769625,48000.0,0.034617018,0.81761265,0.0423391424119472,28.284534,0.0550426460846125,4.0,0.09138757757234613,64.0
EsSuwv-r9oM,15.081375,48000.0,0.14036813,0.9580361,0.1465165317058563,46.637398,0.0517992507956152,0.0,0.0,36.0
ptdqkzvw_eM,37.407354166666664,48000.0,0.21142574,1.1301503,0.1870775371789932,99.62235,0.0387575852758768,0.0,0.0,27.0
xaxLO8r6CXg,9.938145833333332,48000.0,0.103597976,0.8573671,0.1208326965570449,42.34456,0.0443712488264484,0.0,0.0,61.0
iQCYlNFssuY,16.428125,48000.0,0.24037357,1.0599416,0.2267799973487854,39.211075,0.0444722506692083,0.0,0.0,57.0
ANLgXcoQZXA,42.602666666666664,48000.0,0.092759274,1.0188315,0.0910447686910629,64.77376,0.0356222866473717,0.0,0.0,61.0
3ZUSQPvGNAY,17.809708333333333,48000.0,0.070378646,1.0352106,0.0679848566651344,37.092594,0.0350939722118263,0.0,0.0,53.0
CWJxcrfpOy0,41.91202083333334,48000.0,0.11268533,1.1079187,0.1017090231180191,24.664438,0.0311566923107506,5.0,0.11929751657365602,35.0
7keEeh_RMXg,21.0140625,48000.0,0.08167892,0.8919679,0.0915715917944908,39.876194,0.0319748660261288,0.0,0.0,61.0
ZelE_8BvmgA,26.772625,48000.0,0.16735342,1.071224,0.1562263518571853,40.03795,0.0413924380602589,0.0,0.0,4.0
7qstvFLy8j8,44.28097916666667,48000.0,0.20990758,1.1003964,0.1907563358545303,97.2896,0.0274398303904744,0.0,0.0,27.0
n1peqpbbrkQ,12.411083333333334,48000.0,0.030652974,0.4415483,0.0694215670228004,26.616463,0.0330349112704037,1.0,0.08057314362834295,70.0
HCCZqMk9cOE,59.87266666666667,48000.0,0.3152937,1.541705,0.204509750008583,132.34277,0.0503596790668418,0.0,0.0,27.0
lqUwFFu8rNA,60.023583333333335,48000.0,0.25639984,1.3077531,0.1960613578557968,37.274803,0.045754156810812,0.0,0.0,41.0
3EBVrlyxqOg,10.936604166666667,48000.0,0.17270808,0.8047595,0.2146083116531372,41.939125,0.010940165082846,0.0,0.0,26.0
7-51lh2CFpc,36.617875,48000.0,0.06567054,0.9340926,0.0703041031956672,48.586765,0.1110206201755024,16.0,0.4369450712254603,40.0
kac93DQ6EkM,19.005541666666662,48000.0,0.249806,1.0497806,0.2379602044820785,85.579384,0.0720294305906285,0.0,0.0,27.0
XlT606c9STo,38.656,48000.0,0.2743923,1.203568,0.2279823869466781,46.44054,0.0507071659482758,0.0,0.0,15.0
z74cKbiALeo,30.789666666666665,48000.0,0.20437622,1.0720813,0.1906349956989288,51.97258,0.0480294883313127,0.0,0.0,41.0
jHNleF9y2Qg,34.5396875,48000.0,0.050463047,0.9534114,0.0529289320111274,58.718735,0.0388469266170114,0.0,0.0,61.0
AXG0XsGP4_0,32.42666666666667,48000.0,0.047138605,0.9440894,0.0499302335083484,43.710472,0.0271436847459717,15.0,0.4625822368421052,52.0
K1I2o6cNuVg,18.819791666666667,48000.0,0.073536925,0.523113,0.1405756026506424,35.241524,0.0299049442280453,0.0,0.0,9.0
JFjtXnpFsoU,197.35802083333337,48000.0,0.03432958,0.26021168,0.1319294273853302,172.60292,0.0556096213705209,0.0,0.0,69.0
whp-W1ji4p4,57.98022916666667,48000.0,0.09145762,0.98395765,0.0929487347602844,180.96844,0.0335883785469554,0.0,0.0,33.0
4ufyJu0f-vk,28.305125,48000.0,0.22608733,1.2378185,0.1826498210430145,53.422302,0.068587325440373,0.0,0.0,41.0
DAEOUpaMGK8,46.25066666666667,48000.0,0.023785908,0.60131985,0.0395561642944812,15.967262,0.0225170048420567,0.0,0.0,70.0
lbr9r9aUcAI,18.986666666666668,48000.0,0.12117229,1.0769321,0.1125161796808242,60.449936,0.0667390818009545,0.0,0.0,28.0
JUAdYcg32QA,16.846083333333333,48000.0,0.27636185,1.3321265,0.2074591666460037,29.755247,0.0491863009295886,0.0,0.0,15.0
aLWW5SB4T3A,7.7786875,48000.0,0.08314914,0.50269234,0.1654076129198074,48.57281,0.0482488762842465,0.0,0.0,55.0
iIeTm1b8UvY,16.8576875,48000.0,0.013758575,0.41731566,0.0329692251980304,18.060394,0.019308573984029,0.0,0.0,70.0
U_aBm8OI4Cs,12.840979166666669,48000.0,0.1554392,0.63600886,0.2443978488445282,46.048054,0.0212771393531976,0.0,0.0,26.0
PVGN6pyuCgo,15.267125,48000.0,0.32364532,1.3573617,0.2384370565414428,42.15661,0.0412659032384776,0.0,0.0,15.0
cXmYT_3A1OY,18.56,48000.0,0.122831225,0.7898467,0.155512735247612,46.299114,0.0612693405370476,0.0,0.0,18.0
3PFnPCArMqc,75.73333333333333,48000.0,0.19215915,1.0221922,0.1879872828722,85.8179,0.018834206339776,0.0,0.0,27.0
cpQL5hK7WP0,60.41833333333334,48000.0,0.20363246,1.2471714,0.1632754355669021,30.404016,0.0414535697539717,0.0,0.0,4.0
eGMEWb7f2YE,6.336,48000.0,0.06046941,0.33672792,0.1795794367790222,54.90479,0.0224970456932773,0.0,0.0,26.0
pwQ3uo_12gA,14.01325,48000.0,0.28472504,1.1226461,0.2536195814609527,64.57831,0.0459794461092085,0.0,0.0,57.0
fM1TsmvpJUA,13.53725,48000.0,0.13907287,0.5917026,0.2350384593009948,52.2256,0.0332900159940944,0.0,0.0,26.0
KNjZXjgE3So,17.078291666666665,48000.0,0.18171681,0.9152429,0.198544904589653,63.183716,0.0114727806062734,0.0,0.0,26.0
_kk7jVtacT8,42.608625,48000.0,0.076829195,0.9261428,0.0829560980200767,49.547935,0.0326259875625782,0.0,0.0,61.0
kxhol1snW74,54.7294375,48000.0,0.17084837,1.0897052,0.1567840278148651,33.624023,0.0393012639166341,8.0,0.14617362000111914,4.0
bMd4kU77HvY,17.275666666666666,48000.0,0.15922278,1.0234072,0.1555810570716858,28.320038,0.0420847198109567,0.0,0.0,4.0
gOVw7n2Q_w4,56.63347916666667,48000.0,0.07329502,1.0161135,0.0721327066421508,33.463463,0.0418339328801789,18.0,0.31783320157724726,52.0
PQTZz5a06OE,61.184583333333336,48000.0,0.012117459,0.19416663,0.0624075271189212,48.30126,0.0225025567315234,0.0,0.0,70.0
6OHNKMCQv-M,5.456708333333333,48000.0,0.0021686612,0.00967605,0.2241266965866089,39.803036,0.0160903930664062,0.0,0.0,50.0
ThuERa5oEU8,42.864979166666664,48000.0,0.029207036,0.25329563,0.1153080910444259,34.50625,0.022484507184623,0.0,0.0,9.0
__UjwIKyPIU,14.229333333333331,48000.0,0.09916959,0.65628886,0.1511066108942031,40.41611,0.059780620903558,0.0,0.0,18.0
104dmRsDpko,3.050666666666667,48000.0,0.09327208,0.9092611,0.1025800853967666,46.597916,0.0257121760670731,0.0,0.0,61.0
Vvk0CcPgXaA,11.133979166666666,48000.0,0.12518613,0.8667687,0.1444285213947296,25.707636,0.0206976996527777,0.0,0.0,20.0
nkyJc25upQE,35.08535416666667,48000.0,0.19784404,1.1057754,0.1789188385009765,31.818375,0.0545270647321428,0.0,0.0,41.0
hZIaDRmIQ2A,24.5435,48000.0,0.123679124,1.1078186,0.1116420328617096,184.1282,0.0794814075401999,0.0,0.0,33.0
6jvKLl6ZWKg,15.534166666666666,48000.0,0.050513275,0.61082304,0.0826970711350441,29.93926,0.0299205478937886,1.0,0.06437422885038356,9.0
nMB8UB7oflo,11.377791666666669,48000.0,0.13891394,0.7904955,0.175730213522911,47.68882,0.0315877240510777,0.0,0.0,55.0
sk3gnV0hfqM,13.839104166666669,48000.0,0.05715693,0.5589333,0.1022607311606407,26.330097,0.031504673656587,0.0,0.0,9.0
SvOrpXayIsM,15.000979166666667,48000.0,0.04643804,0.22581467,0.2056466788053512,48.58633,0.0460292705001776,0.0,0.0,50.0
QsQvJJLLePs,17.264041666666667,48000.0,0.16581973,1.0383394,0.1596970558166504,30.797455,0.0381942098710623,0.0,0.0,4.0
40oORG8YO2s,99.89225,48000.0,0.06080758,1.189284,0.0511295720934867,21.415787,0.0472080114622263,2.0,0.020021573245171672,12.0
sfYtNOOzXaw,26.679729166666668,48000.0,0.069895744,0.8829849,0.0791584849357605,27.444536,0.0285785043839928,6.0,0.22488983911786958,35.0
yPWSHilmWic,5.096791666666666,48000.0,0.06816537,0.6433412,0.1059552431106567,30.941355,0.0159181730517782,0.0,0.0,9.0
7fthos8q0pE,48.030479166666666,48000.0,0.26630118,1.1746066,0.2267152220010757,52.92566,0.0313617961289695,0.0,0.0,57.0
o8B4WlNACKw,21.0605,48000.0,0.17764248,0.9484445,0.1872987598180771,35.608177,0.0238422171677215,0.0,0.0,4.0
ooNIvbOc9Hc,39.288979166666664,48000.0,0.16643226,1.177562,0.1413363069295883,29.25619,0.0321715579617942,1.0,0.025452430203338407,4.0
RmJ2R2KOLw4,13.061229166666667,48000.0,0.069738366,0.92606324,0.0753062665462493,30.340782,0.027613600127551,5.0,0.38281236292526066,52.0
OS67kzC37N0,17.301333333333332,48000.0,0.122519046,0.760232,0.1611600816249847,40.469727,0.0585043972389094,0.0,0.0,18.0
NNtLmrUYg5k,20.421958333333333,48000.0,0.04104144,0.39212525,0.104664109647274,25.433386,0.0284526456429503,0.0,0.0,9.0
g-Z-HPLmdy4,17.414979166666665,48000.0,0.11729801,1.0058464,0.1166162267327308,38.273384,0.0337521050214329,0.0,0.0,20.0
O1lUPHc8h4Y,18.436645833333333,48000.0,0.08059862,0.91899025,0.0877034589648246,28.936153,0.0196659580140254,0.0,0.0,48.0
OwHLkxp6ZyI,20.416,48000.0,0.12626499,0.5242951,0.2408280968666076,48.648685,0.0384248021377284,0.0,0.0,26.0
1cPDi9GCpjs,13.305041666666666,48000.0,0.14811589,0.746969,0.1982892006635666,35.36651,0.0727456899789663,0.0,0.0,18.0
FtLmZ9Metng,21.39720833333333,48000.0,0.10243317,0.61560243,0.1663949936628341,43.549046,0.0371310385250498,0.0,0.0,55.0
m6ea9o6qUrw,10.031020833333333,48000.0,0.18153104,0.9177396,0.19780233502388,29.839754,0.0273364854543039,0.0,0.0,4.0
9fuY6dZoqHM,56.87466666666667,48000.0,0.033163026,0.41130215,0.0806293562054634,30.112251,0.0390180025900056,18.0,0.31648537134283566,19.0
IU_30bPDvH0,22.929708333333338,48000.0,0.41381216,1.3123319,0.3153258264064789,61.335686,0.031215933866279,0.0,0.0,10.0
oVj1CHzC_W8,6.037208333333333,48000.0,0.09848537,0.9653833,0.1020168587565422,41.642857,0.0152618084695229,0.0,0.0,20.0
gs_YySJ3AaM,36.17670833333333,48000.0,0.23108904,1.1996914,0.1926237344741821,57.091904,0.0404526332639298,0.0,0.0,57.0
oaVaqGCY6gw,5.433479166666666,48000.0,0.15940121,1.0001807,0.15937240421772,44.684296,0.0245930989583333,0.0,0.0,4.0
inw6hGZX5uU,42.922104166666664,48000.0,0.07727948,0.7247246,0.1066328883171081,123.563576,0.0293137415739935,0.0,0.0,31.0
aEDUUukcPDc,7.616145833333333,48000.0,0.14945237,0.8374392,0.1784635484218597,57.001816,0.0273772126311188,0.0,0.0,26.0
v9hZjDsg-dU,31.3005,48000.0,0.07076111,0.9818856,0.0720665454864502,35.991386,0.0263863194740204,1.0,0.031948371431766265,48.0
uosBKbNLl2Y,84.74122916666667,48000.0,0.05178733,0.48539013,0.1066921800374984,46.321262,0.0894346262389867,26.0,0.30681641339971516,67.0
cWajPB-Zj3A,12.016333333333334,48000.0,0.05279505,0.7456027,0.0708085522055625,22.076895,0.0308397051075865,0.0,0.0,48.0
qvNIbW_aqUw,22.604645833333333,48000.0,0.14088522,1.0497003,0.1342147141695022,50.10369,0.0504366892688679,0.0,0.0,36.0
TEFAyIJVvAI,16.103041666666666,48000.0,0.11392097,0.8827274,0.1290556639432907,75.20918,0.0426191923634105,0.0,0.0,31.0
8QuFzZ_w72o,35.54977083333333,48000.0,0.030999366,0.3688493,0.0840434432029724,47.276634,0.0326678175630063,0.0,0.0,9.0
Jta5MwvXsm0,6.4435416666666665,48000.0,0.08827422,0.91683424,0.0962815433740615,51.012245,0.0553032993285124,0.0,0.0,28.0
RsPkUhArL_I,15.0233125,48000.0,0.02404366,0.058676526,0.4097662568092346,54.791573,0.041049932908978,0.0,0.0,62.0
2XjYaxOQKUg,7.082104166666666,48000.0,0.08270086,0.6228534,0.1327774077653885,61.45179,0.0222631247646837,0.0,0.0,73.0
yAM7N14MzCE,10.983041666666669,48000.0,0.19390161,0.92979264,0.2085428535938263,51.206863,0.0465986233313106,0.0,0.0,4.0
L-8c8oUOum4,6.153291666666667,48000.0,0.09737563,0.9474641,0.1027750074863433,76.07369,0.0269866361568457,0.0,0.0,31.0
Xn0zKHyag9A,11.145583333333333,48000.0,0.3316045,1.2187233,0.2720917165279388,40.380436,0.0222871187200956,0.0,0.0,10.0
_jMv-8CILuA,6.101333333333334,48000.0,0.25435993,1.1269634,0.2257038056850433,52.402874,0.047441678937609,0.0,0.0,57.0
OI-7oobPXV4,24.613166666666668,48000.0,0.036529813,0.5998317,0.0609001033008098,26.236317,0.0181709170548093,0.0,0.0,70.0
ZzF2HkjoDQI,34.586125,48000.0,0.0864409,0.6391297,0.1352478265762329,58.37727,0.0324149189118871,0.0,0.0,61.0
884UCcErhCY,10.518645833333334,48000.0,0.015722271,0.6269648,0.0250767990946769,77.50312,0.0134700322948328,2.0,0.19013854365759217,73.0
KC_DB2M43IU,20.073666666666668,48000.0,0.30245298,1.0994916,0.2750844061374664,50.706333,0.0370665660700053,0.0,0.0,57.0
rbFjEddIc6U,25.240104166666665,48000.0,0.1464994,1.0639174,0.1376980990171432,29.600826,0.0334372607071187,0.0,0.0,20.0
VuV6NVHDiWY,17.7284375,48000.0,0.1800444,1.0319729,0.1744662076234817,29.808681,0.0403864086928743,0.0,0.0,4.0
rRpueJUPU8g,13.014791666666667,48000.0,0.19062623,1.0148822,0.1878308951854705,42.15747,0.0366782798423423,0.0,0.0,4.0
r00ne2MyLxg,39.05597916666667,48000.0,0.053009663,1.0582014,0.0500941127538681,35.378624,0.0829475440333151,14.0,0.358459838895773,54.0
eCKlRnfUXCg,15.0233125,48000.0,0.22042078,1.0531261,0.2093014121055603,41.386482,0.043934916163946,0.0,0.0,41.0
Nr6x-XXgf_g,4.249270833333333,48000.0,0.1136057,0.74530786,0.1524278819561004,61.295685,0.0861993851817042,0.0,0.0,23.0
GNw4zI4qzO8,60.117333333333335,48000.0,0.14815412,1.0264103,0.1443420052528381,52.852074,0.0185018488335994,0.0,0.0,4.0
LkJTfM-LGP8,25.173333333333332,48000.0,0.039083127,0.27382842,0.1427285224199295,45.24616,0.0303253471119229,0.0,0.0,50.0
CRlBrn0RT0o,19.008,48000.0,0.044819817,1.0085769,0.0444386713206768,29.451927,0.0321756257010656,0.0,0.0,48.0
QCdcJs1vtNc,15.000979166666667,48000.0,0.08884518,0.54073274,0.1643051654100418,37.748295,0.0478886954735252,0.0,0.0,55.0
FMcoXeixQm8,15.058145833333333,48000.0,0.15464553,0.77562916,0.1993807554244995,78.88477,0.0098479273636685,0.0,0.0,26.0
9m6phzYtgrw,4.922645833333333,48000.0,0.04127725,0.32688564,0.1262742727994918,84.01933,0.0111702262581168,0.0,0.0,73.0
5z-OUXNPr6o,16.253979166666667,48000.0,0.29004014,1.1168066,0.2597048878669739,50.3069,0.0520717991305774,0.0,0.0,15.0
sD73JBHUxwo,63.2395625,48000.0,0.13108455,0.76946384,0.1703583002090454,76.16164,0.0675383806027576,0.0,0.0,23.0
Kkrihnde1ug,29.9073125,48000.0,0.19982046,1.3873928,0.1440258771181106,38.500523,0.0579602381642296,0.0,0.0,41.0
zGsT6d__DLQ,50.44535416666667,48000.0,0.28275713,1.2712804,0.2224191725254058,42.497063,0.0583102784751585,0.0,0.0,15.0
6He2QH_PIcQ,5.9443125,48000.0,0.1485049,1.0137422,0.1464917808771133,39.029133,0.0846039146505376,0.0,0.0,58.0
dQen2SZmExk,28.309333333333335,48000.0,0.27129412,1.1505048,0.235804408788681,49.319473,0.050566443032015,0.0,0.0,15.0
w7f-tp82SOc,6.037354166666667,48000.0,0.0738346,0.57968426,0.1273703724145889,54.380463,0.0217599481922398,0.0,0.0,73.0
Xhux5c1XPWM,34.586125,48000.0,0.04161043,0.57910514,0.0718529820442199,29.128181,0.0209793810707678,2.0,0.057826657366212605,9.0
-UXWG8ymMi8,12.457520833333334,48000.0,0.20249021,1.3084476,0.1547560691833496,48.742874,0.0367749357876712,0.0,0.0,4.0
9QSYtUTTixs,61.04527083333333,48000.0,0.07178937,0.8574159,0.083727590739727,178.93198,0.0374973209800366,0.0,0.0,33.0
FBVDkX2cbCI,12.202104166666668,48000.0,0.15905191,1.0808189,0.1471587121486663,35.48317,0.0484401462795017,0.0,0.0,36.0
aBd4w5HhqSI,116.26666666666668,48000.0,0.1429078,1.1489245,0.1243839785456657,27.140179,0.0263671875,28.0,0.24082568807339447,35.0
nexeRxSmCaE,16.300416666666667,48000.0,0.18243696,1.1650904,0.1565860956907272,49.161087,0.0525938624100719,0.0,0.0,41.0
6Wcj4HVjlJc,35.677479166666664,48000.0,0.17140104,1.1018188,0.1555619090795517,35.59841,0.0605200158819133,0.0,0.0,36.0
fodBVzIPDHg,2.2523541666666667,48000.0,0.049422234,0.38064122,0.1298394203186035,41.245705,0.0341935067806603,0.0,0.0,50.0
n47YT8OuZT8,21.7455,48000.0,0.20152353,1.0913066,0.1846626251935959,47.904137,0.0344876471309465,0.0,0.0,4.0
bI4Po0qF2yc,47.3919375,48000.0,0.0702032,1.0070797,0.0697096735239029,37.85697,0.0375172101831532,0.0,0.0,53.0
hALS-q8D34o,71.401375,48000.0,0.06171957,0.6229417,0.0990776047110557,48.607277,0.0626630278747759,17.0,0.23809065301613588,67.0
1m5fIvealEk,5.027125,48000.0,0.05697157,0.37466228,0.1520611345767974,51.02732,0.0385442184189618,0.0,0.0,50.0
aXlu2VCaENA,22.144,48000.0,0.05365277,0.50823134,0.1055676117539405,36.721302,0.0368178638059701,0.0,0.0,9.0
GExgYAbbbho,21.0256875,48000.0,0.09927074,0.71647763,0.1385538578033447,33.53952,0.0712660350373985,0.0,0.0,18.0
9rQPj6vw4Pg,7.871583333333334,48000.0,0.13332854,1.0952234,0.1217363849282264,50.16662,0.0809488270663956,0.0,0.0,28.0
c5_SMrGHk_Q,48.56454166666666,48000.0,0.022135409,0.33500004,0.0660758391022682,62.617935,0.0251676650354162,0.0,0.0,73.0
w3xsTH_CUxs,11.993125,48000.0,0.13166015,0.8394067,0.156849056482315,57.607994,0.0550512152777777,0.0,0.0,28.0
molytFEMFxI,21.641,48000.0,0.15583336,1.129888,0.1379192918539047,185.53984,0.0587915652723016,0.0,0.0,33.0
u_ItzQMGTG8,15.000979166666667,48000.0,0.12606499,0.9621395,0.1310256868600845,28.218758,0.0276526130508173,0.0,0.0,20.0
F8HnHIyFza8,14.9304375,48000.0,0.043788776,0.40665558,0.1076802536845207,37.005756,0.0300966099330357,0.0,0.0,9.0
qZA-jzpP46Y,50.73560416666667,48000.0,0.08568539,0.8922031,0.0960379838943481,180.66194,0.0624174735915493,0.0,0.0,33.0
aEi2inVCuuA,5.824,48000.0,0.11902505,0.70636404,0.1685038357973098,76.51842,0.0112920618144424,0.0,0.0,31.0
SkJ6UWEwkuI,99.648,48000.0,0.019916689,0.66934884,0.0297553203999996,17.529383,0.045118222282056,0.0,0.0,25.0
tX1lgSLn_0w,10.936604166666667,48000.0,0.17270808,0.8047595,0.2146083116531372,41.939125,0.010940165082846,0.0,0.0,26.0
ptWoN9i1Oa0,23.754020833333332,48000.0,0.09362169,0.77532053,0.1207522451877594,32.558434,0.0225232059665469,0.0,0.0,20.0
eI5zpNwL_5U,13.723,48000.0,0.10613497,0.48625433,0.2182704955339431,41.803455,0.0478545976592851,0.0,0.0,55.0
bPhgMspm3qs,15.743145833333331,48000.0,0.101647235,0.75958264,0.1338198482990265,43.64855,0.021437068618733,0.0,0.0,61.0
tWkhGKmpl6U,180.544,48000.0,0.00027190594,0.036106944,0.0075305718928575,45.56397,0.010032626314468,77.0,0.4264888337468982,65.0
cglhLOhV6ls,15.04,48000.0,0.21294148,1.1384242,0.1870493292808532,47.67374,0.0545549615742381,0.0,0.0,41.0
r9Rxb3nmLRc,7.267854166666667,48000.0,0.10951608,0.71465915,0.1532423943281173,69.34552,0.0511113052144428,0.0,0.0,31.0
ifitk_IY7l4,16.068229166666665,48000.0,0.027832136,0.5578905,0.0498881712555885,27.234842,0.0390676841406768,0.0,0.0,70.0
vCjBB1z1Exo,22.40727083333333,48000.0,0.1337292,0.94602674,0.1413587927818298,51.69388,0.035035864618039,0.0,0.0,61.0
1CsoVS_MDyI,35.95610416666667,48000.0,0.018717771,0.35887623,0.0521566197276115,28.637718,0.0279939708636161,0.0,0.0,70.0
klnM363L2SM,62.914479166666666,48000.0,0.17706485,1.2520022,0.1414253413677215,30.618011,0.0525228057721647,0.0,0.0,36.0
__3Ng4DxUlE,10.7740625,48000.0,0.13686247,0.6419498,0.2131980955600738,35.882145,0.0595983246785361,0.0,0.0,18.0
WyP_P8WZzjc,17.92,48000.0,0.028329572,0.51723206,0.0547714903950691,20.405434,0.0305145281826293,1.0,0.055803571428571425,70.0
SiufqTstmc8,22.709125,48000.0,0.21927275,1.0572433,0.2074004560708999,29.697037,0.0528134999559652,0.0,0.0,41.0
C5Hvc2H7vmE,20.073666666666668,48000.0,0.3066486,1.1205616,0.2736561894416809,33.766125,0.0373179712407013,0.0,0.0,15.0
wsDODODhE20,4.527895833333333,48000.0,0.7173961,1.5037868,0.4770596921443939,84.3764,0.0345783547794117,0.0,0.0,59.0
E9_L2PFTW28,15.104583333333334,48000.0,0.1280317,0.9621515,0.1330681294202804,32.857883,0.0765071591610797,0.0,0.0,76.0
BZruXzAcqPA,24.961458333333333,48000.0,0.1100332,0.56673276,0.1941535919904709,56.458817,0.0586304597394276,0.0,0.0,23.0
nLMne5MrFfc,27.434666666666665,48000.0,0.0736634,1.1838481,0.0622236877679824,29.167686,0.0396507906626506,13.0,0.47385303265940903,52.0
7f3BwZVUuq8,58.18920833333333,48000.0,0.12511267,1.0515878,0.1189750060439109,29.951664,0.0354083556233962,8.0,0.13748253721158205,35.0
7C6_eYbzZiU,87.40266666666666,48000.0,0.11507564,0.9297559,0.1237697303295135,35.624374,0.053566925812233,33.0,0.3775628508664877,63.0
c2bMkZ-188c,12.501333333333331,48000.0,0.08907395,0.83040965,0.1072650700807571,45.11193,0.054552213208653,0.0,0.0,28.0
l1_CB5svbrc,9.009354166666666,48000.0,0.12076036,0.5391828,0.2239692360162735,34.73502,0.0357803254437869,0.0,0.0,26.0
tW4bTaHbcaw,27.086083333333335,48000.0,0.19079725,1.0781947,0.1769599169492721,33.35221,0.0314570389394685,0.0,0.0,4.0
h0TWNSbxQWw,27.922,48000.0,0.011174159,0.2638347,0.0423528775572776,19.664345,0.0360811494342055,0.0,0.0,70.0
ThwsjNHegbA,13.717333333333332,48000.0,0.14949557,1.0337762,0.1446111649274826,50.835194,0.0894499380827505,0.0,0.0,58.0
wiN-BqznrfQ,57.22558333333333,48000.0,0.1044725,0.9979413,0.1046880260109901,182.32048,0.0334120893522833,0.0,0.0,33.0
hAJEBFsO29I,38.13879166666667,48000.0,0.06730098,0.6352989,0.1059359312057495,70.98362,0.0337189881326901,0.0,0.0,73.0
HqmAwhKqDa8,36.68754166666667,48000.0,0.11906431,1.0121003,0.1176408156752586,41.334194,0.0264776185501453,0.0,0.0,20.0
CivNK456qCg,18.181229166666668,48000.0,0.19759454,1.0974361,0.1800510734319687,35.64422,0.0765974385997067,0.0,0.0,58.0
1VEpEH-bBsg,27.411166666666663,48000.0,0.22164078,1.1231779,0.1973336338996887,29.33074,0.0324613934824902,0.0,0.0,4.0
v8Mxyd71vjo,38.939875,48000.0,0.20902996,1.1581571,0.1804849803447723,29.711943,0.0433591342697206,0.0,0.0,41.0
nnZlM6UmscQ,73.15447916666666,48000.0,0.171279,1.1808513,0.1450470387935638,35.967907,0.0429612752177795,4.0,0.05467881181802778,36.0
NQyGzIQs3EM,22.9529375,48000.0,0.09422085,0.90188366,0.1044711768627166,33.34255,0.0310448855715613,7.0,0.3049718581771941,35.0
vLCTcV_-ch8,13.0960625,48000.0,0.16724037,1.0108862,0.1654393672943115,35.354862,0.0223309147241449,0.0,0.0,4.0
5UVAvoAM-zA,87.725,48000.0,0.17527337,1.2713556,0.1378633677959442,38.597374,0.0487854412044072,1.0,0.01139925904816187,36.0
Rlms8DCFCH8,19.887895833333335,48000.0,0.11983753,1.1119592,0.1077715158462524,28.318415,0.0295173215482573,2.0,0.10056368037929267,20.0
SSxjmslsk0A,12.3298125,48000.0,0.11552559,0.83185995,0.1388762444257736,43.029755,0.0439178572394031,0.0,0.0,61.0
qLRrnovHwiU,61.67466666666667,48000.0,0.19834824,1.3268192,0.1494915336370468,33.073326,0.0616704369217966,0.0,0.0,41.0
DcPO9QW8-N0,7.035666666666667,48000.0,0.053985152,0.43882698,0.1230214983224868,30.927298,0.0360662286931818,0.0,0.0,9.0
sYEdIxvo_IQ,36.87329166666667,48000.0,0.04972625,0.7650182,0.0650000870227813,39.69262,0.0855041627494937,10.0,0.27119900469965275,11.0
JWDVprVIJSc,25.8554375,48000.0,0.20900436,1.1017656,0.1896994709968567,34.352215,0.0445905125180486,0.0,0.0,41.0
7-91VdN7Pzg,73.67691666666667,48000.0,0.054101538,0.65025866,0.08320003002882,45.520977,0.0582302250334756,25.0,0.3393193028571816,67.0
QTTsuY4DC2A,28.48,48000.0,0.06443878,0.5965022,0.1080277413129806,51.615387,0.0313933217895919,0.0,0.0,9.0
fhONaBswWec,5.973333333333334,48000.0,0.25660062,1.1256461,0.2279585152864456,52.853043,0.0458775484625668,0.0,0.0,57.0
PiiFLYbJaKY,19.922729166666667,48000.0,0.1800813,1.0745754,0.1675836741924286,31.951075,0.0681884242839935,0.0,0.0,58.0
pxSxyXe-5wg,10.216791666666667,48000.0,0.022458307,0.12485048,0.1798816174268722,55.68865,0.0502343546124739,0.0,0.0,50.0
4J8sz52bX6E,8.788770833333333,48000.0,0.101630084,0.9487431,0.1071207597851753,31.953064,0.0584870866201456,0.0,0.0,1.0
tZtLY-78C2Y,11.609979166666667,48000.0,0.029118398,0.3243185,0.0897833406925201,31.994064,0.0334084811179981,0.0,0.0,70.0
ZpO1I7jK-rk,24.740875,48000.0,0.30843663,1.1318872,0.272497683763504,32.595497,0.0491410880253232,0.0,0.0,15.0
V1BhQ7RiNr0,116.6570625,48000.0,0.022280712,0.7512622,0.0296577047556638,16.376852,0.0541860038601764,0.0,0.0,25.0
lXSck4gB_IA,39.92672916666667,48000.0,0.075861044,0.90922344,0.083434984087944,27.689764,0.0349705361912393,12.0,0.3005505397125881,35.0
Bi1WrAqM4EE,47.508041666666664,48000.0,0.0661385,1.0218529,0.0647240951657295,178.047,0.0356324722159856,0.0,0.0,33.0
S2gdJtiR2tM,15.290354166666669,48000.0,0.13088053,0.9664471,0.1354244202375412,45.56652,0.0413803036741631,0.0,0.0,61.0
QOLi0KDF4kg,8.405333333333333,48000.0,0.20223399,1.1004804,0.1837688088417053,67.8961,0.0434211373178073,0.0,0.0,27.0
jJjkH_69P88,13.154125,48000.0,0.03950582,0.9467967,0.0417257696390152,39.9012,0.0725801984147082,4.0,0.30408712096015506,11.0
HOQc5pZ1hPY,45.29054166666667,48000.0,0.05241922,0.26908648,0.1948043555021286,30.502441,0.0498269971002119,1.0,0.022079665272274472,50.0
i6KYjVMtTXk,7.2098125,48000.0,0.08670474,0.8388258,0.1033644154667854,29.09739,0.0389165934726331,0.0,0.0,22.0
LPkTWJKCPTg,13.316645833333334,48000.0,0.195222,1.096168,0.1780949681997299,38.637096,0.0606395272467974,0.0,0.0,41.0
ZzMAQuzZY-0,17.171166666666668,48000.0,0.06171128,0.9285222,0.0664618238806724,177.69778,0.0293572277756211,0.0,0.0,33.0
2qxHMqXwVvg,12.109208333333331,48000.0,0.30947646,1.2015853,0.2575567960739136,59.12672,0.0504846707196302,0.0,0.0,15.0
Rz2J5jM2gMM,19.008,48000.0,0.33438218,1.2136896,0.2755088210105896,60.092754,0.0399558109576556,0.0,0.0,15.0
fwTFF8obk_c,111.1075,48000.0,0.2729098,1.4115572,0.1933395266532898,36.935043,0.0345427227578717,0.0,0.0,57.0
yNcuMg-c5_4,37.26804166666667,48000.0,0.20656578,1.1572472,0.1784975528717041,31.310173,0.0569666582444905,0.0,0.0,41.0
ulI_d2YMANA,37.39575,48000.0,0.042774674,1.0029129,0.0426504388451576,29.12819,0.0381558511302053,14.0,0.37437409331274274,52.0
BYA63nXIdu4,8.8468125,48000.0,0.09373889,0.70677406,0.1326292157173156,53.390137,0.0769360645707831,0.0,0.0,23.0
QZ84jFmrCeo,20.085270833333333,48000.0,0.19502148,1.0929352,0.1784382760524749,187.66074,0.0437404573818374,0.0,0.0,3.0
pH93qnsTEJY,9.415708333333331,48000.0,0.023163754,0.21344043,0.1085256189107894,26.97365,0.022535036806342,0.0,0.0,70.0
B-pu9pyfI-0,59.50114583333333,48000.0,0.13724451,1.0435557,0.1315162181854248,38.04019,0.0099978189695734,2.0,0.03361279807286625,20.0
dMjBgpqqUdw,10.959833333333334,48000.0,0.073914744,0.52984834,0.1395017057657241,30.898697,0.038758036691391,0.0,0.0,9.0
9Znk_0Xr5WE,27.840979166666667,48000.0,0.03243292,0.65472203,0.049536932259798,24.177105,0.0321799971873803,0.0,0.0,25.0
cYP6tO3Uxtg,175.27466666666666,48000.0,0.02967115,0.48121187,0.0616592206060886,21.994955,0.0269778287687123,0.0,0.0,70.0
VZ6etPPE51I,16.533333333333335,48000.0,0.16717099,1.0682238,0.1564943492412567,35.930096,0.0543670162395228,0.0,0.0,36.0
ewhOK2GkSYs,5.236104166666666,48000.0,0.10513284,0.73301363,0.1434254944324493,52.572556,0.0115188629709775,0.0,0.0,26.0
t2imeD-yW1E,20.9211875,48000.0,0.22586988,1.1610584,0.1945379078388214,36.567833,0.056408678962793,0.0,0.0,41.0
IVKf-x5Cb_U,25.89025,48000.0,0.093673766,0.7115854,0.1316409260034561,49.226147,0.0403895873017915,0.0,0.0,61.0
Xd-Bnwuj98M,18.204458333333335,48000.0,0.3067462,1.1777368,0.2604539692401886,30.775764,0.0469133302211482,0.0,0.0,15.0
9z9IvJnhU5A,19.264,48000.0,0.050503936,0.19708689,0.2562521398067474,51.477886,0.0271940500484228,0.0,0.0,26.0
Kjoszwqkeuo,24.520291666666665,48000.0,0.016991489,0.3293998,0.0515831783413887,20.099613,0.0378618675918877,1.0,0.040782549147219904,70.0
jQ8DUwROCDc,6.506666666666667,48000.0,0.24825549,1.1256461,0.2205448895692825,51.28982,0.0519168435454173,0.0,0.0,57.0
RSbVWiKwLw4,4.0170625,48000.0,0.089595646,0.4744678,0.1888339817523956,35.659557,0.025162674071618,0.0,0.0,26.0
04kfzZFdfAg,10.623145833333334,48000.0,0.13472435,0.8279289,0.1627245396375656,116.56772,0.0214681970067771,0.0,0.0,31.0
2VPsUGSFVyY,21.548125,48000.0,0.17670862,1.1490703,0.1537840068340301,39.4451,0.025805941906853,3.0,0.13922325028279722,4.0
2hOOvj2CNek,11.818958333333333,48000.0,0.16375653,1.1131158,0.1471154540777206,41.729256,0.0735310175270513,0.0,0.0,58.0
EnGRVvaIzVw,28.7463125,48000.0,0.21098363,1.0510635,0.2007334679365158,27.744722,0.0533683253130797,0.0,0.0,41.0
SKm3kF_dT6I,5.12,48000.0,0.0060408367,0.05802127,0.1041141748428344,35.66646,0.0110802283653846,0.0,0.0,70.0
lycQpa3AnQU,7.061333333333334,48000.0,0.013115791,0.58641934,0.022365890443325,40.29531,0.0124331282993966,1.0,0.14161631419939577,60.0
988kDfoWyXw,16.683541666666667,48000.0,0.2518908,1.1673503,0.2157799750566482,35.713802,0.029391099241214,0.0,0.0,57.0
v4NrIWplYpc,10.9714375,48000.0,0.24148753,1.0974367,0.2200468927621841,62.645725,0.0342053115889212,0.0,0.0,57.0
YLkv4Dy0m5c,19.144854166666665,48000.0,0.18933731,1.1016043,0.1718741506338119,37.540714,0.0779065655466573,0.0,0.0,58.0
ESYNf36oQPc,29.605458333333335,48000.0,0.21589285,1.1146199,0.1936919093132019,35.10024,0.0546204844538004,0.0,0.0,41.0
jHwjwF2rZkI,12.074395833333334,48000.0,0.043389697,1.0601919,0.0409262664616107,32.61594,0.0937387850596289,4.0,0.3312795153656756,40.0
P_SiPcAt55A,58.32533333333333,48000.0,0.0654425,0.8998099,0.0727292522788047,28.819275,0.0292446452447888,16.0,0.274323335771763,35.0
sHyBWRQuJSI,57.039833333333334,48000.0,0.22470796,1.0842812,0.2072414010763168,60.990623,0.0597673414711106,0.0,0.0,27.0
5mNqIttbU70,10.602666666666666,48000.0,0.12559213,0.760232,0.1652023792266845,45.22463,0.0533703674623115,0.0,0.0,18.0
m_TKmUPJGrY,20.816708333333334,48000.0,0.16716522,0.7540542,0.2216885983943939,36.19371,0.0619746974257172,1.0,0.048038334591003616,18.0
AC1N3kiZUyU,15.104,48000.0,0.07529719,0.7677114,0.098080076277256,42.086548,0.0441734297812279,0.0,0.0,22.0
UJprtdYoRQY,20.851520833333332,48000.0,0.21565211,1.0950339,0.1969364732503891,30.65187,0.0497612292199488,0.0,0.0,41.0
pUis2Jd-lQg,15.870854166666666,48000.0,0.059256885,0.69797206,0.0848986506462097,33.889774,0.039858910345262,0.0,0.0,22.0
uhf6nmX0kKE,25.054333333333332,48000.0,0.13316946,0.78619266,0.1693852692842483,45.823788,0.0555744715171349,0.0,0.0,18.0
3Gh43JlORBU,16.706770833333334,48000.0,0.13532697,0.7053553,0.1918564587831497,40.20937,0.0253339133296107,0.0,0.0,26.0
i58WwerHhrU,4.725270833333333,48000.0,0.22588488,1.2398287,0.182190403342247,41.076805,0.027940048321106,0.0,0.0,4.0
tikeqh2fmRQ,19.272979166666666,48000.0,0.22657742,1.0494611,0.2158988118171692,30.74754,0.0371526096430547,0.0,0.0,57.0
dHX-Lf_0byk,66.94314583333333,48000.0,0.19429111,1.1859432,0.1638283431529998,27.168774,0.0491061092106835,1.0,0.014938049109458866,41.0
ASr8CLWiVuI,15.4180625,48000.0,0.22569448,1.0042753,0.2247336655855178,48.34771,0.0223140479123443,0.0,0.0,57.0
mIQPzGMPzWU,55.19383333333333,48000.0,0.21131484,1.1574924,0.1825626194477081,71.36009,0.032155514039855,0.0,0.0,27.0
qxZaksQ4ReE,15.836020833333333,48000.0,0.24872501,1.2089747,0.2057321816682815,46.23799,0.0918734874789562,0.0,0.0,32.0
lflUqvBR-HU,21.281104166666665,48000.0,0.026923615,0.58341163,0.0461485758423805,19.578568,0.0331830653494489,0.0,0.0,70.0
xcSnfP5Cu58,26.052791666666668,48000.0,0.10392953,2.0253768,0.0513136759400367,34.34143,0.0482341127711829,4.0,0.15353441010000526,43.0
KTRHbRJAgqQ,36.223145833333334,48000.0,0.03961029,0.3345965,0.1183822527527809,59.530605,0.0091971137919611,0.0,0.0,73.0
p1iJU2Sa4A8,13.606895833333333,48000.0,0.20539749,1.0247273,0.2004411071538925,35.873188,0.0273181114077194,0.0,0.0,4.0
2LzhCA6yQ6I,15.882458333333334,48000.0,0.16416037,0.8349945,0.196600541472435,57.44225,0.0347430637172599,0.0,0.0,4.0
j5Pla9ndsIw,19.413333333333338,48000.0,0.021260623,0.3524955,0.0603145956993103,54.601105,0.0382419944398682,0.0,0.0,78.0
G5cg1lnVCik,4.45825,48000.0,0.11245434,0.49450344,0.227408617734909,51.517975,0.0369925613038277,0.0,0.0,26.0
-wIgPqAnJr4,12.416,48000.0,0.027936785,0.53508765,0.052209734916687,21.969036,0.0323481089055794,0.0,0.0,70.0
AuMHPoqLCIY,87.04,48000.0,0.07567737,0.93008196,0.0813663452863693,26.458864,0.0576656506555569,9.0,0.10340073529411764,24.0
LiqXGVAMxcc,16.137875,48000.0,0.07393496,0.75136006,0.0984015017747879,55.170425,0.0250779055477528,0.0,0.0,61.0
IcjUv4LVPT8,117.30722916666669,48000.0,0.013804086,0.33801067,0.0408391989767551,23.466713,0.0504665177049236,1.0,0.008524623819894588,0.0
qXv7U_izYmA,58.3981875,48000.0,0.05553185,0.83201396,0.0667438879609108,28.32633,0.0288909103881278,15.0,0.256857286880693,2.0
hSttvGW3OOQ,8.335979166666666,48000.0,0.1941422,1.0351075,0.1875575184822082,58.097626,0.0791221677189897,0.0,0.0,58.0
XC46yhkbIWw,26.946770833333332,48000.0,0.19027148,1.0595484,0.1795779019594192,56.204712,0.0609907143475465,0.0,0.0,41.0
oSpxbNPdZ5s,19.736979166666668,48000.0,0.21297431,1.1124101,0.1914530545473098,82.76168,0.0398488675884656,0.0,0.0,27.0
9d-whKaNBJE,7.936,48000.0,0.11653412,0.77899814,0.1495948582887649,98.05524,0.038420197147651,0.0,0.0,31.0
Q7DAzMIKhMM,20.181333333333335,48000.0,0.0620073,0.31479543,0.1969764977693557,42.302097,0.0565258415048864,0.0,0.0,50.0
itysw_vBOtE,24.362666666666662,48000.0,0.11826606,0.760232,0.1555657535791397,39.699974,0.0611806790207877,0.0,0.0,18.0
uAwtn_yG0aY,15.168,48000.0,0.086440586,0.5298307,0.1631475538015365,60.40848,0.0433702180692199,0.0,0.0,55.0
mcEC3rIiPrU,5.027125,48000.0,0.17012334,0.7267534,0.234086737036705,69.321,0.0301192978681144,0.0,0.0,26.0
RoQ7-SboUG8,60.053333333333335,48000.0,0.23418708,1.1634653,0.2012841254472732,45.966877,0.0361379285706357,0.0,0.0,57.0
f_-ECUn8UOs,20.654166666666665,48000.0,0.15715528,1.0310946,0.1524159759283065,26.768017,0.070384847299303,0.0,0.0,58.0
3yE_bilmYpE,53.19691666666667,48000.0,0.023114283,0.50602293,0.0456783287227153,20.691689,0.0233739686184342,3.0,0.05639424590710928,70.0
RMEf7oTRnHY,72.46947916666667,48000.0,0.09280467,0.94415295,0.0982941091060638,73.33309,0.0248232270971302,0.0,0.0,61.0
PAq66ZCDeBw,149.73389583333332,48000.0,0.043341093,0.7439535,0.0582577958703041,20.836143,0.0381406856612409,0.0,0.0,25.0
-aD-naRvNA4,179.85016666666667,48000.0,0.23935801,1.200284,0.1994178146123886,66.68268,0.0411810689701826,0.0,0.0,27.0
_Vhsxe-2Wzg,97.70958333333331,48000.0,0.033683512,0.96545357,0.0348887965083122,24.060635,0.074776747642861,12.0,0.12281292776638254,64.0
Qc2ZvtM5N8I,100.98358333333331,48000.0,0.12536559,1.0453303,0.119929164648056,36.59604,0.036590047561523,26.0,0.2574675916795057,35.0
Dw5uZ0gkhio,6.060416666666667,48000.0,0.066643804,0.57433057,0.1160373613238334,35.072323,0.0356479638071177,0.0,0.0,9.0
wJhMHlglA7A,15.534166666666666,48000.0,0.10821832,0.79965866,0.1353306472301483,59.866234,0.0145850983399107,0.0,0.0,61.0
1SkcTQVKYRw,19.075208333333332,48000.0,0.28228968,1.2112063,0.2330649048089981,52.49653,0.0447889555093627,0.0,0.0,15.0
1DZPsErzgVA,23.173520833333335,48000.0,0.20351325,1.085634,0.1874602735042572,187.87277,0.0446032450816843,0.0,0.0,3.0
8yL4XrjQdg8,7.786666666666667,48000.0,0.09616645,0.6587686,0.145979106426239,48.99691,0.0645579952547879,0.0,0.0,18.0
nyV8yTrl808,9.543416666666667,48000.0,0.061877664,0.61831117,0.1000752821564674,108.36529,0.0326968400837988,0.0,0.0,31.0
1ASAg4rnGOU,59.257333333333335,48000.0,0.19042732,1.3373349,0.1423931419849395,38.184643,0.0505006376833603,1.0,0.016875548455324796,36.0
G4V8eIP7EAI,21.432979166666662,48000.0,0.16698672,0.93537414,0.178523987531662,40.583214,0.0575938666044776,0.0,0.0,41.0
v5qfRqsJXjs,13.3863125,48000.0,0.1961119,0.49666354,0.3948586583137512,51.13746,0.0278094652639442,0.0,0.0,62.0
FZ8FDQH5SQw,15.0233125,48000.0,0.099485025,0.8268157,0.1203230917453765,33.415115,0.0512407680535841,0.0,0.0,22.0
bytK-9iuJ6c,15.04,48000.0,0.3283869,1.2660625,0.2593765258789062,37.753487,0.0268966490963855,0.0,0.0,10.0
Wdv3zcwwA1E,18.752,48000.0,0.2644885,1.0586808,0.2498283684253692,56.017437,0.0398061642801307,0.0,0.0,57.0
B3GgxXhZUbs,27.30666666666667,48000.0,0.1149898,1.041445,0.1104137077927589,183.14957,0.031448477462417,0.0,0.0,33.0
rR7Nnh5YuwA,7.6858125,48000.0,0.08355115,0.9345193,0.0894054919481277,34.378857,0.0353194619018724,2.0,0.2602197230286323,35.0
iovqf_-GR-E,23.684354166666665,48000.0,0.22560222,1.3957582,0.1616341769695282,30.79444,0.061805941510018,0.0,0.0,41.0
lAGnxoZZvqs,46.14966666666667,48000.0,0.11420317,1.170541,0.0975644290447235,27.202953,0.0290817920181419,6.0,0.1300117732883589,35.0
QIprf7bWhkE,58.3053125,48000.0,0.017266389,0.31383047,0.0550182051956653,40.527794,0.0288112731788458,0.0,0.0,70.0
cGlEKWTpFj8,105.06666666666666,48000.0,0.022120425,0.35615444,0.0621090829372406,31.116486,0.0308629338867881,3.0,0.02855329949238579,70.0
4KzuLEFt1Fw,22.697520833333332,48000.0,0.3559194,1.4181905,0.250967264175415,46.992393,0.0462726793791118,0.0,0.0,15.0
jrbOSt_69D8,16.973791666666667,48000.0,0.11234062,0.8678071,0.1294534504413604,35.86133,0.0255090148005653,0.0,0.0,20.0
0ZOD8GKP3mI,4.945854166666667,48000.0,0.06544656,0.8394672,0.0779620260000228,178.21013,0.0068106815732758,0.0,0.0,33.0
5i2I9g8H6Oc,12.109208333333331,48000.0,0.26823106,1.2174512,0.2203218191862106,48.657307,0.0700279558208626,0.0,0.0,15.0
EkI5CwSSMQU,30.836104166666665,48000.0,0.17733979,1.0799133,0.1642166972160339,32.116364,0.0648699628156347,0.0,0.0,58.0
YOdLeJlRL0s,5.9559375,48000.0,0.058624577,0.2599887,0.2254889458417892,58.951546,0.0187433614713774,0.0,0.0,26.0
EtyXqKylzcQ,15.267125,48000.0,0.11582227,0.8385514,0.1381218433380127,36.262115,0.0421879091742318,0.0,0.0,20.0
BYA5N8696kM,36.714666666666666,48000.0,0.020915965,0.23943168,0.0873567163944244,37.164505,0.0314406041243102,0.0,0.0,70.0
1zQdSKjWI5U,11.0759375,48000.0,0.24214965,1.0706494,0.2261708229780197,52.805397,0.0600792716855149,0.0,0.0,15.0
1vGz4t5FH2c,47.6,48000.0,0.021407783,0.5878349,0.0364180207252502,49.7669,0.0308260497773358,2.0,0.04201680672268907,70.0
dFD-WqMgSnc,36.75720833333333,48000.0,0.053948008,0.8752676,0.0616360157728195,54.24355,0.0264687828732588,0.0,0.0,61.0
G_aMOFVF5_4,60.186125,48000.0,0.23420233,1.1313088,0.2070189267396927,35.931458,0.0413608743686868,0.0,0.0,41.0
54D-gfIX6wI,12.086,48000.0,0.108238,1.014856,0.106653556227684,36.142647,0.0332203483245149,0.0,0.0,20.0
5Q8q0GhqJqc,17.941333333333333,48000.0,0.06202684,0.74317586,0.0834618583321571,56.442333,0.0407901974710338,0.0,0.0,61.0
21qS6hmra9o,19.136,48000.0,0.022506952,0.21011502,0.1071172952651977,34.562454,0.0348967400766016,0.0,0.0,50.0
ixcST1MY7f0,26.026666666666667,48000.0,0.31808043,1.3092089,0.242956206202507,51.920685,0.0476391271507578,0.0,0.0,15.0
SZwaDmpxrR4,54.70622916666667,48000.0,0.09813692,0.9141627,0.1073516979813575,28.878521,0.0240004181187853,10.0,0.18279454007941662,35.0
uKUACJtEhyg,16.741604166666665,48000.0,0.11920233,0.5362104,0.2223051339387893,75.73518,0.0445231638136942,0.0,0.0,26.0
v59VpMQ-tY0,54.07929166666667,48000.0,0.051452674,0.721769,0.0712869018316268,70.27156,0.0295163607926528,0.0,0.0,73.0
3AUZNmzwpDQ,15.0233125,48000.0,0.023031155,0.12485048,0.1844698935747146,50.022186,0.0498625604373669,0.0,0.0,50.0
R2Io2wPpyYw,92.416,48000.0,0.1771137,1.325144,0.1336561888456344,30.59272,0.0512059109924985,4.0,0.0432825484764543,36.0
tTrTrjypvbw,14.570541666666667,48000.0,0.06477985,0.5131825,0.1262315958738327,65.52308,0.0204087979273426,0.0,0.0,73.0
VUr2cuwt6cY,108.77866666666668,48000.0,0.056392953,0.49698088,0.1134710684418678,45.22088,0.0617176680158594,31.0,0.2849823494802902,67.0
GFZElm7--4I,5.12,48000.0,0.11387656,1.0008253,0.1137826591730117,64.50808,0.0129866570296257,0.0,0.0,61.0
5RMVjmtd3Qc,177.470125,48000.0,0.20232439,1.1974933,0.1689565926790237,131.81398,0.0724912767929588,0.0,0.0,27.0
SSIWf5bgJcc,60.00097916666667,48000.0,0.03273915,0.6708237,0.0488044060766696,79.727036,0.0312911385198187,0.0,0.0,73.0
cI6OK3LW9bo,25.99475,48000.0,0.17222796,1.0478725,0.1643596440553665,35.07339,0.0436901565063576,0.0,0.0,4.0
d5_AVeBPB-w,49.7139375,48000.0,0.019267065,0.30572826,0.0630202293395996,30.430836,0.0264751939296824,0.0,0.0,70.0
EjxvOjzIZUo,175.27466666666666,48000.0,0.030455643,0.47810254,0.0637010708451271,23.512402,0.0301655776486338,0.0,0.0,70.0
jtG_rymALGc,24.915020833333333,48000.0,0.29103157,1.2403886,0.2346293479204177,190.76553,0.0469696881019905,0.0,0.0,3.0
FQMotyGHs6Y,13.664958333333333,48000.0,0.30762744,1.2241752,0.2512936294078827,51.182858,0.0657317210657176,0.0,0.0,15.0
cxF0qE0aWkQ,59.9075,48000.0,0.010254775,0.219131,0.0467974655330181,20.41557,0.0343619780076108,3.0,0.05007720235362851,70.0
TvTUaK08mFg,18.738520833333332,48000.0,0.36459017,1.3464446,0.270779937505722,33.438026,0.0403822766967842,0.0,0.0,10.0
tBjm07dNphY,30.000979166666667,48000.0,0.22060691,1.1928959,0.184933915734291,44.848637,0.0570455877288482,0.0,0.0,41.0
rSiZaeHW0HA,35.5033125,48000.0,0.09832543,1.1732473,0.0838062241673469,23.449697,0.0242233849316611,5.0,0.14083192941503697,35.0
Py6cmi0qcQ4,11.435833333333331,48000.0,0.11753027,0.8352746,0.1407085508108139,48.088997,0.042864540860904,0.0,0.0,61.0
y_6ON6nRQbU,8.301145833333333,48000.0,0.14766484,1.267257,0.1165232062339782,60.981956,0.0768438101732991,0.0,0.0,28.0
gG7fofIKyJY,26.749395833333335,48000.0,0.069770195,0.88475615,0.0788581073284149,27.443962,0.0283738521107456,6.0,0.22430413147960507,35.0
ibNNL_dDyko,58.24727083333333,48000.0,0.2872258,1.2258323,0.2343108505010604,32.22952,0.0430876685245376,0.0,0.0,15.0
JzbQV07YnGQ,5.0851875,48000.0,0.36970297,1.197953,0.3086122572422027,33.24902,0.021630757009958,0.0,0.0,10.0
k1DfJ4UqJkc,41.389583333333334,48000.0,0.01063839,0.24664965,0.0431315824389457,20.748878,0.0343920602776346,0.0,0.0,70.0
VbPmibKwVuA,11.389395833333332,48000.0,0.04614936,1.0213362,0.045185275375843,23.818386,0.0251021367333801,3.0,0.26340290950463796,2.0
SOUubUp5RX4,11.8421875,48000.0,0.27009532,1.3103653,0.2061221450567245,49.78802,0.0570379303555355,0.0,0.0,15.0
BWq5cjx3uV4,48.57697916666667,48000.0,0.02341831,0.74618447,0.0313840731978416,32.881187,0.1218427337746981,17.0,0.34996000763393154,40.0
DkA8dnvLps0,8.568979166666667,48000.0,0.09313573,0.7867308,0.1183832213282585,23.266872,0.0053741303249378,0.0,0.0,20.0
iPc6ZIdydeo,5.050354166666667,48000.0,0.123642765,0.6357416,0.1944858878850937,37.73277,0.0135668018196202,0.0,0.0,26.0
9lyWdYB2QJQ,21.269479166666667,48000.0,0.006160342,0.15626734,0.0394218116998672,21.151533,0.0315084586466165,1.0,0.04701572578077939,70.0
Evuc72kCJos,23.127083333333335,48000.0,0.040722724,0.58983594,0.069040760397911,24.512962,0.0261598536912171,0.0,0.0,70.0
lR6VGkjbLX4,23.034208333333332,48000.0,0.21982674,1.1329064,0.1940378695726394,29.985535,0.0553376374421296,0.0,0.0,41.0
TubXYVS2MR8,38.30133333333333,48000.0,0.08703699,0.6237385,0.139540821313858,31.043861,0.0440119395711501,0.0,0.0,55.0
_VyII-BeaqI,30.90577083333333,48000.0,0.07782391,0.9965004,0.078097216784954,32.31232,0.0410777974572981,4.0,0.12942566686237805,17.0
CotKCohnCTM,25.194666666666667,48000.0,0.14961733,1.0404437,0.1438014656305313,43.998394,0.034863033286606,0.0,0.0,4.0
eemSoOnmf0E,7.709041666666667,48000.0,0.11591134,0.869689,0.1332790702581405,71.390976,0.0420752560943983,0.0,0.0,31.0
UxiyallgDGc,61.23102083333333,48000.0,0.13696274,1.1229157,0.1219706311821937,28.719406,0.0326668746461853,14.0,0.22864227656937236,35.0
Tei_JT1wdqA,5.8453333333333335,48000.0,0.25861454,1.1269634,0.2294791042804718,51.48725,0.0433111694558287,0.0,0.0,57.0
ZAm5Ql9_bgc,13.061229166666667,48000.0,0.069738366,0.92606324,0.0753062665462493,30.340782,0.027613600127551,5.0,0.38281236292526066,52.0
hWMn4ONlyNY,106.81179166666666,48000.0,0.03520838,0.76009405,0.0463210865855217,34.947277,0.0994604623839125,43.0,0.4025772747468971,40.0
vd4bWner3O8,4.309333333333333,48000.0,0.16603737,0.5535284,0.2999617755413055,47.592247,0.0212046682098765,0.0,0.0,62.0
Ay67HVnGq-k,18.9010625,48000.0,0.12762,1.0413697,0.1225501373410224,37.5056,0.029312306010158,0.0,0.0,20.0
cGSFVGYT2ys,9.067395833333334,48000.0,0.13611433,0.60774803,0.2239650636911392,38.52222,0.0535170020564042,0.0,0.0,55.0
-bPAj82FEwo,14.001645833333331,48000.0,0.07877418,0.6941513,0.1134827211499214,60.329914,0.0299521313309215,0.0,0.0,61.0
H1fJvBFqfPg,24.917333333333332,48000.0,0.12144682,0.5346004,0.2271730899810791,43.613136,0.0592347627834831,0.0,0.0,55.0
nsnJ84-PTRw,6.060416666666667,48000.0,0.2221557,1.038548,0.2139099091291427,30.655165,0.0597891380162565,0.0,0.0,41.0
B_MHzhlkcTI,61.567729166666666,48000.0,0.17913803,1.3396028,0.1337247341871261,28.292751,0.0556613554660429,0.0,0.0,36.0
QcjxmcDZ538,120.07039583333334,48000.0,0.10877885,1.0153315,0.1071362867951393,60.143005,0.0472515452190859,0.0,0.0,61.0
dVbwi5oimwA,13.641729166666666,48000.0,0.19562693,1.1740475,0.1666260808706283,37.076775,0.0535135634528928,0.0,0.0,41.0
AiAX98AgdZI,49.81333333333333,48000.0,0.108738154,0.5710176,0.1904287189245224,36.387978,0.0698688550363947,0.0,0.0,18.0
f1_Jck3-B-w,59.050666666666665,48000.0,0.18001164,0.9855138,0.1826576590538025,41.29614,0.0215473392067003,7.0,0.11854226878612717,4.0
NImS78Ri1mU,65.6544375,48000.0,0.22825997,1.2343891,0.1849173605442047,62.305664,0.0391217505025584,0.0,0.0,27.0
QHwH5En0Tl4,175.96083333333334,48000.0,0.03287426,0.7524251,0.0436910763382911,19.410822,0.0431512820039249,0.0,0.0,25.0
neLALRywe94,17.152,48000.0,0.110485114,1.0049425,0.1099417209625244,36.205574,0.0323330800380671,0.0,0.0,20.0
SoHvS8nlyVw,10.147125,48000.0,0.11133378,1.1229894,0.0991405397653579,27.127758,0.0335344587053571,1.0,0.09855008191975559,20.0
DnAhLbxLlq8,6.037333333333334,48000.0,0.25477818,1.1256461,0.226339504122734,56.80607,0.0480470472332451,0.0,0.0,57.0
i74yY-ZOA1o,18.970708333333334,48000.0,0.12599017,0.5920249,0.2128122746944427,52.401653,0.050117857205593,0.0,0.0,55.0
DJPiUJNEMPA,6.176520833333333,48000.0,0.12622698,0.75128657,0.1680144220590591,41.409473,0.0135371767241379,0.0,0.0,26.0
lV8l3_SsXhY,24.183583333333335,48000.0,0.12326498,0.8446126,0.1459426283836364,44.14102,0.0470698388585758,0.0,0.0,55.0
hofO-95mrlU,6.188125,48000.0,0.10564536,0.6653573,0.158779889345169,51.12547,0.0331989229238382,0.0,0.0,55.0
CnwHxEQKe_s,32.33379166666667,48000.0,0.15587182,0.9533788,0.1634941101074218,30.72388,0.063268334381184,0.0,0.0,58.0
yjgnystv2rQ,60.859520833333335,48000.0,0.1984559,1.0858475,0.1827659010887146,49.030247,0.0432638067385208,0.0,0.0,4.0
BaN7GLVA2s8,71.296875,48000.0,0.2282578,1.2444154,0.1834257245063781,33.428825,0.0438716868455497,0.0,0.0,41.0
H6kNRhofbys,9.47375,48000.0,0.07758571,0.78753626,0.0985170006752014,43.336044,0.0379887206482002,0.0,0.0,61.0
X6bxsWP9D7k,15.04,48000.0,0.2559263,1.108036,0.2309729158878326,50.53204,0.0471791808779234,0.0,0.0,57.0
wFUWbjFG49s,26.218666666666667,48000.0,0.17270447,1.0819292,0.1596264094114303,30.891739,0.0418458421233224,0.0,0.0,4.0
lkp5nyJ6500,22.360833333333332,48000.0,0.09192333,0.3460629,0.2656260728836059,34.325275,0.025811846164163,2.0,0.08944210487086797,26.0
CFJyk4V6hR0,18.808166666666665,48000.0,0.24275373,1.1813655,0.2054857164621353,32.377396,0.0672878689236111,0.0,0.0,41.0
ZPyMaFwiq2Q,16.8576875,48000.0,0.14761192,1.0340968,0.1427447646856308,185.11743,0.0450688844086021,0.0,0.0,33.0
Q_jgGR97ufk,5.015520833333333,48000.0,0.09968795,0.5529147,0.1802953630685806,40.317593,0.0160106488853503,0.0,0.0,26.0
IrX6w3BSKn0,90.44172916666666,48000.0,0.21671908,1.1468605,0.1889672577381134,48.9311,0.0414107878656091,0.0,0.0,41.0
IiX7vqVuT9U,19.413333333333338,48000.0,0.02126091,0.34945264,0.0608406029641628,54.804016,0.0382167893671059,0.0,0.0,78.0
KU9_G_s18n0,27.6781875,48000.0,0.14263126,1.0522169,0.1355531066656112,184.91539,0.040860579238921,0.0,0.0,33.0
3kPAM9ZDnI8,4.435020833333334,48000.0,0.084001735,0.85123026,0.0986827388405799,35.74889,0.0524984506460336,0.0,0.0,56.0
I5NEYTeMfrQ,10.913395833333333,48000.0,0.29233122,1.202543,0.243094190955162,47.556015,0.0468192100524902,0.0,0.0,15.0
lSq7rMTN1zU,47.36,48000.0,0.28420052,1.1929946,0.2382244765758514,46.184677,0.0502323871312767,0.0,0.0,15.0
XvBRprMzGKc,82.91845833333333,48000.0,0.011314725,0.33847165,0.0334288701415061,20.97123,0.0249655929420182,6.0,0.0723602454821328,70.0
wywisekEqgk,28.804354166666663,48000.0,0.35276413,1.1781404,0.2994245290756225,40.585907,0.023710113152536,0.0,0.0,10.0
XLu0Pj-UC_Y,11.4590625,48000.0,0.07416291,0.8293959,0.0894179865717887,28.639004,0.0367768895348837,0.0,0.0,48.0
lADnluF8zS0,102.44645833333334,48000.0,0.033728942,0.9534755,0.0353747345507144,16.166914,0.0618094416970327,0.0,0.0,12.0
Vw0bcwWl6Jg,13.248,48000.0,0.11704263,1.0473114,0.1117553263902664,48.09853,0.0473401045856798,0.0,0.0,61.0
iU9rI0LgMJc,85.77452083333333,48000.0,0.28659618,1.4257493,0.2010144293308258,42.59827,0.0457189598358617,0.0,0.0,15.0
YXFOhHQJtWA,60.10485416666667,48000.0,0.27225122,1.0728278,0.2537697255611419,80.76578,0.0504013697870452,0.0,0.0,27.0
ouBp8JpHGzo,8.335979166666666,48000.0,0.082279876,0.53888273,0.1526860445737838,33.323044,0.0722506393861892,0.0,0.0,21.0
4ECb88B4L8Q,11.157208333333331,48000.0,0.16758344,0.65037286,0.2576728463172912,34.24456,0.0414805658460803,0.0,0.0,26.0
hr16BzHz6Is,31.3005,48000.0,0.08053428,0.267098,0.3015158474445343,124.17046,0.0449228731899488,0.0,0.0,31.0
DRLsqgReeeE,38.38260416666667,48000.0,0.206149,1.159528,0.1777869910001754,32.47051,0.0598728596485134,0.0,0.0,41.0
cdRmq6ZrgWA,23.684354166666665,48000.0,0.18037233,1.0976341,0.1643282920122146,32.488995,0.029789113504615,0.0,0.0,4.0
9sxhUL9zXDk,33.90114583333333,48000.0,0.19093794,1.0149052,0.1881337612867355,29.054298,0.0585028212488203,0.0,0.0,41.0
rVztYAp8pnI,23.010979166666665,48000.0,0.23481442,1.2250206,0.1916820108890533,46.39811,0.0525090144230769,0.0,0.0,41.0
i-rJ9gf1Spk,25.774166666666662,48000.0,0.1942876,1.1001695,0.1765978634357452,187.56126,0.0403410817257964,0.0,0.0,3.0
leJw7LAiVHk,15.0233125,48000.0,0.120211914,0.5325404,0.2257329523563385,63.083347,0.0428159238600071,1.0,0.06656321633461329,26.0
Be1b99roHcY,20.4451875,48000.0,0.23625918,1.0921524,0.2163243740797042,43.03776,0.0218188107231351,0.0,0.0,57.0
yfd0OWKFtQE,21.849979166666667,48000.0,0.14758912,0.9199791,0.1604266017675399,39.929054,0.0163887586170083,0.0,0.0,4.0
INVoE5vQxV8,10.948229166666666,48000.0,0.10709682,0.77316296,0.1385177820920944,54.923534,0.0385437903176728,0.0,0.0,61.0
1Hb5O8_OY0M,7.637333333333333,48000.0,0.070429005,0.22159652,0.3178254067897796,42.304005,0.0515133313720362,0.0,0.0,62.0
TmQhHTT4zL4,23.637916666666666,48000.0,0.13846773,0.9768518,0.1417489647865295,48.98854,0.0608065428366035,0.0,0.0,28.0
yuKNgiLi4r4,32.26414583333333,48000.0,0.16626416,0.9003938,0.1846571564674377,29.554485,0.0510256327479338,0.0,0.0,4.0
20xVXiX4MDI,25.2285,48000.0,0.07733899,0.73885,0.1046748235821724,31.815538,0.0419678353497464,8.0,0.3171016905483877,35.0
eMGY5hthVt0,27.477333333333338,48000.0,0.24770544,1.2320819,0.2010462582111358,50.01863,0.0463509076688009,0.0,0.0,57.0
VhFITHgzMCw,33.309041666666666,48000.0,0.10346593,0.98358685,0.1051924675703048,50.039017,0.0347242547730547,0.0,0.0,61.0
Su5SVaaMSFk,28.177416666666662,48000.0,0.3070703,1.2535294,0.2449645847082138,37.478916,0.0169399587788607,0.0,0.0,57.0
86xr1ZwuRjg,24.578333333333333,48000.0,0.085263446,1.006128,0.0847441405057907,85.02196,0.0449557687093275,0.0,0.0,31.0
ivicmTom1ug,34.911208333333335,48000.0,0.028669672,0.17342094,0.1653183996677398,45.049843,0.0221034911587228,0.0,0.0,50.0
zYowJD14aZ4,38.10395833333333,48000.0,0.17649679,1.0542057,0.1674215942621231,34.63111,0.0605304759655751,0.0,0.0,41.0
_Na0ErA3bJM,13.455979166666667,48000.0,0.08672643,0.846313,0.1024755910038948,30.262112,0.0687439641937401,0.0,0.0,56.0
gpg1bpxDam8,15.476104166666667,48000.0,0.27017352,1.1074455,0.2439610064029693,39.346806,0.0653849311896967,0.0,0.0,15.0
k7skbMy-b3w,6.640916666666667,48000.0,0.012241744,0.13645151,0.0897149816155433,27.931623,0.0237658946127608,0.0,0.0,70.0
BVwFBi9cVLw,21.153395833333335,48000.0,0.06634644,0.9638411,0.0688354521989822,25.744701,0.0344285042055191,6.0,0.28364240178143185,2.0
rXGyJwiHUfk,105.55791666666669,48000.0,0.018317373,0.23430564,0.0781772658228874,26.11295,0.0373061281196322,0.0,0.0,70.0
EIBqTGfx8yQ,54.29333333333334,48000.0,0.013745072,0.29427594,0.0467081069946289,21.378077,0.0339974572161657,1.0,0.018418467583497054,70.0
8sBLvUFVy3s,14.036479166666666,48000.0,0.24313943,1.0955429,0.2219351083040237,46.68247,0.0576004909526975,0.0,0.0,41.0
bF7wxDF-Qdk,31.9855,48000.0,0.17071883,1.0442731,0.1634810119867324,32.407795,0.0301057383711237,0.0,0.0,4.0
yvoQClRUIPI,21.873208333333334,48000.0,0.14596315,1.0266185,0.1421785652637481,38.144135,0.0542889710811799,0.0,0.0,36.0
U1AcJHsAOPo,11.946666666666667,48000.0,0.12647365,0.760232,0.1663619130849838,44.4675,0.0527030134924174,0.0,0.0,18.0
U4UOxTDH0tk,11.242666666666668,48000.0,0.12789638,0.760232,0.1682333648204803,44.66579,0.0528704457938388,0.0,0.0,18.0
grDgg4ft0Jk,3.4365625,48000.0,0.092074186,0.62648094,0.1469704508781433,46.13323,0.0573586856617647,0.0,0.0,18.0
0eAktzjID6k,82.70947916666667,48000.0,0.031163102,0.5695435,0.0547159314155578,22.730276,0.0252337201805286,0.0,0.0,70.0
hSg-0j7zpqE,15.1278125,48000.0,0.23227617,1.0969185,0.2117533683776855,43.524963,0.0922263147463002,0.0,0.0,32.0
lz9siymHrWk,22.604645833333333,48000.0,0.31573525,1.2517223,0.2522406578063965,33.37058,0.047815632370283,0.0,0.0,15.0
kYm6BA-ph5w,87.808,48000.0,0.025490949,0.62922335,0.0405117645859718,25.743702,0.0447456121705332,0.0,0.0,25.0
JEcmjGW6NZ8,9.926541666666669,48000.0,0.11843372,0.869689,0.1361794024705886,71.56209,0.0448594631109022,0.0,0.0,31.0
4RjoXTXOMPc,58.4098125,48000.0,0.24768977,1.4905427,0.1661742180585861,29.165714,0.0377658261618882,0.0,0.0,41.0
s_sT7H7UMt0,10.808895833333333,48000.0,0.12486202,1.0439943,0.1196002885699272,56.015316,0.0156615970167652,0.0,0.0,61.0
pWls0wRvAZQ,57.504979166666665,48000.0,0.18038917,1.161519,0.1553045213222503,31.270655,0.0386033779789503,0.0,0.0,4.0
Lqbq_W2PIJg,62.10177083333333,48000.0,0.19732755,1.306507,0.1510344445705413,29.39198,0.0530020366434827,0.0,0.0,41.0
MyJWHw2zrjU,43.595479166666664,48000.0,0.093312435,0.8998293,0.1037001460790634,41.71791,0.0175574614343811,0.0,0.0,20.0
zai7_asfJvw,6.257791666666667,48000.0,0.12606339,0.91120505,0.1383479982614517,39.10241,0.0320826567823679,0.0,0.0,20.0
LryxGA71JTc,107.34933333333332,48000.0,0.023328513,0.6711173,0.0347607098519802,21.57894,0.0483167516610779,0.0,0.0,25.0
clKE3S2PtCk,13.281833333333331,48000.0,0.06461879,0.77932346,0.0829165205359458,53.60463,0.0311869074789325,0.0,0.0,61.0
MGCfvwIiRg4,26.29660416666667,48000.0,0.0775932,0.98678774,0.0786321088671684,58.07656,0.0395345448094079,0.0,0.0,61.0
c-3SorZCq3I,19.144854166666665,48000.0,0.10289744,1.092131,0.0942171216011047,43.965435,0.0447388035341225,0.0,0.0,61.0
oPz0jXlg2PI,31.137979166666668,48000.0,0.16158915,1.0759172,0.1501873433589935,39.749046,0.0379162095997431,0.0,0.0,4.0
8m5sqt75Kjc,8.347583333333333,48000.0,0.04821742,0.29165608,0.165322870016098,32.705406,0.0409040000399106,0.0,0.0,50.0
XdbP65jX-bs,14.860791666666668,48000.0,0.11612813,0.85460424,0.1358852684497833,37.901497,0.0418688912302726,0.0,0.0,20.0
p_DCPWNUspE,18.390208333333337,48000.0,0.12427197,0.9109789,0.1364158540964126,52.347984,0.0553207087862318,0.0,0.0,28.0
kGI371jvj_s,58.81614583333333,48000.0,0.13196102,1.0477488,0.1259471923112869,184.24957,0.0442860026631913,0.0,0.0,33.0
eDzO8uc7KDY,10.1006875,48000.0,0.01707945,0.23074755,0.0740179046988487,28.643787,0.0205810289070749,0.0,0.0,70.0
bsvX3HxDPTg,39.808,48000.0,0.052654166,0.7519818,0.0700205340981483,33.270184,0.0380928699688588,12.0,0.30144694533762056,19.0
mx2ji6aqNu8,10.133333333333333,48000.0,0.114362895,0.86906946,0.1315923482179641,56.85447,0.0417904056585173,0.0,0.0,61.0
0y_Jyyk_LuE,6.060416666666667,48000.0,0.15219308,1.0478895,0.1452377289533615,33.622597,0.0468895883677504,0.0,0.0,36.0
mqrZlP_CL8Y,11.9350625,48000.0,0.24710259,1.047,0.2360101044178009,46.870426,0.0221205805965147,0.0,0.0,57.0
wYAbhOnX_KA,39.35783333333333,48000.0,0.054992415,1.0261462,0.0535912103950977,32.431843,0.1125121739498645,11.0,0.2794869297513837,40.0
895EsHSbTRI,8.904979166666667,48000.0,0.22498743,1.045706,0.215153619647026,87.89504,0.0160507110778443,0.0,0.0,27.0
3CS2uIMiSNY,5.056,48000.0,0.055730626,0.5074781,0.1098187789320945,46.84324,0.0159786184210526,0.0,0.0,9.0
N5XcLZRLPLE,188.290625,48000.0,0.28536168,1.6732488,0.1705434918403625,32.0137,0.0578969403217583,1.0,0.005310938874412892,15.0
XwJkUxPAtF0,20.654166666666665,48000.0,0.16830893,1.0709448,0.1571592986583709,36.70566,0.0342969052497418,0.0,0.0,4.0
VVvp79nhxBk,7.1053125,48000.0,0.11008037,0.49446756,0.2226240485906601,30.326263,0.0434321413511994,0.0,0.0,55.0
U32ZdMcsGxM,6.5364375,48000.0,0.093958214,1.0260592,0.0915719270706176,58.484367,0.0690945847777324,0.0,0.0,28.0
RUXke3NqlwQ,22.244729166666666,48000.0,0.06784724,0.60195744,0.1127110198140144,34.19636,0.0326198091442953,0.0,0.0,9.0
kkP89BIq-A4,12.492354166666669,48000.0,0.07496248,0.37896195,0.1978100538253784,55.14622,0.0371493707337884,0.0,0.0,26.0
pAeFWiviBkQ,55.751125,48000.0,0.076328024,1.0394228,0.0734330862760543,80.91328,0.0475964455890089,0.0,0.0,31.0
V5LXBwFjx5U,33.13489583333333,48000.0,0.19871505,1.1387925,0.1744962632656097,37.138542,0.0387653194902639,0.0,0.0,4.0
uod0W8kvZ34,30.016,48000.0,0.10054106,0.8393875,0.1197790801525116,49.438534,0.0311268455817051,0.0,0.0,61.0
71Psbsk-1Sg,30.151125,48000.0,0.022364939,0.29143098,0.076741799712181,24.36637,0.031619622170145,0.0,0.0,70.0
x801bY6n5kU,17.1015,48000.0,0.24338013,1.1100774,0.2192460894584655,48.732067,0.0527748621610037,0.0,0.0,57.0
I-5GswXrwWQ,65.96789583333333,48000.0,0.094947405,0.9530812,0.0996215268969535,91.74004,0.0334893043906628,0.0,0.0,31.0
YJc8oX2hgmI,15.371625,48000.0,0.11178792,0.9604912,0.116386204957962,31.082247,0.0402930229282246,0.0,0.0,20.0
lOJ_f4tLNOQ,14.048083333333333,48000.0,0.061931893,0.65304065,0.0948361977934837,30.714901,0.0265424204523899,0.0,0.0,9.0
VUKA1i5XuPA,18.986666666666668,48000.0,0.03526362,0.2379184,0.1482172906398773,30.183147,0.0383335051410724,0.0,0.0,50.0
59OuLcAKTfs,25.9483125,48000.0,0.087399274,0.9846163,0.0887648090720176,180.7655,0.040462319859741,0.0,0.0,33.0
JdW5E4BxLLQ,29.733166666666666,48000.0,0.1687175,1.1121278,0.1517069339752197,30.744564,0.0643466418579627,0.0,0.0,58.0
2e5_5qT6zfg,29.315208333333334,48000.0,0.23855343,1.0902009,0.2188160270452499,36.313316,0.0426992983243906,0.0,0.0,57.0
duW8euurJxk,71.21066666666667,48000.0,0.031653225,0.6808383,0.0464915484189987,36.388336,0.0888217013628875,16.0,0.22468544038346314,30.0
yR74Q2y1UOs,31.381770833333334,48000.0,0.18214798,1.0641253,0.1711715459823608,36.7726,0.0488248067448182,0.0,0.0,41.0
hWjIbd1b5Iw,45.534333333333336,48000.0,0.1998701,1.157069,0.1727382689714431,28.881025,0.0613177851955961,0.0,0.0,41.0
PT0h0VKiKgc,260.0170625,48000.0,0.06552537,0.52053535,0.1258807331323623,178.25491,0.048017955097274,0.0,0.0,69.0
ZfDbHKRP-ms,27.086083333333335,48000.0,0.021434952,0.42169583,0.0508303605020046,23.43594,0.0364159771776574,0.0,0.0,70.0
AFXz7jLvttI,25.507125,48000.0,0.081036404,0.8142762,0.0995195508003234,31.37677,0.0363745035535117,8.0,0.31363785608923,35.0
px6mDul9f98,18.111583333333332,48000.0,0.32575813,1.1352427,0.2869502007961273,55.88741,0.0434708342535335,0.0,0.0,15.0
ve-a7rqTn3s,9.8685,48000.0,0.091817476,0.50721943,0.1810212135314941,41.82169,0.0226101638431425,0.0,0.0,26.0
EKTC5Vlb10Y,10.147125,48000.0,0.034633443,0.3277977,0.1056549251079559,56.113525,0.0300498128939075,0.0,0.0,73.0
S-yFHBKyemI,23.3825,48000.0,0.07220282,0.41868538,0.1724512428045272,68.03156,0.0392219205996352,0.0,0.0,50.0
EKRzhlZdX9Q,29.675104166666667,48000.0,0.11931025,0.7663981,0.1556766033172607,36.5537,0.0646462969929033,0.0,0.0,18.0
1oGT7Nxtb2o,25.298145833333333,48000.0,0.1472994,1.0494114,0.1403638124465942,33.384937,0.0352499127186973,5.0,0.19764294319988868,35.0
bhYnwa_YHLc,29.210708333333333,48000.0,0.008796133,0.19876435,0.0442540757358074,28.287258,0.0378524039339174,0.0,0.0,70.0
VgF-vES9gss,5.027125,48000.0,0.14624012,0.5965543,0.2451413422822952,35.917797,0.0147332660222457,0.0,0.0,26.0
F7o8nLG4i-M,12.4226875,48000.0,0.25188836,1.1897998,0.2117065191268921,32.917244,0.0379501408261802,1.0,0.08049787938398997,57.0
FGKHctQ9Eeo,27.584,48000.0,0.20508306,1.1775723,0.17415751516819,39.50228,0.0360710931460185,0.0,0.0,4.0
S62Rd5iIqvM,26.192125,48000.0,0.28335434,1.1300164,0.2507524192333221,61.07318,0.0437200589754682,0.0,0.0,57.0
B-9PpS8fFAA,34.911208333333335,48000.0,0.045717157,0.7342839,0.0622608736157417,97.63149,0.0258956149270546,0.0,0.0,73.0
Gf2vuTZGKRw,4.394666666666667,48000.0,0.117817074,0.8114091,0.1452005803585052,42.54848,0.036773607748184,0.0,0.0,55.0
syfL6K2ydIE,11.157333333333334,48000.0,0.12731606,0.760232,0.1674700081348419,43.40618,0.0532016699498567,0.0,0.0,18.0
IdfMZiLDOfM,11.923458333333333,48000.0,0.24767664,1.0405858,0.2380165606737136,37.080444,0.0395953292710196,0.0,0.0,57.0
9fvcl2xWI8c,72.9455,48000.0,0.12488291,1.0824562,0.115369938313961,27.987072,0.0255402008471633,16.0,0.21934183739915417,35.0
v_hlKgFoa08,72.2140625,48000.0,0.05244484,1.0669156,0.0491555668413639,52.63821,0.0089626399580933,6.0,0.08308631023216566,48.0
xMkH93h9i18,27.759458333333335,48000.0,0.21638606,1.0890176,0.1986984014511108,39.22383,0.0493415425110449,0.0,0.0,41.0
6PTLwmTIA_Y,5.027125,48000.0,0.09231111,0.5490786,0.1681200265884399,36.253426,0.0870919954978813,0.0,0.0,23.0
QoJAt98B3BM,20.282645833333333,48000.0,0.25880378,1.1589932,0.2233005166053772,50.44194,0.0247429206920347,1.0,0.04930323234045526,57.0
CbAojmwoXwA,21.130166666666668,48000.0,0.05913799,0.8775953,0.0673864036798477,34.581345,0.0409453775713023,9.0,0.4259313304043981,52.0
KkiLIHzjjoQ,9.152,48000.0,0.09351984,0.5659169,0.1652536541223526,46.932358,0.0624408832945285,0.0,0.0,18.0
ZYcJZJ5xzOk,49.9,48000.0,0.072628945,0.96310556,0.0754112005233764,25.482998,0.0078355626536118,2.0,0.04008016032064128,48.0
bCIov_HSTSc,6.336,48000.0,0.12999682,1.1394143,0.1140909120440483,41.780014,0.0801355698529411,0.0,0.0,76.0
nMCSCOlzN2U,8.0225,48000.0,0.16597341,1.1414487,0.1454059183597564,28.585522,0.0782786821464143,0.0,0.0,58.0
bYUcR7TnS3A,28.781145833333333,48000.0,0.264992,1.1807781,0.2244215011596679,31.265173,0.0651132725662282,0.0,0.0,15.0
aYbgx-FR-hg,94.31945833333332,48000.0,0.11804687,1.0557452,0.1118137836456298,37.03037,0.0414756353012269,28.0,0.296863452089022,35.0
WRTKQeFUmPg,4.841375,48000.0,0.028477974,0.14928184,0.1907664984464645,31.925982,0.0212423853937224,0.0,0.0,50.0
__lW3u36jPw,29.675104166666667,48000.0,0.0430869,0.4495902,0.0958359465003013,30.22084,0.0202693740455443,0.0,0.0,9.0
0e7DA1JPp60,55.77433333333333,48000.0,0.20849374,1.1259531,0.1851708889007568,74.26103,0.0712076356019315,0.0,0.0,27.0
ObvjBMcC6DU,30.592291666666668,48000.0,0.16783863,1.0733484,0.1563691943883896,43.32565,0.0441851132254269,0.0,0.0,4.0
eM22HrVkIs8,17.763270833333333,48000.0,0.0643287,1.3597667,0.0473086312413215,38.791706,0.036128416210234,1.0,0.056295938365330145,53.0
ek0_DTt0M0E,9.47375,48000.0,0.14657795,0.967728,0.1514660716056823,33.859837,0.0320689283956692,0.0,0.0,4.0
ecp_trTnSsc,34.60935416666667,48000.0,0.09418637,0.90306246,0.1042966321110725,51.122215,0.027728657068567,0.0,0.0,61.0
jKjWhUFXgTY,37.013333333333335,48000.0,0.2741408,1.203568,0.2277734279632568,45.98722,0.049933545357966,0.0,0.0,15.0
YOQYGH9Q0Xc,8.010895833333333,48000.0,0.115746625,0.7089478,0.1632653772830963,33.146782,0.0313051913646941,0.0,0.0,55.0
UFSRsFFdXmk,73.64210416666667,48000.0,0.119352125,1.190251,0.1002747565507888,34.057316,0.046197248085349,5.0,0.06789594154838392,1.0
OtBkS5xFTEw,55.70497916666667,48000.0,0.21239758,1.2578042,0.1688637882471084,26.711073,0.0469107119351905,1.0,0.01795171661420153,41.0
K7Cr2lPX7o8,22.337604166666665,48000.0,0.11778105,0.53254914,0.221164658665657,80.74257,0.0794665498210023,0.0,0.0,23.0
uKNltF8s7VU,6.489979166666667,48000.0,0.11042406,0.59460604,0.185709610581398,46.61724,0.0100598765907224,0.0,0.0,26.0
R2MXDZ6xd7c,33.84310416666667,48000.0,0.2873734,1.1544199,0.2489331662654876,45.359436,0.0563271585939962,0.0,0.0,15.0
LeKzy0Rxh48,86.23891666666667,48000.0,0.026904713,0.56150126,0.0479156784713268,20.574715,0.0327399674358379,0.0,0.0,70.0
QupPqqoTzlk,25.158833333333337,48000.0,0.2902977,1.251499,0.2319599688053131,43.910023,0.0578666062817931,0.0,0.0,15.0
_yhg2DIWX9E,7.291083333333333,48000.0,0.05025686,0.3773877,0.1331703662872314,32.10356,0.0605818542123538,0.0,0.0,21.0
5NPQoFvLUOg,12.689708333333334,48000.0,0.19376402,1.164881,0.1663380414247512,27.793392,0.0346954602153361,0.0,0.0,4.0
UofZANbcfhM,30.63875,48000.0,0.104287796,0.97893894,0.1065314635634422,49.302326,0.0331796711843021,0.0,0.0,61.0
d_mZSjVRp08,8.289541666666667,48000.0,0.12921397,0.8983019,0.1438424736261367,53.102947,0.0611882933001285,0.0,0.0,28.0
asIKJLM0jco,18.239291666666663,48000.0,0.33083072,1.1136379,0.2970720827579498,50.3941,0.046894988121345,0.0,0.0,15.0
7gbpQe8sPI8,15.104,48000.0,0.08352688,0.8634628,0.0967347770929336,33.623806,0.0388237004895906,0.0,0.0,53.0
zWY2ySJ1qbQ,95.56,48000.0,0.055028576,0.8556504,0.0643119812011718,40.020805,0.038737015501172,36.0,0.37672666387609877,52.0
D_QnUhWOg_A,30.499416666666665,48000.0,0.066403925,0.7754986,0.0856273919343948,84.11882,0.0427797544252622,0.0,0.0,31.0
YIqAkD1o4qQ,37.511854166666666,48000.0,0.22613797,1.0664333,0.2120507359504699,42.944702,0.0350736434194626,0.0,0.0,57.0
WxFFDbDSqAc,79.43547916666667,48000.0,0.055329487,0.6389259,0.0865976586937904,47.026566,0.0595636255118823,27.0,0.339898497286713,67.0
Dg3TwW41brU,40.37952083333333,48000.0,0.18685369,1.053835,0.1773082911968231,33.591885,0.0573245540725699,0.0,0.0,41.0
WuL2sQELG6U,16.207541666666668,48000.0,0.19262609,1.2967074,0.1485501527786255,33.1064,0.0689067639802631,0.0,0.0,58.0
EBk2UKn8fBA,18.088354166666665,48000.0,0.27342096,1.4872936,0.1838379204273224,38.246353,0.0819918074697818,0.0,0.0,32.0
sMgacqfFGxc,9.792,48000.0,0.16248298,0.9330976,0.1741328835487365,43.89396,0.0511202308895538,0.0,0.0,4.0
N6YkVJ4uCM8,29.9073125,48000.0,0.041436333,1.0400186,0.0398419164121151,27.530209,0.0446751223141048,0.0,0.0,12.0
OjrhyIGLq70,18.944,48000.0,0.102216154,0.80107915,0.1275980770587921,44.440887,0.0423004888857625,0.0,0.0,61.0
lX5y9_mRHn8,45.27891666666667,48000.0,0.20086935,1.1328844,0.177307903766632,32.016872,0.0592474372423439,0.0,0.0,41.0
0CGhcrFpcv4,23.521833333333333,48000.0,0.25343236,1.1891832,0.2131146490573883,49.571075,0.0583203921832502,0.0,0.0,15.0
sWKkN3A4tmo,36.992,48000.0,0.09260872,1.0130534,0.0914154350757598,44.06192,0.0266159026826895,0.0,0.0,61.0
h-klz4uvuzk,28.514125,48000.0,0.03771497,0.6734313,0.0560041852295398,41.015488,0.0911455289944839,9.0,0.3156330415188963,40.0
Q8vSQOp3avQ,32.368625,48000.0,0.1555892,0.9639391,0.16140978038311,32.115498,0.0608979226729818,0.0,0.0,36.0
nVKC4FW_0og,44.2108125,48000.0,0.012709952,0.3463192,0.0367001071572303,30.24768,0.0431786697074788,0.0,0.0,70.0
fAfntmK2ZYs,21.873208333333334,48000.0,0.102494694,1.0050983,0.1019747927784919,182.09521,0.0450918568686006,0.0,0.0,33.0
iWEwd_MNivU,17.217604166666668,48000.0,0.042229608,0.53185606,0.0794004425406456,40.803165,0.0315862035603715,0.0,0.0,9.0
bp7gHJdjJ68,5.226666666666667,48000.0,0.091188006,0.89377606,0.1020255610346794,34.566097,0.0296429480651731,0.0,0.0,20.0
P7spn4W14xw,23.289625,48000.0,0.18657976,1.0203211,0.1828637719154358,43.70766,0.0365365835336538,0.0,0.0,4.0
ltRTgG9_Nzk,21.385583333333333,48000.0,0.27784967,1.1554118,0.2404767423868179,41.174965,0.0402984238622194,0.0,0.0,57.0
4ixCxm4DeDs,77.48266666666666,48000.0,0.016573578,0.23660973,0.0700460523366928,29.575367,0.0335868273614934,0.0,0.0,70.0
c8umYnocmRE,38.12716666666667,48000.0,0.24091774,1.0846002,0.222125843167305,42.665554,0.0328120902534965,0.0,0.0,57.0
7pznVuSArfY,29.269333333333332,48000.0,0.17149016,1.0360861,0.1655172854661941,49.722523,0.0454146032559198,0.0,0.0,4.0
eZxexrXNWGE,22.476916666666668,48000.0,0.12566824,0.97220176,0.1292614787817001,54.66434,0.0405241008953984,0.0,0.0,61.0
2cU8gtVX7U4,83.35964583333333,48000.0,0.17666063,1.1081505,0.1594193428754806,88.26843,0.0418960307701535,0.0,0.0,27.0
P4ucE-u6ERQ,16.78933333333333,48000.0,0.27918705,1.09828,0.2542039155960083,66.84189,0.0444928075396825,0.0,0.0,57.0
1YiGt5qsbQU,5.050354166666667,48000.0,0.123642765,0.6357416,0.1944858878850937,37.73277,0.0135668018196202,0.0,0.0,26.0
ANUOTun97eU,11.122375,48000.0,0.12559801,0.9871216,0.1272366195917129,36.56668,0.0128081368348513,0.0,0.0,20.0
4j2-uhJ79S4,23.870125,48000.0,0.10166182,1.0636321,0.095579870045185,30.455187,0.0431155834590035,6.0,0.2513602253863354,35.0
EtLQS9kM2F0,16.346854166666667,48000.0,0.048675936,0.43076235,0.1129995137453079,41.94409,0.0408496794479778,0.0,0.0,9.0
UgvzGyEyb40,20.87475,48000.0,0.05459362,0.6744641,0.0809436962008476,66.204994,0.036803139364147,0.0,0.0,78.0
rPlffwaN9m0,19.307395833333334,48000.0,0.0911047,0.5227024,0.1742955446243286,32.311802,0.0644620224496134,0.0,0.0,18.0
B0tPi-Ywnf8,25.34497916666667,48000.0,0.09313347,0.5581409,0.166863739490509,62.943245,0.0687870576093815,0.0,0.0,23.0
Owp5TdsXvwc,8.811979166666667,48000.0,0.26366708,1.24962,0.2109978049993515,36.96855,0.0546550266399637,0.0,0.0,15.0
dEeWvlXbazg,23.278020833333333,48000.0,0.22043642,1.1482185,0.1919812560081482,37.588608,0.0368080855617269,1.0,0.042958978650282593,4.0
Vwymfnl9XBA,29.686729166666662,48000.0,0.21508116,1.1536634,0.18643319606781,40.548214,0.0389388511920797,0.0,0.0,4.0
9EpQrz0mJ4U,39.334604166666665,48000.0,0.027974602,0.95033354,0.0294366143643856,28.913036,0.1024138146522505,6.0,0.15253744449993936,8.0
_4YkOYZfwP4,26.026666666666667,48000.0,0.38827765,1.4219973,0.2730509042739868,43.25521,0.0832156470836747,0.0,0.0,15.0
WA5EdJkpUjU,15.424,48000.0,0.16263327,0.77766705,0.2091296911239624,44.623848,0.0850223522805805,0.0,0.0,58.0
gTVHaYNEN8o,9.6130625,48000.0,0.121720925,0.6687075,0.1820241659879684,41.842236,0.0477963466601995,0.0,0.0,55.0
KGkrpiIyo6Y,30.53425,48000.0,0.03545232,0.49920467,0.0710176080465316,38.43004,0.0356718190599895,0.0,0.0,9.0
903bWB5z8QA,89.01370833333333,48000.0,0.023883065,0.73057556,0.0326907522976398,49.493412,0.0410315968165887,0.0,0.0,25.0
mHsrq_wDOGA,7.743875,48000.0,0.2148521,1.178931,0.1822431534528732,38.839233,0.037353515625,0.0,0.0,4.0
gYGYPPwbP7k,44.16435416666667,48000.0,0.09014397,1.0774252,0.0836661010980606,25.695564,0.0471845238544433,4.0,0.09057077988517323,1.0
nIMrtDNqSis,40.286625,48000.0,0.016904509,0.33489096,0.0504776500165462,29.81485,0.0401817848987291,0.0,0.0,70.0
JLJZi_h--yU,12.190479166666666,48000.0,0.32444066,1.2445977,0.26067915558815,41.894005,0.046622529117454,0.0,0.0,15.0
O48R_3mML3I,11.238458333333334,48000.0,0.072313756,0.8458611,0.0854912921786308,43.9241,0.0314084366105313,0.0,0.0,61.0
i6sb-G9Buc8,110.34122916666666,48000.0,0.029028423,0.4830083,0.060099221765995,24.222912,0.0549108491420976,0.0,0.0,42.0
_VecZymwtmM,30.011791666666667,48000.0,0.19757208,1.2802398,0.1543242782354354,56.077747,0.0573919603988983,0.0,0.0,41.0
LG6N15C0Xhk,3.517833333333334,48000.0,0.060964737,0.25269884,0.241254523396492,35.225197,0.0160629734848484,0.0,0.0,26.0
e1wTpbVxnZo,37.709208333333336,48000.0,0.20138158,1.1094075,0.1815217286348343,66.90362,0.0417425233314479,0.0,0.0,27.0
ZuANkEuvoZ4,32.064,48000.0,0.1057216,0.7954216,0.132912665605545,68.53476,0.0338365753346358,0.0,0.0,31.0
h4Jg_MX8IUg,19.221333333333337,48000.0,0.044652246,0.49666578,0.0899040102958679,26.724424,0.0311771504957016,0.0,0.0,9.0
_mgKEUtd1Wc,4.527895833333333,48000.0,0.13573468,0.7226888,0.1878189891576767,36.173454,0.037004825367647,0.0,0.0,55.0
zoLyQtPr2jA,15.058145833333333,48000.0,0.29281047,1.3499861,0.216898888349533,50.8052,0.0606848524920325,0.0,0.0,15.0
8G60ahci4is,14.2570625,48000.0,0.045508206,0.32745826,0.1389740705490112,25.212727,0.0109054348588257,0.0,0.0,9.0
F9mcf8yXbPE,6.269395833333333,48000.0,0.18063848,1.0394136,0.173788845539093,31.010925,0.0413511107568027,0.0,0.0,4.0
iG93nzD3bHY,15.0233125,48000.0,0.05971825,0.81296784,0.0734570920467376,29.367723,0.0333621889416252,0.0,0.0,48.0
kQ8CLr-6gDc,13.444354166666669,48000.0,0.101326056,1.0140588,0.099921278655529,61.188427,0.0483712083663758,0.0,0.0,61.0
andnLjwh8CI,180.18685416666668,48000.0,0.011555077,0.9387711,0.0123087260872125,20.269106,0.0436804040967412,103.0,0.571628826510998,52.0
y0r7PjGFB9M,40.356291666666664,48000.0,0.029181683,0.5004183,0.0583145804703235,28.34063,0.0270281221095401,1.0,0.02477928369285665,70.0
aLLISIOrH3c,87.4811875,48000.0,0.09649291,1.0943036,0.0881774574518203,33.5464,0.0294164747355827,27.0,0.30863778569535305,35.0
gEDkhg76qdM,5.166458333333333,48000.0,0.038635425,0.23738939,0.1627512723207473,57.02391,0.0109656894329896,1.0,0.1935561917819267,73.0
ugTt8KFhdI0,28.676645833333332,48000.0,0.2011154,1.0168729,0.1977783143520355,28.6282,0.0504770956326701,0.0,0.0,41.0
HKGSRwWsLMs,19.71375,48000.0,0.050130956,0.32650197,0.1535395234823227,37.20038,0.0360636239183342,0.0,0.0,50.0
DoE1bj3fqS8,7.453625,48000.0,0.116051026,0.869689,0.133439689874649,71.40004,0.0412629090665236,0.0,0.0,31.0
fhZFETA6VUM,19.586041666666667,48000.0,0.03462022,0.6779622,0.051065120846033,23.8064,0.0339298320971693,0.0,0.0,25.0
CMUaY6TZz7k,11.006270833333334,48000.0,0.12710595,1.0414284,0.1220496222376823,34.34918,0.0491493875666182,0.0,0.0,36.0
nFkzzCpR7-M,15.000979166666667,48000.0,0.11397589,0.74346983,0.1533026397228241,48.02021,0.0341835049084932,0.0,0.0,55.0
Fv2CawW_xW0,29.6635,48000.0,0.21088976,1.0743141,0.1963017582893371,188.16444,0.0469789419273642,0.0,0.0,3.0
OTOUuxll3qM,18.332166666666662,48000.0,0.11734009,0.94989234,0.1235298812389373,27.51641,0.0240882576170738,0.0,0.0,20.0
4zZKfdjJcjE,6.489979166666667,48000.0,0.24816103,1.0375054,0.2391901165246963,43.11857,0.0835818837233169,0.0,0.0,32.0
dAcWgfGrn3U,57.457791666666665,48000.0,0.117103316,1.062138,0.1102524548768997,55.799713,0.0353093420793113,0.0,0.0,61.0
V_ZZIOImReg,10.048,48000.0,0.11692631,0.846667,0.1381018906831741,58.355743,0.0397791291092258,0.0,0.0,61.0
bQQ9pzVyjJU,25.386666666666667,48000.0,0.019814124,0.355552,0.0557277835905551,24.659739,0.0410080372611297,0.0,0.0,70.0
GVSuT5Dn8EU,12.364645833333332,48000.0,0.10030292,0.84099746,0.1192666143178939,40.207172,0.055054131869612,0.0,0.0,18.0
EQmde03J41Y,20.863145833333338,48000.0,0.4705428,1.2967598,0.3628603816032409,54.93155,0.0161537217216257,1.0,0.047931410152072376,10.0
Vc2dUrxRKN4,7.116916666666667,48000.0,0.059774857,0.41035312,0.1456668674945831,33.39058,0.0257202879397455,0.0,0.0,9.0
pUfLK1jrglg,85.8441875,48000.0,0.03021678,0.38939762,0.0775987803936004,34.001556,0.0183896013567035,1.0,0.011649012345768896,70.0
HDgjOUbnI10,,,,,,,,,,
u4y-4rBIPUQ,,,,,,,,,,
0C3lpoaCu7c,,,,,,,,,,
jG6b_cqJW-g,,,,,,,,,,
qpyLckxirXM,,,,,,,,,,
4q-_1JD2vGc,,,,,,,,,,
SEdosmxc1-U,,,,,,,,,,
CN23owcVjS4,,,,,,,,,,
2tjTeG9ZhTY,,,,,,,,,,
4_WE4TsU1ys,,,,,,,,,,
qYYRlyDMjrE,,,,,,,,,,
6xxi70O9EpI,,,,,,,,,,
axuEcDA13Rg,,,,,,,,,,
rnfO2ZJlOs8,,,,,,,,,,
-YCaIZ0geac,,,,,,,,,,
CKlHsYQ81WU,,,,,,,,,,
azGFIxktV-I,,,,,,,,,,
sweOddUh-zo,,,,,,,,,,
6bDY7VRI7sY,,,,,,,,,,
PeO-01gRTDI,,,,,,,,,,
JXcWoRrSYbQ,,,,,,,,,,
5jK4ccLczAA,,,,,,,,,,
mDu7IGbtZAY,,,,,,,,,,
dEnGq2aGURM,,,,,,,,,,
LJ8xrO3dKoM,,,,,,,,,,
oDDk-8FHwnk,,,,,,,,,,
ndv7SDaMBQg,,,,,,,,,,
d1dxvXd66Xc,,,,,,,,,,
n7ct0UdtTlM,,,,,,,,,,
ZI5oNApyXNs,,,,,,,,,,
HpYRSL662qM,,,,,,,,,,
pwgPvk9IEAs,,,,,,,,,,
3Llfu0gsBiM,,,,,,,,,,
CNOnnPUDOOg,,,,,,,,,,
9hFAy9SjRS0,,,,,,,,,,
AIJ3q4Kz61g,,,,,,,,,,
TwbNjNuLtpU,,,,,,,,,,
BcUqALMQBl0,,,,,,,,,,
lVCg2cpUD1k,,,,,,,,,,
8SuVwgNmYuM,,,,,,,,,,
4Aegg62pnUM,,,,,,,,,,
TfobYyj8450,,,,,,,,,,
tXDYbLktjc8,,,,,,,,,,
VTJ7Jh3irbU,,,,,,,,,,
PnobetspWm8,,,,,,,,,,
Cqg4SJnwL1A,,,,,,,,,,
4Jfy5uDQyQg,,,,,,,,,,
Rd7Jyrvz5zs,,,,,,,,,,
ocAZWCW_dac,,,,,,,,,,
HrzvDdfYwo4,,,,,,,,,,
5wEbAimX6TQ,,,,,,,,,,
R3YFPvAG_tI,,,,,,,,,,
gP3NtzfQMSE,,,,,,,,,,
qRhR2VJi00o,,,,,,,,,,
7u2ii0LhO2Q,,,,,,,,,,
QnMmUFPPjSM,,,,,,,,,,
_kk7jVtacT8,,,,,,,,,,
40oORG8YO2s,,,,,,,,,,
ooNIvbOc9Hc,,,,,,,,,,
Xhux5c1XPWM,,,,,,,,,,
bI4Po0qF2yc,,,,,,,,,,
1m5fIvealEk,,,,,,,,,,
tX1lgSLn_0w,,,,,,,,,,
nLMne5MrFfc,,,,,,,,,,
JWDVprVIJSc,,,,,,,,,,
tZtLY-78C2Y,,,,,,,,,,
V1BhQ7RiNr0,,,,,,,,,,
jJjkH_69P88,,,,,,,,,,
p1iJU2Sa4A8,,,,,,,,,,
AuMHPoqLCIY,,,,,,,,,,
uAwtn_yG0aY,,,,,,,,,,
_Vhsxe-2Wzg,,,,,,,,,,
lAGnxoZZvqs,,,,,,,,,,
EtyXqKylzcQ,,,,,,,,,,
1vGz4t5FH2c,,,,,,,,,,
TubXYVS2MR8,,,,,,,,,,
_VyII-BeaqI,,,,,,,,,,
hWMn4ONlyNY,,,,,,,,,,
nsnJ84-PTRw,,,,,,,,,,
AiAX98AgdZI,,,,,,,,,,
BaN7GLVA2s8,,,,,,,,,,
Q_jgGR97ufk,,,,,,,,,,
TmQhHTT4zL4,,,,,,,,,,
Su5SVaaMSFk,,,,,,,,,,
_Na0ErA3bJM,,,,,,,,,,
lz9siymHrWk,,,,,,,,,,
mx2ji6aqNu8,,,,,,,,,,
895EsHSbTRI,,,,,,,,,,
59OuLcAKTfs,,,,,,,,,,
duW8euurJxk,,,,,,,,,,
AFXz7jLvttI,,,,,,,,,,
syfL6K2ydIE,,,,,,,,,,
IdfMZiLDOfM,,,,,,,,,,
jKjWhUFXgTY,,,,,,,,,,
UFSRsFFdXmk,,,,,,,,,,
N6YkVJ4uCM8,,,,,,,,,,
2cU8gtVX7U4,,,,,,,,,,
mHsrq_wDOGA,,,,,,,,,,
gYGYPPwbP7k,,,,,,,,,,
